0.179645+0.199254j,-0.704177+1.695739j,-0.704177+1.695739j,0.000000
0.179645+0.199254j,-0.704174+1.695749j,-0.704179+1.695728j,0.000000
0.179645+0.199254j,-0.704176+1.695744j,-0.704177+1.695733j,0.000000
0.179645+0.199254j,-0.704177+1.695737j,-0.704175+1.695741j,0.000000
0.179645+0.199254j,-0.704183+1.695599j,-0.704187+1.695838j,0.000000
0.179645+0.199254j,-0.704183+1.695599j,-0.704187+1.695838j,0.000000
0.179645+0.199254j,-0.704183+1.695599j,-0.704187+1.695838j,0.000000
0.179645+0.199254j,-0.704183+1.695599j,-0.704187+1.695838j,0.000000
0.179645+0.199254j,-0.704183+1.695599j,-0.704187+1.695838j,0.000000
0.179645+0.199254j,-0.704183+1.695599j,-0.704187+1.695838j,0.000000
0.179645+0.199254j,-0.704184+1.695599j,-0.704187+1.695838j,0.000000
0.179645+0.199254j,-0.704184+1.695599j,-0.704187+1.695838j,0.000000
0.179645+0.199254j,-0.704184+1.695599j,-0.704187+1.695838j,0.000000
0.179645+0.199254j,-0.704184+1.695599j,-0.704187+1.695838j,0.000000
0.179645+0.199254j,-0.704184+1.695599j,-0.704187+1.695838j,0.000000
0.179645+0.199254j,-0.704184+1.695599j,-0.704187+1.695838j,0.000000
0.179645+0.199254j,-0.704184+1.695599j,-0.704187+1.695838j,0.000000
0.179645+0.199254j,-0.704184+1.695599j,-0.704187+1.695838j,0.000000
0.179645+0.199254j,-0.704184+1.695599j,-0.704187+1.695838j,0.000000
0.179645+0.199254j,-0.704184+1.695599j,-0.704187+1.695838j,0.000000
0.179645+0.199254j,-0.704184+1.695599j,-0.704186+1.695838j,0.000000
0.179645+0.199254j,-0.704184+1.695599j,-0.704186+1.695838j,0.000000
0.179645+0.199254j,-0.704184+1.695599j,-0.704186+1.695838j,0.000000
0.179645+0.199254j,-0.704184+1.695599j,-0.704186+1.695838j,0.000000
0.179645+0.199254j,-0.704184+1.695599j,-0.704186+1.695838j,0.000000
0.179645+0.199254j,-0.704184+1.695599j,-0.704186+1.695838j,0.000000
0.179645+0.199254j,-0.704184+1.695599j,-0.704186+1.695838j,0.000000
0.179645+0.199254j,-0.704184+1.695599j,-0.704186+1.695838j,0.000000
0.179645+0.199254j,-0.704184+1.695599j,-0.704186+1.695839j,0.000000
0.179645+0.199254j,-0.704184+1.695599j,-0.704186+1.695839j,0.000000
0.179645+0.199254j,-0.704184+1.695599j,-0.704186+1.695839j,0.000000
0.179645+0.199254j,-0.704184+1.695599j,-0.704186+1.695839j,0.000000
0.179645+0.199254j,-0.704184+1.695598j,-0.704186+1.695839j,0.000000
0.179645+0.199254j,-0.704184+1.695598j,-0.704186+1.695839j,0.000000
0.179645+0.199254j,-0.704184+1.695598j,-0.704186+1.695839j,0.000000
0.179645+0.199254j,-0.704184+1.695598j,-0.704186+1.695839j,0.000000
0.179645+0.199254j,-0.704184+1.695598j,-0.704186+1.695839j,0.000000
0.179645+0.199254j,-0.704184+1.695598j,-0.704186+1.695839j,0.000000
0.179645+0.199254j,-0.704184+1.695598j,-0.704186+1.695839j,0.000000
0.179645+0.199254j,-0.704184+1.695598j,-0.704185+1.695839j,0.000000
0.179645+0.199254j,-0.704185+1.695598j,-0.704185+1.695839j,0.000000
0.179645+0.199254j,-0.704185+1.695598j,-0.704185+1.695839j,0.000000
0.179645+0.199254j,-0.704185+1.695598j,-0.704185+1.695839j,0.000000
0.179645+0.199254j,-0.704185+1.695598j,-0.704185+1.695839j,0.000000
0.179645+0.199254j,-0.704185+1.695598j,-0.704185+1.695839j,0.000000
0.179645+0.199254j,-0.704185+1.695598j,-0.704185+1.695839j,0.000000
0.179645+0.199254j,-0.704185+1.695598j,-0.704185+1.695839j,0.000000
0.179645+0.199254j,-0.704185+1.695598j,-0.704185+1.695839j,0.000000
0.179645+0.199254j,-0.704185+1.695598j,-0.704185+1.695839j,0.000000
0.179645+0.199254j,-0.704185+1.695598j,-0.704185+1.695839j,0.000000
0.179645+0.199254j,-0.704185+1.695598j,-0.704185+1.695839j,0.000000
0.179645+0.199254j,-0.704185+1.695598j,-0.704185+1.695840j,0.000000
0.179645+0.199254j,-0.704185+1.695708j,-0.704168+1.695769j,0.000000
0.179645+0.199254j,-0.704186+1.695707j,-0.704168+1.695771j,0.000000
0.179645+0.199254j,-0.704186+1.695705j,-0.704167+1.695772j,0.000000
0.179645+0.199254j,-0.704186+1.695704j,-0.704167+1.695773j,0.000000
0.179645+0.199254j,-0.704186+1.695703j,-0.704167+1.695775j,0.000000
0.179645+0.199254j,-0.704187+1.695702j,-0.704166+1.695776j,0.000000
0.179645+0.199254j,-0.704187+1.695701j,-0.704166+1.695777j,0.000000
0.179645+0.199254j,-0.704187+1.695700j,-0.704166+1.695778j,0.000000
0.179645+0.199254j,-0.704187+1.695699j,-0.704166+1.695779j,0.000000
0.179645+0.199254j,-0.704188+1.695698j,-0.704165+1.695780j,0.000000
0.179645+0.199254j,-0.704188+1.695697j,-0.704165+1.695780j,0.000000
0.179645+0.199254j,-0.704188+1.695696j,-0.704165+1.695781j,0.000000
0.179645+0.199254j,-0.704188+1.695695j,-0.704165+1.695782j,0.000000
0.179645+0.199254j,-0.704189+1.695695j,-0.704165+1.695783j,0.000000
0.179645+0.199254j,-0.704189+1.695694j,-0.704164+1.695784j,0.000000
0.179645+0.199254j,-0.704189+1.695693j,-0.704164+1.695784j,0.000000
0.179645+0.199254j,-0.704189+1.695692j,-0.704164+1.695785j,0.000000
0.179645+0.199254j,-0.704189+1.695692j,-0.704164+1.695786j,0.000000
0.179645+0.199254j,-0.704189+1.695691j,-0.704164+1.695786j,0.000000
0.179645+0.199254j,-0.704190+1.695690j,-0.704163+1.695787j,0.000000
0.179645+0.199254j,-0.704190+1.695690j,-0.704163+1.695788j,0.000000
0.179645+0.199254j,-0.704190+1.695689j,-0.704163+1.695788j,0.000000
0.179645+0.199254j,-0.704190+1.695689j,-0.704163+1.695789j,0.000000
0.179645+0.199254j,-0.704190+1.695688j,-0.704163+1.695789j,0.000000
0.179645+0.199254j,-0.704190+1.695687j,-0.704163+1.695790j,0.000000
0.179645+0.199254j,-0.704191+1.695687j,-0.704163+1.695791j,0.000000
0.179645+0.199254j,-0.704191+1.695686j,-0.704162+1.695791j,0.000000
0.179645+0.199254j,-0.704191+1.695686j,-0.704162+1.695792j,0.000000
0.179645+0.199254j,-0.704191+1.695685j,-0.704162+1.695792j,0.000000
0.179645+0.199254j,-0.704191+1.695685j,-0.704162+1.695793j,0.000000
0.179645+0.199254j,-0.704191+1.695684j,-0.704162+1.695793j,0.000000
0.179645+0.199254j,-0.704191+1.695684j,-0.704162+1.695794j,0.000000
0.179645+0.199254j,-0.704191+1.695683j,-0.704162+1.695794j,0.000000
0.179645+0.199254j,-0.704192+1.695683j,-0.704161+1.695795j,0.000000
0.179645+0.199254j,-0.704192+1.695682j,-0.704161+1.695795j,0.000000
0.179645+0.199254j,-0.704192+1.695682j,-0.704161+1.695796j,0.000000
0.179645+0.199254j,-0.704192+1.695681j,-0.704161+1.695796j,0.000000
0.179645+0.199254j,-0.704192+1.695681j,-0.704161+1.695796j,0.000000
0.179645+0.199254j,-0.704192+1.695681j,-0.704161+1.695797j,0.000000
0.179645+0.199254j,-0.704192+1.695680j,-0.704161+1.695797j,0.000000
0.179645+0.199254j,-0.704192+1.695680j,-0.704161+1.695798j,0.000000
0.179645+0.199254j,-0.704193+1.695679j,-0.704161+1.695798j,0.000000
0.179645+0.199254j,-0.704193+1.695679j,-0.704160+1.695799j,0.000000
0.179645+0.199254j,-0.704193+1.695678j,-0.704160+1.695799j,0.000000
0.179645+0.199254j,-0.704193+1.695678j,-0.704160+1.695799j,0.000000
0.179645+0.199254j,-0.704193+1.695678j,-0.704160+1.695800j,0.000000
0.179645+0.199254j,-0.704193+1.695677j,-0.704160+1.695800j,0.000000
0.179645+0.199254j,-0.704193+1.695677j,-0.704160+1.695801j,0.000000
0.179645+0.199254j,-0.704193+1.695676j,-0.704160+1.695801j,0.000000
0.179645+0.199254j,-0.704193+1.695676j,-0.704160+1.695801j,0.000000
0.179645+0.199254j,-0.704194+1.695676j,-0.704159+1.695802j,0.000000
0.179645+0.199254j,-0.704194+1.695675j,-0.704159+1.695802j,0.000000
0.179645+0.199254j,-0.704194+1.695674j,-0.704159+1.695803j,0.000000
0.179645+0.199254j,-0.704194+1.695674j,-0.704159+1.695804j,0.000000
0.179645+0.199254j,-0.704194+1.695673j,-0.704159+1.695804j,0.000000
0.179645+0.199254j,-0.704195+1.695672j,-0.704159+1.695805j,0.000000
0.179645+0.199254j,-0.704195+1.695672j,-0.704158+1.695806j,0.000000
0.179645+0.199254j,-0.704195+1.695671j,-0.704158+1.695806j,0.000000
0.179645+0.199254j,-0.704195+1.695670j,-0.704158+1.695807j,0.000000
0.179645+0.199254j,-0.704195+1.695670j,-0.704158+1.695808j,0.000000
0.179645+0.199254j,-0.704195+1.695669j,-0.704158+1.695808j,0.000000
0.179645+0.199254j,-0.704196+1.695668j,-0.704158+1.695809j,0.000000
0.179645+0.199254j,-0.704196+1.695668j,-0.704157+1.695810j,0.000000
0.179645+0.199254j,-0.704196+1.695667j,-0.704157+1.695810j,0.000000
0.179645+0.199254j,-0.704196+1.695667j,-0.704157+1.695811j,0.000000
0.179645+0.199254j,-0.704196+1.695666j,-0.704157+1.695811j,0.000000
0.179645+0.199254j,-0.704196+1.695666j,-0.704157+1.695812j,0.000000
0.179645+0.199254j,-0.704196+1.695665j,-0.704157+1.695812j,0.000000
0.179645+0.199254j,-0.704197+1.695665j,-0.704157+1.695813j,0.000000
0.179645+0.199254j,-0.704197+1.695664j,-0.704156+1.695813j,0.000000
0.179645+0.199254j,-0.704197+1.695663j,-0.704156+1.695814j,0.000000
0.179645+0.199254j,-0.704197+1.695663j,-0.704156+1.695814j,0.000000
0.179645+0.199254j,-0.704197+1.695662j,-0.704156+1.695815j,0.000000
0.179645+0.199254j,-0.704197+1.695662j,-0.704156+1.695815j,0.000000
0.179645+0.199254j,-0.704197+1.695661j,-0.704156+1.695816j,0.000000
0.179645+0.199254j,-0.704198+1.695661j,-0.704156+1.695816j,0.000000
0.179645+0.199254j,-0.704198+1.695660j,-0.704155+1.695817j,0.000000
0.179645+0.199254j,-0.704198+1.695660j,-0.704155+1.695817j,0.000000
0.179645+0.199254j,-0.704198+1.695660j,-0.704155+1.695818j,0.000000
0.179645+0.199254j,-0.704198+1.695659j,-0.704155+1.695818j,0.000000
0.179645+0.199254j,-0.704198+1.695659j,-0.704155+1.695819j,0.000000
0.179645+0.199254j,-0.704198+1.695658j,-0.704155+1.695819j,0.000000
0.179645+0.199254j,-0.704198+1.695658j,-0.704155+1.695820j,0.000000
0.179645+0.199254j,-0.704199+1.695657j,-0.704155+1.695820j,0.000000
0.179645+0.199254j,-0.704199+1.695657j,-0.704154+1.695821j,0.000000
0.179645+0.199254j,-0.704199+1.695656j,-0.704154+1.695821j,0.000000
0.179645+0.199254j,-0.704199+1.695656j,-0.704154+1.695821j,0.000000
0.179645+0.199254j,-0.704199+1.695655j,-0.704154+1.695822j,0.000000
0.179645+0.199254j,-0.704199+1.695655j,-0.704154+1.695822j,0.000000
0.179645+0.199254j,-0.704199+1.695655j,-0.704154+1.695823j,0.000000
0.179645+0.199254j,-0.704199+1.695654j,-0.704154+1.695823j,0.000000
0.179645+0.199254j,-0.704199+1.695654j,-0.704154+1.695824j,0.000000
0.179645+0.199254j,-0.704200+1.695653j,-0.704154+1.695824j,0.000000
0.179645+0.199254j,-0.704200+1.695653j,-0.704153+1.695824j,0.000000
0.179645+0.199254j,-0.704200+1.695653j,-0.704153+1.695825j,0.000000
0.179645+0.199254j,-0.704200+1.695652j,-0.704153+1.695825j,0.000000
0.179645+0.199254j,-0.704200+1.695652j,-0.704153+1.695826j,0.000000
0.179645+0.199254j,-0.704200+1.695651j,-0.704153+1.695826j,0.000000
0.179645+0.199254j,-0.704200+1.695651j,-0.704153+1.695826j,0.000000
0.179645+0.199254j,-0.704200+1.695651j,-0.704153+1.695827j,0.000000
0.179645+0.199254j,-0.704200+1.695650j,-0.704153+1.695827j,0.000000
0.179645+0.199254j,-0.704201+1.695650j,-0.704153+1.695828j,0.000000
0.179645+0.199254j,-0.704201+1.695649j,-0.704152+1.695828j,0.000000
0.179645+0.199254j,-0.704201+1.695649j,-0.704152+1.695828j,0.000000
0.179645+0.199254j,-0.704201+1.695648j,-0.704152+1.695829j,0.000000
0.179645+0.199254j,-0.704201+1.695648j,-0.704152+1.695829j,0.000000
0.179645+0.199254j,-0.704201+1.695648j,-0.704152+1.695830j,0.000000
0.179645+0.199254j,-0.704201+1.695647j,-0.704152+1.695830j,0.000000
0.179645+0.199254j,-0.704201+1.695647j,-0.704152+1.695831j,0.000000
0.179645+0.199254j,-0.704201+1.695646j,-0.704152+1.695831j,0.000000
0.179645+0.199254j,-0.704202+1.695646j,-0.704151+1.695832j,0.000000
0.179645+0.199254j,-0.704202+1.695645j,-0.704151+1.695832j,0.000000
0.179645+0.199254j,-0.704202+1.695645j,-0.704151+1.695832j,0.000000
0.179645+0.199254j,-0.704202+1.695645j,-0.704151+1.695833j,0.000000
0.179645+0.199254j,-0.704202+1.695644j,-0.704151+1.695833j,0.000000
0.179645+0.199254j,-0.704202+1.695644j,-0.704151+1.695834j,0.000000
0.179645+0.199254j,-0.704202+1.695643j,-0.704151+1.695834j,0.000000
0.179645+0.199254j,-0.704202+1.695643j,-0.704151+1.695834j,0.000000
0.179645+0.199254j,-0.704202+1.695643j,-0.704151+1.695835j,0.000000
0.179645+0.199254j,-0.704203+1.695642j,-0.704150+1.695835j,0.000000
0.179645+0.199254j,-0.704203+1.695642j,-0.704150+1.695836j,0.000000
0.179645+0.199254j,-0.704203+1.695641j,-0.704150+1.695836j,0.000000
0.179645+0.199254j,-0.704203+1.695641j,-0.704150+1.695836j,0.000000
0.179645+0.199254j,-0.704203+1.695641j,-0.704150+1.695837j,0.000000
0.179645+0.199254j,-0.704203+1.695640j,-0.704150+1.695837j,0.000000
0.179645+0.199254j,-0.704203+1.695640j,-0.704150+1.695838j,0.000000
0.179645+0.199254j,-0.704203+1.695639j,-0.704150+1.695838j,0.000000
0.179645+0.199254j,-0.704203+1.695639j,-0.704150+1.695838j,0.000000
0.179645+0.199254j,-0.704203+1.695639j,-0.704150+1.695839j,0.000000
0.179645+0.199254j,-0.704204+1.695638j,-0.704149+1.695839j,0.000000
0.179645+0.199254j,-0.704204+1.695638j,-0.704149+1.695839j,0.000000
0.179645+0.199254j,-0.704204+1.695638j,-0.704149+1.695840j,0.000000
0.179645+0.199254j,-0.704204+1.695637j,-0.704149+1.695840j,0.000000
0.179645+0.199254j,-0.704204+1.695637j,-0.704149+1.695841j,0.000000
0.179645+0.199254j,-0.704204+1.695637j,-0.704149+1.695841j,0.000000
0.179645+0.199254j,-0.704204+1.695636j,-0.704149+1.695841j,0.000000
0.179645+0.199254j,-0.704204+1.695636j,-0.704149+1.695842j,0.000000
0.179645+0.199254j,-0.704204+1.695635j,-0.704149+1.695842j,0.000000
0.179645+0.199254j,-0.704204+1.695635j,-0.704149+1.695842j,0.000000
0.179645+0.199254j,-0.704205+1.695635j,-0.704149+1.695843j,0.000000
0.179645+0.199254j,-0.704205+1.695634j,-0.704148+1.695843j,0.000000
0.179645+0.199254j,-0.704205+1.695634j,-0.704148+1.695843j,0.000000
0.179645+0.199254j,-0.704205+1.695634j,-0.704148+1.695844j,0.000000
0.179645+0.199254j,-0.704205+1.695633j,-0.704148+1.695844j,0.000000
0.179645+0.199254j,-0.704205+1.695633j,-0.704148+1.695844j,0.000000
0.179645+0.199254j,-0.704205+1.695633j,-0.704148+1.695845j,0.000000
0.179645+0.199254j,-0.704205+1.695632j,-0.704148+1.695845j,0.000000
0.179645+0.199254j,-0.704205+1.695632j,-0.704148+1.695845j,0.000000
0.179645+0.199254j,-0.704205+1.695632j,-0.704148+1.695846j,0.000000
0.179645+0.199254j,-0.704205+1.695632j,-0.704148+1.695846j,0.000000
0.179645+0.199254j,-0.704205+1.695632j,-0.704148+1.695846j,0.000000
0.179645+0.199254j,-0.704210+1.695614j,-0.704143+1.695863j,0.000000
0.179645+0.199254j,-0.704214+1.695600j,-0.704139+1.695877j,0.000000
0.179645+0.199254j,-0.704218+1.695583j,-0.704135+1.695894j,0.000000
0.179645+0.199254j,-0.704223+1.695565j,-0.704130+1.695912j,0.000000
0.179645+0.199254j,-0.704229+1.695545j,-0.704124+1.695932j,0.000000
0.179645+0.199254j,-0.704235+1.695523j,-0.704118+1.695954j,0.000000
0.179645+0.199254j,-0.704241+1.695499j,-0.704112+1.695978j,0.000000
0.179645+0.199254j,-0.704248+1.695473j,-0.704105+1.696004j,0.000000
0.179645+0.199254j,-0.704256+1.695444j,-0.704097+1.696033j,0.000000
0.179645+0.199254j,-0.704264+1.695413j,-0.704089+1.696064j,0.000000
0.179645+0.199254j,-0.704274+1.695379j,-0.704079+1.696099j,0.000000
0.179645+0.199254j,-0.704284+1.695342j,-0.704069+1.696136j,0.000000
0.179645+0.199254j,-0.704294+1.695301j,-0.704059+1.696176j,0.000000
0.179645+0.199254j,-0.704306+1.695258j,-0.704047+1.696220j,0.000000
0.179645+0.199254j,-0.704319+1.695210j,-0.704034+1.696267j,0.000000
0.179645+0.199254j,-0.704333+1.695159j,-0.704020+1.696319j,0.000000
0.179645+0.199254j,-0.704348+1.695103j,-0.704005+1.696374j,0.000000
0.179645+0.199254j,-0.704364+1.695043j,-0.703989+1.696435j,0.000000
0.179645+0.199254j,-0.704382+1.694978j,-0.703971+1.696499j,0.000000
0.179645+0.199254j,-0.704401+1.694908j,-0.703952+1.696570j,0.000000
0.179645+0.199254j,-0.704421+1.694832j,-0.703932+1.696645j,0.000000
0.179645+0.199254j,-0.704443+1.694751j,-0.703910+1.696726j,0.000000
0.179645+0.199254j,-0.704466+1.694664j,-0.703886+1.696813j,0.000000
0.179645+0.199254j,-0.704491+1.694570j,-0.703861+1.696907j,0.000000
0.179645+0.199254j,-0.704519+1.694470j,-0.703834+1.697008j,0.000000
0.179645+0.199254j,-0.704548+1.694362j,-0.703805+1.697115j,0.000000
0.179645+0.199254j,-0.704579+1.694246j,-0.703773+1.697231j,0.000000
0.179645+0.199254j,-0.704612+1.694123j,-0.703740+1.697354j,0.000000
0.179645+0.199254j,-0.704647+1.693990j,-0.703704+1.697487j,0.000000
0.179645+0.199254j,-0.704685+1.693849j,-0.703666+1.697628j,0.000000
0.179645+0.199254j,-0.704726+1.693698j,-0.703625+1.697778j,0.000000
0.179646+0.199254j,-0.704769+1.693538j,-0.703582+1.697939j,0.000000
0.179646+0.199254j,-0.704815+1.693366j,-0.703535+1.698110j,0.000000
0.179646+0.199254j,-0.704864+1.693184j,-0.703486+1.698292j,0.000000
0.179646+0.199254j,-0.704916+1.692990j,-0.703434+1.698486j,0.000000
0.179646+0.199254j,-0.704972+1.692784j,-0.703378+1.698692j,0.000000
0.179646+0.199254j,-0.705030+1.692565j,-0.703318+1.698911j,0.000000
0.179647+0.199254j,-0.705093+1.692332j,-0.703255+1.699144j,0.000000
0.179647+0.199254j,-0.705159+1.692085j,-0.703188+1.699390j,0.000000
0.179647+0.199254j,-0.705229+1.691824j,-0.703117+1.699652j,0.000000
0.179648+0.199254j,-0.705303+1.691546j,-0.703042+1.699929j,0.000000
0.179648+0.199254j,-0.705382+1.691253j,-0.702962+1.700221j,0.000000
0.179649+0.199254j,-0.705465+1.690943j,-0.702878+1.700531j,0.000000
0.179649+0.199254j,-0.705552+1.690615j,-0.702789+1.700859j,0.000000
0.179650+0.199254j,-0.705645+1.690269j,-0.702695+1.701205j,0.000000
0.179651+0.199254j,-0.705743+1.689903j,-0.702596+1.701570j,0.000000
0.179652+0.199254j,-0.705846+1.689518j,-0.702491+1.701954j,0.000000
0.179652+0.199254j,-0.705954+1.689111j,-0.702380+1.702360j,0.000000
0.179653+0.199254j,-0.706068+1.688683j,-0.702263+1.702788j,0.000000
0.179655+0.199254j,-0.706188+1.688232j,-0.702140+1.703237j,0.000000
0.179656+0.199253j,-0.706314+1.687758j,-0.702011+1.703711j,0.000000
0.179657+0.199253j,-0.706447+1.687259j,-0.701875+1.704208j,0.000001
0.179659+0.199253j,-0.706586+1.686736j,-0.701732+1.704731j,0.000001
0.179661+0.199253j,-0.706732+1.686186j,-0.701581+1.705279j,0.000001
0.179663+0.199253j,-0.706885+1.685609j,-0.701423+1.705855j,0.000001
0.179665+0.199253j,-0.707045+1.685004j,-0.701258+1.706458j,0.000001
0.179667+0.199253j,-0.707213+1.684370j,-0.701084+1.707090j,0.000001
0.179670+0.199253j,-0.707388+1.683706j,-0.700902+1.707752j,0.000002
0.179673+0.199253j,-0.707572+1.683011j,-0.700711+1.708444j,0.000002
0.179677+0.199253j,-0.707763+1.682284j,-0.700511+1.709169j,0.000002
0.179680+0.199253j,-0.707963+1.681524j,-0.700302+1.709925j,0.000003
0.179684+0.199253j,-0.708171+1.680731j,-0.700083+1.710715j,0.000003
0.179689+0.199253j,-0.708389+1.679903j,-0.699855+1.711540j,0.000004
0.179694+0.199253j,-0.708615+1.679039j,-0.699616+1.712400j,0.000004
0.179699+0.199253j,-0.708851+1.678139j,-0.699367+1.713296j,0.000005
0.179705+0.199253j,-0.709096+1.677201j,-0.699107+1.714230j,0.000006
0.179712+0.199253j,-0.709350+1.676224j,-0.698836+1.715201j,0.000007
0.179719+0.199253j,-0.709615+1.675208j,-0.698554+1.716212j,0.000008
0.179727+0.199253j,-0.709889+1.674151j,-0.698260+1.717262j,0.000009
0.179735+0.199253j,-0.710174+1.673053j,-0.697955+1.718354j,0.000011
0.179744+0.199253j,-0.710469+1.671913j,-0.697637+1.719486j,0.000013
0.179754+0.199253j,-0.710774+1.670730j,-0.697306+1.720662j,0.000014
0.179765+0.199253j,-0.711090+1.669503j,-0.696963+1.721880j,0.000017
0.179777+0.199252j,-0.711417+1.668231j,-0.696606+1.723143j,0.000019
0.179790+0.199252j,-0.711755+1.666913j,-0.696236+1.724451j,0.000022
0.179805+0.199252j,-0.712104+1.665549j,-0.695852+1.725804j,0.000025
0.179820+0.199252j,-0.712464+1.664137j,-0.695454+1.727204j,0.000029
0.179836+0.199252j,-0.712835+1.662677j,-0.695041+1.728651j,0.000033
0.179854+0.199252j,-0.713218+1.661168j,-0.694614+1.730146j,0.000038
0.179873+0.199251j,-0.713612+1.659610j,-0.694172+1.731689j,0.000043
0.179894+0.199251j,-0.714017+1.658001j,-0.693715+1.733282j,0.000049
0.179917+0.199251j,-0.714435+1.656340j,-0.693242+1.734925j,0.000056
0.179941+0.199251j,-0.714864+1.654628j,-0.692753+1.736619j,0.000064
0.179967+0.199251j,-0.715305+1.652863j,-0.692248+1.738364j,0.000072
0.179994+0.199250j,-0.715757+1.651044j,-0.691726+1.740161j,0.000082
0.180024+0.199250j,-0.716222+1.649171j,-0.691187+1.742011j,0.000093
0.180056+0.199250j,-0.716698+1.647243j,-0.690632+1.743914j,0.000105
0.180091+0.199249j,-0.717186+1.645259j,-0.690058+1.745871j,0.000118
0.180127+0.199249j,-0.717686+1.643219j,-0.689467+1.747882j,0.000133
0.180166+0.199249j,-0.718198+1.641122j,-0.688858+1.749949j,0.000149
0.180208+0.199248j,-0.718722+1.638967j,-0.688230+1.752071j,0.000167
0.180253+0.199248j,-0.719258+1.636753j,-0.687583+1.754250j,0.000188
0.180300+0.199247j,-0.719806+1.634481j,-0.686917+1.756486j,0.000210
0.180351+0.199247j,-0.720365+1.632148j,-0.686232+1.758779j,0.000235
0.180405+0.199246j,-0.720936+1.629755j,-0.685526+1.761130j,0.000262
0.180463+0.199245j,-0.721520+1.627300j,-0.684800+1.763540j,0.000292
0.180524+0.199245j,-0.722114+1.624784j,-0.684054+1.766009j,0.000325
0.180588+0.199244j,-0.722721+1.622204j,-0.683287+1.768538j,0.000362
0.180657+0.199243j,-0.723339+1.619562j,-0.682498+1.771127j,0.000402
0.180730+0.199242j,-0.723968+1.616855j,-0.681687+1.773777j,0.000446
0.180807+0.199241j,-0.724609+1.614083j,-0.680854+1.776489j,0.000494
0.180889+0.199240j,-0.725261+1.611247j,-0.679999+1.779262j,0.000547
0.180976+0.199239j,-0.725924+1.608344j,-0.679121+1.782098j,0.000605
0.181067+0.199238j,-0.726599+1.605374j,-0.678219+1.784997j,0.000668
0.181164+0.199237j,-0.727284+1.602336j,-0.677294+1.787959j,0.000738
0.181266+0.199235j,-0.727980+1.599231j,-0.676344+1.790985j,0.000813
0.181374+0.199234j,-0.728686+1.596056j,-0.675370+1.794076j,0.000895
0.181488+0.199232j,-0.729402+1.592816j,-0.674372+1.797228j,0.000984
0.181607+0.199230j,-0.730127+1.589513j,-0.673351+1.800438j,0.001081
0.181733+0.199228j,-0.730860+1.586145j,-0.672305+1.803709j,0.001186
0.181865+0.199226j,-0.731602+1.582711j,-0.671235+1.807040j,0.001300
0.182004+0.199224j,-0.732352+1.579213j,-0.670141+1.810431j,0.001424
0.182150+0.199222j,-0.733110+1.575649j,-0.669022+1.813882j,0.001557
0.182303+0.199219j,-0.733876+1.572019j,-0.667877+1.817394j,0.001701
0.182463+0.199216j,-0.734649+1.568322j,-0.666707+1.820966j,0.001856
0.182631+0.199214j,-0.735429+1.564559j,-0.665511+1.824600j,0.002023
0.182807+0.199210j,-0.736215+1.560729j,-0.664289+1.828294j,0.002204
0.182992+0.199207j,-0.737009+1.556832j,-0.663039+1.832049j,0.002398
0.183184+0.199203j,-0.737808+1.552867j,-0.661763+1.835865j,0.002607
0.183386+0.199199j,-0.738612+1.548835j,-0.660460+1.839742j,0.002831
0.183596+0.199195j,-0.739423+1.544734j,-0.659129+1.843681j,0.003071
0.183816+0.199190j,-0.740238+1.540565j,-0.657770+1.847680j,0.003329
0.184046+0.199185j,-0.741058+1.536327j,-0.656383+1.851742j,0.003606
0.184285+0.199180j,-0.741881+1.532020j,-0.654967+1.855864j,0.003902
0.184535+0.199174j,-0.742709+1.527644j,-0.653522+1.860048j,0.004219
0.184796+0.199167j,-0.743540+1.523198j,-0.652047+1.864294j,0.004558
0.185067+0.199161j,-0.744374+1.518683j,-0.650543+1.868601j,0.004920
0.185350+0.199153j,-0.745211+1.514098j,-0.649008+1.872969j,0.005306
0.185645+0.199145j,-0.746050+1.509443j,-0.647443+1.877399j,0.005718
0.185951+0.199137j,-0.746890+1.504717j,-0.645848+1.881890j,0.006158
0.186270+0.199128j,-0.747731+1.499921j,-0.644221+1.886443j,0.006626
0.186602+0.199118j,-0.748573+1.495054j,-0.642562+1.891056j,0.007124
0.186946+0.199108j,-0.749415+1.490116j,-0.640872+1.895731j,0.007654
0.187304+0.199096j,-0.750257+1.485108j,-0.639149+1.900467j,0.008218
0.187676+0.199084j,-0.751097+1.480028j,-0.637394+1.905265j,0.008816
0.188062+0.199071j,-0.751937+1.474876j,-0.635606+1.910122j,0.009452
0.188463+0.199057j,-0.752774+1.469653j,-0.633784+1.915041j,0.010126
0.188879+0.199042j,-0.753608+1.464359j,-0.631929+1.920020j,0.010841
0.189310+0.199026j,-0.754439+1.458993j,-0.630040+1.925060j,0.011599
0.189757+0.199008j,-0.755267+1.453555j,-0.628117+1.930160j,0.012401
0.190220+0.198990j,-0.756090+1.448045j,-0.626159+1.935320j,0.013250
0.190700+0.198970j,-0.756908+1.442464j,-0.624166+1.940540j,0.014148
0.191196+0.198948j,-0.757720+1.436810j,-0.622137+1.945819j,0.015098
0.191711+0.198925j,-0.758526+1.431084j,-0.620073+1.951158j,0.016101
0.192243+0.198901j,-0.759325+1.425287j,-0.617974+1.956556j,0.017159
0.192794+0.198874j,-0.760116+1.419418j,-0.615838+1.962013j,0.018277
0.193363+0.198846j,-0.760899+1.413476j,-0.613665+1.967529j,0.019455
0.193952+0.198816j,-0.761673+1.407463j,-0.611455+1.973102j,0.020697
0.194560+0.198784j,-0.762437+1.401377j,-0.609208+1.978734j,0.022006
0.195189+0.198749j,-0.763191+1.395220j,-0.606924+1.984423j,0.023384
0.195838+0.198712j,-0.763933+1.388991j,-0.604602+1.990170j,0.024834
0.196509+0.198673j,-0.764664+1.382691j,-0.602242+1.995974j,0.026358
0.197201+0.198631j,-0.765382+1.376319j,-0.599844+2.001834j,0.027961
0.197915+0.198586j,-0.766086+1.369875j,-0.597406+2.007750j,0.029645
0.198652+0.198538j,-0.766776+1.363361j,-0.594930+2.013722j,0.031414
0.199412+0.198487j,-0.767451+1.356775j,-0.592415+2.019749j,0.033270
0.200195+0.198433j,-0.768110+1.350118j,-0.589861+2.025831j,0.035217
0.201003+0.198374j,-0.768752+1.343391j,-0.587267+2.031968j,0.037258
0.201835+0.198313j,-0.769377+1.336593j,-0.584632+2.038158j,0.039398
0.202692+0.198247j,-0.769984+1.329724j,-0.581958+2.044402j,0.041639
0.203575+0.198177j,-0.770571+1.322786j,-0.579244+2.050699j,0.043985
0.204484+0.198102j,-0.771139+1.315778j,-0.576489+2.057048j,0.046440
0.205419+0.198023j,-0.771685+1.308701j,-0.573693+2.063449j,0.049007
0.206382+0.197939j,-0.772210+1.301555j,-0.570856+2.069901j,0.051692
0.207373+0.197849j,-0.772712+1.294339j,-0.567978+2.076404j,0.054497
0.208391+0.197755j,-0.773191+1.287056j,-0.565059+2.082957j,0.057426
0.209439+0.197654j,-0.773646+1.279704j,-0.562098+2.089560j,0.060485
0.210515+0.197547j,-0.774075+1.272285j,-0.559095+2.096212j,0.063676
0.211622+0.197433j,-0.774477+1.264798j,-0.556051+2.102912j,0.067005
0.212759+0.197313j,-0.774853+1.257245j,-0.552965+2.109659j,0.070475
0.213926+0.197186j,-0.775201+1.249625j,-0.549837+2.116454j,0.074091
0.215125+0.197051j,-0.775520+1.241939j,-0.546666+2.123295j,0.077857
0.216356+0.196908j,-0.775809+1.234188j,-0.543453+2.130182j,0.081779
0.217620+0.196756j,-0.776067+1.226372j,-0.540198+2.137114j,0.085859
0.218917+0.196596j,-0.776294+1.218492j,-0.536900+2.144090j,0.090104
0.220247+0.196427j,-0.776488+1.210548j,-0.533560+2.151110j,0.094517
0.221611+0.196248j,-0.776648+1.202540j,-0.530177+2.158172j,0.099104
0.223010+0.196060j,-0.776774+1.194470j,-0.526752+2.165277j,0.103870
0.224443+0.195860j,-0.776865+1.186338j,-0.523283+2.172423j,0.108818
0.225913+0.195650j,-0.776919+1.178144j,-0.519772+2.179609j,0.113954
0.227419+0.195427j,-0.776936+1.169889j,-0.516218+2.186836j,0.119283
0.228961+0.195193j,-0.776915+1.161574j,-0.512622+2.194102j,0.124810
0.230541+0.194946j,-0.776855+1.153199j,-0.508982+2.201405j,0.130540
0.232159+0.194686j,-0.776754+1.144766j,-0.505300+2.208747j,0.136477
0.233814+0.194412j,-0.776613+1.136274j,-0.501574+2.216125j,0.142628
0.235509+0.194123j,-0.776430+1.127724j,-0.497806+2.223540j,0.148996
0.237243+0.193819j,-0.776204+1.119118j,-0.493995+2.230989j,0.155587
0.239016+0.193499j,-0.775934+1.110456j,-0.490141+2.238473j,0.162407
0.240830+0.193163j,-0.775620+1.101738j,-0.486245+2.245991j,0.169460
0.242685+0.192810j,-0.775260+1.092965j,-0.482306+2.253541j,0.176751
0.244520+0.192451j,-0.774868+1.084422j,-0.478451+2.260881j,0.184040
0.246457+0.192061j,-0.774415+1.075539j,-0.474426+2.268497j,0.191820
0.248374+0.191665j,-0.773932+1.066885j,-0.470487+2.275905j,0.199597
0.250395+0.191236j,-0.773384+1.057900j,-0.466378+2.283580j,0.207881
0.252395+0.190801j,-0.772805+1.049141j,-0.462354+2.291048j,0.216164
0.254501+0.190330j,-0.772158+1.040057j,-0.458162+2.298780j,0.224973
0.256586+0.189851j,-0.771481+1.031197j,-0.454055+2.306307j,0.233781
0.258779+0.189334j,-0.770732+1.022016j,-0.449779+2.314092j,0.243136
0.260951+0.188809j,-0.769954+1.013057j,-0.445588+2.321674j,0.252489
0.263233+0.188243j,-0.769099+1.003782j,-0.441230+2.329509j,0.262411
0.265494+0.187668j,-0.768217+0.994727j,-0.436956+2.337144j,0.272331
0.267866+0.187049j,-0.767253+0.985361j,-0.432515+2.345027j,0.282839
0.270216+0.186419j,-0.766262+0.976214j,-0.428157+2.352712j,0.293345
0.272681+0.185743j,-0.765187+0.966759j,-0.423633+2.360641j,0.304460
0.275123+0.185055j,-0.764086+0.957521j,-0.419193+2.368373j,0.315574
0.277680+0.184317j,-0.762895+0.947981j,-0.414587+2.376344j,0.327317
0.280216+0.183567j,-0.761680+0.938655j,-0.410064+2.384122j,0.339058
0.282868+0.182763j,-0.760372+0.929032j,-0.405375+2.392133j,0.351449
0.285498+0.181946j,-0.759039+0.919621j,-0.400769+2.399953j,0.363838
0.288247+0.181071j,-0.757610+0.909917j,-0.395998+2.408002j,0.376899
0.290973+0.180183j,-0.756158+0.900423j,-0.391309+2.415864j,0.389957
0.293820+0.179232j,-0.754606+0.890640j,-0.386456+2.423949j,0.403708
0.296643+0.178266j,-0.753031+0.881065j,-0.381684+2.431849j,0.417456
0.299588+0.177233j,-0.751352+0.871205j,-0.376748+2.439970j,0.431918
0.302510+0.176185j,-0.749651+0.861551j,-0.371892+2.447907j,0.446377
0.305556+0.175066j,-0.747843+0.851615j,-0.366873+2.456062j,0.461572
0.308577+0.173929j,-0.746014+0.841884j,-0.361934+2.464035j,0.476765
0.311724+0.172717j,-0.744073+0.831874j,-0.356830+2.472222j,0.492715
0.314847+0.171485j,-0.742113+0.822066j,-0.351806+2.480230j,0.508663
0.318097+0.170174j,-0.740037+0.811983j,-0.346618+2.488449j,0.525391
0.321321+0.168842j,-0.737943+0.802100j,-0.341509+2.496492j,0.542118
0.324675+0.167424j,-0.735730+0.791944j,-0.336234+2.504743j,0.559649
0.328003+0.165984j,-0.733498+0.781985j,-0.331038+2.512821j,0.577178
0.331462+0.164452j,-0.731144+0.771755j,-0.325676+2.521104j,0.595537
0.334895+0.162897j,-0.728772+0.761722j,-0.320391+2.529216j,0.613894
0.338461+0.161244j,-0.726274+0.751418j,-0.314939+2.537533j,0.633108
0.341999+0.159565j,-0.723759+0.741308j,-0.309564+2.545681j,0.652321
0.345673+0.157783j,-0.721112+0.730928j,-0.304019+2.554032j,0.672420
0.349319+0.155972j,-0.718451+0.720740j,-0.298551+2.562217j,0.692517
0.353103+0.154050j,-0.715653+0.710281j,-0.292910+2.570607j,0.713534
0.356858+0.152099j,-0.712841+0.700013j,-0.287346+2.578831j,0.734549
0.360754+0.150028j,-0.709888+0.689472j,-0.281606+2.587261j,0.756519
0.364620+0.147926j,-0.706921+0.679120j,-0.275941+2.595528j,0.778487
0.368630+0.145695j,-0.703807+0.668492j,-0.270096+2.604004j,0.801451
0.372609+0.143430j,-0.700682+0.658051j,-0.264325+2.612317j,0.824413
0.376736+0.141026j,-0.697402+0.647328j,-0.258369+2.620844j,0.848417
0.380831+0.138586j,-0.694111+0.636793j,-0.252488+2.629211j,0.872420
0.385079+0.135997j,-0.690660+0.625967j,-0.246414+2.637796j,0.897520
0.389293+0.133368j,-0.687198+0.615329j,-0.240413+2.646222j,0.922618
0.393667+0.130576j,-0.683566+0.604389j,-0.234211+2.654876j,0.948877
0.398004+0.127743j,-0.679925+0.593636j,-0.228082+2.663370j,0.975135
0.402508+0.124731j,-0.676104+0.582566j,-0.221740+2.672105j,1.002632
0.406975+0.121674j,-0.672275+0.571685j,-0.215472+2.680680j,1.030128
0.411618+0.118420j,-0.668253+0.560467j,-0.208974+2.689511j,1.058960
0.416221+0.115117j,-0.664224+0.549438j,-0.202550+2.698183j,1.087790
0.421013+0.111595j,-0.659985+0.538045j,-0.195878+2.707132j,1.118080
0.425762+0.108020j,-0.655741+0.526843j,-0.189279+2.715921j,1.148368
0.430718+0.104197j,-0.651264+0.515239j,-0.182405+2.725017j,1.180278
0.435627+0.100316j,-0.646785+0.503830j,-0.175605+2.733951j,1.212186
0.440769+0.096148j,-0.642043+0.491965j,-0.168491+2.743234j,1.245937
0.445859+0.091917j,-0.637299+0.480299j,-0.161453+2.752353j,1.279686
0.451219+0.087346j,-0.632249+0.468095j,-0.154045+2.761885j,1.315601
0.456520+0.082704j,-0.627199+0.456099j,-0.146715+2.771248j,1.351513
0.461764+0.077992j,-0.622151+0.444303j,-0.139461+2.780448j,1.387423
0.466950+0.073212j,-0.617104+0.432698j,-0.132279+2.789493j,1.423330
0.472287+0.068163j,-0.611855+0.420815j,-0.124877+2.798751j,1.460700
0.477563+0.063042j,-0.606610+0.409123j,-0.117546+2.807855j,1.498068
0.482777+0.057847j,-0.601370+0.397616j,-0.110284+2.816811j,1.535434
0.487930+0.052581j,-0.596136+0.386287j,-0.103087+2.825627j,1.572797
0.493022+0.047243j,-0.590910+0.375128j,-0.095952+2.834308j,1.610159
0.498052+0.041835j,-0.585691+0.364135j,-0.088877+2.842859j,1.647519
0.503022+0.036356j,-0.580481+0.353301j,-0.081860+2.851286j,1.684877
0.507930+0.030809j,-0.575280+0.342622j,-0.074897+2.859592j,1.722233
0.512778+0.025192j,-0.570089+0.332091j,-0.067988+2.867783j,1.759588
0.517733+0.019304j,-0.564726+0.321339j,-0.060886+2.876148j,1.798267
0.522623+0.013344j,-0.559375+0.310737j,-0.053837+2.884398j,1.836943
0.527447+0.007313j,-0.554037+0.300281j,-0.046837+2.892537j,1.875618
0.532206+0.001210j,-0.548713+0.289966j,-0.039886+2.900569j,1.914292
0.536898-0.004963j,-0.543404+0.279788j,-0.032982+2.908498j,1.952965
0.541525-0.011205j,-0.538110+0.269742j,-0.026122+2.916328j,1.991636
0.546086-0.017517j,-0.532832+0.259826j,-0.019305+2.924062j,2.030306
0.550580-0.023897j,-0.527570+0.250036j,-0.012529+2.931703j,2.068975
0.555008-0.030345j,-0.522326+0.240369j,-0.005793+2.939253j,2.107643
0.559369-0.036859j,-0.517100+0.230821j,0.000905+2.946717j,2.146310
0.563664-0.043441j,-0.511892+0.221389j,0.007565+2.954096j,2.184976
0.567891-0.050088j,-0.506703+0.212071j,0.014190+2.961393j,2.223641
0.572051-0.056800j,-0.501534+0.202863j,0.020780+2.968611j,2.262305
0.576143-0.063577j,-0.496385+0.193764j,0.027338+2.975752j,2.300968
0.580168-0.070417j,-0.491257+0.184770j,0.033863+2.982818j,2.339630
0.584124-0.077321j,-0.486150+0.175880j,0.040357+2.989812j,2.378292
0.588013-0.084288j,-0.481065+0.167090j,0.046821+2.996735j,2.416953
0.591833-0.091317j,-0.476003+0.158400j,0.053256+3.003589j,2.455613
0.595583-0.098407j,-0.470963+0.149806j,0.059663+3.010377j,2.494273
0.599265-0.105559j,-0.465947+0.141307j,0.066043+3.017099j,2.532932
0.602878-0.112770j,-0.460955+0.132900j,0.072397+3.023759j,2.571590
0.606421-0.120041j,-0.455988+0.124585j,0.078726+3.030357j,2.610248
0.609893-0.127372j,-0.451046+0.116359j,0.085030+3.036894j,2.648905
0.613296-0.134761j,-0.446129+0.108221j,0.091311+3.043373j,2.687561
0.616628-0.142207j,-0.441239+0.100168j,0.097568+3.049796j,2.726217
0.619890-0.149711j,-0.436375+0.092199j,0.103804+3.056162j,2.764873
0.623080-0.157272j,-0.431538+0.084314j,0.110018+3.062474j,2.803527
0.626200-0.164889j,-0.426728+0.076509j,0.116211+3.068733j,2.842182
0.628934-0.171761j,-0.422442+0.069584j,0.121743+3.074297j,2.876822
0.631610-0.178677j,-0.418179+0.062723j,0.127259+3.079821j,2.911461
0.634228-0.185637j,-0.413940+0.055923j,0.132760+3.085304j,2.946100
0.636788-0.192640j,-0.409723+0.049184j,0.138246+3.090748j,2.980739
