0.703076-0.558276j,-0.515454+0.186377j,0.130095+2.265859j,6.335879
0.703076-0.558276j,-0.515454+0.186377j,0.130095+2.265859j,6.335879
0.703076-0.558276j,-0.515454+0.186377j,0.130095+2.265859j,6.335879
0.703076-0.558276j,-0.515454+0.186377j,0.130095+2.265859j,6.335879
0.703076-0.558276j,-0.515454+0.186377j,0.130095+2.265859j,6.335880
0.703076-0.558276j,-0.515454+0.186377j,0.130095+2.265859j,6.335880
0.703075-0.558278j,-0.515453+0.186377j,0.130095+2.265860j,6.335885
0.703073-0.558285j,-0.515450+0.186376j,0.130093+2.265863j,6.335903
0.703060-0.558317j,-0.515439+0.186374j,0.130085+2.265876j,6.335986
0.703004-0.558460j,-0.515387+0.186363j,0.130049+2.265934j,6.336360
0.702753-0.559107j,-0.515154+0.186313j,0.129885+2.266198j,6.338041
0.701614-0.562013j,-0.514104+0.186089j,0.129150+2.267385j,6.345605
0.696326-0.575053j,-0.509412+0.185109j,0.125856+2.272746j,6.379607
0.686963-0.596545j,-0.501729+0.183581j,0.120439+2.281706j,6.435996
0.676875-0.617823j,-0.494179+0.182171j,0.115086+2.290743j,6.492392
0.666074-0.638860j,-0.486760+0.180874j,0.109800+2.299852j,6.548795
0.654570-0.659627j,-0.479474+0.179685j,0.104581+2.309031j,6.605204
0.642376-0.680101j,-0.472319+0.178600j,0.099432+2.318275j,6.661620
0.629504-0.700255j,-0.465296+0.177613j,0.094354+2.327581j,6.718042
0.615969-0.720066j,-0.458402+0.176720j,0.089348+2.336946j,6.774470
0.601785-0.739509j,-0.451638+0.175917j,0.084413+2.346367j,6.830904
0.586970-0.758563j,-0.445001+0.175199j,0.079552+2.355839j,6.887344
0.571539-0.777206j,-0.438491+0.174561j,0.074764+2.365361j,6.943789
0.555510-0.795418j,-0.432105+0.174001j,0.070049+2.374927j,7.000240
0.538901-0.813178j,-0.425842+0.173513j,0.065408+2.384536j,7.056696
0.521732-0.830469j,-0.419701+0.173095j,0.060841+2.394185j,7.113157
0.503400-0.847844j,-0.413473+0.172730j,0.056193+2.404205j,7.171568
0.484511-0.864679j,-0.407370+0.172432j,0.051624+2.414260j,7.229985
0.465086-0.880957j,-0.401390+0.172195j,0.047132+2.424348j,7.288406
0.445149-0.896662j,-0.395531+0.172018j,0.042718+2.434466j,7.346832
0.424721-0.911780j,-0.389790+0.171896j,0.038380+2.444610j,7.405263
0.403828-0.926297j,-0.384164+0.171825j,0.034119+2.454779j,7.463699
0.382491-0.940199j,-0.378651+0.171804j,0.029932+2.464969j,7.522139
0.360735-0.953477j,-0.373248+0.171829j,0.025819+2.475179j,7.580584
0.338585-0.966118j,-0.367953+0.171896j,0.021780+2.485405j,7.639033
0.316062-0.978114j,-0.362763+0.172005j,0.017813+2.495645j,7.697485
0.292406-0.989832j,-0.357503+0.172157j,0.013785+2.506247j,7.757937
0.268405-1.000844j,-0.352350+0.172347j,0.009832+2.516860j,7.818393
0.244084-1.011140j,-0.347301+0.172573j,0.005954+2.527481j,7.878854
0.219471-1.020717j,-0.342353+0.172832j,0.002147+2.538108j,7.939317
0.194592-1.029570j,-0.337504+0.173123j,-0.001588+2.548740j,7.999785
0.169472-1.037693j,-0.332749+0.173442j,-0.005253+2.559374j,8.060256
0.144136-1.045085j,-0.328088+0.173788j,-0.008849+2.570008j,8.120731
0.118611-1.051744j,-0.323516+0.174160j,-0.012378+2.580641j,8.181209
0.092920-1.057668j,-0.319032+0.174555j,-0.015841+2.591271j,8.241690
0.066182-1.063027j,-0.314480+0.174988j,-0.019358+2.602269j,8.304296
0.039319-1.067599j,-0.310017+0.175442j,-0.022806+2.613262j,8.366905
0.012360-1.071388j,-0.305638+0.175916j,-0.026188+2.624246j,8.429517
-0.014670-1.074396j,-0.301343+0.176409j,-0.029505+2.635221j,8.492133
-0.041746-1.076625j,-0.297128+0.176920j,-0.032758+2.646185j,8.554751
-0.068842-1.078082j,-0.292991+0.177446j,-0.035949+2.657138j,8.617372
-0.095935-1.078770j,-0.288928+0.177988j,-0.039079+2.668077j,8.679996
-0.122999-1.078696j,-0.284939+0.178543j,-0.042150+2.679003j,8.742622
-0.150013-1.077867j,-0.281021+0.179111j,-0.045163+2.689913j,8.805251
-0.177933-1.076218j,-0.277031+0.179713j,-0.048225+2.701204j,8.870168
-0.205750-1.073774j,-0.273113+0.180326j,-0.051229+2.712477j,8.935088
-0.233438-1.070544j,-0.269263+0.180949j,-0.054174+2.723730j,9.000010
-0.260974-1.066539j,-0.265480+0.181583j,-0.057062+2.734964j,9.064935
-0.288337-1.061769j,-0.261761+0.182225j,-0.059895+2.746176j,9.129861
-0.315503-1.056247j,-0.258104+0.182876j,-0.062674+2.757366j,9.194790
-0.342452-1.049983j,-0.254507+0.183534j,-0.065401+2.768534j,9.259721
-0.369162-1.042990j,-0.250968+0.184200j,-0.068076+2.779679j,9.324653
-0.395615-1.035281j,-0.247485+0.184871j,-0.070701+2.790800j,9.389588
-0.421791-1.026870j,-0.244056+0.185548j,-0.073277+2.801897j,9.454524
-0.448605-1.017426j,-0.240558+0.186255j,-0.075897+2.813371j,9.521824
-0.475083-1.007257j,-0.237114+0.186967j,-0.078466+2.824817j,9.589125
-0.501204-0.996381j,-0.233722+0.187684j,-0.080987+2.836236j,9.656429
-0.526951-0.984812j,-0.230381+0.188405j,-0.083461+2.847626j,9.723733
-0.552305-0.972568j,-0.227089+0.189129j,-0.085888+2.858988j,9.791040
-0.577252-0.959665j,-0.223843+0.189856j,-0.088270+2.870322j,9.858348
-0.601773-0.946122j,-0.220643+0.190586j,-0.090609+2.881625j,9.925657
-0.625856-0.931955j,-0.217487+0.191319j,-0.092905+2.892900j,9.992967
-0.649484-0.917182j,-0.214374+0.192054j,-0.095159+2.904144j,10.060279
-0.672644-0.901820j,-0.211301+0.192791j,-0.097372+2.915358j,10.127593
-0.695323-0.885889j,-0.208267+0.193529j,-0.099546+2.926542j,10.194907
-0.717510-0.869406j,-0.205272+0.194268j,-0.101682+2.937695j,10.262223
-0.739192-0.852388j,-0.202313+0.195009j,-0.103780+2.948818j,10.329539
-0.760359-0.834856j,-0.199389+0.195751j,-0.105841+2.959910j,10.396857
-0.781000-0.816826j,-0.196500+0.196493j,-0.107867+2.970970j,10.464175
-0.801106-0.798317j,-0.193643+0.197236j,-0.109857+2.982000j,10.531495
-0.820667-0.779348j,-0.190818+0.197979j,-0.111814+2.992998j,10.598815
-0.839677-0.759937j,-0.188024+0.198722j,-0.113738+3.003965j,10.666137
-0.858126-0.740103j,-0.185259+0.199465j,-0.115629+3.014901j,10.733459
-0.876008-0.719863j,-0.182522+0.200208j,-0.117489+3.025805j,10.800782
-0.893317-0.699237j,-0.179812+0.200951j,-0.119318+3.036678j,10.868106
-0.910047-0.678241j,-0.177129+0.201694j,-0.121118+3.047520j,10.935430
-0.926192-0.656896j,-0.174471+0.202436j,-0.122888+3.058330j,11.002755
-0.941748-0.635217j,-0.171837+0.203178j,-0.124629+3.069108j,11.070081
-0.956710-0.613225j,-0.169227+0.203919j,-0.126343+3.079855j,11.137407
-0.971075-0.590935j,-0.166639+0.204659j,-0.128030+3.090571j,11.204734
-0.984839-0.568367j,-0.164073+0.205399j,-0.129690+3.101255j,11.272062
-0.998001-0.545537j,-0.161528+0.206138j,-0.131325+3.111908j,11.339390
-1.010557-0.522463j,-0.159002+0.206876j,-0.132934+3.122530j,11.406719
-1.022507-0.499162j,-0.156496+0.207613j,-0.134519+3.133120j,11.474048
-1.033849-0.475652j,-0.154008+0.208349j,-0.136080+3.143679j,11.541377
-1.044582-0.451949j,-0.151537+0.209084j,-0.137618+3.154207j,11.608708
-1.053654-0.430626j,-0.149345+0.209739j,-0.138972+3.163585j,11.668842
-1.062241-0.409175j,-0.147165+0.210394j,-0.140308+3.172938j,11.728978
-1.070342-0.387606j,-0.144998+0.211047j,-0.141627+3.182267j,11.789113
-1.077958-0.365932j,-0.142842+0.211700j,-0.142929+3.191571j,11.849249
-1.085089-0.344164j,-0.140698+0.212352j,-0.144214+3.200850j,11.909385
-1.091738-0.322313j,-0.138565+0.213003j,-0.145483+3.210105j,11.969521
-1.097904-0.300390j,-0.136443+0.213653j,-0.146735+3.219336j,12.029657
-1.102988-0.280829j,-0.134563+0.214230j,-0.147837+3.227530j,12.083167
-1.107693-0.261227j,-0.132690+0.214807j,-0.148927+3.235705j,12.136676
-1.112020-0.241592j,-0.130824+0.215382j,-0.150004+3.243860j,12.190186
-1.115971-0.221932j,-0.128966+0.215957j,-0.151070+3.251997j,12.243696
-1.119547-0.202253j,-0.127114+0.216531j,-0.152124+3.260114j,12.297205
-1.122751-0.182563j,-0.125269+0.217104j,-0.153167+3.268213j,12.350716
-1.125258-0.165269j,-0.123654+0.217607j,-0.154074+3.275309j,12.397701
-1.127480-0.147976j,-0.122044+0.218109j,-0.154972+3.282391j,12.444686
-1.129419-0.130689j,-0.120438+0.218610j,-0.155862+3.289458j,12.491671
-1.131077-0.113414j,-0.118836+0.219110j,-0.156744+3.296511j,12.538656
-1.132454-0.096155j,-0.117239+0.219609j,-0.157618+3.303549j,12.585641
-1.133552-0.078916j,-0.115645+0.220108j,-0.158484+3.310574j,12.632627
-1.134293-0.063679j,-0.114238+0.220548j,-0.159244+3.316779j,12.674208
-1.134818-0.048464j,-0.112834+0.220987j,-0.159998+3.322973j,12.715789
-1.135129-0.033275j,-0.111432+0.221425j,-0.160746+3.329156j,12.757370
-1.135227-0.018114j,-0.110032+0.221862j,-0.161489+3.335327j,12.798951
-1.135112-0.002985j,-0.108635+0.222298j,-0.162226+3.341488j,12.840532
-1.134787+0.012110j,-0.107239+0.222734j,-0.162957+3.347638j,12.882114
-1.134253+0.027168j,-0.105845+0.223168j,-0.163683+3.353776j,12.923695
-1.133511+0.042186j,-0.104453+0.223601j,-0.164404+3.359903j,12.965276
-1.132563+0.057160j,-0.103062+0.224034j,-0.165120+3.366020j,13.006858
-1.131410+0.072089j,-0.101673+0.224466j,-0.165830+3.372125j,13.048439
-1.130053+0.086970j,-0.100284+0.224898j,-0.166535+3.378219j,13.090020
-1.128495+0.101799j,-0.098897+0.225330j,-0.167235+3.384301j,13.131602
-1.126635+0.117371j,-0.097437+0.225784j,-0.167968+3.390701j,13.175430
-1.124555+0.132880j,-0.095978+0.226237j,-0.168694+3.397088j,13.219258
-1.122147+0.149026j,-0.094453+0.226710j,-0.169448+3.403753j,13.265086
-1.119501+0.165096j,-0.092930+0.227183j,-0.170196+3.410405j,13.310914
-1.116472+0.181881j,-0.091333+0.227679j,-0.170975+3.417373j,13.359024
-1.113186+0.198576j,-0.089736+0.228173j,-0.171748+3.424328j,13.407134
-1.109458+0.216032j,-0.088058+0.228692j,-0.172554+3.431625j,13.457734
-1.105452+0.233380j,-0.086380+0.229210j,-0.173353+3.438908j,13.508334
-1.100942+0.251512j,-0.084616+0.229753j,-0.174187+3.446552j,13.561576
-1.096132+0.269515j,-0.082852+0.230296j,-0.175013+3.454180j,13.614819
-1.090755+0.288304j,-0.080998+0.230864j,-0.175875+3.462183j,13.670817
-1.085056+0.306940j,-0.079143+0.231431j,-0.176729+3.470166j,13.726814
-1.078727+0.326348j,-0.077194+0.232026j,-0.177619+3.478533j,13.785647
-1.072052+0.345576j,-0.075245+0.232618j,-0.178500+3.486878j,13.844481
-1.064684+0.365548j,-0.073198+0.233237j,-0.179416+3.495612j,13.906210
-1.056949+0.385310j,-0.071150+0.233854j,-0.180323+3.504322j,13.967939
-1.048457+0.405780j,-0.069004+0.234498j,-0.181265+3.513422j,14.032609
-1.039577+0.426004j,-0.066854+0.235140j,-0.182198+3.522497j,14.097279
-1.029881+0.446887j,-0.064604+0.235808j,-0.183164+3.531963j,14.164924
-1.019777+0.467488j,-0.062349+0.236474j,-0.184121+3.541401j,14.232569
-1.008798+0.488692j,-0.059992+0.237165j,-0.185111+3.551228j,14.303213
-0.997394+0.509573j,-0.057629+0.237854j,-0.186091+3.561025j,14.373858
-0.985060+0.530991j,-0.055160+0.238567j,-0.187103+3.571209j,14.447518
-0.972287+0.552041j,-0.052686+0.239277j,-0.188105+3.581362j,14.521179
-0.958534+0.573554j,-0.050103+0.240011j,-0.189138+3.591897j,14.597865
-0.944330+0.594653j,-0.047512+0.240741j,-0.190161+3.602398j,14.674551
-0.929102+0.616134j,-0.044810+0.241494j,-0.191214+3.613276j,14.754262
-0.913417+0.637149j,-0.042098+0.242242j,-0.192256+3.624119j,14.833973
-0.896670+0.658457j,-0.039273+0.243011j,-0.193327+3.635332j,14.916700
-0.879462+0.679246j,-0.036436+0.243775j,-0.194388+3.646506j,14.999428
-0.861164+0.700232j,-0.033483+0.244558j,-0.195476+3.658043j,15.085153
-0.842409+0.720646j,-0.030515+0.245334j,-0.196554+3.669539j,15.170878
-0.822543+0.741153j,-0.027429+0.246128j,-0.197658+3.681389j,15.259573
-0.802228+0.761031j,-0.024325+0.246912j,-0.198752+3.693196j,15.348268
-0.781485+0.780273j,-0.021203+0.247687j,-0.199836+3.704958j,15.436964
-0.759285+0.799769j,-0.017907+0.248490j,-0.200963+3.717251j,15.530028
-0.736660+0.818551j,-0.014588+0.249280j,-0.202079+3.729497j,15.623092
-0.713633+0.836612j,-0.011246+0.250057j,-0.203186+3.741694j,15.716156
-0.689151+0.854723j,-0.007725+0.250856j,-0.204333+3.754399j,15.813485
-0.664282+0.872036j,-0.004177+0.251640j,-0.205470+3.767052j,15.910815
-0.639055+0.888546j,-0.000599+0.252407j,-0.206598+3.779654j,16.008145
-0.612388+0.904906j,0.003165+0.253189j,-0.207765+3.792743j,16.109672
-0.585389+0.920387j,0.006963+0.253950j,-0.208922+3.805776j,16.211200
-0.558088+0.934985j,0.010796+0.254691j,-0.210071+3.818753j,16.312729
-0.529370+0.949245j,0.014827+0.255437j,-0.211258+3.832207j,16.418455
-0.500390+0.962548j,0.018899+0.256158j,-0.212437+3.845601j,16.524182
-0.471178+0.974893j,0.023014+0.256851j,-0.213608+3.858935j,16.629910
-0.440560+0.986727j,0.027344+0.257540j,-0.214819+3.872751j,16.739972
-0.409763+0.997529j,0.031724+0.258195j,-0.216022+3.886503j,16.850035
-0.378819+1.007302j,0.036154+0.258814j,-0.217219+3.900190j,16.960098
-0.347765+1.016051j,0.040636+0.259393j,-0.218409+3.913813j,17.070163
-0.316633+1.023784j,0.045172+0.259931j,-0.219593+3.927371j,17.180228
-0.285457+1.030506j,0.049762+0.260425j,-0.220773+3.940866j,17.290294
-0.253191+1.036407j,0.054571+0.260887j,-0.221988+3.954759j,17.404181
-0.220947+1.041245j,0.059440+0.261295j,-0.223199+3.968584j,17.518069
-0.188761+1.045032j,0.064371+0.261646j,-0.224406+3.982341j,17.631958
-0.156666+1.047781j,0.069365+0.261937j,-0.225610+3.996028j,17.745849
-0.124695+1.049503j,0.074422+0.262164j,-0.226811+4.009647j,17.859740
-0.092881+1.050214j,0.079544+0.262323j,-0.228011+4.023196j,17.973633
-0.061254+1.049928j,0.084730+0.262409j,-0.229210+4.036677j,18.087528
-0.029846+1.048661j,0.089981+0.262419j,-0.230408+4.050088j,18.201423
0.002412+1.046333j,0.095486+0.262345j,-0.231648+4.063900j,18.319363
0.034373+1.042991j,0.101059+0.262180j,-0.232890+4.077638j,18.437305
0.066006+1.038655j,0.106701+0.261918j,-0.234133+4.091300j,18.555248
0.097280+1.033345j,0.112409+0.261555j,-0.235379+4.104887j,18.673193
0.128169+1.027085j,0.118184+0.261085j,-0.236627+4.118398j,18.791140
0.158643+1.019895j,0.124022+0.260503j,-0.237880+4.131833j,18.909089
0.188676+1.011800j,0.129922+0.259805j,-0.239138+4.145192j,19.027040
0.219249+1.002500j,0.136087+0.258953j,-0.240444+4.158928j,19.149052
0.249297+0.992283j,0.142311+0.257965j,-0.241758+4.172580j,19.271067
0.278794+0.981178j,0.148592+0.256834j,-0.243080+4.186149j,19.393084
0.307717+0.969213j,0.154926+0.255555j,-0.244411+4.199634j,19.515103
0.336042+0.956417j,0.161306+0.254122j,-0.245752+4.213034j,19.637125
0.363748+0.942818j,0.167729+0.252530j,-0.247104+4.226348j,19.759150
0.390815+0.928447j,0.174188+0.250775j,-0.248469+4.239576j,19.881177
0.417224+0.913333j,0.180677+0.248851j,-0.249847+4.252717j,20.003207
0.442958+0.897507j,0.187190+0.246755j,-0.251240+4.265770j,20.125239
0.468000+0.880999j,0.193720+0.244482j,-0.252649+4.278734j,20.247274
0.492337+0.863841j,0.200258+0.242030j,-0.254075+4.291609j,20.369312
0.515953+0.846062j,0.206798+0.239396j,-0.255520+4.304393j,20.491352
0.538838+0.827694j,0.213331+0.236576j,-0.256985+4.317085j,20.613395
0.560981+0.808767j,0.219849+0.233571j,-0.258471+4.329684j,20.735440
0.580096+0.791439j,0.225644+0.230732j,-0.259816+4.340843j,20.844258
0.598608+0.773714j,0.231414+0.227744j,-0.261180+4.351927j,20.953078
0.616510+0.755612j,0.237153+0.224607j,-0.262565+4.362935j,21.061899
0.633799+0.737155j,0.242855+0.221321j,-0.263971+4.373866j,21.170722
0.650470+0.718365j,0.248514+0.217888j,-0.265400+4.384719j,21.279547
0.666521+0.699263j,0.254124+0.214308j,-0.266852+4.395493j,21.388372
0.681950+0.679870j,0.259679+0.210584j,-0.268330+4.406188j,21.497199
0.696756+0.660207j,0.265174+0.206717j,-0.269833+4.416802j,21.606028
0.710937+0.640294j,0.270602+0.202710j,-0.271364+4.427335j,21.714857
0.724493+0.620151j,0.275959+0.198566j,-0.272924+4.437785j,21.823687
0.737426+0.599798j,0.281239+0.194287j,-0.274513+4.448152j,21.932518
0.749736+0.579255j,0.286437+0.189879j,-0.276134+4.458434j,22.041350
0.761426+0.558541j,0.291548+0.185343j,-0.277788+4.468630j,22.150183
0.772496+0.537675j,0.296569+0.180684j,-0.279475+4.478740j,22.259016
0.782951+0.516674j,0.301494+0.175907j,-0.281198+4.488762j,22.367850
0.792793+0.495559j,0.306321+0.171015j,-0.282957+4.498694j,22.476684
0.802027+0.474345j,0.311045+0.166014j,-0.284754+4.508537j,22.585518
0.810657+0.453050j,0.315663+0.160907j,-0.286591+4.518287j,22.694353
0.818687+0.431691j,0.320173+0.155701j,-0.288468+4.527944j,22.803187
0.826122+0.410285j,0.324571+0.150399j,-0.290388+4.537507j,22.912021
