-0.011237-0.002541j,-1.270209+1.130975j,-1.270209+1.130975j,0.000000
-0.011237-0.002541j,-1.270208+1.130976j,-1.270209+1.130975j,0.000000
-0.011237-0.002541j,-1.270271+1.130894j,-1.270146+1.131056j,0.000000
-0.011237-0.002541j,-1.270271+1.130894j,-1.270146+1.131056j,0.000000
-0.011237-0.002541j,-1.270271+1.130894j,-1.270146+1.131056j,0.000000
-0.011237-0.002541j,-1.270271+1.130894j,-1.270146+1.131056j,0.000000
-0.011237-0.002541j,-1.270271+1.130894j,-1.270146+1.131056j,0.000000
-0.011237-0.002541j,-1.270271+1.130894j,-1.270146+1.131056j,0.000000
-0.011237-0.002541j,-1.270271+1.130894j,-1.270146+1.131056j,0.000000
-0.011237-0.002541j,-1.270271+1.130894j,-1.270146+1.131056j,0.000000
-0.011237-0.002541j,-1.270271+1.130894j,-1.270146+1.131056j,0.000000
-0.011237-0.002541j,-1.270271+1.130894j,-1.270146+1.131056j,0.000000
-0.011237-0.002541j,-1.270271+1.130894j,-1.270146+1.131056j,0.000000
-0.011237-0.002541j,-1.270271+1.130894j,-1.270146+1.131056j,0.000000
-0.011237-0.002541j,-1.270271+1.130894j,-1.270146+1.131056j,0.000000
-0.011237-0.002541j,-1.270271+1.130894j,-1.270146+1.131056j,0.000000
-0.011237-0.002541j,-1.270271+1.130894j,-1.270146+1.131056j,0.000000
-0.011237-0.002541j,-1.270271+1.130894j,-1.270146+1.131056j,0.000000
-0.011237-0.002541j,-1.270271+1.130894j,-1.270146+1.131056j,0.000000
-0.011237-0.002541j,-1.270271+1.130894j,-1.270146+1.131056j,0.000000
-0.011237-0.002541j,-1.270271+1.130894j,-1.270146+1.131056j,0.000000
-0.011237-0.002541j,-1.270271+1.130894j,-1.270146+1.131056j,0.000000
-0.011237-0.002541j,-1.270271+1.130894j,-1.270146+1.131056j,0.000000
-0.011237-0.002541j,-1.270271+1.130894j,-1.270146+1.131056j,0.000000
-0.011237-0.002541j,-1.270271+1.130894j,-1.270146+1.131056j,0.000000
-0.011237-0.002541j,-1.270271+1.130894j,-1.270146+1.131056j,0.000000
-0.011237-0.002541j,-1.270271+1.130894j,-1.270146+1.131056j,0.000000
-0.011237-0.002541j,-1.270271+1.130894j,-1.270146+1.131056j,0.000000
-0.011237-0.002541j,-1.270271+1.130894j,-1.270146+1.131056j,0.000000
-0.011237-0.002541j,-1.270271+1.130894j,-1.270146+1.131056j,0.000000
-0.011237-0.002541j,-1.270271+1.130894j,-1.270146+1.131056j,0.000000
-0.011237-0.002541j,-1.270271+1.130894j,-1.270146+1.131056j,0.000000
-0.011237-0.002541j,-1.270271+1.130894j,-1.270146+1.131056j,0.000000
-0.011237-0.002541j,-1.270271+1.130894j,-1.270146+1.131056j,0.000000
-0.011237-0.002541j,-1.270271+1.130894j,-1.270146+1.131056j,0.000000
-0.011237-0.002541j,-1.270271+1.130894j,-1.270146+1.131056j,0.000000
-0.011237-0.002541j,-1.270271+1.130894j,-1.270146+1.131056j,0.000000
-0.011237-0.002541j,-1.270271+1.130894j,-1.270146+1.131056j,0.000000
-0.011237-0.002541j,-1.270271+1.130894j,-1.270146+1.131056j,0.000000
-0.011237-0.002541j,-1.270271+1.130894j,-1.270146+1.131056j,0.000000
-0.011237-0.002541j,-1.270271+1.130894j,-1.270146+1.131056j,0.000000
-0.011237-0.002541j,-1.270271+1.130894j,-1.270146+1.131056j,0.000000
-0.011237-0.002541j,-1.270271+1.130894j,-1.270146+1.131056j,0.000000
-0.011237-0.002541j,-1.270271+1.130894j,-1.270146+1.131056j,0.000000
-0.011237-0.002541j,-1.270272+1.130894j,-1.270146+1.131056j,0.000000
-0.011237-0.002541j,-1.270272+1.130894j,-1.270146+1.131056j,0.000000
-0.011237-0.002541j,-1.270272+1.130894j,-1.270146+1.131056j,0.000000
-0.011237-0.002541j,-1.270272+1.130894j,-1.270146+1.131056j,0.000000
-0.011237-0.002541j,-1.270272+1.130894j,-1.270146+1.131056j,0.000000
-0.011237-0.002541j,-1.270272+1.130894j,-1.270146+1.131056j,0.000000
-0.011237-0.002541j,-1.270272+1.130894j,-1.270146+1.131056j,0.000000
-0.011237-0.002541j,-1.270272+1.130894j,-1.270146+1.131056j,0.000000
-0.011237-0.002541j,-1.270272+1.130894j,-1.270146+1.131056j,0.000000
-0.011237-0.002541j,-1.270272+1.130894j,-1.270146+1.131057j,0.000000
-0.011237-0.002541j,-1.270272+1.130894j,-1.270146+1.131057j,0.000000
-0.011237-0.002541j,-1.270272+1.130894j,-1.270146+1.131057j,0.000000
-0.011237-0.002541j,-1.270272+1.130894j,-1.270146+1.131057j,0.000000
-0.011237-0.002541j,-1.270272+1.130894j,-1.270146+1.131057j,0.000000
-0.011237-0.002541j,-1.270272+1.130894j,-1.270146+1.131057j,0.000000
-0.011237-0.002541j,-1.270272+1.130894j,-1.270146+1.131057j,0.000000
-0.011237-0.002541j,-1.270272+1.130894j,-1.270146+1.131057j,0.000000
-0.011237-0.002541j,-1.270272+1.130894j,-1.270146+1.131057j,0.000000
-0.011237-0.002541j,-1.270272+1.130894j,-1.270146+1.131057j,0.000000
-0.011237-0.002541j,-1.270272+1.130893j,-1.270146+1.131057j,0.000000
-0.011237-0.002541j,-1.270272+1.130893j,-1.270146+1.131057j,0.000000
-0.011237-0.002541j,-1.270272+1.130893j,-1.270146+1.131057j,0.000000
-0.011237-0.002541j,-1.270272+1.130893j,-1.270146+1.131057j,0.000000
-0.011237-0.002541j,-1.270272+1.130893j,-1.270146+1.131057j,0.000000
-0.011237-0.002541j,-1.270272+1.130893j,-1.270146+1.131057j,0.000000
-0.011237-0.002541j,-1.270272+1.130893j,-1.270146+1.131057j,0.000000
-0.011237-0.002541j,-1.270272+1.130893j,-1.270146+1.131057j,0.000000
-0.011237-0.002541j,-1.270272+1.130893j,-1.270146+1.131057j,0.000000
-0.011237-0.002541j,-1.270272+1.130893j,-1.270146+1.131057j,0.000000
-0.011237-0.002541j,-1.270272+1.130893j,-1.270146+1.131057j,0.000000
-0.011237-0.002541j,-1.270272+1.130893j,-1.270146+1.131057j,0.000000
-0.011237-0.002541j,-1.270272+1.130893j,-1.270146+1.131057j,0.000000
-0.011237-0.002541j,-1.270272+1.130893j,-1.270146+1.131057j,0.000000
-0.011237-0.002541j,-1.270272+1.130893j,-1.270146+1.131057j,0.000000
-0.011237-0.002541j,-1.270272+1.130893j,-1.270146+1.131057j,0.000000
-0.011237-0.002541j,-1.270272+1.130893j,-1.270146+1.131057j,0.000000
-0.011237-0.002541j,-1.270272+1.130893j,-1.270146+1.131057j,0.000000
-0.011237-0.002541j,-1.270272+1.130893j,-1.270146+1.131057j,0.000000
-0.011237-0.002541j,-1.270272+1.130893j,-1.270146+1.131057j,0.000000
-0.011237-0.002541j,-1.270272+1.130893j,-1.270146+1.131057j,0.000000
-0.011237-0.002541j,-1.270272+1.130893j,-1.270146+1.131057j,0.000000
-0.011237-0.002541j,-1.270272+1.130893j,-1.270146+1.131057j,0.000000
-0.011237-0.002541j,-1.270272+1.130893j,-1.270146+1.131057j,0.000000
-0.011237-0.002541j,-1.270272+1.130893j,-1.270146+1.131057j,0.000000
-0.011237-0.002541j,-1.270272+1.130893j,-1.270146+1.131057j,0.000000
-0.011237-0.002541j,-1.270272+1.130893j,-1.270146+1.131057j,0.000000
-0.011237-0.002541j,-1.270272+1.130893j,-1.270146+1.131057j,0.000000
-0.011237-0.002541j,-1.270272+1.130893j,-1.270146+1.131057j,0.000000
-0.011237-0.002541j,-1.270272+1.130893j,-1.270146+1.131057j,0.000000
-0.011237-0.002541j,-1.270272+1.130893j,-1.270146+1.131057j,0.000000
-0.011237-0.002541j,-1.270272+1.130893j,-1.270146+1.131057j,0.000000
-0.011237-0.002541j,-1.270272+1.130893j,-1.270146+1.131057j,0.000000
-0.011237-0.002541j,-1.270272+1.130893j,-1.270146+1.131057j,0.000000
-0.011237-0.002541j,-1.270272+1.130893j,-1.270146+1.131057j,0.000000
-0.011237-0.002541j,-1.270272+1.130893j,-1.270146+1.131057j,0.000000
-0.011237-0.002541j,-1.270272+1.130893j,-1.270146+1.131057j,0.000000
-0.011237-0.002541j,-1.270272+1.130893j,-1.270145+1.131057j,0.000000
-0.011237-0.002541j,-1.270272+1.130893j,-1.270145+1.131057j,0.000000
-0.011237-0.002541j,-1.270272+1.130893j,-1.270145+1.131057j,0.000000
-0.011237-0.002541j,-1.270272+1.130893j,-1.270145+1.131057j,0.000000
-0.011237-0.002541j,-1.270272+1.130893j,-1.270145+1.131057j,0.000000
-0.011237-0.002541j,-1.270272+1.130893j,-1.270145+1.131057j,0.000000
-0.011237-0.002541j,-1.270272+1.130893j,-1.270145+1.131057j,0.000000
-0.011237-0.002541j,-1.270272+1.130893j,-1.270145+1.131057j,0.000000
-0.011237-0.002541j,-1.270272+1.130893j,-1.270145+1.131057j,0.000000
-0.011237-0.002541j,-1.270272+1.130893j,-1.270145+1.131057j,0.000000
-0.011237-0.002541j,-1.270272+1.130893j,-1.270145+1.131057j,0.000000
-0.011237-0.002541j,-1.270272+1.130893j,-1.270145+1.131057j,0.000000
-0.011237-0.002541j,-1.270272+1.130893j,-1.270145+1.131057j,0.000000
-0.011237-0.002541j,-1.270272+1.130893j,-1.270145+1.131057j,0.000000
-0.011237-0.002541j,-1.270272+1.130893j,-1.270145+1.131057j,0.000000
-0.011237-0.002541j,-1.270272+1.130893j,-1.270145+1.131057j,0.000000
-0.011237-0.002541j,-1.270272+1.130893j,-1.270145+1.131057j,0.000000
-0.011237-0.002541j,-1.270272+1.130893j,-1.270145+1.131057j,0.000000
-0.011237-0.002541j,-1.270272+1.130893j,-1.270145+1.131057j,0.000000
-0.011237-0.002541j,-1.270272+1.130893j,-1.270145+1.131057j,0.000000
-0.011237-0.002541j,-1.270272+1.130893j,-1.270145+1.131057j,0.000000
-0.011237-0.002541j,-1.270272+1.130893j,-1.270145+1.131058j,0.000000
-0.011237-0.002541j,-1.270272+1.130893j,-1.270145+1.131058j,0.000000
-0.011237-0.002541j,-1.270272+1.130893j,-1.270145+1.131058j,0.000000
-0.011237-0.002541j,-1.270272+1.130893j,-1.270145+1.131058j,0.000000
-0.011237-0.002541j,-1.270272+1.130893j,-1.270145+1.131058j,0.000000
-0.011237-0.002541j,-1.270272+1.130892j,-1.270145+1.131058j,0.000000
-0.011237-0.002541j,-1.270272+1.130892j,-1.270145+1.131058j,0.000000
-0.011237-0.002541j,-1.270272+1.130892j,-1.270145+1.131058j,0.000000
-0.011237-0.002541j,-1.270272+1.130892j,-1.270145+1.131058j,0.000000
-0.011237-0.002541j,-1.270272+1.130892j,-1.270145+1.131058j,0.000000
-0.011237-0.002541j,-1.270272+1.130892j,-1.270145+1.131058j,0.000000
-0.011237-0.002541j,-1.270273+1.130892j,-1.270145+1.131058j,0.000000
-0.011237-0.002541j,-1.270273+1.130892j,-1.270145+1.131058j,0.000000
-0.011237-0.002541j,-1.270273+1.130892j,-1.270145+1.131058j,0.000000
-0.011237-0.002541j,-1.270273+1.130892j,-1.270145+1.131058j,0.000000
-0.011237-0.002541j,-1.270273+1.130892j,-1.270145+1.131058j,0.000000
-0.011237-0.002541j,-1.270273+1.130892j,-1.270145+1.131058j,0.000000
-0.011237-0.002541j,-1.270273+1.130892j,-1.270145+1.131058j,0.000000
-0.011237-0.002541j,-1.270273+1.130892j,-1.270145+1.131058j,0.000000
-0.011237-0.002541j,-1.270273+1.130892j,-1.270145+1.131058j,0.000000
-0.011237-0.002541j,-1.270273+1.130892j,-1.270145+1.131058j,0.000000
-0.011237-0.002541j,-1.270273+1.130892j,-1.270145+1.131058j,0.000000
-0.011237-0.002541j,-1.270273+1.130892j,-1.270145+1.131058j,0.000000
-0.011237-0.002541j,-1.270273+1.130892j,-1.270145+1.131058j,0.000000
-0.011237-0.002541j,-1.270273+1.130892j,-1.270145+1.131058j,0.000000
-0.011237-0.002541j,-1.270273+1.130892j,-1.270145+1.131058j,0.000000
-0.011237-0.002541j,-1.270273+1.130892j,-1.270145+1.131058j,0.000000
-0.011237-0.002541j,-1.270273+1.130892j,-1.270145+1.131058j,0.000000
-0.011237-0.002541j,-1.270273+1.130892j,-1.270145+1.131058j,0.000000
-0.011237-0.002541j,-1.270273+1.130892j,-1.270145+1.131058j,0.000000
-0.011237-0.002541j,-1.270273+1.130892j,-1.270145+1.131058j,0.000000
-0.011237-0.002541j,-1.270273+1.130892j,-1.270145+1.131058j,0.000000
-0.011237-0.002541j,-1.270273+1.130892j,-1.270145+1.131058j,0.000000
-0.011237-0.002541j,-1.270273+1.130892j,-1.270145+1.131058j,0.000000
-0.011237-0.002541j,-1.270273+1.130892j,-1.270144+1.131058j,0.000000
-0.011237-0.002541j,-1.270273+1.130892j,-1.270144+1.131058j,0.000000
-0.011237-0.002541j,-1.270273+1.130892j,-1.270144+1.131058j,0.000000
-0.011237-0.002541j,-1.270273+1.130892j,-1.270144+1.131058j,0.000000
-0.011237-0.002541j,-1.270273+1.130892j,-1.270144+1.131059j,0.000000
-0.011237-0.002541j,-1.270273+1.130892j,-1.270144+1.131059j,0.000000
-0.011237-0.002541j,-1.270273+1.130892j,-1.270144+1.131059j,0.000000
-0.011237-0.002541j,-1.270273+1.130891j,-1.270144+1.131059j,0.000000
-0.011237-0.002541j,-1.270273+1.130891j,-1.270144+1.131059j,0.000000
-0.011237-0.002541j,-1.270273+1.130891j,-1.270144+1.131059j,0.000000
-0.011237-0.002541j,-1.270273+1.130891j,-1.270144+1.131059j,0.000000
-0.011237-0.002541j,-1.270273+1.130891j,-1.270144+1.131059j,0.000000
-0.011237-0.002541j,-1.270273+1.130891j,-1.270144+1.131059j,0.000000
-0.011237-0.002541j,-1.270273+1.130891j,-1.270144+1.131059j,0.000000
-0.011237-0.002541j,-1.270273+1.130891j,-1.270144+1.131059j,0.000000
-0.011237-0.002541j,-1.270273+1.130891j,-1.270144+1.131059j,0.000000
-0.011237-0.002541j,-1.270274+1.130891j,-1.270144+1.131059j,0.000000
-0.011237-0.002541j,-1.270274+1.130891j,-1.270144+1.131059j,0.000000
-0.011237-0.002541j,-1.270274+1.130891j,-1.270144+1.131059j,0.000000
-0.011237-0.002541j,-1.270274+1.130891j,-1.270144+1.131059j,0.000000
-0.011237-0.002541j,-1.270274+1.130891j,-1.270144+1.131059j,0.000000
-0.011237-0.002541j,-1.270274+1.130891j,-1.270144+1.131059j,0.000000
-0.011237-0.002541j,-1.270274+1.130891j,-1.270144+1.131059j,0.000000
-0.011237-0.002541j,-1.270274+1.130891j,-1.270144+1.131059j,0.000000
-0.011237-0.002541j,-1.270274+1.130891j,-1.270144+1.131059j,0.000000
-0.011237-0.002541j,-1.270274+1.130891j,-1.270144+1.131059j,0.000000
-0.011237-0.002541j,-1.270274+1.130891j,-1.270144+1.131059j,0.000000
-0.011237-0.002541j,-1.270274+1.130891j,-1.270144+1.131060j,0.000000
-0.011237-0.002541j,-1.270274+1.130891j,-1.270144+1.131060j,0.000000
-0.011237-0.002541j,-1.270274+1.130891j,-1.270144+1.131060j,0.000000
-0.011237-0.002541j,-1.270274+1.130890j,-1.270143+1.131060j,0.000000
-0.011237-0.002541j,-1.270274+1.130890j,-1.270143+1.131060j,0.000000
-0.011237-0.002541j,-1.270274+1.130890j,-1.270143+1.131060j,0.000000
-0.011237-0.002541j,-1.270274+1.130890j,-1.270143+1.131060j,0.000000
-0.011237-0.002541j,-1.270274+1.130890j,-1.270143+1.131060j,0.000000
-0.011237-0.002541j,-1.270274+1.130890j,-1.270143+1.131060j,0.000000
-0.011237-0.002541j,-1.270274+1.130890j,-1.270143+1.131060j,0.000000
-0.011237-0.002541j,-1.270274+1.130890j,-1.270143+1.131060j,0.000000
-0.011237-0.002541j,-1.270274+1.130890j,-1.270143+1.131060j,0.000000
-0.011237-0.002541j,-1.270274+1.130890j,-1.270143+1.131060j,0.000000
-0.011237-0.002541j,-1.270274+1.130890j,-1.270143+1.131060j,0.000000
-0.011237-0.002541j,-1.270274+1.130890j,-1.270143+1.131060j,0.000000
-0.011237-0.002541j,-1.270274+1.130890j,-1.270143+1.131060j,0.000000
-0.011237-0.002541j,-1.270274+1.130890j,-1.270143+1.131060j,0.000000
-0.011237-0.002541j,-1.270274+1.130890j,-1.270143+1.131060j,0.000000
-0.011237-0.002541j,-1.270274+1.130890j,-1.270143+1.131060j,0.000000
-0.011237-0.002541j,-1.270275+1.130890j,-1.270143+1.131060j,0.000000
-0.011237-0.002541j,-1.270275+1.130890j,-1.270143+1.131060j,0.000000
-0.011237-0.002541j,-1.270275+1.130890j,-1.270143+1.131060j,0.000000
-0.011237-0.002541j,-1.270275+1.130890j,-1.270143+1.131061j,0.000000
-0.011237-0.002541j,-1.270275+1.130889j,-1.270143+1.131061j,0.000000
-0.011237-0.002541j,-1.270275+1.130889j,-1.270143+1.131061j,0.000000
-0.011237-0.002541j,-1.270275+1.130889j,-1.270143+1.131061j,0.000000
-0.011237-0.002541j,-1.270275+1.130889j,-1.270143+1.131061j,0.000000
-0.011237-0.002541j,-1.270275+1.130889j,-1.270142+1.131061j,0.000000
-0.011237-0.002541j,-1.270275+1.130889j,-1.270142+1.131061j,0.000000
-0.011237-0.002541j,-1.270275+1.130889j,-1.270142+1.131061j,0.000000
-0.011237-0.002541j,-1.270275+1.130889j,-1.270142+1.131061j,0.000000
-0.011237-0.002541j,-1.270275+1.130889j,-1.270142+1.131061j,0.000000
-0.011237-0.002541j,-1.270275+1.130889j,-1.270142+1.131061j,0.000000
-0.011237-0.002541j,-1.270275+1.130889j,-1.270142+1.131061j,0.000000
-0.011237-0.002541j,-1.270275+1.130889j,-1.270142+1.131062j,0.000000
-0.011237-0.002541j,-1.270276+1.130888j,-1.270142+1.131062j,0.000000
-0.011237-0.002541j,-1.270276+1.130888j,-1.270142+1.131062j,0.000000
-0.011237-0.002541j,-1.270276+1.130888j,-1.270142+1.131062j,0.000000
-0.011237-0.002541j,-1.270276+1.130888j,-1.270142+1.131062j,0.000000
-0.011237-0.002541j,-1.270276+1.130888j,-1.270142+1.131062j,0.000000
-0.011237-0.002541j,-1.270276+1.130888j,-1.270142+1.131062j,0.000000
-0.011237-0.002541j,-1.270276+1.130888j,-1.270142+1.131062j,0.000000
-0.011237-0.002541j,-1.270276+1.130888j,-1.270141+1.131062j,0.000000
-0.011237-0.002541j,-1.270276+1.130888j,-1.270141+1.131062j,0.000000
-0.011237-0.002541j,-1.270276+1.130888j,-1.270141+1.131062j,0.000000
-0.011237-0.002541j,-1.270276+1.130888j,-1.270141+1.131062j,0.000000
-0.011237-0.002541j,-1.270276+1.130888j,-1.270141+1.131063j,0.000000
-0.011237-0.002541j,-1.270276+1.130887j,-1.270141+1.131063j,0.000000
-0.011237-0.002541j,-1.270276+1.130887j,-1.270141+1.131063j,0.000000
-0.011237-0.002541j,-1.270276+1.130887j,-1.270141+1.131063j,0.000000
-0.011237-0.002541j,-1.270276+1.130887j,-1.270141+1.131063j,0.000000
-0.011237-0.002541j,-1.270277+1.130887j,-1.270141+1.131063j,0.000000
-0.011237-0.002541j,-1.270277+1.130887j,-1.270141+1.131063j,0.000000
-0.011237-0.002541j,-1.270277+1.130887j,-1.270141+1.131063j,0.000000
-0.011237-0.002541j,-1.270277+1.130887j,-1.270141+1.131063j,0.000000
-0.011237-0.002541j,-1.270277+1.130887j,-1.270141+1.131063j,0.000000
-0.011237-0.002541j,-1.270277+1.130887j,-1.270141+1.131063j,0.000000
-0.011237-0.002541j,-1.270277+1.130887j,-1.270141+1.131063j,0.000000
-0.011237-0.002541j,-1.270277+1.130887j,-1.270141+1.131063j,0.000000
-0.011237-0.002541j,-1.270277+1.130887j,-1.270140+1.131064j,0.000000
-0.011237-0.002541j,-1.270277+1.130886j,-1.270140+1.131064j,0.000000
-0.011237-0.002541j,-1.270277+1.130886j,-1.270140+1.131064j,0.000000
-0.011237-0.002541j,-1.270277+1.130886j,-1.270140+1.131064j,0.000000
-0.011237-0.002541j,-1.270277+1.130886j,-1.270140+1.131064j,0.000000
-0.011237-0.002541j,-1.270277+1.130886j,-1.270140+1.131064j,0.000000
-0.011237-0.002541j,-1.270277+1.130886j,-1.270140+1.131064j,0.000000
-0.011237-0.002541j,-1.270277+1.130886j,-1.270140+1.131064j,0.000000
-0.011237-0.002541j,-1.270277+1.130886j,-1.270140+1.131064j,0.000000
-0.011237-0.002541j,-1.270278+1.130886j,-1.270140+1.131064j,0.000000
-0.011237-0.002541j,-1.270278+1.130886j,-1.270140+1.131064j,0.000000
-0.011237-0.002541j,-1.270278+1.130886j,-1.270140+1.131064j,0.000000
-0.011237-0.002541j,-1.270278+1.130885j,-1.270140+1.131065j,0.000000
-0.011237-0.002541j,-1.270278+1.130885j,-1.270140+1.131065j,0.000000
-0.011237-0.002541j,-1.270278+1.130885j,-1.270139+1.131065j,0.000000
-0.011237-0.002541j,-1.270278+1.130885j,-1.270139+1.131065j,0.000000
-0.011237-0.002541j,-1.270278+1.130885j,-1.270139+1.131065j,0.000000
-0.011237-0.002541j,-1.270278+1.130885j,-1.270139+1.131065j,0.000000
-0.011237-0.002541j,-1.270279+1.130885j,-1.270139+1.131066j,0.000000
-0.011237-0.002541j,-1.270279+1.130884j,-1.270139+1.131066j,0.000000
-0.011237-0.002541j,-1.270279+1.130884j,-1.270139+1.131066j,0.000000
-0.011237-0.002541j,-1.270279+1.130884j,-1.270139+1.131066j,0.000000
-0.011237-0.002541j,-1.270279+1.130884j,-1.270138+1.131066j,0.000000
-0.011237-0.002541j,-1.270279+1.130884j,-1.270138+1.131066j,0.000000
-0.011237-0.002541j,-1.270279+1.130884j,-1.270138+1.131066j,0.000000
-0.011237-0.002541j,-1.270279+1.130884j,-1.270138+1.131067j,0.000000
-0.011237-0.002541j,-1.270279+1.130883j,-1.270138+1.131067j,0.000000
-0.011237-0.002541j,-1.270280+1.130883j,-1.270138+1.131067j,0.000000
-0.011237-0.002541j,-1.270280+1.130883j,-1.270138+1.131067j,0.000000
-0.011237-0.002541j,-1.270280+1.130883j,-1.270138+1.131067j,0.000000
-0.011237-0.002541j,-1.270280+1.130883j,-1.270138+1.131067j,0.000000
-0.011237-0.002541j,-1.270280+1.130883j,-1.270137+1.131067j,0.000000
-0.011237-0.002541j,-1.270280+1.130883j,-1.270137+1.131068j,0.000000
-0.011237-0.002541j,-1.270280+1.130882j,-1.270137+1.131068j,0.000000
-0.011237-0.002541j,-1.270280+1.130882j,-1.270137+1.131068j,0.000000
-0.011237-0.002541j,-1.270280+1.130882j,-1.270137+1.131068j,0.000000
-0.011237-0.002541j,-1.270281+1.130882j,-1.270137+1.131068j,0.000000
-0.011237-0.002541j,-1.270281+1.130882j,-1.270137+1.131068j,0.000000
-0.011237-0.002541j,-1.270281+1.130882j,-1.270137+1.131068j,0.000000
-0.011237-0.002541j,-1.270281+1.130882j,-1.270137+1.131069j,0.000000
-0.011237-0.002541j,-1.270281+1.130881j,-1.270136+1.131069j,0.000000
-0.011237-0.002541j,-1.270281+1.130881j,-1.270136+1.131069j,0.000000
-0.011237-0.002541j,-1.270281+1.130881j,-1.270136+1.131069j,0.000000
-0.011237-0.002541j,-1.270281+1.130881j,-1.270136+1.131069j,0.000000
-0.011237-0.002541j,-1.270281+1.130881j,-1.270136+1.131069j,0.000000
-0.011237-0.002541j,-1.270282+1.130881j,-1.270136+1.131069j,0.000000
-0.011237-0.002541j,-1.270282+1.130881j,-1.270136+1.131070j,0.000000
-0.011237-0.002541j,-1.270282+1.130880j,-1.270136+1.131070j,0.000000
-0.011237-0.002541j,-1.270282+1.130880j,-1.270136+1.131070j,0.000000
-0.011237-0.002541j,-1.270282+1.130880j,-1.270136+1.131070j,0.000000
-0.011237-0.002541j,-1.270282+1.130880j,-1.270135+1.131070j,0.000000
-0.011237-0.002541j,-1.270282+1.130880j,-1.270135+1.131070j,0.000000
-0.011237-0.002541j,-1.270282+1.130880j,-1.270135+1.131070j,0.000000
-0.011237-0.002541j,-1.270282+1.130880j,-1.270135+1.131070j,0.000000
-0.011237-0.002541j,-1.270282+1.130879j,-1.270135+1.131071j,0.000000
-0.011237-0.002541j,-1.270283+1.130879j,-1.270135+1.131071j,0.000000
-0.011237-0.002541j,-1.270283+1.130879j,-1.270135+1.131071j,0.000000
-0.011237-0.002541j,-1.270283+1.130879j,-1.270135+1.131071j,0.000000
-0.011237-0.002541j,-1.270283+1.130879j,-1.270135+1.131071j,0.000000
-0.011237-0.002541j,-1.270283+1.130879j,-1.270134+1.131071j,0.000000
-0.011237-0.002541j,-1.270283+1.130879j,-1.270134+1.131071j,0.000000
-0.011237-0.002541j,-1.270283+1.130878j,-1.270134+1.131072j,0.000000
-0.011237-0.002541j,-1.270283+1.130878j,-1.270134+1.131072j,0.000000
-0.011237-0.002541j,-1.270284+1.130878j,-1.270134+1.131072j,0.000000
-0.011237-0.002541j,-1.270284+1.130878j,-1.270134+1.131072j,0.000000
-0.011237-0.002541j,-1.270284+1.130878j,-1.270134+1.131072j,0.000000
-0.011237-0.002541j,-1.270284+1.130877j,-1.270133+1.131073j,0.000000
-0.011237-0.002541j,-1.270284+1.130877j,-1.270133+1.131073j,0.000000
-0.011237-0.002541j,-1.270284+1.130877j,-1.270133+1.131073j,0.000000
-0.011237-0.002541j,-1.270284+1.130877j,-1.270133+1.131073j,0.000000
-0.011237-0.002541j,-1.270285+1.130877j,-1.270133+1.131073j,0.000000
-0.011237-0.002541j,-1.270285+1.130876j,-1.270133+1.131074j,0.000000
-0.011237-0.002541j,-1.270285+1.130876j,-1.270133+1.131074j,0.000000
-0.011237-0.002541j,-1.270285+1.130876j,-1.270132+1.131074j,0.000000
-0.011237-0.002541j,-1.270285+1.130876j,-1.270132+1.131074j,0.000000
-0.011237-0.002541j,-1.270285+1.130876j,-1.270132+1.131074j,0.000000
-0.011237-0.002541j,-1.270286+1.130875j,-1.270132+1.131075j,0.000000
-0.011237-0.002541j,-1.270286+1.130875j,-1.270132+1.131075j,0.000000
-0.011237-0.002541j,-1.270286+1.130875j,-1.270132+1.131075j,0.000000
-0.011237-0.002541j,-1.270286+1.130875j,-1.270131+1.131075j,0.000000
-0.011237-0.002541j,-1.270286+1.130875j,-1.270131+1.131075j,0.000000
-0.011237-0.002541j,-1.270286+1.130875j,-1.270131+1.131076j,0.000000
-0.011237-0.002541j,-1.270286+1.130874j,-1.270131+1.131076j,0.000000
-0.011237-0.002541j,-1.270287+1.130874j,-1.270131+1.131076j,0.000000
-0.011237-0.002541j,-1.270287+1.130874j,-1.270131+1.131076j,0.000000
-0.011237-0.002541j,-1.270287+1.130874j,-1.270131+1.131076j,0.000000
-0.011237-0.002541j,-1.270287+1.130874j,-1.270130+1.131077j,0.000000
-0.011237-0.002541j,-1.270287+1.130873j,-1.270130+1.131077j,0.000000
-0.011237-0.002541j,-1.270287+1.130873j,-1.270130+1.131077j,0.000000
-0.011237-0.002541j,-1.270287+1.130873j,-1.270130+1.131077j,0.000000
-0.011237-0.002541j,-1.270288+1.130873j,-1.270130+1.131077j,0.000000
-0.011237-0.002541j,-1.270288+1.130873j,-1.270130+1.131077j,0.000000
-0.011237-0.002541j,-1.270288+1.130873j,-1.270130+1.131078j,0.000000
-0.011237-0.002541j,-1.270288+1.130872j,-1.270129+1.131078j,0.000000
-0.011237-0.002541j,-1.270288+1.130872j,-1.270129+1.131078j,0.000000
-0.011237-0.002541j,-1.270288+1.130872j,-1.270129+1.131078j,0.000000
-0.011237-0.002541j,-1.270288+1.130872j,-1.270129+1.131078j,0.000000
-0.011237-0.002541j,-1.270289+1.130872j,-1.270129+1.131079j,0.000000
-0.011237-0.002541j,-1.270289+1.130871j,-1.270129+1.131079j,0.000000
-0.011237-0.002541j,-1.270289+1.130871j,-1.270129+1.131079j,0.000000
-0.011237-0.002541j,-1.270289+1.130871j,-1.270129+1.131079j,0.000000
-0.011237-0.002541j,-1.270289+1.130871j,-1.270128+1.131079j,0.000000
-0.011237-0.002541j,-1.270289+1.130871j,-1.270128+1.131079j,0.000000
-0.011237-0.002541j,-1.270289+1.130871j,-1.270128+1.131080j,0.000000
-0.011237-0.002541j,-1.270289+1.130870j,-1.270128+1.131080j,0.000000
-0.011237-0.002541j,-1.270290+1.130870j,-1.270128+1.131080j,0.000000
-0.011237-0.002541j,-1.270290+1.130870j,-1.270128+1.131080j,0.000000
-0.011237-0.002541j,-1.270290+1.130870j,-1.270128+1.131080j,0.000000
-0.011237-0.002541j,-1.270290+1.130870j,-1.270127+1.131080j,0.000000
-0.011237-0.002541j,-1.270290+1.130869j,-1.270127+1.131081j,0.000000
-0.011237-0.002541j,-1.270290+1.130869j,-1.270127+1.131081j,0.000000
-0.011237-0.002541j,-1.270290+1.130869j,-1.270127+1.131081j,0.000000
-0.011237-0.002541j,-1.270291+1.130869j,-1.270127+1.131081j,0.000000
-0.011237-0.002541j,-1.270291+1.130869j,-1.270127+1.131081j,0.000000
-0.011237-0.002541j,-1.270291+1.130869j,-1.270127+1.131081j,0.000000
-0.011237-0.002541j,-1.270291+1.130868j,-1.270127+1.131082j,0.000000
-0.011237-0.002541j,-1.270291+1.130868j,-1.270126+1.131082j,0.000000
-0.011237-0.002541j,-1.270291+1.130868j,-1.270126+1.131082j,0.000000
-0.011237-0.002541j,-1.270291+1.130868j,-1.270126+1.131082j,0.000000
-0.011237-0.002541j,-1.270291+1.130868j,-1.270126+1.131082j,0.000000
-0.011237-0.002541j,-1.270292+1.130868j,-1.270126+1.131082j,0.000000
-0.011237-0.002541j,-1.270292+1.130867j,-1.270126+1.131083j,0.000000
-0.011237-0.002541j,-1.270292+1.130867j,-1.270126+1.131083j,0.000000
-0.011237-0.002541j,-1.270292+1.130867j,-1.270125+1.131083j,0.000000
-0.011237-0.002541j,-1.270292+1.130867j,-1.270125+1.131083j,0.000000
-0.011237-0.002541j,-1.270292+1.130867j,-1.270125+1.131083j,0.000000
-0.011237-0.002541j,-1.270292+1.130867j,-1.270125+1.131083j,0.000000
-0.011237-0.002541j,-1.270292+1.130866j,-1.270125+1.131084j,0.000000
-0.011237-0.002541j,-1.270293+1.130866j,-1.270125+1.131084j,0.000000
-0.011237-0.002541j,-1.270293+1.130866j,-1.270125+1.131084j,0.000000
-0.011237-0.002541j,-1.270293+1.130866j,-1.270125+1.131084j,0.000000
-0.011237-0.002541j,-1.270293+1.130866j,-1.270124+1.131084j,0.000000
-0.011237-0.002541j,-1.270293+1.130866j,-1.270124+1.131084j,0.000000
-0.011237-0.002541j,-1.270293+1.130866j,-1.270124+1.131085j,0.000000
-0.011237-0.002541j,-1.270293+1.130865j,-1.270124+1.131085j,0.000000
-0.011237-0.002541j,-1.270293+1.130865j,-1.270124+1.131085j,0.000000
-0.011237-0.002541j,-1.270294+1.130865j,-1.270124+1.131085j,0.000000
-0.011237-0.002541j,-1.270294+1.130865j,-1.270124+1.131085j,0.000000
-0.011237-0.002541j,-1.270294+1.130865j,-1.270124+1.131085j,0.000000
-0.011237-0.002541j,-1.270294+1.130865j,-1.270124+1.131086j,0.000000
-0.011237-0.002541j,-1.270294+1.130864j,-1.270123+1.131086j,0.000000
-0.011237-0.002541j,-1.270294+1.130864j,-1.270123+1.131086j,0.000000
-0.011237-0.002541j,-1.270294+1.130864j,-1.270123+1.131086j,0.000000
-0.011237-0.002541j,-1.270294+1.130864j,-1.270123+1.131086j,0.000000
-0.011237-0.002541j,-1.270295+1.130864j,-1.270123+1.131086j,0.000000
-0.011237-0.002541j,-1.270295+1.130864j,-1.270123+1.131086j,0.000000
-0.011237-0.002541j,-1.270295+1.130864j,-1.270123+1.131087j,0.000000
-0.011237-0.002541j,-1.270295+1.130863j,-1.270123+1.131087j,0.000000
-0.011237-0.002541j,-1.270295+1.130863j,-1.270122+1.131087j,0.000000
-0.011237-0.002541j,-1.270295+1.130863j,-1.270122+1.131087j,0.000000
-0.011237-0.002541j,-1.270295+1.130863j,-1.270122+1.131087j,0.000000
-0.011237-0.002541j,-1.270295+1.130863j,-1.270122+1.131087j,0.000000
-0.011237-0.002541j,-1.270295+1.130863j,-1.270122+1.131088j,0.000000
-0.011237-0.002541j,-1.270296+1.130862j,-1.270122+1.131088j,0.000000
-0.011237-0.002541j,-1.270296+1.130862j,-1.270122+1.131088j,0.000000
-0.011237-0.002541j,-1.270296+1.130862j,-1.270122+1.131088j,0.000000
-0.011237-0.002541j,-1.270296+1.130862j,-1.270122+1.131088j,0.000000
-0.011237-0.002541j,-1.270296+1.130862j,-1.270121+1.131088j,0.000000
-0.011237-0.002541j,-1.270296+1.130862j,-1.270121+1.131088j,0.000000
-0.011237-0.002541j,-1.270296+1.130862j,-1.270121+1.131089j,0.000000
-0.011237-0.002541j,-1.270296+1.130861j,-1.270121+1.131089j,0.000000
-0.011237-0.002541j,-1.270297+1.130861j,-1.270121+1.131089j,0.000000
-0.011237-0.002541j,-1.270297+1.130861j,-1.270121+1.131089j,0.000000
-0.011237-0.002541j,-1.270297+1.130861j,-1.270121+1.131089j,0.000000
-0.011237-0.002541j,-1.270297+1.130861j,-1.270121+1.131089j,0.000000
-0.011237-0.002541j,-1.270297+1.130861j,-1.270120+1.131089j,0.000000
-0.011237-0.002541j,-1.270297+1.130861j,-1.270120+1.131090j,0.000000
-0.011237-0.002541j,-1.270297+1.130860j,-1.270120+1.131090j,0.000000
-0.011237-0.002541j,-1.270297+1.130860j,-1.270120+1.131090j,0.000000
-0.011237-0.002541j,-1.270297+1.130860j,-1.270120+1.131090j,0.000000
-0.011237-0.002541j,-1.270298+1.130860j,-1.270120+1.131090j,0.000000
-0.011237-0.002541j,-1.270298+1.130860j,-1.270120+1.131090j,0.000000
-0.011237-0.002541j,-1.270298+1.130860j,-1.270120+1.131090j,0.000000
-0.011237-0.002541j,-1.270298+1.130859j,-1.270120+1.131091j,0.000000
-0.011237-0.002541j,-1.270298+1.130859j,-1.270119+1.131091j,0.000000
-0.011237-0.002541j,-1.270298+1.130859j,-1.270119+1.131091j,0.000000
-0.011237-0.002541j,-1.270298+1.130859j,-1.270119+1.131091j,0.000000
-0.011237-0.002541j,-1.270298+1.130859j,-1.270119+1.131091j,0.000000
-0.011237-0.002541j,-1.270298+1.130859j,-1.270119+1.131091j,0.000000
-0.011237-0.002541j,-1.270299+1.130859j,-1.270119+1.131091j,0.000000
-0.011237-0.002541j,-1.270299+1.130859j,-1.270119+1.131092j,0.000000
-0.011237-0.002541j,-1.270299+1.130858j,-1.270119+1.131092j,0.000000
-0.011237-0.002541j,-1.270299+1.130858j,-1.270119+1.131092j,0.000000
-0.011237-0.002541j,-1.270299+1.130858j,-1.270119+1.131092j,0.000000
-0.011237-0.002541j,-1.270299+1.130858j,-1.270118+1.131092j,0.000000
-0.011237-0.002541j,-1.270299+1.130858j,-1.270118+1.131092j,0.000000
-0.011237-0.002541j,-1.270299+1.130858j,-1.270118+1.131092j,0.000000
-0.011237-0.002541j,-1.270299+1.130858j,-1.270118+1.131093j,0.000000
-0.011237-0.002541j,-1.270299+1.130857j,-1.270118+1.131093j,0.000000
-0.011237-0.002541j,-1.270300+1.130857j,-1.270118+1.131093j,0.000000
-0.011237-0.002541j,-1.270300+1.130857j,-1.270118+1.131093j,0.000000
-0.011237-0.002541j,-1.270300+1.130857j,-1.270118+1.131093j,0.000000
-0.011237-0.002541j,-1.270300+1.130857j,-1.270118+1.131093j,0.000000
-0.011237-0.002541j,-1.270300+1.130857j,-1.270117+1.131093j,0.000000
-0.011237-0.002541j,-1.270300+1.130857j,-1.270117+1.131094j,0.000000
-0.011237-0.002541j,-1.270300+1.130856j,-1.270117+1.131094j,0.000000
-0.011237-0.002541j,-1.270300+1.130856j,-1.270117+1.131094j,0.000000
-0.011237-0.002541j,-1.270300+1.130856j,-1.270117+1.131094j,0.000000
-0.011237-0.002541j,-1.270301+1.130856j,-1.270117+1.131094j,0.000000
-0.011237-0.002541j,-1.270301+1.130856j,-1.270117+1.131094j,0.000000
-0.011237-0.002541j,-1.270301+1.130856j,-1.270117+1.131094j,0.000000
-0.011237-0.002541j,-1.270301+1.130856j,-1.270117+1.131094j,0.000000
-0.011237-0.002541j,-1.270301+1.130855j,-1.270117+1.131095j,0.000000
-0.011237-0.002541j,-1.270301+1.130855j,-1.270116+1.131095j,0.000000
-0.011237-0.002541j,-1.270301+1.130855j,-1.270116+1.131095j,0.000000
-0.011237-0.002541j,-1.270301+1.130855j,-1.270116+1.131095j,0.000000
-0.011237-0.002541j,-1.270301+1.130855j,-1.270116+1.131095j,0.000000
-0.011237-0.002541j,-1.270301+1.130855j,-1.270116+1.131095j,0.000000
-0.011237-0.002541j,-1.270302+1.130855j,-1.270116+1.131095j,0.000000
-0.011237-0.002541j,-1.270302+1.130855j,-1.270116+1.131096j,0.000000
-0.011237-0.002541j,-1.270302+1.130854j,-1.270116+1.131096j,0.000000
-0.011237-0.002541j,-1.270302+1.130854j,-1.270116+1.131096j,0.000000
-0.011237-0.002541j,-1.270302+1.130854j,-1.270115+1.131096j,0.000000
-0.011237-0.002541j,-1.270302+1.130854j,-1.270115+1.131096j,0.000000
-0.011237-0.002541j,-1.270302+1.130854j,-1.270115+1.131096j,0.000000
-0.011237-0.002541j,-1.270302+1.130854j,-1.270115+1.131096j,0.000000
-0.011237-0.002541j,-1.270302+1.130854j,-1.270115+1.131096j,0.000000
-0.011237-0.002541j,-1.270302+1.130854j,-1.270115+1.131097j,0.000000
-0.011237-0.002541j,-1.270303+1.130853j,-1.270115+1.131097j,0.000000
-0.011237-0.002541j,-1.270303+1.130853j,-1.270115+1.131097j,0.000000
-0.011237-0.002541j,-1.270303+1.130853j,-1.270115+1.131097j,0.000000
-0.011237-0.002541j,-1.270303+1.130853j,-1.270115+1.131097j,0.000000
-0.011237-0.002541j,-1.270303+1.130853j,-1.270114+1.131097j,0.000000
-0.011237-0.002541j,-1.270303+1.130853j,-1.270114+1.131097j,0.000000
-0.011237-0.002541j,-1.270303+1.130853j,-1.270114+1.131097j,0.000000
-0.011237-0.002541j,-1.270303+1.130852j,-1.270114+1.131098j,0.000000
-0.011237-0.002541j,-1.270303+1.130852j,-1.270114+1.131098j,0.000000
-0.011237-0.002541j,-1.270303+1.130852j,-1.270114+1.131098j,0.000000
-0.011237-0.002541j,-1.270304+1.130852j,-1.270114+1.131098j,0.000000
-0.011237-0.002541j,-1.270304+1.130852j,-1.270114+1.131098j,0.000000
-0.011237-0.002541j,-1.270304+1.130852j,-1.270114+1.131098j,0.000000
-0.011237-0.002541j,-1.270304+1.130852j,-1.270114+1.131098j,0.000000
-0.011237-0.002541j,-1.270304+1.130852j,-1.270114+1.131098j,0.000000
-0.011237-0.002541j,-1.270304+1.130851j,-1.270113+1.131099j,0.000000
-0.011237-0.002541j,-1.270304+1.130851j,-1.270113+1.131099j,0.000000
-0.011237-0.002541j,-1.270304+1.130851j,-1.270113+1.131099j,0.000000
-0.011237-0.002541j,-1.270304+1.130851j,-1.270113+1.131099j,0.000000
-0.011237-0.002541j,-1.270304+1.130851j,-1.270113+1.131099j,0.000000
-0.011237-0.002541j,-1.270305+1.130851j,-1.270113+1.131099j,0.000000
-0.011237-0.002541j,-1.270305+1.130851j,-1.270113+1.131099j,0.000000
-0.011237-0.002541j,-1.270305+1.130851j,-1.270113+1.131099j,0.000000
-0.011237-0.002541j,-1.270305+1.130850j,-1.270113+1.131100j,0.000000
-0.011237-0.002541j,-1.270305+1.130850j,-1.270113+1.131100j,0.000000
-0.011237-0.002541j,-1.270305+1.130850j,-1.270112+1.131100j,0.000000
-0.011237-0.002541j,-1.270305+1.130850j,-1.270112+1.131100j,0.000000
-0.011237-0.002541j,-1.270305+1.130850j,-1.270112+1.131100j,0.000000
-0.011237-0.002541j,-1.270305+1.130850j,-1.270112+1.131100j,0.000000
-0.011237-0.002541j,-1.270305+1.130850j,-1.270112+1.131100j,0.000000
-0.011237-0.002541j,-1.270305+1.130850j,-1.270112+1.131100j,0.000000
-0.011237-0.002541j,-1.270306+1.130850j,-1.270112+1.131101j,0.000000
-0.011237-0.002541j,-1.270306+1.130849j,-1.270112+1.131101j,0.000000
-0.011237-0.002541j,-1.270306+1.130849j,-1.270112+1.131101j,0.000000
-0.011237-0.002541j,-1.270306+1.130849j,-1.270112+1.131101j,0.000000
-0.011237-0.002541j,-1.270306+1.130849j,-1.270112+1.131101j,0.000000
-0.011237-0.002541j,-1.270306+1.130849j,-1.270111+1.131101j,0.000000
-0.011237-0.002541j,-1.270306+1.130849j,-1.270111+1.131101j,0.000000
-0.011237-0.002541j,-1.270306+1.130849j,-1.270111+1.131101j,0.000000
-0.011237-0.002541j,-1.270306+1.130849j,-1.270111+1.131102j,0.000000
-0.011237-0.002541j,-1.270306+1.130848j,-1.270111+1.131102j,0.000000
-0.011237-0.002541j,-1.270306+1.130848j,-1.270111+1.131102j,0.000000
-0.011237-0.002541j,-1.270307+1.130848j,-1.270111+1.131102j,0.000000
-0.011237-0.002541j,-1.270307+1.130848j,-1.270111+1.131102j,0.000000
-0.011237-0.002541j,-1.270314+1.130838j,-1.270103+1.131112j,0.000000
-0.011237-0.002541j,-1.270323+1.130826j,-1.270094+1.131124j,0.000000
-0.011237-0.002541j,-1.270333+1.130814j,-1.270084+1.131136j,0.000000
-0.011237-0.002541j,-1.270343+1.130800j,-1.270074+1.131150j,0.000000
-0.011237-0.002541j,-1.270355+1.130786j,-1.270063+1.131164j,0.000000
-0.011237-0.002541j,-1.270366+1.130770j,-1.270051+1.131180j,0.000000
-0.011237-0.002541j,-1.270379+1.130754j,-1.270038+1.131196j,0.000000
-0.011237-0.002541j,-1.270393+1.130736j,-1.270025+1.131214j,0.000000
-0.011237-0.002541j,-1.270407+1.130718j,-1.270010+1.131232j,0.000000
-0.011237-0.002541j,-1.270423+1.130698j,-1.269995+1.131252j,0.000000
-0.011237-0.002541j,-1.270439+1.130676j,-1.269978+1.131274j,0.000000
-0.011237-0.002541j,-1.270457+1.130654j,-1.269961+1.131296j,0.000000
-0.011237-0.002541j,-1.270475+1.130629j,-1.269942+1.131320j,0.000000
-0.011237-0.002541j,-1.270495+1.130604j,-1.269922+1.131346j,0.000000
-0.011237-0.002541j,-1.270516+1.130577j,-1.269901+1.131373j,0.000000
-0.011237-0.002541j,-1.270538+1.130548j,-1.269879+1.131402j,0.000000
-0.011237-0.002541j,-1.270562+1.130517j,-1.269855+1.131433j,0.000000
-0.011237-0.002541j,-1.270587+1.130484j,-1.269830+1.131465j,0.000000
-0.011237-0.002541j,-1.270613+1.130450j,-1.269804+1.131499j,0.000000
-0.011237-0.002541j,-1.270641+1.130414j,-1.269776+1.131536j,0.000000
-0.011237-0.002541j,-1.270671+1.130375j,-1.269746+1.131574j,0.000000
-0.011237-0.002541j,-1.270702+1.130334j,-1.269715+1.131615j,0.000000
-0.011237-0.002541j,-1.270735+1.130291j,-1.269681+1.131658j,0.000000
-0.011237-0.002541j,-1.270770+1.130246j,-1.269646+1.131703j,0.000000
-0.011237-0.002541j,-1.270807+1.130198j,-1.269609+1.131751j,0.000000
-0.011237-0.002541j,-1.270846+1.130148j,-1.269570+1.131801j,0.000000
-0.011237-0.002541j,-1.270887+1.130094j,-1.269529+1.131854j,0.000000
-0.011237-0.002541j,-1.270930+1.130038j,-1.269486+1.131910j,0.000000
-0.011237-0.002541j,-1.270975+1.129979j,-1.269440+1.131969j,0.000000
-0.011237-0.002541j,-1.271023+1.129917j,-1.269392+1.132031j,0.000000
-0.011237-0.002541j,-1.271073+1.129851j,-1.269342+1.132096j,0.000000
-0.011237-0.002541j,-1.271126+1.129783j,-1.269289+1.132165j,0.000000
-0.011237-0.002541j,-1.271181+1.129710j,-1.269233+1.132236j,0.000000
-0.011237-0.002541j,-1.271240+1.129634j,-1.269174+1.132312j,0.000000
-0.011237-0.002541j,-1.271301+1.129555j,-1.269113+1.132391j,0.000000
-0.011237-0.002541j,-1.271365+1.129471j,-1.269048+1.132474j,0.000000
-0.011237-0.002541j,-1.271432+1.129384j,-1.268981+1.132561j,0.000000
-0.011237-0.002541j,-1.271502+1.129292j,-1.268910+1.132653j,0.000000
-0.011237-0.002541j,-1.271576+1.129195j,-1.268835+1.132748j,0.000000
-0.011237-0.002541j,-1.271653+1.129095j,-1.268758+1.132848j,0.000000
-0.011237-0.002541j,-1.271734+1.128989j,-1.268676+1.132953j,0.000000
-0.011237-0.002541j,-1.271818+1.128879j,-1.268591+1.133062j,0.000000
-0.011237-0.002541j,-1.271906+1.128763j,-1.268502+1.133177j,0.000000
-0.011237-0.002541j,-1.271998+1.128642j,-1.268408+1.133297j,0.000000
-0.011237-0.002541j,-1.272095+1.128516j,-1.268311+1.133422j,0.000000
-0.011237-0.002541j,-1.272195+1.128384j,-1.268209+1.133552j,0.000000
-0.011238-0.002541j,-1.272300+1.128247j,-1.268103+1.133688j,0.000000
-0.011238-0.002541j,-1.272410+1.128103j,-1.267992+1.133830j,0.000000
-0.011238-0.002541j,-1.272524+1.127953j,-1.267876+1.133978j,0.000000
-0.011238-0.002541j,-1.272643+1.127797j,-1.267755+1.134133j,0.000000
-0.011238-0.002541j,-1.272766+1.127634j,-1.267629+1.134294j,0.000000
-0.011238-0.002541j,-1.272895+1.127464j,-1.267498+1.134461j,0.000000
-0.011238-0.002541j,-1.273030+1.127287j,-1.267361+1.134636j,0.000000
-0.011238-0.002541j,-1.273169+1.127102j,-1.267219+1.134817j,0.000001
-0.011238-0.002541j,-1.273315+1.126910j,-1.267071+1.135006j,0.000001
-0.011238-0.002541j,-1.273466+1.126711j,-1.266916+1.135202j,0.000001
-0.011238-0.002541j,-1.273623+1.126503j,-1.266756+1.135406j,0.000001
-0.011238-0.002541j,-1.273786+1.126287j,-1.266589+1.135618j,0.000001
-0.011238-0.002541j,-1.273956+1.126062j,-1.266415+1.135838j,0.000001
-0.011238-0.002540j,-1.274132+1.125829j,-1.266235+1.136067j,0.000001
-0.011238-0.002540j,-1.274314+1.125587j,-1.266047+1.136304j,0.000001
-0.011239-0.002540j,-1.274503+1.125335j,-1.265852+1.136550j,0.000002
-0.011239-0.002540j,-1.274700+1.125073j,-1.265650+1.136806j,0.000002
-0.011239-0.002540j,-1.274903+1.124802j,-1.265440+1.137070j,0.000002
-0.011239-0.002540j,-1.275114+1.124521j,-1.265222+1.137345j,0.000002
-0.011239-0.002540j,-1.275333+1.124229j,-1.264997+1.137629j,0.000003
-0.011239-0.002540j,-1.275559+1.123926j,-1.264762+1.137923j,0.000003
-0.011240-0.002539j,-1.275793+1.123612j,-1.264519+1.138228j,0.000003
-0.011240-0.002539j,-1.276036+1.123287j,-1.264268+1.138543j,0.000004
-0.011240-0.002539j,-1.276286+1.122950j,-1.264007+1.138869j,0.000004
-0.011240-0.002539j,-1.276545+1.122601j,-1.263737+1.139207j,0.000005
-0.011241-0.002539j,-1.276813+1.122240j,-1.263457+1.139555j,0.000006
-0.011241-0.002538j,-1.277090+1.121866j,-1.263168+1.139916j,0.000007
-0.011241-0.002538j,-1.277376+1.121480j,-1.262868+1.140288j,0.000007
-0.011242-0.002538j,-1.277671+1.121080j,-1.262558+1.140672j,0.000008
-0.011242-0.002537j,-1.277976+1.120666j,-1.262238+1.141069j,0.000009
-0.011242-0.002537j,-1.278290+1.120238j,-1.261906+1.141479j,0.000011
-0.011243-0.002537j,-1.278614+1.119796j,-1.261564+1.141902j,0.000012
-0.011243-0.002536j,-1.278949+1.119340j,-1.261210+1.142338j,0.000014
-0.011244-0.002536j,-1.279293+1.118868j,-1.260844+1.142787j,0.000015
-0.011244-0.002536j,-1.279648+1.118381j,-1.260466+1.143250j,0.000017
-0.011245-0.002535j,-1.280014+1.117878j,-1.260076+1.143727j,0.000019
-0.011245-0.002535j,-1.280391+1.117359j,-1.259673+1.144219j,0.000022
-0.011246-0.002534j,-1.280779+1.116824j,-1.259257+1.144725j,0.000024
-0.011247-0.002533j,-1.281177+1.116271j,-1.258828+1.145246j,0.000027
-0.011248-0.002533j,-1.281588+1.115702j,-1.258386+1.145782j,0.000030
-0.011248-0.002532j,-1.282010+1.115114j,-1.257930+1.146333j,0.000034
-0.011249-0.002531j,-1.282444+1.114509j,-1.257459+1.146900j,0.000038
-0.011250-0.002531j,-1.282890+1.113885j,-1.256974+1.147483j,0.000042
-0.011251-0.002530j,-1.283348+1.113242j,-1.256475+1.148082j,0.000047
-0.011252-0.002529j,-1.283818+1.112580j,-1.255960+1.148697j,0.000052
-0.011253-0.002528j,-1.284301+1.111899j,-1.255429+1.149329j,0.000058
-0.011254-0.002527j,-1.284796+1.111197j,-1.254883+1.149977j,0.000065
-0.011256-0.002526j,-1.285305+1.110474j,-1.254321+1.150643j,0.000072
-0.011257-0.002525j,-1.285826+1.109731j,-1.253743+1.151326j,0.000080
-0.011258-0.002524j,-1.286361+1.108967j,-1.253147+1.152027j,0.000089
-0.011260-0.002522j,-1.286909+1.108180j,-1.252534+1.152745j,0.000098
-0.011262-0.002521j,-1.287470+1.107372j,-1.251904+1.153481j,0.000109
-0.011263-0.002520j,-1.288045+1.106541j,-1.251256+1.154235j,0.000121
-0.011265-0.002518j,-1.288634+1.105686j,-1.250590+1.155008j,0.000133
-0.011267-0.002517j,-1.289237+1.104808j,-1.249905+1.155800j,0.000147
-0.011269-0.002515j,-1.289853+1.103907j,-1.249201+1.156610j,0.000163
-0.011271-0.002513j,-1.290484+1.102980j,-1.248478+1.157439j,0.000179
-0.011274-0.002511j,-1.291129+1.102029j,-1.247735+1.158287j,0.000198
-0.011276-0.002509j,-1.291788+1.101053j,-1.246972+1.159154j,0.000218
-0.011279-0.002507j,-1.292462+1.100051j,-1.246189+1.160041j,0.000240
-0.011281-0.002505j,-1.293150+1.099022j,-1.245385+1.160948j,0.000264
-0.011284-0.002502j,-1.293853+1.097967j,-1.244559+1.161874j,0.000290
-0.011287-0.002500j,-1.294571+1.096885j,-1.243712+1.162820j,0.000318
-0.011290-0.002497j,-1.295303+1.095775j,-1.242843+1.163786j,0.000349
-0.011294-0.002494j,-1.296050+1.094637j,-1.241952+1.164773j,0.000383
-0.011297-0.002491j,-1.296812+1.093470j,-1.241038+1.165779j,0.000420
-0.011301-0.002488j,-1.297589+1.092274j,-1.240100+1.166806j,0.000460
-0.011305-0.002485j,-1.298381+1.091049j,-1.239139+1.167853j,0.000503
-0.011309-0.002481j,-1.299188+1.089794j,-1.238154+1.168921j,0.000550
-0.011314-0.002478j,-1.300009+1.088508j,-1.237145+1.170009j,0.000601
-0.011318-0.002474j,-1.300846+1.087191j,-1.236110+1.171118j,0.000656
-0.011323-0.002470j,-1.301698+1.085843j,-1.235051+1.172248j,0.000716
-0.011328-0.002465j,-1.302564+1.084463j,-1.233966+1.173398j,0.000781
-0.011334-0.002461j,-1.303446+1.083051j,-1.232855+1.174569j,0.000851
-0.011339-0.002456j,-1.304342+1.081605j,-1.231717+1.175761j,0.000927
-0.011345-0.002451j,-1.305253+1.080126j,-1.230552+1.176973j,0.001009
-0.011351-0.002446j,-1.306179+1.078614j,-1.229360+1.178206j,0.001097
-0.011358-0.002440j,-1.307120+1.077066j,-1.228141+1.179460j,0.001192
-0.011365-0.002435j,-1.308075+1.075484j,-1.226893+1.180734j,0.001295
-0.011372-0.002428j,-1.309044+1.073867j,-1.225616+1.182029j,0.001405
-0.011380-0.002422j,-1.310028+1.072213j,-1.224310+1.183344j,0.001524
-0.011387-0.002415j,-1.311027+1.070524j,-1.222975+1.184680j,0.001652
-0.011396-0.002408j,-1.312039+1.068797j,-1.221610+1.186036j,0.001790
-0.011404-0.002401j,-1.313066+1.067033j,-1.220214+1.187412j,0.001938
-0.011413-0.002393j,-1.314106+1.065231j,-1.218788+1.188808j,0.002097
-0.011423-0.002385j,-1.315160+1.063391j,-1.217330+1.190224j,0.002268
-0.011433-0.002377j,-1.316227+1.061511j,-1.215841+1.191660j,0.002450
-0.011443-0.002368j,-1.317308+1.059592j,-1.214319+1.193115j,0.002646
-0.011454-0.002359j,-1.318401+1.057634j,-1.212764+1.194590j,0.002856
-0.011465-0.002349j,-1.319508+1.055634j,-1.211177+1.196083j,0.003081
-0.011477-0.002339j,-1.320627+1.053594j,-1.209556+1.197596j,0.003322
-0.011489-0.002328j,-1.321758+1.051513j,-1.207901+1.199127j,0.003579
-0.011502-0.002317j,-1.322902+1.049389j,-1.206211+1.200677j,0.003854
-0.011515-0.002306j,-1.324057+1.047223j,-1.204486+1.202245j,0.004147
-0.011529-0.002294j,-1.325224+1.045014j,-1.202726+1.203831j,0.004460
-0.011543-0.002281j,-1.326402+1.042762j,-1.200930+1.205435j,0.004795
-0.011558-0.002268j,-1.327590+1.040465j,-1.199097+1.207055j,0.005151
-0.011574-0.002254j,-1.328790+1.038124j,-1.197228+1.208693j,0.005531
-0.011590-0.002240j,-1.329999+1.035738j,-1.195321+1.210347j,0.005935
-0.011607-0.002225j,-1.331218+1.033306j,-1.193377+1.212018j,0.006366
-0.011625-0.002209j,-1.332447+1.030828j,-1.191394+1.213704j,0.006824
-0.011643-0.002193j,-1.333684+1.028304j,-1.189372+1.215405j,0.007311
-0.011662-0.002176j,-1.334930+1.025733j,-1.187312+1.217122j,0.007828
-0.011681-0.002159j,-1.336185+1.023114j,-1.185211+1.218853j,0.008378
-0.011702-0.002140j,-1.337447+1.020447j,-1.183070+1.220598j,0.008961
-0.011723-0.002121j,-1.338716+1.017731j,-1.180888+1.222357j,0.009581
-0.011745-0.002101j,-1.339992+1.014966j,-1.178666+1.224129j,0.010237
-0.011768-0.002080j,-1.341274+1.012152j,-1.176401+1.225913j,0.010933
-0.011791-0.002059j,-1.342561+1.009287j,-1.174095+1.227709j,0.011671
-0.011816-0.002036j,-1.343854+1.006373j,-1.171745+1.229517j,0.012451
-0.011841-0.002013j,-1.345152+1.003406j,-1.169353+1.231336j,0.013278
-0.011868-0.001989j,-1.346454+1.000389j,-1.166917+1.233165j,0.014152
-0.011895-0.001964j,-1.347759+0.997319j,-1.164436+1.235003j,0.015076
-0.011923-0.001937j,-1.349067+0.994197j,-1.161912+1.236851j,0.016053
-0.011952-0.001910j,-1.350377+0.991022j,-1.159342+1.238707j,0.017084
-0.011982-0.001881j,-1.351689+0.987793j,-1.156726+1.240571j,0.018173
-0.012013-0.001852j,-1.353002+0.984510j,-1.154065+1.242442j,0.019323
-0.012045-0.001821j,-1.354315+0.981173j,-1.151356+1.244319j,0.020535
-0.012079-0.001789j,-1.355628+0.977781j,-1.148601+1.246202j,0.021813
-0.012113-0.001756j,-1.356939+0.974334j,-1.145798+1.248089j,0.023160
-0.012148-0.001722j,-1.358249+0.970830j,-1.142948+1.249981j,0.024579
-0.012185-0.001686j,-1.359556+0.967271j,-1.140048+1.251876j,0.026073
-0.012222-0.001649j,-1.360860+0.963655j,-1.137100+1.253773j,0.027645
-0.012261-0.001610j,-1.362160+0.959981j,-1.134102+1.255672j,0.029299
-0.012301-0.001570j,-1.363455+0.956250j,-1.131055+1.257572j,0.031037
-0.012343-0.001529j,-1.364744+0.952461j,-1.127957+1.259471j,0.032865
-0.012385-0.001486j,-1.366026+0.948614j,-1.124808+1.261369j,0.034784
-0.012429-0.001441j,-1.367301+0.944707j,-1.121607+1.263266j,0.036800
-0.012474-0.001394j,-1.368567+0.940742j,-1.118355+1.265159j,0.038915
-0.012521-0.001346j,-1.369824+0.936717j,-1.115051+1.267048j,0.041135
-0.012568-0.001296j,-1.371071+0.932632j,-1.111694+1.268933j,0.043463
-0.012618-0.001244j,-1.372307+0.928486j,-1.108284+1.270811j,0.045903
-0.012668-0.001190j,-1.373531+0.924280j,-1.104820+1.272682j,0.048459
-0.012720-0.001134j,-1.374742+0.920013j,-1.101303+1.274545j,0.051137
-0.012774-0.001076j,-1.375938+0.915685j,-1.097731+1.276399j,0.053940
-0.012828-0.001016j,-1.377119+0.911295j,-1.094104+1.278243j,0.056874
-0.012885-0.000953j,-1.378285+0.906843j,-1.090422+1.280075j,0.059943
-0.012943-0.000888j,-1.379432+0.902329j,-1.086684+1.281894j,0.063152
-0.013002-0.000821j,-1.380562+0.897752j,-1.082890+1.283700j,0.066506
-0.013063-0.000751j,-1.381671+0.893113j,-1.079040+1.285490j,0.070010
-0.013125-0.000679j,-1.382760+0.888411j,-1.075134+1.287264j,0.073669
-0.013189-0.000604j,-1.383828+0.883646j,-1.071170+1.289020j,0.077489
-0.013254-0.000526j,-1.384872+0.878818j,-1.067149+1.290757j,0.081475
-0.013321-0.000446j,-1.385891+0.873927j,-1.063071+1.292474j,0.085633
-0.013390-0.000362j,-1.386886+0.868972j,-1.058935+1.294169j,0.089967
-0.013460-0.000275j,-1.387853+0.863954j,-1.054740+1.295840j,0.094485
-0.013532-0.000186j,-1.388792+0.858872j,-1.050487+1.297487j,0.099191
-0.013605-0.000092j,-1.389702+0.853727j,-1.046176+1.299108j,0.104091
-0.013680+0.000004j,-1.390581+0.848519j,-1.041806+1.300701j,0.109192
-0.013757+0.000104j,-1.391428+0.843248j,-1.037378+1.302265j,0.114499
-0.013835+0.000208j,-1.392242+0.837913j,-1.032891+1.303799j,0.120018
-0.013914+0.000315j,-1.393020+0.832516j,-1.028344+1.305300j,0.125755
-0.013996+0.000426j,-1.393762+0.827056j,-1.023739+1.306767j,0.131717
-0.014078+0.000542j,-1.394467+0.821534j,-1.019076+1.308199j,0.137909
-0.014163+0.000661j,-1.395132+0.815950j,-1.014353+1.309593j,0.144337
-0.014249+0.000785j,-1.395756+0.810305j,-1.009572+1.310948j,0.151008
-0.014336+0.000913j,-1.396338+0.804600j,-1.004733+1.312263j,0.157926
-0.014424+0.001046j,-1.396876+0.798833j,-0.999835+1.313535j,0.165100
-0.014514+0.001183j,-1.397369+0.793008j,-0.994880+1.314764j,0.172533
-0.014606+0.001325j,-1.397815+0.787124j,-0.989868+1.315946j,0.180232
-0.014699+0.001473j,-1.398213+0.781181j,-0.984799+1.317080j,0.188203
-0.014792+0.001625j,-1.398560+0.775182j,-0.979674+1.318165j,0.196451
-0.014888+0.001783j,-1.398856+0.769127j,-0.974493+1.319198j,0.204981
-0.014984+0.001946j,-1.399099+0.763018j,-0.969257+1.320178j,0.213798
-0.015078+0.002109j,-1.399282+0.757051j,-0.964137+1.321075j,0.222614
-0.015176+0.002283j,-1.399417+0.750834j,-0.958793+1.321945j,0.232016
-0.015272+0.002458j,-1.399491+0.744761j,-0.953565+1.322732j,0.241416
-0.015372+0.002644j,-1.399510+0.738446j,-0.948120+1.323485j,0.251416
-0.015469+0.002830j,-1.399471+0.732273j,-0.942789+1.324155j,0.261414
-0.015570+0.003028j,-1.399369+0.725865j,-0.937247+1.324782j,0.272028
-0.015668+0.003227j,-1.399209+0.719599j,-0.931819+1.325329j,0.282639
-0.015770+0.003439j,-1.398980+0.713106j,-0.926185+1.325825j,0.293880
-0.015869+0.003651j,-1.398694+0.706753j,-0.920664+1.326240j,0.305118
-0.015971+0.003875j,-1.398333+0.700182j,-0.914944+1.326597j,0.316996
-0.016070+0.004101j,-1.397915+0.693750j,-0.909335+1.326874j,0.328871
-0.016171+0.004340j,-1.397417+0.687109j,-0.903535+1.327086j,0.341394
-0.016269+0.004579j,-1.396862+0.680605j,-0.897846+1.327219j,0.353914
-0.016369+0.004833j,-1.396221+0.673902j,-0.891974+1.327278j,0.367085
-0.016466+0.005087j,-1.395525+0.667336j,-0.886210+1.327260j,0.380254
-0.016565+0.005355j,-1.394737+0.660580j,-0.880272+1.327162j,0.394076
-0.016659+0.005625j,-1.393895+0.653959j,-0.874442+1.326987j,0.407896
-0.016755+0.005909j,-1.392956+0.647160j,-0.868446+1.326726j,0.422366
-0.016847+0.006194j,-1.391963+0.640492j,-0.862557+1.326388j,0.436835
-0.016939+0.006494j,-1.390869+0.633659j,-0.856511+1.325958j,0.451950
-0.017027+0.006795j,-1.389721+0.626955j,-0.850570+1.325453j,0.467063
-0.017115+0.007111j,-1.388470+0.620095j,-0.844483+1.324850j,0.482815
-0.017198+0.007429j,-1.387164+0.613363j,-0.838498+1.324172j,0.498566
-0.017280+0.007762j,-1.385751+0.606487j,-0.832377+1.323391j,0.514947
-0.017358+0.008096j,-1.384284+0.599734j,-0.826357+1.322537j,0.531326
-0.017434+0.008446j,-1.382706+0.592849j,-0.820210+1.321574j,0.548324
-0.017505+0.008798j,-1.381075+0.586084j,-0.814162+1.320538j,0.565321
-0.017573+0.009165j,-1.379331+0.579199j,-0.807998+1.319391j,0.582923
-0.017636+0.009534j,-1.377533+0.572430j,-0.801930+1.318170j,0.600524
-0.017694+0.009905j,-1.375683+0.565774j,-0.795956+1.316878j,0.618122
-0.017749+0.010298j,-1.373685+0.558899j,-0.789778+1.315449j,0.636599
-0.017798+0.010694j,-1.371634+0.552137j,-0.783695+1.313947j,0.655074
-0.017842+0.011092j,-1.369530+0.545483j,-0.777702+1.312374j,0.673546
-0.017881+0.011512j,-1.367274+0.538634j,-0.771529+1.310656j,0.692860
-0.017914+0.011934j,-1.364964+0.531894j,-0.765448+1.308865j,0.712172
-0.017940+0.012359j,-1.362601+0.525257j,-0.759455+1.307003j,0.731482
-0.017960+0.012805j,-1.360082+0.518447j,-0.753302+1.304990j,0.751595
-0.017974+0.013255j,-1.357508+0.511741j,-0.747239+1.302903j,0.771707
-0.017980+0.013707j,-1.354878+0.505134j,-0.741262+1.300746j,0.791816
-0.017979+0.014180j,-1.352091+0.498374j,-0.735145+1.298432j,0.812691
-0.017970+0.014657j,-1.349246+0.491712j,-0.729116+1.296044j,0.833563
-0.017952+0.015136j,-1.346345+0.485145j,-0.723172+1.293584j,0.854434
-0.017926+0.015636j,-1.343283+0.478444j,-0.717107+1.290962j,0.876030
-0.017891+0.016140j,-1.340162+0.471836j,-0.711128+1.288267j,0.897624
-0.017848+0.016647j,-1.336982+0.465318j,-0.705232+1.285497j,0.919217
-0.017795+0.017158j,-1.333743+0.458886j,-0.699419+1.282655j,0.940808
-0.017731+0.017694j,-1.330306+0.452272j,-0.693446+1.279618j,0.963304
-0.017656+0.018233j,-1.326806+0.445746j,-0.687557+1.276503j,0.985798
-0.017572+0.018777j,-1.323243+0.439303j,-0.681752+1.273313j,1.008290
-0.017477+0.019323j,-1.319617+0.432942j,-0.676029+1.270049j,1.030781
-0.017368+0.019895j,-1.315789+0.426424j,-0.670174+1.266582j,1.054114
-0.017247+0.020470j,-1.311893+0.419987j,-0.664405+1.263037j,1.077444
-0.017115+0.021048j,-1.307929+0.413629j,-0.658721+1.259414j,1.100773
-0.016971+0.021630j,-1.303897+0.407347j,-0.653119+1.255713j,1.124100
-0.016810+0.022236j,-1.299656+0.400928j,-0.647412+1.251804j,1.148218
-0.016635+0.022846j,-1.295342+0.394584j,-0.641791+1.247813j,1.172334
-0.016448+0.023459j,-1.290954+0.388314j,-0.636258+1.243742j,1.196448
-0.016246+0.024076j,-1.286491+0.382115j,-0.630809+1.239589j,1.220560
-0.016032+0.024696j,-1.281952+0.375985j,-0.625447+1.235356j,1.244670
-0.015793+0.025345j,-1.277155+0.369684j,-0.619963+1.230872j,1.269721
-0.015540+0.025996j,-1.272274+0.363452j,-0.614571+1.226301j,1.294770
-0.015270+0.026651j,-1.267309+0.357288j,-0.609270+1.221645j,1.319817
-0.014985+0.027309j,-1.262259+0.351190j,-0.604062+1.216904j,1.344862
-0.014683+0.027970j,-1.257122+0.345154j,-0.598945+1.212077j,1.369904
-0.014364+0.028634j,-1.251897+0.339180j,-0.593921+1.207166j,1.394944
-0.014028+0.029301j,-1.246582+0.333265j,-0.588990+1.202171j,1.419981
-0.013675+0.029970j,-1.241176+0.327408j,-0.584153+1.197092j,1.445017
-0.013303+0.030641j,-1.235677+0.321607j,-0.579410+1.191929j,1.470050
-0.012913+0.031314j,-1.230083+0.315860j,-0.574762+1.186683j,1.495080
-0.012505+0.031989j,-1.224393+0.310166j,-0.570211+1.181353j,1.520108
-0.012077+0.032666j,-1.218603+0.304523j,-0.565756+1.175942j,1.545134
-0.011629+0.033344j,-1.212713+0.298930j,-0.561401+1.170448j,1.570158
-0.011162+0.034022j,-1.206719+0.293385j,-0.557145+1.164872j,1.595178
-0.010673+0.034702j,-1.200619+0.287886j,-0.552991+1.159215j,1.620197
-0.010164+0.035381j,-1.194410+0.282434j,-0.548939+1.153476j,1.645213
-0.009633+0.036061j,-1.188090+0.277025j,-0.544992+1.147658j,1.670226
-0.009079+0.036740j,-1.181655+0.271659j,-0.541151+1.141760j,1.695237
-0.008503+0.037418j,-1.175103+0.266335j,-0.537419+1.135782j,1.720245
-0.007903+0.038095j,-1.168430+0.261051j,-0.533796+1.129726j,1.745250
-0.007280+0.038770j,-1.161632+0.255807j,-0.530285+1.123593j,1.770253
-0.006631+0.039443j,-1.154707+0.250600j,-0.526888+1.117382j,1.795253
-0.005958+0.040113j,-1.147649+0.245431j,-0.523607+1.111095j,1.820250
-0.005258+0.040779j,-1.140455+0.240298j,-0.520445+1.104733j,1.845245
-0.004532+0.041442j,-1.133120+0.235199j,-0.517404+1.098297j,1.870236
-0.003862+0.042028j,-1.126460+0.230683j,-0.514797+1.092499j,1.892532
-0.003170+0.042610j,-1.119680+0.226193j,-0.512290+1.086643j,1.914826
-0.002455+0.043187j,-1.112778+0.221729j,-0.509885+1.080730j,1.937117
-0.001716+0.043758j,-1.105749+0.217289j,-0.507583+1.074763j,1.959407
-0.000954+0.044323j,-1.098590+0.212874j,-0.505387+1.068741j,1.981694
-0.000168+0.044881j,-1.091295+0.208482j,-0.503299+1.062665j,2.003979
0.000644+0.045432j,-1.083861+0.204113j,-0.501321+1.056537j,2.026262
0.001481+0.045974j,-1.076282+0.199766j,-0.499454+1.050359j,2.048542
0.002344+0.046506j,-1.068554+0.195442j,-0.497702+1.044130j,2.070821
0.003123+0.046964j,-1.061653+0.191669j,-0.496262+1.038630j,2.090367
0.003922+0.047414j,-1.054629+0.187912j,-0.494913+1.033094j,2.109913
0.004743+0.047854j,-1.047478+0.184171j,-0.493657+1.027523j,2.129456
0.005586+0.048284j,-1.040196+0.180445j,-0.492495+1.021917j,2.148998
0.006451+0.048704j,-1.032779+0.176735j,-0.491429+1.016279j,2.168538
0.007338+0.049111j,-1.025222+0.173040j,-0.490461+1.010608j,2.188077
0.008248+0.049506j,-1.017520+0.169361j,-0.489593+1.004906j,2.207615
0.009182+0.049887j,-1.009668+0.165696j,-0.488827+0.999174j,2.227150
0.010016+0.050207j,-1.002687+0.162510j,-0.488242+0.994148j,2.244219
0.010868+0.050516j,-0.995584+0.159336j,-0.487738+0.989101j,2.261287
0.011739+0.050811j,-0.988355+0.156173j,-0.487316+0.984035j,2.278354
0.012629+0.051093j,-0.980996+0.153022j,-0.486977+0.978950j,2.295420
0.013537+0.051361j,-0.973503+0.149884j,-0.486722+0.973847j,2.312485
0.014465+0.051613j,-0.965870+0.146758j,-0.486553+0.968728j,2.329549
0.015412+0.051849j,-0.958095+0.143646j,-0.486472+0.963594j,2.346612
0.016271+0.052044j,-0.951047+0.140886j,-0.486474+0.959010j,2.361815
0.017146+0.052224j,-0.943879+0.138138j,-0.486549+0.954417j,2.377017
0.018036+0.052389j,-0.936585+0.135403j,-0.486697+0.949814j,2.392219
0.018942+0.052538j,-0.929164+0.132680j,-0.486918+0.945203j,2.407421
0.019863+0.052669j,-0.921609+0.129970j,-0.487216+0.940585j,2.422621
0.020799+0.052783j,-0.913918+0.127276j,-0.487590+0.935961j,2.437822
0.021751+0.052877j,-0.906087+0.124597j,-0.488043+0.931332j,2.453022
0.022597+0.052943j,-0.899105+0.122264j,-0.488505+0.927273j,2.466352
0.023456+0.052994j,-0.892009+0.119945j,-0.489029+0.923212j,2.479682
0.024325+0.053027j,-0.884796+0.117641j,-0.489616+0.919150j,2.493011
0.025206+0.053042j,-0.877462+0.115354j,-0.490267+0.915088j,2.506341
0.026098+0.053039j,-0.870005+0.113086j,-0.490983+0.911027j,2.519670
0.027001+0.053017j,-0.862422+0.110837j,-0.491766+0.906969j,2.532999
0.027914+0.052975j,-0.854708+0.108611j,-0.492616+0.902914j,2.546328
0.028740+0.052919j,-0.847690+0.106638j,-0.493435+0.899287j,2.558269
0.029575+0.052846j,-0.840564+0.104685j,-0.494309+0.895666j,2.570209
0.030417+0.052755j,-0.833326+0.102756j,-0.495240+0.892050j,2.582150
0.031266+0.052645j,-0.825976+0.100852j,-0.496228+0.888441j,2.594091
0.032122+0.052515j,-0.818510+0.098974j,-0.497274+0.884839j,2.606031
0.032984+0.052366j,-0.810928+0.097126j,-0.498379+0.881247j,2.617972
0.033853+0.052195j,-0.803227+0.095311j,-0.499544+0.877665j,2.629913
0.034639+0.052023j,-0.796201+0.093709j,-0.500643+0.874454j,2.640654
0.035428+0.051833j,-0.789077+0.092138j,-0.501791+0.871254j,2.651395
0.036221+0.051625j,-0.781853+0.090600j,-0.502990+0.868065j,2.662137
0.037018+0.051398j,-0.774530+0.089098j,-0.504239+0.864889j,2.672878
0.037817+0.051151j,-0.767107+0.087635j,-0.505540+0.861726j,2.683620
0.038618+0.050884j,-0.759583+0.086214j,-0.506893+0.858577j,2.694363
0.039420+0.050596j,-0.751959+0.084839j,-0.508299+0.855445j,2.705105
0.040224+0.050287j,-0.744236+0.083512j,-0.509757+0.852329j,2.715849
0.041027+0.049956j,-0.736414+0.082237j,-0.511269+0.849232j,2.726592
0.041736+0.049646j,-0.729427+0.081158j,-0.512649+0.846515j,2.736083
0.042444+0.049318j,-0.722365+0.080126j,-0.514072+0.843814j,2.745575
0.043150+0.048972j,-0.715230+0.079142j,-0.515537+0.841130j,2.755066
0.043855+0.048608j,-0.708024+0.078210j,-0.517045+0.838465j,2.764559
0.044556+0.048226j,-0.700749+0.077332j,-0.518596+0.835820j,2.774051
0.045254+0.047825j,-0.693408+0.076512j,-0.520191+0.833195j,2.783545
0.045949+0.047405j,-0.686004+0.075751j,-0.521829+0.830592j,2.793039
0.046638+0.046966j,-0.678541+0.075053j,-0.523511+0.828013j,2.802533
0.047322+0.046507j,-0.671022+0.074419j,-0.525237+0.825457j,2.812029
0.047930+0.046080j,-0.664243+0.073908j,-0.526820+0.823190j,2.820539
0.048532+0.045637j,-0.657426+0.073453j,-0.528438+0.820944j,2.829049
0.049127+0.045178j,-0.650576+0.073054j,-0.530091+0.818720j,2.837560
0.049717+0.044703j,-0.643696+0.072713j,-0.531779+0.816520j,2.846072
0.050299+0.044213j,-0.636791+0.072431j,-0.533502+0.814344j,2.854585
0.050873+0.043707j,-0.629865+0.072208j,-0.535259+0.812193j,2.863098
0.051438+0.043185j,-0.622923+0.072044j,-0.537051+0.810067j,2.871612
0.051995+0.042647j,-0.615970+0.071940j,-0.538876+0.807969j,2.880126
0.052542+0.042094j,-0.609011+0.071896j,-0.540735+0.805899j,2.888642
0.053024+0.041584j,-0.602759+0.071906j,-0.542433+0.804064j,2.896295
0.053498+0.041062j,-0.596509+0.071964j,-0.544158+0.802253j,2.903949
0.053962+0.040528j,-0.590266+0.072067j,-0.545909+0.800466j,2.911603
0.054417+0.039982j,-0.584035+0.072216j,-0.547685+0.798705j,2.919258
0.054862+0.039424j,-0.577817+0.072409j,-0.549487+0.796970j,2.926914
0.055296+0.038855j,-0.571619+0.072644j,-0.551314+0.795261j,2.934571
0.055719+0.038275j,-0.565442+0.072919j,-0.553164+0.793580j,2.942228
0.056130+0.037683j,-0.559291+0.073234j,-0.555038+0.791926j,2.949886
0.056530+0.037081j,-0.553170+0.073586j,-0.556935+0.790301j,2.957545
0.056917+0.036469j,-0.547081+0.073973j,-0.558855+0.788705j,2.965205
0.057292+0.035847j,-0.541027+0.074394j,-0.560796+0.787138j,2.972866
0.057654+0.035216j,-0.535013+0.074844j,-0.562758+0.785602j,2.980528
0.058002+0.034576j,-0.529040+0.075323j,-0.564740+0.784096j,2.988191
0.058337+0.033926j,-0.523111+0.075828j,-0.566742+0.782621j,2.995855
0.058658+0.033269j,-0.517230+0.076357j,-0.568762+0.781177j,3.003519
0.058964+0.032604j,-0.511397+0.076907j,-0.570800+0.779765j,3.011185
0.059256+0.031932j,-0.505616+0.077475j,-0.572855+0.778386j,3.018852
0.059533+0.031253j,-0.499889+0.078060j,-0.574925+0.777038j,3.026519
0.059796+0.030568j,-0.494216+0.078659j,-0.577011+0.775724j,3.034188
0.060043+0.029877j,-0.488600+0.079270j,-0.579111+0.774442j,3.041858
0.060284+0.029150j,-0.482802+0.079917j,-0.581317+0.773140j,3.049862
0.060508+0.028419j,-0.477068+0.080573j,-0.583536+0.771874j,3.057868
0.060716+0.027683j,-0.471400+0.081234j,-0.585767+0.770645j,3.065875
0.060915+0.026908j,-0.465532+0.081930j,-0.588117+0.769396j,3.074268
0.061095+0.026129j,-0.459738+0.082628j,-0.590478+0.768187j,3.082662
0.061263+0.025316j,-0.453788+0.083354j,-0.592946+0.766971j,3.091400
0.061410+0.024501j,-0.447920+0.084077j,-0.595422+0.765798j,3.100139
0.061543+0.023644j,-0.441849+0.084830j,-0.598030+0.764613j,3.109314
0.061654+0.022786j,-0.435870+0.085575j,-0.600645+0.763476j,3.118491
0.061747+0.021877j,-0.429623+0.086356j,-0.603426+0.762320j,3.128235
0.061818+0.020935j,-0.423258+0.087150j,-0.606313+0.761176j,3.138335
0.061864+0.019958j,-0.416743+0.087961j,-0.609324+0.760044j,3.148864
0.061883+0.018936j,-0.410033+0.088791j,-0.612484+0.758920j,3.159918
0.061870+0.017859j,-0.403060+0.089645j,-0.615833+0.757797j,3.171643
0.061819+0.016708j,-0.395710+0.090533j,-0.619436+0.756667j,3.184284
0.061721+0.015444j,-0.387744+0.091479j,-0.623425+0.755506j,3.198327
0.061570+0.014129j,-0.379565+0.092428j,-0.627613+0.754386j,3.213137
0.061372+0.012835j,-0.371605+0.093327j,-0.631781+0.753369j,3.227953
0.061132+0.011563j,-0.363860+0.094175j,-0.635923+0.752451j,3.242773
0.060849+0.010315j,-0.356323+0.094973j,-0.640038+0.751627j,3.257598
0.060570+0.009245j,-0.349893+0.095629j,-0.643613+0.750982j,3.270567
0.060263+0.008195j,-0.343616+0.096248j,-0.647162+0.750403j,3.283538
0.059929+0.007166j,-0.337487+0.096829j,-0.650683+0.749889j,3.296512
0.059571+0.006160j,-0.331503+0.097374j,-0.654175+0.749436j,3.309488
0.059189+0.005177j,-0.325661+0.097883j,-0.657636+0.749043j,3.322466
0.058785+0.004217j,-0.319955+0.098359j,-0.661065+0.748706j,3.335445
0.058362+0.003280j,-0.314383+0.098801j,-0.664462+0.748423j,3.348426
0.057919+0.002366j,-0.308941+0.099211j,-0.667825+0.748192j,3.361409
0.057459+0.001477j,-0.303624+0.099590j,-0.671154+0.748010j,3.374392
0.056984+0.000611j,-0.298431+0.099940j,-0.674448+0.747875j,3.387377
0.056493-0.000230j,-0.293356+0.100261j,-0.677708+0.747784j,3.400363
0.055970-0.001080j,-0.288207+0.100566j,-0.681056+0.747735j,3.413856
0.055433-0.001904j,-0.283178+0.100843j,-0.684366+0.747730j,3.427349
0.054885-0.002703j,-0.278267+0.101092j,-0.687637+0.747765j,3.440843
0.054305-0.003505j,-0.273289+0.101325j,-0.690992+0.747844j,3.454853
0.053714-0.004282j,-0.268430+0.101530j,-0.694306+0.747962j,3.468864
0.053115-0.005032j,-0.263684+0.101711j,-0.697578+0.748118j,3.482875
0.052481-0.005788j,-0.258847+0.101874j,-0.700952+0.748319j,3.497510
0.051840-0.006517j,-0.254127+0.102013j,-0.704282+0.748556j,3.512145
0.051193-0.007219j,-0.249519+0.102128j,-0.707568+0.748828j,3.526781
0.050509-0.007927j,-0.244802+0.102225j,-0.710968+0.749149j,3.542140
0.049820-0.008607j,-0.240201+0.102298j,-0.714322+0.749503j,3.557498
0.049104-0.009282j,-0.235558+0.102351j,-0.717743+0.749903j,3.573392
0.048386-0.009928j,-0.231030+0.102382j,-0.721115+0.750334j,3.589287
0.047639-0.010568j,-0.226454+0.102391j,-0.724559+0.750813j,3.605761
0.046893-0.011179j,-0.221994+0.102379j,-0.727952+0.751321j,3.622235
0.046118-0.011784j,-0.217483+0.102346j,-0.731420+0.751878j,3.639330
0.045345-0.012360j,-0.213087+0.102292j,-0.734836+0.752464j,3.656424
0.044545-0.012927j,-0.208639+0.102215j,-0.738328+0.753099j,3.674180
0.043747-0.013466j,-0.204304+0.102118j,-0.741767+0.753761j,3.691936
0.042923-0.013995j,-0.199916+0.101998j,-0.745284+0.754476j,3.710394
0.042103-0.014495j,-0.195642+0.101859j,-0.748746+0.755214j,3.728851
0.041257-0.014986j,-0.191315+0.101696j,-0.752289+0.756007j,3.748049
0.040418-0.015447j,-0.187100+0.101514j,-0.755774+0.756823j,3.767247
0.039553-0.015896j,-0.182833+0.101307j,-0.759340+0.757694j,3.787223
0.038697-0.016317j,-0.178679+0.101082j,-0.762848+0.758587j,3.807199
0.037817-0.016725j,-0.174473+0.100831j,-0.766437+0.759536j,3.827989
0.036946-0.017104j,-0.170380+0.100563j,-0.769966+0.760506j,3.848778
0.036053-0.017470j,-0.166238+0.100268j,-0.773575+0.761535j,3.870414
0.035172-0.017807j,-0.162208+0.099956j,-0.777123+0.762582j,3.892049
0.034269-0.018129j,-0.158132+0.099616j,-0.780750+0.763689j,3.914560
0.033380-0.018423j,-0.154168+0.099261j,-0.784315+0.764812j,3.937070
0.032471-0.018701j,-0.150161+0.098876j,-0.787957+0.765997j,3.960479
0.031578-0.018952j,-0.146266+0.098476j,-0.791535+0.767198j,3.983886
0.030667-0.019186j,-0.142334+0.098046j,-0.795186+0.768460j,4.008210
0.029774-0.019393j,-0.138512+0.097602j,-0.798774+0.769737j,4.032532
0.028865-0.019583j,-0.134658+0.097128j,-0.802431+0.771076j,4.057782
0.027975-0.019747j,-0.130914+0.096639j,-0.806023+0.772428j,4.083030
0.027072-0.019893j,-0.127145+0.096120j,-0.809679+0.773843j,4.109209
0.026189-0.020014j,-0.123484+0.095588j,-0.813271+0.775269j,4.135385
0.025297-0.020116j,-0.119803+0.095025j,-0.816921+0.776758j,4.162489
0.024425-0.020196j,-0.116230+0.094450j,-0.820506+0.778258j,4.189590
0.023575-0.020254j,-0.112759+0.093863j,-0.824027+0.779768j,4.216688
0.022705-0.020294j,-0.109220+0.093236j,-0.827657+0.781364j,4.245153
0.021857-0.020314j,-0.105785+0.092598j,-0.831222+0.782971j,4.273616
0.021031-0.020315j,-0.102450+0.091950j,-0.834723+0.784587j,4.302075
0.020191-0.020296j,-0.099064+0.091262j,-0.838318+0.786287j,4.331855
0.019375-0.020260j,-0.095779+0.090564j,-0.841848+0.787997j,4.361630
0.018581-0.020206j,-0.092591+0.089857j,-0.845315+0.789716j,4.391403
0.017779-0.020134j,-0.089366+0.089111j,-0.848862+0.791517j,4.422445
0.017000-0.020046j,-0.086239+0.088356j,-0.852345+0.793328j,4.453483
0.016245-0.019944j,-0.083204+0.087594j,-0.855765+0.795148j,4.484518
0.015485-0.019824j,-0.080146+0.086794j,-0.859253+0.797048j,4.516768
0.014749-0.019690j,-0.077181+0.085987j,-0.862676+0.798957j,4.549014
0.014037-0.019544j,-0.074305+0.085172j,-0.866038+0.800876j,4.581257
0.013323-0.019382j,-0.071417+0.084323j,-0.869456+0.802874j,4.614664
0.012634-0.019208j,-0.068617+0.083467j,-0.872810+0.804882j,4.648067
0.011968-0.019025j,-0.065903+0.082605j,-0.876103+0.806900j,4.681467
0.011325-0.018832j,-0.063270+0.081739j,-0.879337+0.808929j,4.714863
0.010677-0.018623j,-0.060607+0.080829j,-0.882649+0.811058j,4.749743
0.010052-0.018405j,-0.058026+0.079915j,-0.885899+0.813199j,4.784619
0.009450-0.018181j,-0.055526+0.078997j,-0.889088+0.815352j,4.819491
0.008870-0.017950j,-0.053102+0.078076j,-0.892217+0.817517j,4.854359
0.008290-0.017704j,-0.050661+0.077115j,-0.895409+0.819783j,4.890643
0.007731-0.017453j,-0.048297+0.076151j,-0.898539+0.822062j,4.926923
0.007194-0.017197j,-0.046008+0.075185j,-0.901608+0.824355j,4.963199
0.006678-0.016938j,-0.043792+0.074218j,-0.904616+0.826662j,4.999471
0.006554-0.016873j,-0.043254+0.073978j,-0.905351+0.827235j,5.008347
0.006554-0.016873j,-0.043254+0.073978j,-0.905351+0.827235j,5.008347
0.006554-0.016873j,-0.043254+0.073978j,-0.905351+0.827235j,5.008347
0.006554-0.016873j,-0.043254+0.073978j,-0.905351+0.827235j,5.008347
0.006554-0.016873j,-0.043254+0.073978j,-0.905351+0.827235j,5.008347
0.006554-0.016873j,-0.043254+0.073978j,-0.905351+0.827236j,5.008348
0.006554-0.016873j,-0.043254+0.073978j,-0.905352+0.827236j,5.008352
0.006554-0.016873j,-0.043253+0.073977j,-0.905353+0.827237j,5.008370
0.006552-0.016872j,-0.043248+0.073975j,-0.905360+0.827242j,5.008453
0.006547-0.016870j,-0.043225+0.073965j,-0.905391+0.827267j,5.008827
0.006524-0.016857j,-0.043124+0.073919j,-0.905530+0.827376j,5.010510
0.006418-0.016802j,-0.042668+0.073714j,-0.906156+0.827867j,5.018100
0.005955-0.016550j,-0.040656+0.072791j,-0.908936+0.830086j,5.052618
0.005464-0.016269j,-0.038505+0.071771j,-0.911945+0.832551j,5.090777
0.004994-0.015987j,-0.036424+0.070752j,-0.914889+0.835034j,5.128932
0.004543-0.015702j,-0.034413+0.069732j,-0.917770+0.837535j,5.167083
0.004112-0.015417j,-0.032467+0.068713j,-0.920587+0.840053j,5.205230
0.003699-0.015131j,-0.030586+0.067695j,-0.923342+0.842589j,5.243373
0.003288-0.014833j,-0.028696+0.066639j,-0.926141+0.845246j,5.283055
0.002895-0.014536j,-0.026871+0.065585j,-0.928872+0.847923j,5.322734
0.002521-0.014238j,-0.025108+0.064533j,-0.931536+0.850621j,5.362408
0.002163-0.013942j,-0.023407+0.063484j,-0.934132+0.853339j,5.402078
0.001822-0.013647j,-0.021764+0.062439j,-0.936661+0.856078j,5.441743
0.001497-0.013354j,-0.020178+0.061397j,-0.939122+0.858838j,5.481405
0.001187-0.013062j,-0.018647+0.060360j,-0.941514+0.861619j,5.521063
0.000881-0.012762j,-0.017117+0.059290j,-0.943921+0.864523j,5.562185
0.000590-0.012465j,-0.015642+0.058225j,-0.946254+0.867450j,5.603303
0.000314-0.012170j,-0.014221+0.057165j,-0.948511+0.870398j,5.644417
0.000052-0.011878j,-0.012853+0.056111j,-0.950693+0.873368j,5.685527
-0.000197-0.011589j,-0.011534+0.055064j,-0.952797+0.876360j,5.726632
-0.000433-0.011303j,-0.010265+0.054023j,-0.954823+0.879372j,5.767734
-0.000657-0.011020j,-0.009043+0.052989j,-0.956770+0.882404j,5.808831
-0.000869-0.010741j,-0.007867+0.051962j,-0.958637+0.885455j,5.849924
-0.001076-0.010456j,-0.006694+0.050904j,-0.960489+0.888641j,5.892593
-0.001272-0.010174j,-0.005567+0.049854j,-0.962251+0.891846j,5.935256
-0.001457-0.009896j,-0.004485+0.048813j,-0.963923+0.895067j,5.977916
-0.001631-0.009623j,-0.003447+0.047780j,-0.965504+0.898303j,6.020571
-0.001795-0.009353j,-0.002451+0.046757j,-0.966991+0.901553j,6.063222
-0.001948-0.009088j,-0.001495+0.045742j,-0.968383+0.904815j,6.105868
-0.002093-0.008827j,-0.000580+0.044737j,-0.969680+0.908086j,6.148510
-0.002232-0.008562j,0.000326+0.043707j,-0.970919+0.911476j,6.192638
-0.002363-0.008301j,0.001193+0.042688j,-0.972052+0.914871j,6.236760
-0.002484-0.008045j,0.002021+0.041679j,-0.973079+0.918267j,6.280879
-0.002597-0.007794j,0.002812+0.040681j,-0.973998+0.921661j,6.324992
-0.002702-0.007548j,0.003566+0.039694j,-0.974809+0.925049j,6.369101
-0.002799-0.007306j,0.004286+0.038718j,-0.975510+0.928427j,6.413205
-0.002892-0.007059j,0.004997+0.037716j,-0.976123+0.931923j,6.459062
-0.002977-0.006817j,0.005674+0.036725j,-0.976617+0.935400j,6.504913
-0.003055-0.006581j,0.006316+0.035747j,-0.976992+0.938853j,6.550760
-0.003127-0.006349j,0.006924+0.034781j,-0.977250+0.942276j,6.596601
-0.003193-0.006114j,0.007522+0.033792j,-0.977393+0.945791j,6.644181
-0.003253-0.005884j,0.008086+0.032816j,-0.977412+0.949263j,6.691755
-0.003307-0.005659j,0.008618+0.031854j,-0.977308+0.952687j,6.739324
-0.003356-0.005431j,0.009136+0.030871j,-0.977073+0.956180j,6.788680
-0.003398-0.005209j,0.009622+0.029902j,-0.976712+0.959608j,6.838031
-0.003435-0.004992j,0.010077+0.028947j,-0.976230+0.962965j,6.887375
-0.003467-0.004771j,0.010519+0.027966j,-0.975599+0.966393j,6.938990
-0.003493-0.004555j,0.010930+0.027000j,-0.974845+0.969731j,6.990598
-0.003513-0.004345j,0.011310+0.026050j,-0.973975+0.972973j,7.042199
-0.003529-0.004131j,0.011676+0.025072j,-0.972945+0.976262j,7.096300
-0.003539-0.003923j,0.012011+0.024112j,-0.971801+0.979434j,7.150394
-0.003544-0.003720j,0.012315+0.023170j,-0.970554+0.982487j,7.204481
-0.003544-0.003524j,0.012590+0.022245j,-0.969211+0.985415j,7.258562
-0.003539-0.003326j,0.012845+0.021306j,-0.967728+0.988315j,7.314609
-0.003530-0.003135j,0.013071+0.020385j,-0.966162+0.991076j,7.370649
-0.003515-0.002949j,0.013269+0.019484j,-0.964523+0.993697j,7.426682
-0.003497-0.002769j,0.013439+0.018602j,-0.962821+0.996179j,7.482710
-0.003475-0.002595j,0.013584+0.017738j,-0.961065+0.998521j,7.538731
-0.003448-0.002426j,0.013705+0.016894j,-0.959264+1.000724j,7.594747
-0.003419-0.002263j,0.013801+0.016068j,-0.957427+1.002791j,7.650757
-0.003386-0.002105j,0.013874+0.015262j,-0.955563+1.004723j,7.706763
-0.003350-0.001953j,0.013925+0.014474j,-0.953678+1.006524j,7.762763
-0.003311-0.001805j,0.013955+0.013706j,-0.951781+1.008197j,7.818759
-0.003269-0.001663j,0.013964+0.012956j,-0.949878+1.009746j,7.874751
-0.003225-0.001526j,0.013954+0.012225j,-0.947976+1.011175j,7.930739
-0.003179-0.001394j,0.013926+0.011512j,-0.946079+1.012488j,7.986723
-0.003130-0.001266j,0.013880+0.010819j,-0.944192+1.013689j,8.042703
-0.003080-0.001144j,0.013817+0.010144j,-0.942322+1.014784j,8.098681
-0.003027-0.001026j,0.013737+0.009488j,-0.940471+1.015776j,8.154655
-0.002973-0.000913j,0.013643+0.008851j,-0.938644+1.016670j,8.210626
-0.002917-0.000804j,0.013533+0.008232j,-0.936843+1.017471j,8.266595
-0.002860-0.000700j,0.013410+0.007631j,-0.935072+1.018184j,8.322561
-0.002800-0.000596j,0.013268+0.007026j,-0.933265+1.018835j,8.380758
-0.002738-0.000497j,0.013113+0.006442j,-0.931494+1.019401j,8.438952
-0.002675-0.000402j,0.012945+0.005876j,-0.929763+1.019885j,8.497144
-0.002611-0.000311j,0.012766+0.005330j,-0.928073+1.020293j,8.555335
-0.002547-0.000225j,0.012576+0.004804j,-0.926424+1.020629j,8.613523
-0.002482-0.000143j,0.012375+0.004297j,-0.924819+1.020898j,8.671710
-0.002414-0.000063j,0.012157+0.003790j,-0.923198+1.021109j,8.732166
-0.002345+0.000013j,0.011929+0.003304j,-0.921626+1.021257j,8.792620
-0.002276+0.000086j,0.011693+0.002837j,-0.920103+1.021345j,8.853074
-0.002207+0.000153j,0.011449+0.002391j,-0.918629+1.021378j,8.913526
-0.002138+0.000217j,0.011198+0.001964j,-0.917203+1.021359j,8.973977
-0.002066+0.000279j,0.010932+0.001543j,-0.915781+1.021290j,9.036526
-0.001995+0.000337j,0.010659+0.001142j,-0.914411+1.021174j,9.099074
-0.001924+0.000392j,0.010382+0.000761j,-0.913093+1.021014j,9.161622
-0.001853+0.000442j,0.010100+0.000400j,-0.911826+1.020815j,9.224169
-0.001783+0.000488j,0.009815+0.000058j,-0.910610+1.020579j,9.286715
-0.001711+0.000533j,0.009517-0.000276j,-0.909405+1.020300j,9.351445
-0.001640+0.000573j,0.009216-0.000590j,-0.908253+1.019989j,9.416174
-0.001570+0.000610j,0.008913-0.000885j,-0.907152+1.019650j,9.480903
-0.001500+0.000644j,0.008610-0.001161j,-0.906102+1.019284j,9.545632
-0.001432+0.000674j,0.008306-0.001418j,-0.905102+1.018894j,9.610361
-0.001362+0.000702j,0.007992-0.001666j,-0.904119+1.018470j,9.677328
-0.001294+0.000727j,0.007679-0.001894j,-0.903186+1.018026j,9.744295
-0.001227+0.000749j,0.007368-0.002105j,-0.902303+1.017566j,9.811263
-0.001161+0.000767j,0.007058-0.002298j,-0.901468+1.017091j,9.878230
-0.001097+0.000783j,0.006752-0.002475j,-0.900679+1.016604j,9.945199
-0.001034+0.000796j,0.006448-0.002634j,-0.899936+1.016106j,10.012167
-0.000971+0.000807j,0.006140-0.002783j,-0.899217+1.015586j,10.081076
-0.000971+0.000807j,0.006140-0.002783j,-0.899217+1.015586j,10.081076
-0.000971+0.000807j,0.006140-0.002783j,-0.899217+1.015586j,10.081076
-0.000971+0.000807j,0.006140-0.002783j,-0.899217+1.015586j,10.081076
-0.000971+0.000807j,0.006140-0.002783j,-0.899217+1.015586j,10.081077
-0.000971+0.000807j,0.006140-0.002783j,-0.899217+1.015586j,10.081077
-0.000971+0.000807j,0.006140-0.002783j,-0.899217+1.015586j,10.081082
-0.000971+0.000807j,0.006140-0.002783j,-0.899216+1.015586j,10.081100
-0.000971+0.000807j,0.006140-0.002783j,-0.899216+1.015585j,10.081183
-0.000971+0.000807j,0.006138-0.002784j,-0.899212+1.015582j,10.081557
-0.000969+0.000807j,0.006131-0.002787j,-0.899194+1.015569j,10.083239
-0.000963+0.000808j,0.006097-0.002803j,-0.899117+1.015511j,10.090819
-0.000932+0.000813j,0.005944-0.002870j,-0.898776+1.015247j,10.125148
-0.000870+0.000819j,0.005635-0.002995j,-0.898113+1.014702j,10.196006
-0.000810+0.000824j,0.005332-0.003105j,-0.897494+1.014153j,10.266865
-0.000752+0.000826j,0.005034-0.003199j,-0.896919+1.013601j,10.337724
-0.000695+0.000825j,0.004743-0.003279j,-0.896385+1.013050j,10.408585
-0.000641+0.000823j,0.004458-0.003346j,-0.895890+1.012499j,10.479447
-0.000588+0.000818j,0.004181-0.003399j,-0.895434+1.011950j,10.550310
-0.000536+0.000812j,0.003901-0.003442j,-0.895000+1.011386j,10.623797
-0.000486+0.000804j,0.003629-0.003472j,-0.894604+1.010826j,10.697285
-0.000438+0.000794j,0.003365-0.003490j,-0.894244+1.010273j,10.770775
-0.000391+0.000783j,0.003110-0.003497j,-0.893918+1.009727j,10.844266
-0.000347+0.000770j,0.002863-0.003494j,-0.893625+1.009189j,10.917759
-0.000304+0.000755j,0.002617-0.003481j,-0.893354+1.008643j,10.993878
-0.000262+0.000740j,0.002380-0.003458j,-0.893115+1.008106j,11.069998
-0.000223+0.000723j,0.002153-0.003427j,-0.892906+1.007582j,11.146120
-0.000186+0.000705j,0.001936-0.003387j,-0.892726+1.007069j,11.222243
-0.000151+0.000687j,0.001728-0.003340j,-0.892572+1.006569j,11.298368
-0.000117+0.000667j,0.001522-0.003284j,-0.892439+1.006065j,11.377302
-0.000085+0.000646j,0.001327-0.003222j,-0.892332+1.005576j,11.456237
-0.000055+0.000625j,0.001141-0.003153j,-0.892249+1.005102j,11.535173
-0.000027+0.000603j,0.000966-0.003080j,-0.892188+1.004643j,11.614112
-0.000001+0.000581j,0.000801-0.003002j,-0.892148+1.004200j,11.693052
0.000024+0.000558j,0.000639-0.002917j,-0.892127+1.003757j,11.775015
0.000047+0.000535j,0.000487-0.002828j,-0.892125+1.003331j,11.856979
0.000068+0.000511j,0.000346-0.002736j,-0.892141+1.002923j,11.938946
0.000088+0.000488j,0.000214-0.002641j,-0.892173+1.002531j,12.020914
0.000105+0.000465j,0.000091-0.002545j,-0.892221+1.002157j,12.102883
0.000121+0.000441j,-0.000026-0.002443j,-0.892284+1.001787j,12.188124
0.000136+0.000417j,-0.000135-0.002340j,-0.892361+1.001434j,12.273367
0.000149+0.000394j,-0.000234-0.002236j,-0.892450+1.001100j,12.358611
0.000160+0.000371j,-0.000324-0.002133j,-0.892550+1.000784j,12.443857
0.000170+0.000348j,-0.000406-0.002029j,-0.892660+1.000485j,12.529105
0.000179+0.000325j,-0.000483-0.001922j,-0.892782+1.000193j,12.617909
0.000186+0.000303j,-0.000551-0.001816j,-0.892913+0.999918j,12.706715
0.000192+0.000281j,-0.000611-0.001712j,-0.893051+0.999662j,12.795522
0.000197+0.000260j,-0.000664-0.001609j,-0.893194+0.999423j,12.884331
0.000201+0.000239j,-0.000711-0.001505j,-0.893346+0.999193j,12.976220
0.000203+0.000219j,-0.000752-0.001403j,-0.893503+0.998981j,13.068110
0.000204+0.000199j,-0.000785-0.001304j,-0.893662+0.998786j,13.160002
0.000205+0.000181j,-0.000812-0.001208j,-0.893824+0.998607j,13.251896
0.000204+0.000162j,-0.000834-0.001111j,-0.893993+0.998438j,13.347112
0.000203+0.000144j,-0.000850-0.001018j,-0.894161+0.998285j,13.442331
0.000200+0.000128j,-0.000861-0.000929j,-0.894330+0.998148j,13.537550
0.000197+0.000112j,-0.000866-0.000843j,-0.894497+0.998025j,13.632770
0.000193+0.000096j,-0.000867-0.000758j,-0.894669+0.997912j,13.731574
0.000189+0.000082j,-0.000864-0.000677j,-0.894838+0.997813j,13.830379
0.000184+0.000068j,-0.000857-0.000600j,-0.895004+0.997727j,13.929185
0.000179+0.000056j,-0.000846-0.000527j,-0.895167+0.997654j,14.027992
0.000173+0.000043j,-0.000832-0.000456j,-0.895331+0.997591j,14.130672
0.000166+0.000032j,-0.000814-0.000389j,-0.895490+0.997539j,14.233353
0.000160+0.000022j,-0.000794-0.000326j,-0.895645+0.997498j,14.336034
0.000153+0.000012j,-0.000771-0.000268j,-0.895793+0.997467j,14.438716
0.000146+0.000003j,-0.000745-0.000212j,-0.895942+0.997445j,14.545594
0.000138-0.000005j,-0.000718-0.000160j,-0.896084+0.997432j,14.652473
0.000131-0.000012j,-0.000689-0.000112j,-0.896219+0.997428j,14.759352
0.000123-0.000019j,-0.000660-0.000069j,-0.896348+0.997431j,14.866231
0.000115-0.000025j,-0.000628-0.000027j,-0.896474+0.997442j,14.977668
0.000108-0.000030j,-0.000595+0.000010j,-0.896593+0.997459j,15.089106
0.000101-0.000034j,-0.000565+0.000040j,-0.896694+0.997479j,15.188588
0.000101-0.000034j,-0.000565+0.000040j,-0.896694+0.997479j,15.188588
0.000101-0.000034j,-0.000565+0.000040j,-0.896694+0.997479j,15.188588
0.000101-0.000034j,-0.000565+0.000040j,-0.896694+0.997479j,15.188588
0.000101-0.000034j,-0.000565+0.000040j,-0.896694+0.997479j,15.188589
0.000101-0.000034j,-0.000565+0.000040j,-0.896694+0.997479j,15.188589
0.000101-0.000034j,-0.000565+0.000040j,-0.896694+0.997479j,15.188594
0.000101-0.000034j,-0.000565+0.000040j,-0.896694+0.997479j,15.188612
0.000101-0.000034j,-0.000565+0.000040j,-0.896694+0.997479j,15.188695
0.000101-0.000034j,-0.000565+0.000040j,-0.896694+0.997479j,15.189069
0.000101-0.000034j,-0.000565+0.000041j,-0.896696+0.997480j,15.190751
0.000100-0.000035j,-0.000563+0.000043j,-0.896704+0.997482j,15.198332
0.000098-0.000036j,-0.000552+0.000053j,-0.896737+0.997490j,15.232673
0.000090-0.000040j,-0.000517+0.000082j,-0.896844+0.997521j,15.349742
0.000083-0.000043j,-0.000483+0.000109j,-0.896944+0.997557j,15.466811
0.000075-0.000045j,-0.000449+0.000131j,-0.897035+0.997596j,15.583880
0.000068-0.000047j,-0.000416+0.000150j,-0.897119+0.997639j,15.700948
0.000062-0.000049j,-0.000383+0.000167j,-0.897196+0.997685j,15.818017
0.000055-0.000049j,-0.000350+0.000180j,-0.897268+0.997734j,15.940337
0.000049-0.000050j,-0.000318+0.000191j,-0.897333+0.997785j,16.062656
0.000043-0.000050j,-0.000287+0.000200j,-0.897391+0.997837j,16.184976
0.000037-0.000050j,-0.000257+0.000206j,-0.897444+0.997892j,16.311740
0.000031-0.000049j,-0.000228+0.000209j,-0.897491+0.997946j,16.438505
0.000026-0.000048j,-0.000200+0.000211j,-0.897531+0.998000j,16.565269
0.000021-0.000047j,-0.000173+0.000211j,-0.897566+0.998056j,16.696835
0.000017-0.000045j,-0.000148+0.000209j,-0.897595+0.998110j,16.828401
0.000013-0.000043j,-0.000125+0.000205j,-0.897619+0.998162j,16.959966
0.000009-0.000041j,-0.000103+0.000200j,-0.897639+0.998215j,17.096704
0.000006-0.000039j,-0.000082+0.000194j,-0.897653+0.998266j,17.233441
0.000003-0.000037j,-0.000063+0.000187j,-0.897663+0.998314j,17.370178
-0.000000-0.000035j,-0.000046+0.000178j,-0.897670+0.998361j,17.512501
-0.000003-0.000032j,-0.000030+0.000169j,-0.897672+0.998406j,17.654824
-0.000005-0.000030j,-0.000016+0.000160j,-0.897671+0.998448j,17.797147
-0.000007-0.000027j,-0.000003+0.000150j,-0.897667+0.998488j,17.945521
-0.000008-0.000025j,0.000008+0.000139j,-0.897661+0.998525j,18.093895
-0.000009-0.000022j,0.000018+0.000128j,-0.897652+0.998560j,18.242269
-0.000010-0.000020j,0.000026+0.000117j,-0.897640+0.998592j,18.397218
-0.000011-0.000018j,0.000033+0.000107j,-0.897627+0.998621j,18.552167
-0.000012-0.000016j,0.000039+0.000096j,-0.897613+0.998646j,18.707115
-0.000012-0.000013j,0.000044+0.000085j,-0.897597+0.998670j,18.869232
-0.000012-0.000011j,0.000047+0.000075j,-0.897581+0.998691j,19.031350
-0.000012-0.000010j,0.000049+0.000066j,-0.897564+0.998708j,19.193467
-0.000012-0.000008j,0.000051+0.000056j,-0.897546+0.998724j,19.363429
-0.000012-0.000006j,0.000051+0.000047j,-0.897529+0.998737j,19.533392
-0.000011-0.000005j,0.000051+0.000039j,-0.897512+0.998747j,19.703354
-0.000011-0.000003j,0.000050+0.000031j,-0.897494+0.998755j,19.881938
-0.000010-0.000002j,0.000049+0.000024j,-0.897477+0.998761j,20.060521
-0.000009-0.000001j,0.000047+0.000018j,-0.897462+0.998766j,20.239104
-0.000009-0.000000j,0.000045+0.000014j,-0.897451+0.998767j,20.364756
-0.000009-0.000000j,0.000045+0.000014j,-0.897451+0.998767j,20.364756
-0.000009-0.000000j,0.000045+0.000014j,-0.897451+0.998767j,20.364756
-0.000009-0.000000j,0.000045+0.000014j,-0.897451+0.998767j,20.364756
-0.000009-0.000000j,0.000045+0.000014j,-0.897451+0.998767j,20.364756
-0.000009-0.000000j,0.000045+0.000014j,-0.897451+0.998767j,20.364757
-0.000009-0.000000j,0.000045+0.000014j,-0.897451+0.998767j,20.364761
-0.000009-0.000000j,0.000045+0.000014j,-0.897451+0.998767j,20.364780
-0.000009-0.000000j,0.000045+0.000014j,-0.897451+0.998767j,20.364863
-0.000009-0.000000j,0.000045+0.000014j,-0.897451+0.998767j,20.365237
-0.000009-0.000000j,0.000045+0.000014j,-0.897451+0.998767j,20.366919
-0.000009-0.000000j,0.000045+0.000014j,-0.897450+0.998768j,20.374500
-0.000009-0.000000j,0.000044+0.000013j,-0.897447+0.998768j,20.408840
-0.000008+0.000001j,0.000042+0.000008j,-0.897435+0.998769j,20.568015
-0.000007+0.000001j,0.000039+0.000003j,-0.897421+0.998769j,20.763100
-0.000006+0.000002j,0.000035-0.000000j,-0.897409+0.998767j,20.958186
-0.000006+0.000002j,0.000032-0.000004j,-0.897398+0.998765j,21.153271
-0.000005+0.000003j,0.000029-0.000007j,-0.897387+0.998761j,21.358817
-0.000004+0.000003j,0.000025-0.000009j,-0.897378+0.998757j,21.564364
-0.000003+0.000003j,0.000022-0.000010j,-0.897370+0.998752j,21.778120
-0.000003+0.000003j,0.000018-0.000011j,-0.897363+0.998747j,21.991876
-0.000002+0.000003j,0.000015-0.000012j,-0.897358+0.998741j,22.214618
-0.000002+0.000003j,0.000012-0.000013j,-0.897353+0.998735j,22.437360
-0.000001+0.000003j,0.000010-0.000012j,-0.897350+0.998730j,22.669851
-0.000001+0.000003j,0.000007-0.000012j,-0.897347+0.998724j,22.902342
-0.000000+0.000002j,0.000005-0.000012j,-0.897345+0.998719j,23.145449
-0.000000+0.000002j,0.000003-0.000011j,-0.897345+0.998714j,23.388556
0.000000+0.000002j,0.000001-0.000010j,-0.897344+0.998710j,23.643265
0.000000+0.000002j,0.000000-0.000009j,-0.897345+0.998705j,23.897975
0.000001+0.000001j,-0.000001-0.000008j,-0.897345+0.998702j,24.165415
0.000001+0.000001j,-0.000002-0.000007j,-0.897347+0.998699j,24.432854
0.000001+0.000001j,-0.000002-0.000006j,-0.897348+0.998696j,24.714322
0.000001+0.000001j,-0.000003-0.000004j,-0.897350+0.998694j,24.995789
0.000001+0.000000j,-0.000003-0.000003j,-0.897352+0.998692j,25.292785
0.000001+0.000000j,-0.000003-0.000003j,-0.897353+0.998691j,25.589782
0.000001+0.000000j,-0.000003-0.000002j,-0.897354+0.998690j,25.650364
0.000001+0.000000j,-0.000003-0.000002j,-0.897354+0.998690j,25.650364
0.000001+0.000000j,-0.000003-0.000002j,-0.897354+0.998690j,25.650364
0.000001+0.000000j,-0.000003-0.000002j,-0.897354+0.998690j,25.650365
0.000001+0.000000j,-0.000003-0.000002j,-0.897354+0.998690j,25.650365
0.000001+0.000000j,-0.000003-0.000002j,-0.897354+0.998690j,25.650366
0.000001+0.000000j,-0.000003-0.000002j,-0.897354+0.998690j,25.650370
0.000001+0.000000j,-0.000003-0.000002j,-0.897354+0.998690j,25.650388
0.000001+0.000000j,-0.000003-0.000002j,-0.897354+0.998690j,25.650471
0.000001+0.000000j,-0.000003-0.000002j,-0.897354+0.998690j,25.650845
0.000001+0.000000j,-0.000003-0.000002j,-0.897354+0.998690j,25.652527
0.000001+0.000000j,-0.000003-0.000002j,-0.897354+0.998690j,25.660108
0.000001+0.000000j,-0.000003-0.000002j,-0.897354+0.998690j,25.694449
0.000001+0.000000j,-0.000003-0.000002j,-0.897355+0.998690j,25.853624
0.000001+0.000000j,-0.000003-0.000001j,-0.897357+0.998689j,26.184243
0.000000-0.000000j,-0.000003-0.000001j,-0.897358+0.998689j,26.514862
0.000000-0.000000j,-0.000002-0.000000j,-0.897360+0.998689j,26.857920
0.000000-0.000000j,-0.000002+0.000000j,-0.897361+0.998689j,27.200978
0.000000-0.000000j,-0.000002+0.000000j,-0.897362+0.998690j,27.567528
0.000000-0.000000j,-0.000001+0.000001j,-0.897362+0.998690j,27.934079
0.000000-0.000000j,-0.000001+0.000001j,-0.897363+0.998691j,28.326862
0.000000-0.000000j,-0.000001+0.000001j,-0.897363+0.998691j,28.719645
0.000000-0.000000j,-0.000000+0.000001j,-0.897364+0.998692j,29.142559
-0.000000-0.000000j,-0.000000+0.000001j,-0.897364+0.998692j,29.581493
-0.000000-0.000000j,-0.000000+0.000001j,-0.897364+0.998693j,30.038811
-0.000000-0.000000j,0.000000+0.000000j,-0.897364+0.998693j,30.515974
-0.000000-0.000000j,0.000000+0.000000j,-0.897364+0.998693j,31.014711
-0.000000-0.000000j,0.000000+0.000000j,-0.897364+0.998693j,31.109428
-0.000000-0.000000j,0.000000+0.000000j,-0.897364+0.998693j,31.109428
-0.000000-0.000000j,0.000000+0.000000j,-0.897364+0.998693j,31.109428
-0.000000-0.000000j,0.000000+0.000000j,-0.897364+0.998693j,31.109428
-0.000000-0.000000j,0.000000+0.000000j,-0.897364+0.998693j,31.109429
-0.000000-0.000000j,0.000000+0.000000j,-0.897364+0.998693j,31.109430
-0.000000-0.000000j,0.000000+0.000000j,-0.897364+0.998693j,31.109434
-0.000000-0.000000j,0.000000+0.000000j,-0.897364+0.998693j,31.109452
-0.000000-0.000000j,0.000000+0.000000j,-0.897364+0.998693j,31.109535
-0.000000-0.000000j,0.000000+0.000000j,-0.897364+0.998693j,31.109909
-0.000000-0.000000j,0.000000+0.000000j,-0.897364+0.998693j,31.111591
-0.000000-0.000000j,0.000000+0.000000j,-0.897364+0.998693j,31.119172
-0.000000-0.000000j,0.000000+0.000000j,-0.897363+0.998693j,31.153512
-0.000000-0.000000j,0.000000+0.000000j,-0.897363+0.998693j,31.312688
-0.000000-0.000000j,0.000000+0.000000j,-0.897363+0.998694j,31.883797
-0.000000-0.000000j,0.000000+0.000000j,-0.897363+0.998694j,32.454906
-0.000000+0.000000j,0.000000+0.000000j,-0.897363+0.998694j,33.051927
-0.000000+0.000000j,0.000000-0.000000j,-0.897363+0.998694j,33.682804
-0.000000+0.000000j,0.000000-0.000000j,-0.897363+0.998694j,34.350882
-0.000000+0.000000j,0.000000-0.000000j,-0.897363+0.998694j,35.060608
-0.000000+0.000000j,0.000000-0.000000j,-0.897363+0.998694j,35.817184
0.000000+0.000000j,-0.000000-0.000000j,-0.897363+0.998693j,36.626821
0.000000+0.000000j,-0.000000-0.000000j,-0.897363+0.998693j,36.839343
0.000000+0.000000j,-0.000000-0.000000j,-0.897363+0.998693j,36.839343
0.000000+0.000000j,-0.000000-0.000000j,-0.897363+0.998693j,36.839343
0.000000+0.000000j,-0.000000-0.000000j,-0.897363+0.998693j,36.839343
0.000000+0.000000j,-0.000000-0.000000j,-0.897363+0.998693j,36.839343
0.000000+0.000000j,-0.000000-0.000000j,-0.897363+0.998693j,36.839344
0.000000+0.000000j,-0.000000-0.000000j,-0.897363+0.998693j,36.839348
0.000000+0.000000j,-0.000000-0.000000j,-0.897363+0.998693j,36.839367
0.000000+0.000000j,-0.000000-0.000000j,-0.897363+0.998693j,36.839450
0.000000+0.000000j,-0.000000-0.000000j,-0.897363+0.998693j,36.839823
0.000000+0.000000j,-0.000000-0.000000j,-0.897363+0.998693j,36.841506
0.000000+0.000000j,-0.000000-0.000000j,-0.897363+0.998693j,36.849087
0.000000+0.000000j,-0.000000-0.000000j,-0.897363+0.998693j,36.883427
0.000000+0.000000j,-0.000000-0.000000j,-0.897363+0.998693j,37.042602
0.000000+0.000000j,-0.000000-0.000000j,-0.897363+0.998693j,37.860286
0.000000+0.000000j,-0.000000-0.000000j,-0.897363+0.998693j,38.848903
0.000000-0.000000j,-0.000000-0.000000j,-0.897363+0.998693j,39.911927
0.000000-0.000000j,-0.000000+0.000000j,-0.897363+0.998693j,41.079720
0.000000-0.000000j,-0.000000+0.000000j,-0.897363+0.998693j,42.370363
-0.000000-0.000000j,-0.000000+0.000000j,-0.897363+0.998693j,42.947174
-0.000000-0.000000j,-0.000000+0.000000j,-0.897363+0.998693j,42.947174
-0.000000-0.000000j,-0.000000+0.000000j,-0.897363+0.998693j,42.947174
-0.000000-0.000000j,-0.000000+0.000000j,-0.897363+0.998693j,42.947174
-0.000000-0.000000j,-0.000000+0.000000j,-0.897363+0.998693j,42.947174
-0.000000-0.000000j,-0.000000+0.000000j,-0.897363+0.998693j,42.947175
-0.000000-0.000000j,-0.000000+0.000000j,-0.897363+0.998693j,42.947179
-0.000000-0.000000j,-0.000000+0.000000j,-0.897363+0.998693j,42.947198
-0.000000-0.000000j,-0.000000+0.000000j,-0.897363+0.998693j,42.947281
-0.000000-0.000000j,-0.000000+0.000000j,-0.897363+0.998693j,42.947655
-0.000000-0.000000j,-0.000000+0.000000j,-0.897363+0.998693j,42.949337
-0.000000-0.000000j,-0.000000+0.000000j,-0.897363+0.998693j,42.956918
-0.000000-0.000000j,-0.000000+0.000000j,-0.897363+0.998693j,42.991258
-0.000000-0.000000j,-0.000000+0.000000j,-0.897363+0.998693j,43.150434
-0.000000-0.000000j,0.000000+0.000000j,-0.897363+0.998693j,43.968117
-0.000000-0.000000j,0.000000+0.000000j,-0.897363+0.998693j,45.815188
-0.000000+0.000000j,0.000000-0.000000j,-0.897363+0.998693j,47.662260
-0.000000+0.000000j,0.000000-0.000000j,-0.897363+0.998693j,49.731874
-0.000000+0.000000j,0.000000-0.000000j,-0.897363+0.998693j,49.731874
-0.000000+0.000000j,0.000000-0.000000j,-0.897363+0.998693j,49.731874
-0.000000+0.000000j,0.000000-0.000000j,-0.897363+0.998693j,49.731874
-0.000000+0.000000j,0.000000-0.000000j,-0.897363+0.998693j,49.731874
-0.000000+0.000000j,0.000000-0.000000j,-0.897363+0.998693j,49.731875
-0.000000+0.000000j,0.000000-0.000000j,-0.897363+0.998693j,49.731879
-0.000000+0.000000j,0.000000-0.000000j,-0.897363+0.998693j,49.731897
-0.000000+0.000000j,0.000000-0.000000j,-0.897363+0.998693j,49.731980
-0.000000+0.000000j,0.000000-0.000000j,-0.897363+0.998693j,49.732354
-0.000000+0.000000j,0.000000-0.000000j,-0.897363+0.998693j,49.734036
-0.000000+0.000000j,0.000000-0.000000j,-0.897363+0.998693j,49.741617
-0.000000+0.000000j,0.000000-0.000000j,-0.897363+0.998693j,49.775958
-0.000000+0.000000j,0.000000-0.000000j,-0.897363+0.998693j,49.935133
0.000000+0.000000j,0.000000-0.000000j,-0.897363+0.998693j,50.752817
0.000000+0.000000j,-0.000000-0.000000j,-0.897363+0.998693j,54.465173
0.000000-0.000000j,-0.000000+0.000000j,-0.897363+0.998693j,57.534213
0.000000-0.000000j,-0.000000+0.000000j,-0.897363+0.998693j,57.534213
0.000000-0.000000j,-0.000000+0.000000j,-0.897363+0.998693j,57.534213
0.000000-0.000000j,-0.000000+0.000000j,-0.897363+0.998693j,57.534213
0.000000-0.000000j,-0.000000+0.000000j,-0.897363+0.998693j,57.534213
0.000000-0.000000j,-0.000000+0.000000j,-0.897363+0.998693j,57.534214
0.000000-0.000000j,-0.000000+0.000000j,-0.897363+0.998693j,57.534218
0.000000-0.000000j,-0.000000+0.000000j,-0.897363+0.998693j,57.534237
0.000000-0.000000j,-0.000000+0.000000j,-0.897363+0.998693j,57.534320
0.000000-0.000000j,-0.000000+0.000000j,-0.897363+0.998693j,57.534694
0.000000-0.000000j,-0.000000+0.000000j,-0.897363+0.998693j,57.536376
0.000000-0.000000j,-0.000000+0.000000j,-0.897363+0.998693j,57.543957
0.000000-0.000000j,-0.000000+0.000000j,-0.897363+0.998693j,57.578297
0.000000-0.000000j,-0.000000+0.000000j,-0.897363+0.998693j,57.737473
0.000000-0.000000j,-0.000000+0.000000j,-0.897363+0.998693j,58.555156
-0.000000-0.000000j,0.000000+0.000000j,-0.897363+0.998693j,64.655128
-0.000000+0.000000j,0.000000-0.000000j,-0.897363+0.998693j,65.951591
-0.000000+0.000000j,0.000000-0.000000j,-0.897363+0.998693j,65.951591
-0.000000+0.000000j,0.000000-0.000000j,-0.897363+0.998693j,65.951591
-0.000000+0.000000j,0.000000-0.000000j,-0.897363+0.998693j,65.951591
-0.000000+0.000000j,0.000000-0.000000j,-0.897363+0.998693j,65.951591
-0.000000+0.000000j,0.000000-0.000000j,-0.897363+0.998693j,65.951592
-0.000000+0.000000j,0.000000-0.000000j,-0.897363+0.998693j,65.951596
-0.000000+0.000000j,0.000000-0.000000j,-0.897363+0.998693j,65.951615
-0.000000+0.000000j,0.000000-0.000000j,-0.897363+0.998693j,65.951698
-0.000000+0.000000j,0.000000-0.000000j,-0.897363+0.998693j,65.952071
-0.000000+0.000000j,0.000000-0.000000j,-0.897363+0.998693j,65.953754
-0.000000+0.000000j,0.000000-0.000000j,-0.897363+0.998693j,65.961335
-0.000000+0.000000j,0.000000-0.000000j,-0.897363+0.998693j,65.995675
-0.000000+0.000000j,0.000000-0.000000j,-0.897363+0.998693j,66.154850
-0.000000+0.000000j,0.000000-0.000000j,-0.897363+0.998693j,66.972534
0.000000+0.000000j,-0.000000-0.000000j,-0.897363+0.998693j,73.072506
0.000000+0.000000j,-0.000000-0.000000j,-0.897363+0.998693j,74.368969
0.000000+0.000000j,-0.000000-0.000000j,-0.897363+0.998693j,74.368969
0.000000+0.000000j,-0.000000-0.000000j,-0.897363+0.998693j,74.368969
0.000000+0.000000j,-0.000000-0.000000j,-0.897363+0.998693j,74.368969
0.000000+0.000000j,-0.000000-0.000000j,-0.897363+0.998693j,74.368969
0.000000+0.000000j,-0.000000-0.000000j,-0.897363+0.998693j,74.368970
0.000000+0.000000j,-0.000000-0.000000j,-0.897363+0.998693j,74.368974
0.000000+0.000000j,-0.000000-0.000000j,-0.897363+0.998693j,74.368992
0.000000+0.000000j,-0.000000-0.000000j,-0.897363+0.998693j,74.369075
0.000000+0.000000j,-0.000000-0.000000j,-0.897363+0.998693j,74.369449
0.000000+0.000000j,-0.000000-0.000000j,-0.897363+0.998693j,74.371131
0.000000+0.000000j,-0.000000-0.000000j,-0.897363+0.998693j,74.378712
0.000000+0.000000j,-0.000000-0.000000j,-0.897363+0.998693j,74.413053
0.000000+0.000000j,-0.000000-0.000000j,-0.897363+0.998693j,74.572228
0.000000-0.000000j,-0.000000-0.000000j,-0.897363+0.998693j,75.389912
-0.000000-0.000000j,-0.000000+0.000000j,-0.897363+0.998693j,81.489884
-0.000000-0.000000j,0.000000+0.000000j,-0.897363+0.998693j,82.786347
-0.000000-0.000000j,0.000000+0.000000j,-0.897363+0.998693j,82.786347
-0.000000-0.000000j,0.000000+0.000000j,-0.897363+0.998693j,82.786347
-0.000000-0.000000j,0.000000+0.000000j,-0.897363+0.998693j,82.786347
-0.000000-0.000000j,0.000000+0.000000j,-0.897363+0.998693j,82.786347
-0.000000-0.000000j,0.000000+0.000000j,-0.897363+0.998693j,82.786348
-0.000000-0.000000j,0.000000+0.000000j,-0.897363+0.998693j,82.786352
-0.000000-0.000000j,0.000000+0.000000j,-0.897363+0.998693j,82.786370
-0.000000-0.000000j,0.000000+0.000000j,-0.897363+0.998693j,82.786453
-0.000000-0.000000j,0.000000+0.000000j,-0.897363+0.998693j,82.786827
-0.000000-0.000000j,0.000000+0.000000j,-0.897363+0.998693j,82.788509
-0.000000-0.000000j,0.000000+0.000000j,-0.897363+0.998693j,82.796090
-0.000000-0.000000j,0.000000+0.000000j,-0.897363+0.998693j,82.830431
-0.000000-0.000000j,0.000000+0.000000j,-0.897363+0.998693j,82.989606
-0.000000-0.000000j,0.000000+0.000000j,-0.897363+0.998693j,83.807290
-0.000000+0.000000j,0.000000-0.000000j,-0.897363+0.998693j,89.907262
0.000000+0.000000j,0.000000-0.000000j,-0.897363+0.998693j,91.203724
