-0.998642+0.000226j,0.103575+2.932497j,0.103575+2.932497j,0.000000
-0.998642+0.000226j,0.103575+2.932498j,0.103576+2.932496j,0.000000
-0.998642+0.000226j,0.103575+2.932498j,0.103576+2.932497j,0.000000
-0.998642+0.000226j,0.103575+2.932497j,0.103575+2.932497j,0.000000
-0.998642+0.000226j,0.103563+2.932490j,0.103588+2.932505j,0.000000
-0.998642+0.000226j,0.103563+2.932490j,0.103588+2.932505j,0.000000
-0.998642+0.000226j,0.103563+2.932490j,0.103588+2.932505j,0.000000
-0.998642+0.000226j,0.103563+2.932490j,0.103588+2.932505j,0.000000
-0.998642+0.000226j,0.103563+2.932490j,0.103588+2.932505j,0.000000
-0.998642+0.000226j,0.103563+2.932490j,0.103588+2.932505j,0.000000
-0.998642+0.000226j,0.103563+2.932490j,0.103588+2.932505j,0.000000
-0.998642+0.000226j,0.103563+2.932490j,0.103588+2.932505j,0.000000
-0.998642+0.000226j,0.103563+2.932490j,0.103588+2.932505j,0.000000
-0.998642+0.000226j,0.103563+2.932490j,0.103588+2.932505j,0.000000
-0.998642+0.000226j,0.103563+2.932490j,0.103588+2.932505j,0.000000
-0.998642+0.000226j,0.103563+2.932490j,0.103588+2.932505j,0.000000
-0.998642+0.000226j,0.103563+2.932490j,0.103588+2.932505j,0.000000
-0.998642+0.000226j,0.103563+2.932490j,0.103588+2.932505j,0.000000
-0.998642+0.000226j,0.103563+2.932490j,0.103588+2.932505j,0.000000
-0.998642+0.000226j,0.103563+2.932490j,0.103588+2.932505j,0.000000
-0.998642+0.000226j,0.103563+2.932490j,0.103588+2.932505j,0.000000
-0.998642+0.000226j,0.103563+2.932490j,0.103588+2.932505j,0.000000
-0.998642+0.000226j,0.103563+2.932490j,0.103588+2.932505j,0.000000
-0.998642+0.000226j,0.103563+2.932490j,0.103588+2.932505j,0.000000
-0.998642+0.000226j,0.103563+2.932490j,0.103588+2.932505j,0.000000
-0.998642+0.000226j,0.103563+2.932490j,0.103588+2.932505j,0.000000
-0.998642+0.000226j,0.103563+2.932490j,0.103588+2.932505j,0.000000
-0.998642+0.000226j,0.103563+2.932490j,0.103588+2.932504j,0.000000
-0.998642+0.000226j,0.103563+2.932490j,0.103588+2.932504j,0.000000
-0.998642+0.000226j,0.103563+2.932490j,0.103588+2.932504j,0.000000
-0.998642+0.000226j,0.103563+2.932490j,0.103588+2.932504j,0.000000
-0.998642+0.000226j,0.103563+2.932490j,0.103588+2.932504j,0.000000
-0.998642+0.000226j,0.103563+2.932490j,0.103588+2.932504j,0.000000
-0.998642+0.000226j,0.103563+2.932490j,0.103588+2.932504j,0.000000
-0.998642+0.000226j,0.103563+2.932490j,0.103588+2.932504j,0.000000
-0.998642+0.000226j,0.103563+2.932490j,0.103588+2.932504j,0.000000
-0.998642+0.000226j,0.103563+2.932490j,0.103588+2.932504j,0.000000
-0.998642+0.000226j,0.103563+2.932490j,0.103588+2.932504j,0.000000
-0.998642+0.000226j,0.103563+2.932490j,0.103588+2.932504j,0.000000
-0.998642+0.000226j,0.103563+2.932490j,0.103588+2.932504j,0.000000
-0.998642+0.000226j,0.103563+2.932490j,0.103588+2.932504j,0.000000
-0.998642+0.000226j,0.103563+2.932490j,0.103588+2.932504j,0.000000
-0.998642+0.000226j,0.103563+2.932490j,0.103588+2.932504j,0.000000
-0.998642+0.000226j,0.103563+2.932490j,0.103588+2.932504j,0.000000
-0.998642+0.000226j,0.103563+2.932490j,0.103588+2.932504j,0.000000
-0.998642+0.000226j,0.103563+2.932490j,0.103588+2.932504j,0.000000
-0.998642+0.000226j,0.103563+2.932490j,0.103588+2.932504j,0.000000
-0.998642+0.000226j,0.103563+2.932490j,0.103588+2.932504j,0.000000
-0.998642+0.000226j,0.103563+2.932490j,0.103588+2.932504j,0.000000
-0.998642+0.000226j,0.103563+2.932490j,0.103588+2.932504j,0.000000
-0.998642+0.000226j,0.103563+2.932490j,0.103588+2.932504j,0.000000
-0.998642+0.000226j,0.103563+2.932490j,0.103588+2.932504j,0.000000
-0.998642+0.000226j,0.103574+2.932498j,0.103577+2.932496j,0.000000
-0.998642+0.000226j,0.103574+2.932497j,0.103577+2.932497j,0.000000
-0.998642+0.000226j,0.103574+2.932496j,0.103576+2.932498j,0.000000
-0.998642+0.000226j,0.103574+2.932497j,0.103577+2.932497j,0.000000
-0.998642+0.000226j,0.103573+2.932498j,0.103577+2.932497j,0.000000
-0.998642+0.000226j,0.103573+2.932497j,0.103578+2.932497j,0.000000
-0.998642+0.000226j,0.103572+2.932497j,0.103578+2.932497j,0.000000
-0.998642+0.000226j,0.103572+2.932497j,0.103578+2.932497j,0.000000
-0.998642+0.000226j,0.103572+2.932497j,0.103578+2.932497j,0.000000
-0.998642+0.000226j,0.103572+2.932497j,0.103579+2.932497j,0.000000
-0.998642+0.000226j,0.103572+2.932497j,0.103579+2.932497j,0.000000
-0.998642+0.000226j,0.103571+2.932497j,0.103579+2.932497j,0.000000
-0.998642+0.000226j,0.103571+2.932497j,0.103579+2.932497j,0.000000
-0.998642+0.000226j,0.103571+2.932497j,0.103579+2.932497j,0.000000
-0.998642+0.000226j,0.103571+2.932497j,0.103579+2.932497j,0.000000
-0.998642+0.000226j,0.103571+2.932497j,0.103579+2.932498j,0.000000
-0.998642+0.000226j,0.103571+2.932497j,0.103579+2.932498j,0.000000
-0.998642+0.000226j,0.103571+2.932497j,0.103580+2.932498j,0.000000
-0.998642+0.000226j,0.103571+2.932497j,0.103580+2.932498j,0.000000
-0.998642+0.000226j,0.103571+2.932497j,0.103580+2.932498j,0.000000
-0.998642+0.000226j,0.103571+2.932497j,0.103580+2.932498j,0.000000
-0.998642+0.000226j,0.103570+2.932497j,0.103580+2.932498j,0.000000
-0.998642+0.000226j,0.103570+2.932497j,0.103580+2.932498j,0.000000
-0.998642+0.000226j,0.103570+2.932497j,0.103580+2.932498j,0.000000
-0.998642+0.000226j,0.103570+2.932497j,0.103580+2.932498j,0.000000
-0.998642+0.000226j,0.103570+2.932497j,0.103580+2.932498j,0.000000
-0.998642+0.000226j,0.103570+2.932497j,0.103580+2.932498j,0.000000
-0.998642+0.000226j,0.103570+2.932497j,0.103580+2.932498j,0.000000
-0.998642+0.000226j,0.103570+2.932497j,0.103580+2.932498j,0.000000
-0.998642+0.000226j,0.103570+2.932497j,0.103581+2.932498j,0.000000
-0.998642+0.000226j,0.103570+2.932497j,0.103581+2.932498j,0.000000
-0.998642+0.000226j,0.103570+2.932497j,0.103581+2.932498j,0.000000
-0.998642+0.000226j,0.103570+2.932497j,0.103581+2.932498j,0.000000
-0.998642+0.000226j,0.103570+2.932497j,0.103581+2.932498j,0.000000
-0.998642+0.000226j,0.103570+2.932497j,0.103581+2.932498j,0.000000
-0.998642+0.000226j,0.103569+2.932497j,0.103581+2.932498j,0.000000
-0.998642+0.000226j,0.103569+2.932497j,0.103581+2.932498j,0.000000
-0.998642+0.000226j,0.103569+2.932497j,0.103581+2.932498j,0.000000
-0.998642+0.000226j,0.103569+2.932497j,0.103581+2.932498j,0.000000
-0.998642+0.000226j,0.103569+2.932497j,0.103581+2.932498j,0.000000
-0.998642+0.000226j,0.103569+2.932497j,0.103581+2.932498j,0.000000
-0.998642+0.000226j,0.103569+2.932497j,0.103581+2.932498j,0.000000
-0.998642+0.000226j,0.103569+2.932497j,0.103581+2.932498j,0.000000
-0.998642+0.000226j,0.103569+2.932497j,0.103581+2.932498j,0.000000
-0.998642+0.000226j,0.103569+2.932497j,0.103581+2.932498j,0.000000
-0.998642+0.000226j,0.103569+2.932497j,0.103581+2.932498j,0.000000
-0.998642+0.000226j,0.103569+2.932497j,0.103581+2.932498j,0.000000
-0.998642+0.000226j,0.103569+2.932497j,0.103581+2.932498j,0.000000
-0.998642+0.000226j,0.103569+2.932497j,0.103582+2.932498j,0.000000
-0.998642+0.000226j,0.103569+2.932497j,0.103582+2.932498j,0.000000
-0.998642+0.000226j,0.103568+2.932497j,0.103582+2.932498j,0.000000
-0.998642+0.000226j,0.103568+2.932497j,0.103582+2.932498j,0.000000
-0.998642+0.000226j,0.103568+2.932497j,0.103582+2.932498j,0.000000
-0.998642+0.000226j,0.103568+2.932497j,0.103582+2.932498j,0.000000
-0.998642+0.000226j,0.103568+2.932496j,0.103582+2.932498j,0.000000
-0.998642+0.000226j,0.103568+2.932496j,0.103582+2.932498j,0.000000
-0.998642+0.000226j,0.103568+2.932496j,0.103582+2.932498j,0.000000
-0.998642+0.000226j,0.103568+2.932496j,0.103582+2.932498j,0.000000
-0.998642+0.000226j,0.103568+2.932496j,0.103582+2.932498j,0.000000
-0.998642+0.000226j,0.103568+2.932496j,0.103583+2.932498j,0.000000
-0.998642+0.000226j,0.103568+2.932496j,0.103583+2.932498j,0.000000
-0.998642+0.000226j,0.103568+2.932496j,0.103583+2.932498j,0.000000
-0.998642+0.000226j,0.103568+2.932496j,0.103583+2.932498j,0.000000
-0.998642+0.000226j,0.103568+2.932496j,0.103583+2.932498j,0.000000
-0.998642+0.000226j,0.103568+2.932496j,0.103583+2.932498j,0.000000
-0.998642+0.000226j,0.103567+2.932496j,0.103583+2.932498j,0.000000
-0.998642+0.000226j,0.103567+2.932496j,0.103583+2.932498j,0.000000
-0.998642+0.000226j,0.103567+2.932496j,0.103583+2.932498j,0.000000
-0.998642+0.000226j,0.103567+2.932496j,0.103583+2.932498j,0.000000
-0.998642+0.000226j,0.103567+2.932496j,0.103583+2.932498j,0.000000
-0.998642+0.000226j,0.103567+2.932496j,0.103583+2.932498j,0.000000
-0.998642+0.000226j,0.103567+2.932496j,0.103583+2.932498j,0.000000
-0.998642+0.000226j,0.103567+2.932496j,0.103583+2.932498j,0.000000
-0.998642+0.000226j,0.103567+2.932496j,0.103583+2.932498j,0.000000
-0.998642+0.000226j,0.103567+2.932496j,0.103583+2.932498j,0.000000
-0.998642+0.000226j,0.103567+2.932496j,0.103583+2.932498j,0.000000
-0.998642+0.000226j,0.103567+2.932496j,0.103584+2.932498j,0.000000
-0.998642+0.000226j,0.103567+2.932496j,0.103584+2.932498j,0.000000
-0.998642+0.000226j,0.103567+2.932496j,0.103584+2.932498j,0.000000
-0.998642+0.000226j,0.103567+2.932496j,0.103584+2.932498j,0.000000
-0.998642+0.000226j,0.103567+2.932496j,0.103584+2.932498j,0.000000
-0.998642+0.000226j,0.103567+2.932496j,0.103584+2.932498j,0.000000
-0.998642+0.000226j,0.103567+2.932496j,0.103584+2.932498j,0.000000
-0.998642+0.000226j,0.103566+2.932496j,0.103584+2.932498j,0.000000
-0.998642+0.000226j,0.103566+2.932496j,0.103584+2.932498j,0.000000
-0.998642+0.000226j,0.103566+2.932496j,0.103584+2.932498j,0.000000
-0.998642+0.000226j,0.103566+2.932496j,0.103584+2.932498j,0.000000
-0.998642+0.000226j,0.103566+2.932496j,0.103584+2.932498j,0.000000
-0.998642+0.000226j,0.103566+2.932496j,0.103584+2.932498j,0.000000
-0.998642+0.000226j,0.103566+2.932496j,0.103584+2.932498j,0.000000
-0.998642+0.000226j,0.103566+2.932496j,0.103584+2.932498j,0.000000
-0.998642+0.000226j,0.103566+2.932496j,0.103584+2.932498j,0.000000
-0.998642+0.000226j,0.103566+2.932496j,0.103584+2.932498j,0.000000
-0.998642+0.000226j,0.103566+2.932496j,0.103584+2.932498j,0.000000
-0.998642+0.000226j,0.103566+2.932496j,0.103584+2.932498j,0.000000
-0.998642+0.000226j,0.103566+2.932496j,0.103584+2.932498j,0.000000
-0.998642+0.000226j,0.103566+2.932496j,0.103584+2.932498j,0.000000
-0.998642+0.000226j,0.103566+2.932496j,0.103584+2.932498j,0.000000
-0.998642+0.000226j,0.103566+2.932496j,0.103585+2.932498j,0.000000
-0.998642+0.000226j,0.103566+2.932496j,0.103585+2.932498j,0.000000
-0.998642+0.000226j,0.103566+2.932496j,0.103585+2.932498j,0.000000
-0.998642+0.000226j,0.103566+2.932496j,0.103585+2.932498j,0.000000
-0.998642+0.000226j,0.103566+2.932496j,0.103585+2.932498j,0.000000
-0.998642+0.000226j,0.103566+2.932496j,0.103585+2.932498j,0.000000
-0.998642+0.000226j,0.103566+2.932496j,0.103585+2.932498j,0.000000
-0.998642+0.000226j,0.103565+2.932496j,0.103585+2.932498j,0.000000
-0.998642+0.000226j,0.103565+2.932496j,0.103585+2.932498j,0.000000
-0.998642+0.000226j,0.103565+2.932496j,0.103585+2.932498j,0.000000
-0.998642+0.000226j,0.103565+2.932496j,0.103585+2.932498j,0.000000
-0.998642+0.000226j,0.103565+2.932496j,0.103585+2.932498j,0.000000
-0.998642+0.000226j,0.103565+2.932496j,0.103585+2.932498j,0.000000
-0.998642+0.000226j,0.103565+2.932496j,0.103585+2.932498j,0.000000
-0.998642+0.000226j,0.103565+2.932496j,0.103585+2.932498j,0.000000
-0.998642+0.000226j,0.103565+2.932496j,0.103585+2.932498j,0.000000
-0.998642+0.000226j,0.103565+2.932496j,0.103585+2.932498j,0.000000
-0.998642+0.000226j,0.103565+2.932496j,0.103585+2.932498j,0.000000
-0.998642+0.000226j,0.103565+2.932496j,0.103585+2.932498j,0.000000
-0.998642+0.000226j,0.103565+2.932496j,0.103585+2.932498j,0.000000
-0.998642+0.000226j,0.103565+2.932496j,0.103585+2.932498j,0.000000
-0.998642+0.000226j,0.103565+2.932496j,0.103585+2.932498j,0.000000
-0.998642+0.000226j,0.103565+2.932496j,0.103586+2.932498j,0.000000
-0.998642+0.000226j,0.103565+2.932496j,0.103586+2.932498j,0.000000
-0.998642+0.000226j,0.103565+2.932496j,0.103586+2.932498j,0.000000
-0.998642+0.000226j,0.103565+2.932496j,0.103586+2.932498j,0.000000
-0.998642+0.000226j,0.103565+2.932496j,0.103586+2.932498j,0.000000
-0.998642+0.000226j,0.103565+2.932496j,0.103586+2.932498j,0.000000
-0.998642+0.000226j,0.103565+2.932496j,0.103586+2.932498j,0.000000
-0.998642+0.000226j,0.103565+2.932496j,0.103586+2.932498j,0.000000
-0.998642+0.000226j,0.103564+2.932496j,0.103586+2.932498j,0.000000
-0.998642+0.000226j,0.103564+2.932496j,0.103586+2.932498j,0.000000
-0.998642+0.000226j,0.103564+2.932496j,0.103586+2.932498j,0.000000
-0.998642+0.000226j,0.103564+2.932496j,0.103586+2.932498j,0.000000
-0.998642+0.000226j,0.103564+2.932496j,0.103586+2.932498j,0.000000
-0.998642+0.000226j,0.103564+2.932496j,0.103586+2.932498j,0.000000
-0.998642+0.000226j,0.103564+2.932496j,0.103586+2.932498j,0.000000
-0.998642+0.000226j,0.103564+2.932496j,0.103586+2.932498j,0.000000
-0.998642+0.000226j,0.103564+2.932496j,0.103586+2.932498j,0.000000
-0.998642+0.000226j,0.103564+2.932496j,0.103586+2.932498j,0.000000
-0.998642+0.000226j,0.103564+2.932496j,0.103586+2.932498j,0.000000
-0.998642+0.000226j,0.103564+2.932496j,0.103586+2.932498j,0.000000
-0.998642+0.000226j,0.103564+2.932496j,0.103586+2.932498j,0.000000
-0.998642+0.000226j,0.103564+2.932496j,0.103586+2.932498j,0.000000
-0.998642+0.000226j,0.103564+2.932496j,0.103586+2.932498j,0.000000
-0.998642+0.000226j,0.103564+2.932496j,0.103586+2.932498j,0.000000
-0.998642+0.000226j,0.103564+2.932496j,0.103586+2.932498j,0.000000
-0.998642+0.000226j,0.103564+2.932496j,0.103586+2.932498j,0.000000
-0.998642+0.000226j,0.103564+2.932496j,0.103587+2.932498j,0.000000
-0.998642+0.000226j,0.103564+2.932496j,0.103587+2.932498j,0.000000
-0.998642+0.000226j,0.103564+2.932496j,0.103587+2.932498j,0.000000
-0.998642+0.000226j,0.103564+2.932496j,0.103587+2.932498j,0.000000
-0.998642+0.000226j,0.103564+2.932496j,0.103587+2.932498j,0.000000
-0.998642+0.000226j,0.103562+2.932496j,0.103589+2.932499j,0.000000
-0.998642+0.000226j,0.103559+2.932496j,0.103591+2.932499j,0.000000
-0.998642+0.000227j,0.103557+2.932495j,0.103594+2.932499j,0.000000
-0.998642+0.000227j,0.103553+2.932495j,0.103597+2.932499j,0.000000
-0.998642+0.000227j,0.103550+2.932495j,0.103600+2.932500j,0.000000
-0.998642+0.000227j,0.103546+2.932494j,0.103604+2.932500j,0.000000
-0.998641+0.000227j,0.103541+2.932494j,0.103609+2.932501j,0.000000
-0.998641+0.000227j,0.103536+2.932493j,0.103614+2.932501j,0.000000
-0.998641+0.000227j,0.103530+2.932493j,0.103620+2.932502j,0.000000
-0.998641+0.000227j,0.103523+2.932492j,0.103627+2.932502j,0.000000
-0.998640+0.000227j,0.103515+2.932491j,0.103634+2.932503j,0.000000
-0.998640+0.000227j,0.103506+2.932490j,0.103643+2.932504j,0.000000
-0.998639+0.000228j,0.103497+2.932489j,0.103652+2.932505j,0.000000
-0.998638+0.000228j,0.103486+2.932488j,0.103662+2.932506j,0.000000
-0.998637+0.000228j,0.103473+2.932487j,0.103674+2.932507j,0.000000
-0.998635+0.000229j,0.103460+2.932486j,0.103687+2.932508j,0.000000
-0.998634+0.000230j,0.103445+2.932484j,0.103701+2.932510j,0.000000
-0.998631+0.000231j,0.103428+2.932482j,0.103716+2.932511j,0.000000
-0.998629+0.000232j,0.103410+2.932481j,0.103733+2.932513j,0.000000
-0.998625+0.000233j,0.103390+2.932479j,0.103750+2.932514j,0.000000
-0.998621+0.000234j,0.103369+2.932476j,0.103769+2.932516j,0.000000
-0.998617+0.000236j,0.103346+2.932474j,0.103790+2.932518j,0.000000
-0.998611+0.000238j,0.103321+2.932471j,0.103811+2.932520j,0.000000
-0.998605+0.000241j,0.103294+2.932468j,0.103834+2.932523j,0.000000
-0.998597+0.000243j,0.103265+2.932465j,0.103859+2.932525j,0.000000
-0.998588+0.000247j,0.103234+2.932462j,0.103885+2.932527j,0.000000
-0.998578+0.000251j,0.103201+2.932458j,0.103912+2.932530j,0.000000
-0.998566+0.000255j,0.103165+2.932454j,0.103941+2.932533j,0.000000
-0.998552+0.000260j,0.103126+2.932450j,0.103971+2.932536j,0.000000
-0.998536+0.000266j,0.103085+2.932446j,0.104004+2.932539j,0.000000
-0.998518+0.000273j,0.103040+2.932441j,0.104038+2.932543j,0.000000
-0.998498+0.000281j,0.102993+2.932435j,0.104073+2.932546j,0.000000
-0.998475+0.000289j,0.102941+2.932429j,0.104111+2.932550j,0.000000
-0.998448+0.000299j,0.102887+2.932423j,0.104150+2.932555j,0.000000
-0.998419+0.000310j,0.102828+2.932416j,0.104192+2.932559j,0.000000
-0.998385+0.000323j,0.102764+2.932408j,0.104235+2.932564j,0.000000
-0.998348+0.000337j,0.102696+2.932399j,0.104281+2.932569j,0.000000
-0.998305+0.000352j,0.102623+2.932390j,0.104330+2.932574j,0.000000
-0.998258+0.000370j,0.102544+2.932380j,0.104381+2.932580j,0.000001
-0.998206+0.000389j,0.102459+2.932369j,0.104435+2.932587j,0.000001
-0.998147+0.000411j,0.102368+2.932358j,0.104492+2.932594j,0.000001
-0.998081+0.000434j,0.102269+2.932345j,0.104553+2.932601j,0.000001
-0.998008+0.000461j,0.102162+2.932330j,0.104617+2.932610j,0.000001
-0.997927+0.000490j,0.102046+2.932315j,0.104685+2.932619j,0.000001
-0.997836+0.000523j,0.101920+2.932298j,0.104758+2.932628j,0.000002
-0.997735+0.000559j,0.101783+2.932279j,0.104836+2.932639j,0.000002
-0.997623+0.000599j,0.101633+2.932258j,0.104920+2.932651j,0.000002
-0.997498+0.000643j,0.101469+2.932235j,0.105011+2.932664j,0.000003
-0.997358+0.000693j,0.101289+2.932210j,0.105110+2.932679j,0.000003
-0.997201+0.000748j,0.101090+2.932181j,0.105217+2.932695j,0.000004
-0.997023+0.000810j,0.100868+2.932150j,0.105335+2.932713j,0.000005
-0.996822+0.000880j,0.100619+2.932115j,0.105466+2.932734j,0.000006
-0.996591+0.000960j,0.100338+2.932074j,0.105613+2.932757j,0.000007
-0.996323+0.001052j,0.100014+2.932028j,0.105780+2.932784j,0.000009
-0.996013+0.001157j,0.099643+2.931975j,0.105970+2.932816j,0.000011
-0.995676+0.001272j,0.099242+2.931917j,0.106174+2.932849j,0.000014
-0.995327+0.001390j,0.098830+2.931858j,0.106382+2.932884j,0.000016
-0.994967+0.001511j,0.098407+2.931798j,0.106594+2.932920j,0.000020
-0.994594+0.001636j,0.097971+2.931735j,0.106813+2.932957j,0.000023
-0.994204+0.001766j,0.097516+2.931671j,0.107039+2.932996j,0.000027
-0.993797+0.001901j,0.097042+2.931603j,0.107275+2.933036j,0.000031
-0.993370+0.002042j,0.096547+2.931533j,0.107521+2.933078j,0.000036
-0.992922+0.002190j,0.096028+2.931459j,0.107778+2.933123j,0.000042
-0.992452+0.002345j,0.095484+2.931382j,0.108047+2.933169j,0.000048
-0.991958+0.002507j,0.094914+2.931301j,0.108329+2.933217j,0.000056
-0.991441+0.002677j,0.094317+2.931217j,0.108623+2.933268j,0.000063
-0.990898+0.002854j,0.093690+2.931129j,0.108932+2.933321j,0.000072
-0.990328+0.003040j,0.093033+2.931036j,0.109255+2.933377j,0.000082
-0.989731+0.003234j,0.092345+2.930940j,0.109593+2.933436j,0.000093
-0.989105+0.003438j,0.091624+2.930839j,0.109948+2.933497j,0.000106
-0.988449+0.003650j,0.090869+2.930733j,0.110319+2.933561j,0.000119
-0.987762+0.003873j,0.090078+2.930622j,0.110707+2.933628j,0.000135
-0.987043+0.004105j,0.089250+2.930506j,0.111113+2.933699j,0.000152
-0.986291+0.004347j,0.088383+2.930385j,0.111538+2.933772j,0.000170
-0.985505+0.004601j,0.087476+2.930259j,0.111982+2.933849j,0.000191
-0.984682+0.004865j,0.086528+2.930126j,0.112446+2.933930j,0.000214
-0.983823+0.005141j,0.085537+2.929988j,0.112932+2.934013j,0.000239
-0.982926+0.005428j,0.084502+2.929844j,0.113439+2.934101j,0.000267
-0.981989+0.005728j,0.083420+2.929694j,0.113968+2.934193j,0.000298
-0.981012+0.006040j,0.082291+2.929537j,0.114521+2.934288j,0.000332
-0.979992+0.006365j,0.081113+2.929373j,0.115097+2.934388j,0.000370
-0.978930+0.006703j,0.079883+2.929203j,0.115699+2.934492j,0.000411
-0.977822+0.007055j,0.078601+2.929025j,0.116326+2.934601j,0.000457
-0.976669+0.007421j,0.077264+2.928839j,0.116980+2.934714j,0.000506
-0.975468+0.007801j,0.075871+2.928646j,0.117661+2.934831j,0.000561
-0.974218+0.008196j,0.074420+2.928445j,0.118370+2.934954j,0.000621
-0.972918+0.008606j,0.072909+2.928236j,0.119109+2.935082j,0.000686
-0.971566+0.009032j,0.071336+2.928018j,0.119878+2.935214j,0.000758
-0.970162+0.009474j,0.069699+2.927792j,0.120678+2.935353j,0.000836
-0.968702+0.009932j,0.067996+2.927556j,0.121510+2.935496j,0.000921
-0.967186+0.010406j,0.066226+2.927311j,0.122376+2.935646j,0.001014
-0.965613+0.010898j,0.064385+2.927057j,0.123275+2.935801j,0.001116
-0.963980+0.011407j,0.062473+2.926792j,0.124210+2.935963j,0.001227
-0.962286+0.011934j,0.060487+2.926517j,0.125181+2.936130j,0.001347
-0.960531+0.012480j,0.058424+2.926232j,0.126189+2.936304j,0.001478
-0.958711+0.013044j,0.056283+2.925936j,0.127235+2.936485j,0.001621
-0.956825+0.013627j,0.054060+2.925629j,0.128321+2.936672j,0.001776
-0.954873+0.014229j,0.051755+2.925310j,0.129448+2.936867j,0.001944
-0.952851+0.014851j,0.049364+2.924980j,0.130616+2.937068j,0.002126
-0.950760+0.015492j,0.046885+2.924637j,0.131827+2.937277j,0.002324
-0.948596+0.016154j,0.044316+2.924282j,0.133083+2.937494j,0.002538
-0.946359+0.016837j,0.041654+2.923914j,0.134384+2.937718j,0.002770
-0.944046+0.017541j,0.038897+2.923533j,0.135731+2.937951j,0.003020
-0.941656+0.018266j,0.036042+2.923139j,0.137127+2.938192j,0.003291
-0.939188+0.019012j,0.033086+2.922730j,0.138571+2.938441j,0.003584
-0.936639+0.019781j,0.030027+2.922307j,0.140066+2.938699j,0.003900
-0.934009+0.020571j,0.026861+2.921869j,0.141613+2.938966j,0.004241
-0.931294+0.021384j,0.023587+2.921417j,0.143213+2.939242j,0.004609
-0.928495+0.022219j,0.020202+2.920948j,0.144868+2.939527j,0.005006
-0.925609+0.023077j,0.016702+2.920464j,0.146579+2.939822j,0.005433
-0.922634+0.023958j,0.013085+2.919964j,0.148347+2.940127j,0.005892
-0.919569+0.024863j,0.009347+2.919446j,0.150174+2.940442j,0.006387
-0.916412+0.025790j,0.005486+2.918912j,0.152061+2.940768j,0.006919
-0.913162+0.026741j,0.001499+2.918359j,0.154011+2.941104j,0.007490
-0.909816+0.027715j,-0.002618+2.917789j,0.156023+2.941451j,0.008104
-0.906374+0.028714j,-0.006868+2.917200j,0.158101+2.941809j,0.008764
-0.902834+0.029735j,-0.011253+2.916592j,0.160245+2.942179j,0.009471
-0.899195+0.030780j,-0.015777+2.915964j,0.162458+2.942560j,0.010229
-0.895454+0.031849j,-0.020444+2.915317j,0.164740+2.942954j,0.011042
-0.891610+0.032942j,-0.025257+2.914648j,0.167094+2.943359j,0.011913
-0.887662+0.034058j,-0.030219+2.913959j,0.169522+2.943778j,0.012846
-0.883609+0.035198j,-0.035333+2.913248j,0.172024+2.944209j,0.013844
-0.879448+0.036361j,-0.040604+2.912514j,0.174603+2.944654j,0.014912
-0.875179+0.037547j,-0.046035+2.911758j,0.177260+2.945112j,0.016054
-0.870800+0.038756j,-0.051629+2.910979j,0.179998+2.945584j,0.017275
-0.866310+0.039988j,-0.057391+2.910175j,0.182818+2.946070j,0.018579
-0.861707+0.041242j,-0.063324+2.909347j,0.185723+2.946570j,0.019971
-0.856991+0.042518j,-0.069431+2.908494j,0.188713+2.947086j,0.021458
-0.852159+0.043816j,-0.075718+2.907615j,0.191792+2.947616j,0.023043
-0.847212+0.045135j,-0.082187+2.906709j,0.194961+2.948162j,0.024735
-0.842147+0.046476j,-0.088843+2.905776j,0.198222+2.948724j,0.026538
-0.836964+0.047836j,-0.095691+2.904815j,0.201577+2.949302j,0.028459
-0.831661+0.049217j,-0.102733+2.903826j,0.205029+2.949897j,0.030506
-0.826238+0.050616j,-0.109976+2.902807j,0.208580+2.950509j,0.032685
-0.820694+0.052035j,-0.117423+2.901757j,0.212232+2.951138j,0.035005
-0.815027+0.053471j,-0.125078+2.900677j,0.215987+2.951785j,0.037473
-0.809237+0.054925j,-0.132947+2.899565j,0.219848+2.952450j,0.040099
-0.803322+0.056394j,-0.141034+2.898420j,0.223817+2.953133j,0.042891
-0.797283+0.057880j,-0.149344+2.897241j,0.227897+2.953836j,0.045859
-0.791118+0.059380j,-0.157881+2.896027j,0.232091+2.954558j,0.049013
-0.784826+0.060894j,-0.166653+2.894778j,0.236400+2.955300j,0.052363
-0.778408+0.062421j,-0.175662+2.893491j,0.240829+2.956063j,0.055921
-0.771861+0.063960j,-0.184916+2.892167j,0.245379+2.956846j,0.059700
-0.765186+0.065509j,-0.194419+2.890804j,0.250054+2.957651j,0.063710
-0.758382+0.067068j,-0.204177+2.889401j,0.254857+2.958477j,0.067966
-0.751449+0.068636j,-0.214197+2.887956j,0.259791+2.959327j,0.072482
-0.744385+0.070210j,-0.224485+2.886468j,0.264859+2.960199j,0.077272
-0.737190+0.071790j,-0.235048+2.884935j,0.270066+2.961095j,0.082352
-0.729864+0.073375j,-0.245891+2.883357j,0.275414+2.962015j,0.087739
-0.722407+0.074962j,-0.257023+2.881732j,0.280907+2.962960j,0.093450
-0.714817+0.076551j,-0.268451+2.880057j,0.286550+2.963930j,0.099505
-0.707094+0.078140j,-0.280182+2.878332j,0.292347+2.964927j,0.105922
-0.699238+0.079728j,-0.292224+2.876553j,0.298302+2.965951j,0.112724
-0.691248+0.081312j,-0.304587+2.874720j,0.304419+2.967003j,0.119933
-0.683123+0.082891j,-0.317280+2.872830j,0.310705+2.968084j,0.127573
-0.674863+0.084464j,-0.330312+2.870881j,0.317163+2.969194j,0.135669
-0.666467+0.086027j,-0.343693+2.868869j,0.323800+2.970334j,0.144250
-0.657934+0.087581j,-0.357434+2.866794j,0.330622+2.971507j,0.153344
-0.649264+0.089121j,-0.371548+2.864650j,0.337635+2.972711j,0.162984
-0.640455+0.090648j,-0.386045+2.862437j,0.344846+2.973950j,0.173203
-0.631506+0.092157j,-0.400940+2.860150j,0.352262+2.975224j,0.184037
-0.622416+0.093647j,-0.416246+2.857785j,0.359890+2.976533j,0.195528
-0.613184+0.095116j,-0.431979+2.855340j,0.367740+2.977881j,0.207716
-0.603809+0.096562j,-0.448155+2.852809j,0.375820+2.979268j,0.220648
-0.594289+0.097981j,-0.464791+2.850188j,0.384140+2.980695j,0.234373
-0.584623+0.099371j,-0.481905+2.847473j,0.392709+2.982166j,0.248946
-0.574809+0.100728j,-0.499516+2.844658j,0.401538+2.983680j,0.264425
-0.564847+0.102051j,-0.517644+2.841738j,0.410639+2.985241j,0.280870
-0.554736+0.103336j,-0.536309+2.838707j,0.420023+2.986850j,0.298349
-0.544478+0.104579j,-0.555531+2.835559j,0.429700+2.988509j,0.316932
-0.534074+0.105775j,-0.575327+2.832289j,0.439680+2.990220j,0.336691
-0.523571+0.106918j,-0.595629+2.828905j,0.449932+2.991976j,0.357611
-0.513031+0.107997j,-0.616339+2.825421j,0.460407+2.993771j,0.379637
-0.502455+0.109010j,-0.637466+2.821832j,0.471109+2.995604j,0.402823
-0.491851+0.109955j,-0.659017+2.818135j,0.482043+2.997477j,0.427224
-0.481222+0.110830j,-0.680998+2.814327j,0.493215+2.999390j,0.452896
-0.470573+0.111632j,-0.703419+2.810402j,0.504629+3.001344j,0.479902
-0.459909+0.112359j,-0.726287+2.806357j,0.516291+3.003341j,0.508306
-0.449319+0.113005j,-0.749427+2.802220j,0.528112+3.005365j,0.537928
-0.439226+0.113548j,-0.771901+2.798159j,0.539612+3.007333j,0.567519
-0.428949+0.114027j,-0.795219+2.793902j,0.551564+3.009379j,0.599132
-0.419146+0.114413j,-0.817891+2.789718j,0.563203+3.011372j,0.630716
-0.409166+0.114732j,-0.841424+2.785329j,0.575305+3.013443j,0.664434
-0.399641+0.114968j,-0.864329+2.781013j,0.587102+3.015463j,0.698123
-0.389942+0.115136j,-0.888117+2.776482j,0.599373+3.017564j,0.734075
-0.380680+0.115228j,-0.911291+2.772023j,0.611346+3.019614j,0.769996
-0.371252+0.115251j,-0.935368+2.767341j,0.623805+3.021748j,0.808314
-0.362246+0.115205j,-0.958843+2.762728j,0.635970+3.023832j,0.846601
-0.353080+0.115089j,-0.983240+2.757885j,0.648630+3.026002j,0.887422
-0.344324+0.114910j,-1.007044+2.753110j,0.661001+3.028123j,0.928212
-0.335415+0.114660j,-1.031789+2.748097j,0.673877+3.030331j,0.971680
-0.326904+0.114355j,-1.055950+2.743152j,0.686466+3.032491j,1.015115
-0.318248+0.113976j,-1.081069+2.737959j,0.699571+3.034741j,1.061380
-0.309979+0.113549j,-1.105611+2.732836j,0.712390+3.036943j,1.107612
-0.301622+0.113051j,-1.130986+2.727486j,0.725659+3.039223j,1.156544
-0.293637+0.112511j,-1.155796+2.722206j,0.738647+3.041457j,1.205442
-0.285599+0.111902j,-1.181358+2.716714j,0.752043+3.043763j,1.256974
-0.277916+0.111259j,-1.206371+2.711291j,0.765163+3.046023j,1.308473
-0.270187+0.110548j,-1.232144+2.705652j,0.778694+3.048356j,1.362711
-0.262798+0.109808j,-1.257380+2.700081j,0.791955+3.050645j,1.416914
-0.255368+0.109002j,-1.283386+2.694291j,0.805630+3.053007j,1.473968
-0.248265+0.108173j,-1.308866+2.688569j,0.819039+3.055326j,1.530987
-0.241126+0.107281j,-1.335125+2.682624j,0.832866+3.057721j,1.590970
-0.234301+0.106370j,-1.360869+2.676748j,0.846429+3.060072j,1.650919
-0.227445+0.105397j,-1.387402+2.670645j,0.860416+3.062500j,1.713951
-0.220890+0.104411j,-1.413430+2.664612j,0.874142+3.064887j,1.776949
-0.214310+0.103365j,-1.440256+2.658347j,0.888294+3.067351j,1.843155
-0.208020+0.102311j,-1.466587+2.652155j,0.902189+3.069774j,1.909326
-0.201709+0.101198j,-1.493727+2.645727j,0.916515+3.072276j,1.978838
