0.201779+0.083153j,-0.448681+0.499347j,-0.448681+0.499347j,0.000000
0.201779+0.083153j,-0.448681+0.499347j,-0.448681+0.499347j,0.000000
0.201779+0.083153j,-0.448681+0.499347j,-0.448681+0.499347j,0.000000
0.201779+0.083153j,-0.448681+0.499347j,-0.448681+0.499347j,0.000000
0.201779+0.083153j,-0.448681+0.499347j,-0.448681+0.499347j,0.000000
0.201779+0.083153j,-0.448681+0.499347j,-0.448681+0.499347j,0.000000
0.201779+0.083153j,-0.448681+0.499347j,-0.448681+0.499347j,0.000000
0.201779+0.083153j,-0.448681+0.499347j,-0.448681+0.499347j,0.000000
0.201779+0.083153j,-0.448681+0.499347j,-0.448681+0.499347j,0.000000
0.201779+0.083153j,-0.448681+0.499347j,-0.448681+0.499347j,0.000000
0.201779+0.083153j,-0.448681+0.499347j,-0.448681+0.499347j,0.000000
0.201779+0.083153j,-0.448681+0.499347j,-0.448681+0.499347j,0.000000
0.201779+0.083153j,-0.448681+0.499347j,-0.448681+0.499347j,0.000000
0.201779+0.083153j,-0.448681+0.499347j,-0.448681+0.499347j,0.000000
0.201779+0.083153j,-0.448681+0.499347j,-0.448681+0.499347j,0.000000
0.201779+0.083153j,-0.448681+0.499347j,-0.448681+0.499347j,0.000000
0.201779+0.083153j,-0.448681+0.499347j,-0.448681+0.499347j,0.000000
0.201779+0.083153j,-0.448681+0.499347j,-0.448681+0.499347j,0.000000
0.201779+0.083153j,-0.448681+0.499347j,-0.448681+0.499347j,0.000000
0.201779+0.083153j,-0.448681+0.499347j,-0.448681+0.499347j,0.000000
0.201779+0.083153j,-0.448681+0.499347j,-0.448681+0.499347j,0.000000
0.201779+0.083153j,-0.448681+0.499347j,-0.448681+0.499347j,0.000000
0.201779+0.083153j,-0.448681+0.499347j,-0.448681+0.499347j,0.000000
0.201779+0.083153j,-0.448681+0.499347j,-0.448681+0.499347j,0.000000
0.201779+0.083153j,-0.448681+0.499347j,-0.448681+0.499347j,0.000000
0.201779+0.083153j,-0.448681+0.499347j,-0.448681+0.499347j,0.000000
0.201779+0.083153j,-0.448681+0.499347j,-0.448681+0.499347j,0.000000
0.201779+0.083153j,-0.448681+0.499347j,-0.448681+0.499347j,0.000000
0.201779+0.083153j,-0.448681+0.499347j,-0.448681+0.499347j,0.000000
0.201779+0.083153j,-0.448681+0.499347j,-0.448681+0.499347j,0.000000
0.201779+0.083153j,-0.448681+0.499347j,-0.448681+0.499347j,0.000000
0.201779+0.083153j,-0.448681+0.499347j,-0.448681+0.499347j,0.000000
0.201779+0.083153j,-0.448681+0.499347j,-0.448681+0.499347j,0.000000
0.201779+0.083153j,-0.448681+0.499347j,-0.448681+0.499347j,0.000000
0.201779+0.083153j,-0.448681+0.499347j,-0.448681+0.499347j,0.000000
0.201779+0.083153j,-0.448681+0.499347j,-0.448681+0.499347j,0.000000
0.201779+0.083153j,-0.448681+0.499347j,-0.448681+0.499347j,0.000000
0.201779+0.083153j,-0.448682+0.499347j,-0.448681+0.499347j,0.000000
0.201779+0.083153j,-0.448682+0.499347j,-0.448681+0.499347j,0.000000
0.201779+0.083153j,-0.448682+0.499347j,-0.448681+0.499347j,0.000000
0.201779+0.083153j,-0.448682+0.499347j,-0.448681+0.499347j,0.000000
0.201779+0.083153j,-0.448682+0.499347j,-0.448681+0.499347j,0.000000
0.201779+0.083153j,-0.448682+0.499347j,-0.448681+0.499347j,0.000000
0.201779+0.083153j,-0.448682+0.499347j,-0.448681+0.499347j,0.000000
0.201779+0.083153j,-0.448682+0.499347j,-0.448681+0.499347j,0.000000
0.201779+0.083153j,-0.448682+0.499347j,-0.448681+0.499347j,0.000000
0.201779+0.083153j,-0.448682+0.499347j,-0.448681+0.499347j,0.000000
0.201779+0.083153j,-0.448682+0.499347j,-0.448681+0.499347j,0.000000
0.201779+0.083153j,-0.448682+0.499347j,-0.448681+0.499347j,0.000000
0.201779+0.083153j,-0.448682+0.499347j,-0.448681+0.499347j,0.000000
0.201779+0.083153j,-0.448682+0.499347j,-0.448681+0.499347j,0.000000
0.201779+0.083153j,-0.448682+0.499347j,-0.448681+0.499347j,0.000000
0.201779+0.083153j,-0.448682+0.499347j,-0.448681+0.499347j,0.000000
0.201779+0.083153j,-0.448682+0.499347j,-0.448681+0.499347j,0.000000
0.201779+0.083153j,-0.448682+0.499347j,-0.448681+0.499347j,0.000000
0.201779+0.083153j,-0.448682+0.499347j,-0.448681+0.499347j,0.000000
0.201779+0.083153j,-0.448682+0.499347j,-0.448681+0.499347j,0.000000
0.201779+0.083153j,-0.448682+0.499347j,-0.448681+0.499347j,0.000000
0.201779+0.083153j,-0.448682+0.499347j,-0.448681+0.499347j,0.000000
0.201779+0.083153j,-0.448682+0.499347j,-0.448681+0.499347j,0.000000
0.201779+0.083153j,-0.448682+0.499347j,-0.448681+0.499347j,0.000000
0.201779+0.083153j,-0.448682+0.499347j,-0.448681+0.499347j,0.000000
0.201779+0.083153j,-0.448682+0.499347j,-0.448681+0.499347j,0.000000
0.201779+0.083153j,-0.448682+0.499347j,-0.448681+0.499347j,0.000000
0.201779+0.083153j,-0.448682+0.499347j,-0.448681+0.499347j,0.000000
0.201779+0.083153j,-0.448682+0.499347j,-0.448681+0.499347j,0.000000
0.201779+0.083153j,-0.448682+0.499347j,-0.448681+0.499347j,0.000000
0.201779+0.083153j,-0.448682+0.499347j,-0.448681+0.499347j,0.000000
0.201779+0.083153j,-0.448682+0.499347j,-0.448681+0.499347j,0.000000
0.201779+0.083153j,-0.448682+0.499347j,-0.448681+0.499347j,0.000000
0.201779+0.083153j,-0.448682+0.499347j,-0.448681+0.499347j,0.000000
0.201779+0.083153j,-0.448682+0.499347j,-0.448681+0.499347j,0.000000
0.201779+0.083153j,-0.448682+0.499347j,-0.448681+0.499347j,0.000000
0.201779+0.083153j,-0.448682+0.499347j,-0.448681+0.499347j,0.000000
0.201779+0.083153j,-0.448682+0.499347j,-0.448681+0.499347j,0.000000
0.201779+0.083153j,-0.448682+0.499347j,-0.448681+0.499347j,0.000000
0.201779+0.083153j,-0.448682+0.499347j,-0.448681+0.499347j,0.000000
0.201779+0.083153j,-0.448682+0.499347j,-0.448681+0.499347j,0.000000
0.201779+0.083153j,-0.448682+0.499347j,-0.448681+0.499347j,0.000000
0.201779+0.083153j,-0.448682+0.499347j,-0.448681+0.499347j,0.000000
0.201779+0.083153j,-0.448682+0.499347j,-0.448681+0.499347j,0.000000
0.201779+0.083153j,-0.448682+0.499347j,-0.448681+0.499347j,0.000000
0.201779+0.083153j,-0.448682+0.499347j,-0.448681+0.499347j,0.000000
0.201779+0.083153j,-0.448682+0.499347j,-0.448681+0.499347j,0.000000
0.201779+0.083153j,-0.448682+0.499347j,-0.448681+0.499347j,0.000000
0.201779+0.083153j,-0.448682+0.499347j,-0.448681+0.499347j,0.000000
0.201779+0.083153j,-0.448682+0.499347j,-0.448681+0.499347j,0.000000
0.201779+0.083153j,-0.448682+0.499347j,-0.448681+0.499347j,0.000000
0.201779+0.083153j,-0.448682+0.499347j,-0.448681+0.499347j,0.000000
0.201779+0.083153j,-0.448682+0.499347j,-0.448681+0.499347j,0.000000
0.201779+0.083153j,-0.448682+0.499347j,-0.448681+0.499347j,0.000000
0.201779+0.083153j,-0.448682+0.499347j,-0.448681+0.499347j,0.000000
0.201779+0.083153j,-0.448682+0.499347j,-0.448681+0.499347j,0.000000
0.201779+0.083153j,-0.448682+0.499347j,-0.448681+0.499347j,0.000000
0.201779+0.083153j,-0.448682+0.499347j,-0.448681+0.499347j,0.000000
0.201779+0.083153j,-0.448682+0.499347j,-0.448681+0.499347j,0.000000
0.201779+0.083153j,-0.448682+0.499347j,-0.448681+0.499347j,0.000000
0.201779+0.083153j,-0.448682+0.499347j,-0.448681+0.499347j,0.000000
0.201779+0.083153j,-0.448682+0.499347j,-0.448681+0.499347j,0.000000
0.201779+0.083153j,-0.448682+0.499347j,-0.448681+0.499347j,0.000000
0.201779+0.083153j,-0.448682+0.499347j,-0.448681+0.499347j,0.000000
0.201779+0.083153j,-0.448682+0.499347j,-0.448681+0.499347j,0.000000
0.201779+0.083153j,-0.448682+0.499347j,-0.448681+0.499347j,0.000000
0.201779+0.083153j,-0.448682+0.499347j,-0.448681+0.499347j,0.000000
0.201779+0.083153j,-0.448682+0.499347j,-0.448681+0.499347j,0.000000
0.201779+0.083153j,-0.448682+0.499347j,-0.448681+0.499347j,0.000000
0.201779+0.083153j,-0.448682+0.499347j,-0.448681+0.499347j,0.000000
0.201779+0.083153j,-0.448682+0.499347j,-0.448681+0.499347j,0.000000
0.201779+0.083153j,-0.448682+0.499347j,-0.448681+0.499347j,0.000000
0.201779+0.083153j,-0.448682+0.499347j,-0.448681+0.499347j,0.000000
0.201779+0.083153j,-0.448682+0.499347j,-0.448681+0.499347j,0.000000
0.201779+0.083153j,-0.448682+0.499347j,-0.448681+0.499347j,0.000000
0.201779+0.083153j,-0.448682+0.499347j,-0.448681+0.499347j,0.000000
0.201779+0.083153j,-0.448682+0.499347j,-0.448681+0.499347j,0.000000
0.201779+0.083153j,-0.448682+0.499347j,-0.448681+0.499347j,0.000000
0.201779+0.083153j,-0.448682+0.499347j,-0.448681+0.499347j,0.000000
0.201779+0.083153j,-0.448682+0.499347j,-0.448681+0.499347j,0.000000
0.201779+0.083153j,-0.448682+0.499347j,-0.448681+0.499347j,0.000000
0.201779+0.083153j,-0.448682+0.499347j,-0.448681+0.499347j,0.000000
0.201779+0.083153j,-0.448682+0.499347j,-0.448681+0.499347j,0.000000
0.201779+0.083153j,-0.448682+0.499347j,-0.448681+0.499347j,0.000000
0.201779+0.083153j,-0.448682+0.499347j,-0.448681+0.499347j,0.000000
0.201779+0.083153j,-0.448682+0.499347j,-0.448681+0.499347j,0.000000
0.201779+0.083153j,-0.448682+0.499347j,-0.448681+0.499347j,0.000000
0.201779+0.083153j,-0.448682+0.499347j,-0.448681+0.499347j,0.000000
0.201779+0.083153j,-0.448682+0.499347j,-0.448681+0.499347j,0.000000
0.201779+0.083153j,-0.448682+0.499347j,-0.448681+0.499347j,0.000000
0.201779+0.083153j,-0.448682+0.499347j,-0.448681+0.499347j,0.000000
0.201779+0.083153j,-0.448682+0.499347j,-0.448681+0.499347j,0.000000
0.201779+0.083153j,-0.448682+0.499347j,-0.448681+0.499347j,0.000000
0.201779+0.083153j,-0.448682+0.499347j,-0.448681+0.499347j,0.000000
0.201779+0.083153j,-0.448682+0.499347j,-0.448681+0.499347j,0.000000
0.201779+0.083153j,-0.448682+0.499347j,-0.448681+0.499347j,0.000000
0.201779+0.083153j,-0.448682+0.499347j,-0.448681+0.499347j,0.000000
0.201779+0.083153j,-0.448682+0.499347j,-0.448681+0.499347j,0.000000
0.201779+0.083153j,-0.448682+0.499347j,-0.448681+0.499347j,0.000000
0.201779+0.083153j,-0.448682+0.499347j,-0.448681+0.499347j,0.000000
0.201779+0.083153j,-0.448682+0.499347j,-0.448681+0.499347j,0.000000
0.201779+0.083153j,-0.448682+0.499347j,-0.448681+0.499347j,0.000000
0.201779+0.083153j,-0.448682+0.499347j,-0.448681+0.499347j,0.000000
0.201779+0.083153j,-0.448682+0.499347j,-0.448681+0.499347j,0.000000
0.201779+0.083153j,-0.448682+0.499347j,-0.448681+0.499347j,0.000000
0.201779+0.083153j,-0.448682+0.499347j,-0.448681+0.499346j,0.000000
0.201779+0.083153j,-0.448682+0.499347j,-0.448681+0.499346j,0.000000
0.201779+0.083153j,-0.448682+0.499347j,-0.448681+0.499346j,0.000000
0.201779+0.083153j,-0.448682+0.499347j,-0.448681+0.499346j,0.000000
0.201779+0.083153j,-0.448682+0.499347j,-0.448681+0.499346j,0.000000
0.201779+0.083153j,-0.448682+0.499347j,-0.448681+0.499346j,0.000000
0.201779+0.083153j,-0.448682+0.499347j,-0.448681+0.499346j,0.000000
0.201779+0.083153j,-0.448682+0.499347j,-0.448681+0.499346j,0.000000
0.201779+0.083153j,-0.448682+0.499347j,-0.448681+0.499346j,0.000000
0.201779+0.083153j,-0.448682+0.499347j,-0.448681+0.499346j,0.000000
0.201779+0.083153j,-0.448682+0.499347j,-0.448681+0.499346j,0.000000
0.201779+0.083153j,-0.448682+0.499348j,-0.448680+0.499346j,0.000000
0.201780+0.083154j,-0.448682+0.499348j,-0.448680+0.499346j,0.000000
0.201780+0.083154j,-0.448682+0.499348j,-0.448680+0.499346j,0.000000
0.201780+0.083154j,-0.448682+0.499348j,-0.448680+0.499346j,0.000000
0.201780+0.083154j,-0.448683+0.499349j,-0.448679+0.499346j,0.000000
0.201780+0.083155j,-0.448683+0.499349j,-0.448679+0.499346j,0.000000
0.201780+0.083155j,-0.448683+0.499350j,-0.448678+0.499345j,0.000000
0.201780+0.083156j,-0.448684+0.499350j,-0.448677+0.499345j,0.000000
0.201781+0.083156j,-0.448684+0.499351j,-0.448677+0.499345j,0.000000
0.201781+0.083157j,-0.448685+0.499352j,-0.448676+0.499344j,0.000000
0.201781+0.083158j,-0.448686+0.499353j,-0.448674+0.499344j,0.000000
0.201782+0.083159j,-0.448687+0.499354j,-0.448673+0.499343j,0.000000
0.201782+0.083160j,-0.448688+0.499356j,-0.448672+0.499343j,0.000000
0.201783+0.083161j,-0.448689+0.499357j,-0.448670+0.499342j,0.000000
0.201783+0.083163j,-0.448690+0.499359j,-0.448668+0.499341j,0.000000
0.201784+0.083165j,-0.448691+0.499361j,-0.448666+0.499340j,0.000000
0.201785+0.083167j,-0.448693+0.499364j,-0.448663+0.499339j,0.000000
0.201786+0.083169j,-0.448695+0.499367j,-0.448660+0.499338j,0.000000
0.201787+0.083171j,-0.448697+0.499370j,-0.448657+0.499337j,0.000000
0.201788+0.083174j,-0.448699+0.499373j,-0.448653+0.499335j,0.000000
0.201789+0.083177j,-0.448702+0.499377j,-0.448649+0.499334j,0.000000
0.201790+0.083181j,-0.448705+0.499382j,-0.448644+0.499332j,0.000000
0.201792+0.083185j,-0.448708+0.499386j,-0.448639+0.499330j,0.000000
0.201794+0.083190j,-0.448712+0.499392j,-0.448633+0.499328j,0.000000
0.201796+0.083194j,-0.448716+0.499398j,-0.448627+0.499325j,0.000000
0.201798+0.083200j,-0.448721+0.499405j,-0.448620+0.499322j,0.000000
0.201800+0.083206j,-0.448726+0.499412j,-0.448612+0.499319j,0.000000
0.201803+0.083213j,-0.448732+0.499421j,-0.448603+0.499315j,0.000000
0.201806+0.083220j,-0.448738+0.499430j,-0.448593+0.499311j,0.000000
0.201809+0.083228j,-0.448745+0.499440j,-0.448582+0.499307j,0.000000
0.201812+0.083237j,-0.448752+0.499451j,-0.448571+0.499303j,0.000000
0.201816+0.083247j,-0.448760+0.499463j,-0.448558+0.499297j,0.000000
0.201820+0.083258j,-0.448769+0.499476j,-0.448544+0.499292j,0.000000
0.201825+0.083270j,-0.448779+0.499491j,-0.448528+0.499286j,0.000000
0.201830+0.083283j,-0.448790+0.499506j,-0.448511+0.499279j,0.000000
0.201835+0.083297j,-0.448802+0.499523j,-0.448493+0.499272j,0.000000
0.201841+0.083312j,-0.448814+0.499542j,-0.448473+0.499264j,0.000000
0.201848+0.083329j,-0.448828+0.499562j,-0.448452+0.499255j,0.000000
0.201855+0.083347j,-0.448843+0.499584j,-0.448428+0.499246j,0.000000
0.201862+0.083366j,-0.448859+0.499608j,-0.448403+0.499236j,0.000000
0.201871+0.083387j,-0.448877+0.499634j,-0.448375+0.499225j,0.000000
0.201880+0.083410j,-0.448896+0.499662j,-0.448346+0.499213j,0.000000
0.201889+0.083434j,-0.448916+0.499692j,-0.448314+0.499200j,0.000001
0.201899+0.083461j,-0.448938+0.499724j,-0.448279+0.499186j,0.000001
0.201910+0.083489j,-0.448962+0.499759j,-0.448242+0.499171j,0.000001
0.201922+0.083519j,-0.448987+0.499796j,-0.448202+0.499156j,0.000001
0.201935+0.083552j,-0.449014+0.499836j,-0.448160+0.499139j,0.000001
0.201949+0.083587j,-0.449044+0.499880j,-0.448114+0.499120j,0.000001
0.201963+0.083625j,-0.449075+0.499926j,-0.448065+0.499101j,0.000002
0.201979+0.083665j,-0.449109+0.499975j,-0.448012+0.499080j,0.000002
0.201996+0.083708j,-0.449144+0.500028j,-0.447956+0.499057j,0.000002
0.202014+0.083754j,-0.449183+0.500084j,-0.447896+0.499033j,0.000003
0.202033+0.083803j,-0.449224+0.500144j,-0.447832+0.499008j,0.000003
0.202053+0.083856j,-0.449267+0.500208j,-0.447764+0.498981j,0.000003
0.202075+0.083912j,-0.449313+0.500276j,-0.447691+0.498952j,0.000004
0.202098+0.083971j,-0.449363+0.500349j,-0.447614+0.498921j,0.000005
0.202122+0.084034j,-0.449415+0.500426j,-0.447532+0.498888j,0.000005
0.202148+0.084101j,-0.449471+0.500508j,-0.447444+0.498853j,0.000006
0.202176+0.084173j,-0.449530+0.500595j,-0.447352+0.498816j,0.000007
0.202205+0.084248j,-0.449593+0.500688j,-0.447253+0.498777j,0.000008
0.202236+0.084328j,-0.449659+0.500786j,-0.447149+0.498735j,0.000010
0.202268+0.084413j,-0.449730+0.500889j,-0.447038+0.498691j,0.000011
0.202303+0.084503j,-0.449804+0.500999j,-0.446922+0.498645j,0.000013
0.202340+0.084598j,-0.449883+0.501115j,-0.446798+0.498595j,0.000015
0.202378+0.084699j,-0.449966+0.501238j,-0.446667+0.498543j,0.000017
0.202419+0.084805j,-0.450054+0.501367j,-0.446529+0.498488j,0.000019
0.202462+0.084917j,-0.450147+0.501504j,-0.446384+0.498430j,0.000022
0.202508+0.085036j,-0.450245+0.501648j,-0.446230+0.498369j,0.000025
0.202555+0.085160j,-0.450348+0.501800j,-0.446068+0.498304j,0.000028
0.202606+0.085292j,-0.450457+0.501960j,-0.445898+0.498236j,0.000032
0.202659+0.085430j,-0.450571+0.502129j,-0.445718+0.498165j,0.000036
0.202714+0.085576j,-0.450691+0.502306j,-0.445529+0.498090j,0.000041
0.202773+0.085730j,-0.450818+0.502493j,-0.445331+0.498010j,0.000046
0.202834+0.085891j,-0.450950+0.502689j,-0.445122+0.497927j,0.000052
0.202898+0.086061j,-0.451090+0.502895j,-0.444903+0.497840j,0.000059
0.202966+0.086239j,-0.451236+0.503111j,-0.444672+0.497748j,0.000066
0.203036+0.086426j,-0.451390+0.503338j,-0.444431+0.497652j,0.000074
0.203110+0.086623j,-0.451551+0.503576j,-0.444177+0.497551j,0.000083
0.203188+0.086829j,-0.451720+0.503825j,-0.443912+0.497445j,0.000093
0.203269+0.087045j,-0.451896+0.504087j,-0.443634+0.497335j,0.000104
0.203353+0.087271j,-0.452081+0.504360j,-0.443342+0.497219j,0.000117
0.203442+0.087509j,-0.452275+0.504647j,-0.443037+0.497097j,0.000130
0.203534+0.087757j,-0.452477+0.504946j,-0.442718+0.496970j,0.000145
0.203631+0.088017j,-0.452689+0.505260j,-0.442385+0.496837j,0.000162
0.203732+0.088289j,-0.452910+0.505587j,-0.442036+0.496699j,0.000180
0.203837+0.088573j,-0.453141+0.505929j,-0.441671+0.496554j,0.000201
0.203946+0.088871j,-0.453382+0.506287j,-0.441291+0.496402j,0.000223
0.204060+0.089182j,-0.453633+0.506660j,-0.440894+0.496245j,0.000247
0.204179+0.089506j,-0.453896+0.507049j,-0.440479+0.496080j,0.000274
0.204302+0.089846j,-0.454169+0.507455j,-0.440047+0.495908j,0.000304
0.204430+0.090200j,-0.454454+0.507879j,-0.439596+0.495729j,0.000336
0.204564+0.090569j,-0.454751+0.508320j,-0.439126+0.495542j,0.000371
0.204702+0.090955j,-0.455060+0.508780j,-0.438637+0.495348j,0.000410
0.204846+0.091357j,-0.455382+0.509258j,-0.438127+0.495145j,0.000453
0.204996+0.091776j,-0.455717+0.509757j,-0.437596+0.494935j,0.000499
0.205151+0.092213j,-0.456065+0.510276j,-0.437044+0.494715j,0.000550
0.205311+0.092668j,-0.456427+0.510815j,-0.436469+0.494487j,0.000605
0.205478+0.093142j,-0.456803+0.511377j,-0.435872+0.494250j,0.000665
0.205651+0.093636j,-0.457194+0.511960j,-0.435251+0.494004j,0.000731
0.205829+0.094151j,-0.457600+0.512566j,-0.434605+0.493748j,0.000802
0.206014+0.094686j,-0.458022+0.513196j,-0.433934+0.493482j,0.000880
0.206205+0.095243j,-0.458459+0.513851j,-0.433238+0.493206j,0.000965
0.206403+0.095822j,-0.458913+0.514530j,-0.432514+0.492920j,0.001056
0.206607+0.096425j,-0.459384+0.515235j,-0.431764+0.492623j,0.001156
0.206817+0.097052j,-0.459872+0.515967j,-0.430985+0.492315j,0.001264
0.207035+0.097703j,-0.460378+0.516726j,-0.430177+0.491995j,0.001381
0.207259+0.098380j,-0.460902+0.517513j,-0.429339+0.491664j,0.001508
0.207491+0.099084j,-0.461444+0.518329j,-0.428471+0.491320j,0.001645
0.207729+0.099815j,-0.462006+0.519175j,-0.427571+0.490965j,0.001794
0.207974+0.100575j,-0.462588+0.520051j,-0.426638+0.490596j,0.001954
0.208227+0.101364j,-0.463190+0.520959j,-0.425672+0.490215j,0.002128
0.208487+0.102183j,-0.463813+0.521899j,-0.424672+0.489820j,0.002315
0.208754+0.103033j,-0.464458+0.522872j,-0.423636+0.489411j,0.002517
0.209029+0.103916j,-0.465124+0.523879j,-0.422564+0.488989j,0.002735
0.209311+0.104832j,-0.465812+0.524922j,-0.421455+0.488552j,0.002970
0.209600+0.105783j,-0.466524+0.526000j,-0.420308+0.488100j,0.003223
0.209897+0.106769j,-0.467259+0.527115j,-0.419121+0.487632j,0.003496
0.210201+0.107793j,-0.468018+0.528268j,-0.417894+0.487150j,0.003789
0.210513+0.108854j,-0.468802+0.529461j,-0.416626+0.486651j,0.004104
0.210832+0.109955j,-0.469612+0.530693j,-0.415316+0.486135j,0.004442
0.211158+0.111097j,-0.470447+0.531966j,-0.413961+0.485603j,0.004806
0.211492+0.112280j,-0.471309+0.533281j,-0.412563+0.485054j,0.005196
0.211833+0.113508j,-0.472198+0.534639j,-0.411118+0.484487j,0.005615
0.212180+0.114780j,-0.473115+0.536042j,-0.409626+0.483901j,0.006064
0.212535+0.116099j,-0.474060+0.537490j,-0.408087+0.483297j,0.006546
0.212896+0.117466j,-0.475035+0.538985j,-0.406497+0.482675j,0.007062
0.213264+0.118883j,-0.476039+0.540528j,-0.404857+0.482032j,0.007614
0.213638+0.120351j,-0.477075+0.542120j,-0.403165+0.481370j,0.008205
0.214018+0.121873j,-0.478141+0.543762j,-0.401420+0.480687j,0.008838
0.214404+0.123449j,-0.479239+0.545455j,-0.399621+0.479983j,0.009514
0.214795+0.125083j,-0.480370+0.547202j,-0.397765+0.479258j,0.010237
0.215191+0.126775j,-0.481535+0.549003j,-0.395852+0.478511j,0.011009
0.215592+0.128528j,-0.482734+0.550859j,-0.393880+0.477741j,0.011833
0.215997+0.130345j,-0.483968+0.552773j,-0.391848+0.476949j,0.012714
0.216405+0.132227j,-0.485238+0.554744j,-0.389755+0.476133j,0.013653
0.216817+0.134176j,-0.486545+0.556776j,-0.387599+0.475292j,0.014654
0.217231+0.136196j,-0.487890+0.558869j,-0.385377+0.474427j,0.015722
0.217646+0.138288j,-0.489273+0.561025j,-0.383090+0.473537j,0.016860
0.218063+0.140455j,-0.490695+0.563246j,-0.380735+0.472621j,0.018072
0.218479+0.142700j,-0.492159+0.565533j,-0.378310+0.471679j,0.019363
0.218895+0.145026j,-0.493663+0.567888j,-0.375814+0.470709j,0.020738
0.219308+0.147435j,-0.495210+0.570312j,-0.373245+0.469712j,0.022200
0.219719+0.149931j,-0.496801+0.572808j,-0.370601+0.468686j,0.023756
0.220126+0.152517j,-0.498436+0.575378j,-0.367881+0.467632j,0.025411
0.220526+0.155196j,-0.500118+0.578022j,-0.365083+0.466547j,0.027170
0.220921+0.157973j,-0.501846+0.580744j,-0.362204+0.465432j,0.029040
0.221306+0.160850j,-0.503623+0.583545j,-0.359243+0.464286j,0.031027
0.221681+0.163831j,-0.505449+0.586427j,-0.356198+0.463108j,0.033137
0.222045+0.166921j,-0.507327+0.589393j,-0.353066+0.461897j,0.035379
0.222394+0.170124j,-0.509258+0.592446j,-0.349846+0.460653j,0.037759
0.222727+0.173445j,-0.511243+0.595586j,-0.346534+0.459373j,0.040286
0.223041+0.176888j,-0.513283+0.598818j,-0.343129+0.458059j,0.042967
0.223334+0.180458j,-0.515382+0.602143j,-0.339629+0.456708j,0.045814
0.223603+0.184161j,-0.517541+0.605566j,-0.336030+0.455320j,0.048834
0.223845+0.188003j,-0.519761+0.609087j,-0.332330+0.453893j,0.052038
0.224057+0.191989j,-0.522045+0.612712j,-0.328526+0.452427j,0.055438
0.224234+0.196126j,-0.524397+0.616443j,-0.324615+0.450920j,0.059044
0.224373+0.200422j,-0.526817+0.620284j,-0.320594+0.449372j,0.062871
0.224469+0.204884j,-0.529309+0.624239j,-0.316459+0.447780j,0.066930
0.224518+0.209519j,-0.531877+0.628313j,-0.312206+0.446143j,0.071238
0.224515+0.214336j,-0.534523+0.632510j,-0.307833+0.444460j,0.075809
0.224452+0.219346j,-0.537253+0.636834j,-0.303333+0.442729j,0.080662
0.224325+0.224558j,-0.540068+0.641293j,-0.298703+0.440949j,0.085814
0.224127+0.229944j,-0.542955+0.645858j,-0.293972+0.439130j,0.091246
0.223853+0.235483j,-0.545900+0.650510j,-0.289162+0.437281j,0.096942
0.223499+0.241177j,-0.548904+0.655248j,-0.284274+0.435402j,0.102912
0.223060+0.247029j,-0.551968+0.660072j,-0.279310+0.433494j,0.109163
0.222528+0.253040j,-0.555093+0.664981j,-0.274272+0.431558j,0.115701
0.221901+0.259199j,-0.558273+0.669966j,-0.269170+0.429598j,0.122524
0.221175+0.265490j,-0.561500+0.675011j,-0.264023+0.427621j,0.129614
0.220344+0.271909j,-0.564772+0.680112j,-0.258835+0.425628j,0.136974
0.219407+0.278454j,-0.568089+0.685266j,-0.253610+0.423622j,0.144603
0.218357+0.285120j,-0.571449+0.690471j,-0.248353+0.421603j,0.152502
0.217191+0.291906j,-0.574852+0.695722j,-0.243067+0.419574j,0.160671
0.215949+0.298588j,-0.578187+0.700849j,-0.237927+0.417601j,0.168836
0.214543+0.305602j,-0.581675+0.706188j,-0.232596+0.415556j,0.177539
0.213058+0.312514j,-0.585098+0.711404j,-0.227408+0.413566j,0.186239
0.211397+0.319744j,-0.588667+0.716819j,-0.222048+0.411510j,0.195472
0.209654+0.326871j,-0.592175+0.722114j,-0.216828+0.409510j,0.204701
0.207724+0.334306j,-0.595827+0.727597j,-0.211450+0.407449j,0.214465
0.205709+0.341640j,-0.599421+0.732964j,-0.206210+0.405443j,0.224225
0.203495+0.349272j,-0.603156+0.738510j,-0.200824+0.403383j,0.234519
0.201193+0.356804j,-0.606837+0.743943j,-0.195575+0.401376j,0.244809
0.198679+0.364625j,-0.610658+0.749548j,-0.190190+0.399319j,0.255636
0.196075+0.372346j,-0.614430+0.755043j,-0.184939+0.397316j,0.266459
0.193246+0.380349j,-0.618341+0.760704j,-0.179562+0.395268j,0.277821
0.190324+0.388253j,-0.622207+0.766259j,-0.174316+0.393272j,0.289179
0.187165+0.396433j,-0.626213+0.771974j,-0.168954+0.391234j,0.301081
0.183910+0.404512j,-0.630178+0.777587j,-0.163720+0.389250j,0.312979
0.180404+0.412862j,-0.634284+0.783356j,-0.158376+0.387227j,0.325425
0.176798+0.421112j,-0.638353+0.789026j,-0.153160+0.385257j,0.337868
0.172928+0.429628j,-0.642567+0.794849j,-0.147839+0.383252j,0.350866
0.168956+0.438042j,-0.646747+0.800576j,-0.142643+0.381300j,0.363861
0.164704+0.446718j,-0.651075+0.806454j,-0.137349+0.379316j,0.377418
0.160347+0.455291j,-0.655373+0.812238j,-0.132178+0.377385j,0.390972
0.155695+0.464121j,-0.659824+0.818172j,-0.126914+0.375426j,0.405098
0.150934+0.472848j,-0.664248+0.824014j,-0.121770+0.373519j,0.419220
0.145863+0.481828j,-0.668830+0.830005j,-0.116537+0.371586j,0.433924
0.140679+0.490702j,-0.673390+0.835907j,-0.111424+0.369707j,0.448624
0.135168+0.499825j,-0.678113+0.841958j,-0.106225+0.367805j,0.463917
0.129541+0.508841j,-0.682817+0.847921j,-0.101144+0.365956j,0.479207
0.123569+0.518103j,-0.687692+0.854033j,-0.095981+0.364087j,0.495101
0.117477+0.527254j,-0.692552+0.860060j,-0.090933+0.362272j,0.510992
0.111022+0.536646j,-0.697589+0.866235j,-0.085807+0.360440j,0.527501
0.104443+0.545926j,-0.702616+0.872327j,-0.080795+0.358661j,0.544006
0.097483+0.555443j,-0.707828+0.878569j,-0.075706+0.356869j,0.561143
0.090393+0.564843j,-0.713034+0.884728j,-0.070730+0.355130j,0.578277
0.082902+0.574477j,-0.718434+0.891038j,-0.065680+0.353381j,0.596058
0.075279+0.583990j,-0.723834+0.897267j,-0.060741+0.351685j,0.613836
0.067232+0.593732j,-0.729436+0.903647j,-0.055730+0.349982j,0.632275
0.059049+0.603348j,-0.735043+0.909947j,-0.050829+0.348333j,0.650713
0.050421+0.613189j,-0.740864+0.916400j,-0.045857+0.346678j,0.669829
0.041651+0.622899j,-0.746694+0.922774j,-0.040994+0.345079j,0.688944
0.032414+0.632828j,-0.752749+0.929301j,-0.036062+0.343477j,0.708754
0.023030+0.642622j,-0.758820+0.935750j,-0.031236+0.341930j,0.728563
0.013156+0.652628j,-0.765128+0.942353j,-0.026343+0.340384j,0.749087
0.003130+0.662493j,-0.771457+0.948879j,-0.021556+0.338893j,0.769610
-0.007411+0.672564j,-0.778037+0.955559j,-0.016702+0.337405j,0.790867
-0.018108+0.682487j,-0.784645+0.962161j,-0.011952+0.335973j,0.812122
-0.029347+0.692609j,-0.791518+0.968918j,-0.007137+0.334547j,0.834133
-0.040746+0.702577j,-0.798426+0.975597j,-0.002424+0.333178j,0.856142
-0.052714+0.712735j,-0.805615+0.982432j,0.002353+0.331816j,0.878927
-0.064847+0.722731j,-0.812846+0.989186j,0.007029+0.330512j,0.901711
-0.077576+0.732909j,-0.820376+0.996096j,0.011768+0.329218j,0.925292
-0.090474+0.742917j,-0.827955+1.002924j,0.016409+0.327981j,0.948873
-0.103998+0.753097j,-0.835852+1.009905j,0.021112+0.326759j,0.973273
-0.117695+0.763099j,-0.843805+1.016803j,0.025717+0.325592j,0.997673
-0.132047+0.773262j,-0.852097+1.023852j,0.030384+0.324443j,1.022917
-0.146578+0.783238j,-0.860454+1.030814j,0.034956+0.323350j,1.048159
-0.161793+0.793364j,-0.869171+1.037924j,0.039588+0.322277j,1.074269
-0.177192+0.803294j,-0.877963+1.044942j,0.044127+0.321259j,1.100378
-0.193307+0.813361j,-0.887138+1.052104j,0.048726+0.320264j,1.127380
-0.209610+0.823224j,-0.896397+1.059168j,0.053233+0.319325j,1.154381
-0.226662+0.833211j,-0.906064+1.066370j,0.057801+0.318410j,1.182302
-0.243906+0.842983j,-0.915826+1.073466j,0.062279+0.317550j,1.210223
-0.261936+0.852866j,-0.926022+1.080692j,0.066817+0.316717j,1.239092
-0.280161+0.862525j,-0.936323+1.087803j,0.071267+0.315939j,1.267961
-0.299210+0.872282j,-0.947088+1.095035j,0.075779+0.315189j,1.297812
-0.318459+0.881805j,-0.957969+1.102140j,0.080203+0.314493j,1.327663
-0.338575+0.891413j,-0.969346+1.109354j,0.084692+0.313829j,1.358537
-0.358896+0.900778j,-0.980849+1.116428j,0.089095+0.313217j,1.389409
-0.380135+0.910217j,-0.992885+1.123597j,0.093565+0.312637j,1.421353
-0.401583+0.919402j,-1.005055+1.130609j,0.097951+0.312110j,1.453296
-0.424010+0.928652j,-1.017800+1.137701j,0.102409+0.311616j,1.486371
-0.446652+0.937638j,-1.030688+1.144617j,0.106785+0.311174j,1.519446
-0.470349+0.946682j,-1.044198+1.151594j,0.111238+0.310766j,1.553734
-0.494267+0.955453j,-1.057858+1.158371j,0.115611+0.310409j,1.588020
-0.519336+0.964278j,-1.072197+1.165192j,0.120070+0.310088j,1.623623
-0.544634+0.972819j,-1.086689+1.171784j,0.124450+0.309816j,1.659225
-0.571204+0.981412j,-1.101928+1.178398j,0.128929+0.309582j,1.696276
-0.598015+0.989711j,-1.117319+1.184752j,0.133330+0.309395j,1.733326
-0.626249+0.998064j,-1.133537+1.191102j,0.137844+0.309248j,1.771992
-0.654737+1.006109j,-1.149901+1.197158j,0.142282+0.309147j,1.810656
-0.684547+1.014135j,-1.167016+1.203122j,0.146806+0.309089j,1.850753
-0.714622+1.021846j,-1.184264+1.208759j,0.151256+0.309076j,1.890847
-0.744959+1.029247j,-1.201630+1.214066j,0.155635+0.309104j,1.930940
-0.775556+1.036347j,-1.219099+1.219041j,0.159947+0.309172j,1.971032
-0.806412+1.043154j,-1.236656+1.223681j,0.164195+0.309277j,2.011121
-0.838808+1.049935j,-1.255012+1.228159j,0.168552+0.309423j,2.052850
-0.871482+1.056414j,-1.273431+1.232277j,0.172847+0.309605j,2.094577
-0.904434+1.062596j,-1.291894+1.236040j,0.177083+0.309821j,2.136302
-0.937663+1.068490j,-1.310386+1.239452j,0.181263+0.310068j,2.178025
-0.972453+1.074311j,-1.329594+1.242630j,0.185546+0.310356j,2.221329
-1.007543+1.079835j,-1.348799+1.245445j,0.189774+0.310673j,2.264630
-1.042936+1.085070j,-1.367983+1.247908j,0.193952+0.311019j,2.307929
-1.078634+1.090021j,-1.387133+1.250029j,0.198081+0.311392j,2.351225
-1.116288+1.094903j,-1.407103+1.251894j,0.202349+0.311807j,2.396485
-1.154280+1.099487j,-1.427006+1.253412j,0.206570+0.312248j,2.441742
-1.192613+1.103782j,-1.446829+1.254598j,0.210746+0.312713j,2.486997
-1.232854+1.107946j,-1.467352+1.255495j,0.215045+0.313220j,2.534061
-1.273472+1.111809j,-1.487765+1.256067j,0.219301+0.313750j,2.581122
-1.314472+1.115373j,-1.508058+1.256331j,0.223517+0.314300j,2.628181
-1.357747+1.118787j,-1.529138+1.256295j,0.227883+0.314897j,2.677364
-1.401449+1.121886j,-1.550072+1.255960j,0.232209+0.315513j,2.726545
-1.445584+1.124674j,-1.570855+1.255345j,0.236498+0.316149j,2.775724
-1.492379+1.127271j,-1.592500+1.254417j,0.240961+0.316834j,2.827327
-1.539663+1.129534j,-1.613971+1.253220j,0.245389+0.317538j,2.878928
-1.587442+1.131467j,-1.635263+1.251772j,0.249782+0.318257j,2.930527
-1.635722+1.133072j,-1.656377+1.250093j,0.254142+0.318993j,2.982124
-1.684511+1.134353j,-1.677312+1.248199j,0.258471+0.319742j,3.033718
-1.735787+1.135343j,-1.698892+1.246019j,0.262943+0.320536j,3.087355
-1.787627+1.135987j,-1.720280+1.243641j,0.267384+0.321342j,3.140990
-1.840037+1.136286j,-1.741479+1.241082j,0.271798+0.322161j,3.194624
-1.893023+1.136241j,-1.762490+1.238355j,0.276185+0.322991j,3.248256
-1.948472+1.135835j,-1.784041+1.235372j,0.280699+0.323860j,3.303746
-2.004554+1.135063j,-1.805399+1.232239j,0.285187+0.324740j,3.359236
-2.061276+1.133925j,-1.826566+1.228970j,0.289651+0.325629j,3.414724
-2.118646+1.132422j,-1.847548+1.225577j,0.294091+0.326526j,3.470212
-2.178726+1.130482j,-1.869078+1.221945j,0.298665+0.327463j,3.527642
-2.239516+1.128150j,-1.890419+1.218205j,0.303217+0.328407j,3.585071
-2.301024+1.125425j,-1.911575+1.214366j,0.307747+0.329357j,3.642499
-2.363258+1.122308j,-1.932550+1.210438j,0.312257+0.330314j,3.699927
-2.428409+1.118668j,-1.954064+1.206292j,0.316902+0.331309j,3.759323
-2.494353+1.114604j,-1.975395+1.202070j,0.321527+0.332308j,3.818719
-2.561099+1.110115j,-1.996548+1.197782j,0.326132+0.333312j,3.878114
-2.628656+1.105199j,-2.017528+1.193434j,0.330720+0.334320j,3.937509
-2.697030+1.099855j,-2.038340+1.189035j,0.335289+0.335330j,3.996905
-2.769126+1.093829j,-2.059844+1.184406j,0.340031+0.336385j,4.058754
-2.842128+1.087332j,-2.081174+1.179735j,0.344754+0.337442j,4.120604
-2.916045+1.080362j,-2.102337+1.175029j,0.349460+0.338500j,4.182453
-2.990886+1.072915j,-2.123336+1.170294j,0.354150+0.339559j,4.244304
-3.066660+1.064988j,-2.144177+1.165535j,0.358824+0.340619j,4.306155
-3.146450+1.056233j,-2.165683+1.160567j,0.363666+0.341721j,4.370451
-3.227268+1.046951j,-2.187026+1.155584j,0.368493+0.342823j,4.434749
-3.309126+1.037137j,-2.208211+1.150590j,0.373303+0.343924j,4.499048
-3.392032+1.026788j,-2.229241+1.145590j,0.378098+0.345023j,4.563347
-3.475997+1.015900j,-2.250121+1.140589j,0.382878+0.346121j,4.627648
-3.564315+1.004016j,-2.271648+1.135397j,0.387825+0.347259j,4.694400
-3.653797+0.991540j,-2.293020+1.130210j,0.392756+0.348394j,4.761153
-3.744453+0.978466j,-2.314242+1.125032j,0.397673+0.349527j,4.827907
-3.836294+0.964788j,-2.335317+1.119866j,0.402574+0.350657j,4.894663
-3.929332+0.950500j,-2.356249+1.114715j,0.407460+0.351783j,4.961420
-3.960967+0.945545j,-2.363274+1.112982j,0.409104+0.352162j,4.984025
-3.960967+0.945545j,-2.363274+1.112982j,0.409104+0.352162j,4.984025
-3.960967+0.945545j,-2.363274+1.112982j,0.409104+0.352162j,4.984025
-3.960967+0.945545j,-2.363274+1.112982j,0.409104+0.352162j,4.984025
-3.960967+0.945544j,-2.363274+1.112982j,0.409104+0.352162j,4.984025
-3.960969+0.945544j,-2.363274+1.112982j,0.409104+0.352162j,4.984026
-3.960974+0.945543j,-2.363276+1.112982j,0.409105+0.352162j,4.984030
-3.961000+0.945539j,-2.363281+1.112980j,0.409106+0.352162j,4.984048
-3.961116+0.945521j,-2.363307+1.112974j,0.409112+0.352163j,4.984131
-3.961639+0.945439j,-2.363423+1.112945j,0.409139+0.352170j,4.984505
-3.963993+0.945068j,-2.363943+1.112817j,0.409261+0.352198j,4.986186
-3.974593+0.943395j,-2.366285+1.112239j,0.409810+0.352324j,4.993747
-4.022484+0.935771j,-2.376803+1.109640j,0.412276+0.352892j,5.027681
-4.122466+0.919505j,-2.398431+1.104284j,0.417363+0.354064j,5.097567
-4.223798+0.902549j,-2.419912+1.098952j,0.422434+0.355230j,5.167455
-4.326491+0.884897j,-2.441250+1.093646j,0.427490+0.356392j,5.237344
-4.430559+0.866540j,-2.462448+1.088368j,0.432531+0.357549j,5.307235
-4.536014+0.847472j,-2.483509+1.083120j,0.437557+0.358700j,5.377127
-4.642868+0.827684j,-2.504435+1.077903j,0.442569+0.359846j,5.447021
-4.755600+0.806312j,-2.526078+1.072507j,0.447770+0.361034j,5.519759
-4.869876+0.784143j,-2.547581+1.067148j,0.452957+0.362215j,5.592498
-4.985713+0.761167j,-2.568948+1.061827j,0.458128+0.363389j,5.665239
-5.103124+0.737375j,-2.590180+1.056544j,0.463283+0.364558j,5.737982
-5.222123+0.712757j,-2.611279+1.051302j,0.468424+0.365719j,5.810727
-5.347038+0.686384j,-2.632992+1.045917j,0.473732+0.366915j,5.886038
-5.473689+0.659103j,-2.654568+1.040576j,0.479024+0.368103j,5.961351
-5.602092+0.630905j,-2.676011+1.035281j,0.484300+0.369285j,6.036666
-5.732263+0.601776j,-2.697322+1.030031j,0.489561+0.370458j,6.111983
-5.864220+0.571707j,-2.718504+1.024827j,0.494806+0.371625j,6.187302
-6.002696+0.539580j,-2.740294+1.019491j,0.500219+0.372824j,6.265241
-6.143121+0.506420j,-2.761951+1.014204j,0.505615+0.374015j,6.343183
-6.285512+0.472213j,-2.783476+1.008967j,0.510996+0.375198j,6.421127
-6.429890+0.436945j,-2.804871+1.003781j,0.516360+0.376372j,6.499073
-6.576273+0.400602j,-2.826140+0.998645j,0.521709+0.377539j,6.577022
-6.729847+0.361858j,-2.848012+0.993384j,0.527226+0.378737j,6.657647
-6.885608+0.321933j,-2.869752+0.988178j,0.532726+0.379926j,6.738276
-7.043577+0.280812j,-2.891363+0.983024j,0.538209+0.381107j,6.818906
-7.203776+0.238479j,-2.912845+0.977925j,0.543675+0.382279j,6.899539
-7.366226+0.194918j,-2.934202+0.972878j,0.549126+0.383442j,6.980174
-7.536616+0.148560j,-2.956159+0.967714j,0.554745+0.384636j,7.063546
-7.709460+0.100852j,-2.977984+0.962606j,0.560346+0.385820j,7.146920
-7.884783+0.051777j,-2.999681+0.957554j,0.565930+0.386995j,7.230296
-8.062609+0.001315j,-3.021252+0.952556j,0.571497+0.388161j,7.313675
-8.242962-0.050553j,-3.042698+0.947613j,0.577047+0.389318j,7.397057
-8.425867-0.103845j,-3.064021+0.942724j,0.582579+0.390466j,7.480441
-8.618916-0.160829j,-3.086079+0.937694j,0.588318+0.391651j,7.567179
-8.814783-0.219399j,-3.108007+0.932721j,0.594039+0.392826j,7.653920
-9.013496-0.279577j,-3.129809+0.927804j,0.599741+0.393991j,7.740664
-9.215083-0.341385j,-3.151484+0.922943j,0.605426+0.395147j,7.827410
-9.419573-0.404848j,-3.173036+0.918137j,0.611092+0.396294j,7.914159
-9.626996-0.469987j,-3.194466+0.913385j,0.616741+0.397431j,8.000911
-9.845838-0.539530j,-3.216624+0.908500j,0.622596+0.398604j,8.091101
-10.067915-0.610938j,-3.238653+0.903672j,0.628432+0.399766j,8.181293
-10.293260-0.684238j,-3.260556+0.898901j,0.634250+0.400919j,8.271489
-10.521907-0.759458j,-3.282335+0.894185j,0.640048+0.402062j,8.361687
-10.753889-0.836626j,-3.303990+0.889523j,0.645828+0.403196j,8.451888
-10.989241-0.915769j,-3.325524+0.884915j,0.651589+0.404320j,8.542093
-11.237462-1.000150j,-3.347779+0.880182j,0.657558+0.405478j,8.635821
-11.489397-1.086727j,-3.369907+0.875504j,0.663507+0.406627j,8.729552
-11.745087-1.175534j,-3.391909+0.870882j,0.669436+0.407765j,8.823287
-12.004570-1.266602j,-3.413788+0.866314j,0.675345+0.408894j,8.917024
-12.267886-1.359965j,-3.435544+0.861799j,0.681236+0.410013j,9.010765
-12.535075-1.455656j,-3.457181+0.857337j,0.687106+0.411122j,9.104508
-12.816772-1.557561j,-3.479530+0.852756j,0.693185+0.412264j,9.201861
-13.102736-1.662054j,-3.501754+0.848230j,0.699243+0.413396j,9.299218
-13.393014-1.769173j,-3.523853+0.843757j,0.705280+0.414519j,9.396577
-13.687651-1.878958j,-3.545829+0.839336j,0.711297+0.415631j,9.493940
-13.986694-1.991450j,-3.567684+0.834968j,0.717295+0.416734j,9.591306
-14.290190-2.106687j,-3.589420+0.830649j,0.723272+0.417827j,9.688675
-14.610048-2.229278j,-3.611862+0.826219j,0.729457+0.418952j,9.789739
-14.934809-2.354919j,-3.634179+0.821841j,0.735620+0.420067j,9.890805
-15.115243-2.425223j,-3.646381+0.819459j,0.738996+0.420676j,9.946507
-15.115243-2.425223j,-3.646381+0.819459j,0.738996+0.420676j,9.946507
-15.115244-2.425223j,-3.646381+0.819459j,0.738996+0.420676j,9.946507
-15.115244-2.425223j,-3.646381+0.819459j,0.738996+0.420676j,9.946507
-15.115244-2.425224j,-3.646381+0.819459j,0.738996+0.420676j,9.946508
-15.115247-2.425225j,-3.646381+0.819459j,0.738996+0.420676j,9.946509
-15.115261-2.425230j,-3.646382+0.819459j,0.738996+0.420676j,9.946513
-15.115320-2.425253j,-3.646386+0.819458j,0.738997+0.420676j,9.946531
-15.115589-2.425358j,-3.646404+0.819455j,0.739002+0.420677j,9.946614
-15.116799-2.425831j,-3.646486+0.819439j,0.739025+0.420681j,9.946988
-15.122245-2.427959j,-3.646852+0.819367j,0.739126+0.420699j,9.948669
-15.146770-2.437543j,-3.648499+0.819046j,0.739582+0.420781j,9.956231
-15.257471-2.480889j,-3.655902+0.817606j,0.741632+0.421149j,9.990189
-15.599581-2.615666j,-3.678466+0.813235j,0.747890+0.422269j,10.093488
-15.946986-2.753777j,-3.700903+0.808915j,0.754126+0.423379j,10.196791
-16.299742-2.895276j,-3.723217+0.804647j,0.760341+0.424479j,10.300096
-16.657911-3.040213j,-3.745410+0.800428j,0.766534+0.425569j,10.403406
-17.021551-3.188641j,-3.767482+0.796258j,0.772706+0.426650j,10.506718
-17.390722-3.340615j,-3.789435+0.792136j,0.778857+0.427721j,10.610034
-17.778321-3.501537j,-3.812012+0.787924j,0.785196+0.428819j,10.716835
-18.171966-3.666368j,-3.834465+0.783760j,0.791512+0.429907j,10.823640
-18.571726-3.835168j,-3.856797+0.779645j,0.797806+0.430985j,10.930448
-18.977671-4.007999j,-3.879009+0.775578j,0.804078+0.432054j,11.037259
-19.389868-4.184923j,-3.901102+0.771556j,0.810329+0.433113j,11.144074
-19.808390-4.366004j,-3.923079+0.767580j,0.816558+0.434163j,11.250893
-20.249070-4.558208j,-3.945744+0.763505j,0.822994+0.435242j,11.361614
-20.696704-4.755022j,-3.968287+0.759476j,0.829408+0.436312j,11.472339
-21.151371-4.956519j,-3.990710+0.755494j,0.835799+0.437372j,11.583068
-21.613152-5.162771j,-4.013014+0.751556j,0.842168+0.438422j,11.693800
-22.082129-5.373855j,-4.035201+0.747663j,0.848514+0.439464j,11.804536
-22.558383-5.589846j,-4.057273+0.743813j,0.854839+0.440496j,11.915275
-23.059660-5.818921j,-4.080025+0.739868j,0.861370+0.441556j,12.029996
-23.568934-6.053434j,-4.102656+0.735967j,0.867877+0.442607j,12.144721
-24.086299-6.293471j,-4.125168+0.732111j,0.874362+0.443649j,12.259449
-24.611850-6.539121j,-4.147564+0.728297j,0.880824+0.444681j,12.374182
-25.145683-6.790474j,-4.169843+0.724525j,0.887263+0.445705j,12.488918
-25.687894-7.047620j,-4.192009+0.720794j,0.893680+0.446719j,12.603657
-26.258383-7.320143j,-4.214847+0.716972j,0.900302+0.447761j,12.722458
-26.838072-7.599081j,-4.237567+0.713193j,0.906900+0.448793j,12.841263
-27.427072-7.884539j,-4.260169+0.709455j,0.913476+0.449816j,12.960072
-28.025494-8.176621j,-4.282655+0.705757j,0.920027+0.450830j,13.078885
-28.633450-8.475435j,-4.305027+0.702100j,0.926556+0.451836j,13.197702
-29.251054-8.781090j,-4.327287+0.698481j,0.933062+0.452833j,13.316523
-29.900631-9.104799j,-4.350211+0.694776j,0.939773+0.453856j,13.439483
-30.560795-9.436077j,-4.373019+0.691110j,0.946459+0.454870j,13.562448
-31.231676-9.775049j,-4.395710+0.687484j,0.953122+0.455875j,13.685417
-31.913405-10.121841j,-4.418288+0.683896j,0.959761+0.456871j,13.808390
-32.606113-10.476581j,-4.440752+0.680346j,0.966377+0.457859j,13.931367
-33.309933-10.839397j,-4.463106+0.676833j,0.972969+0.458839j,14.054348
-34.049923-11.223397j,-4.486117+0.673237j,0.979765+0.459843j,14.181547
-34.802100-11.616328j,-4.509013+0.669678j,0.986536+0.460839j,14.308750
-35.566616-12.018339j,-4.531794+0.666157j,0.993284+0.461827j,14.435957
-36.343624-12.429582j,-4.554463+0.662672j,1.000007+0.462805j,14.563169
-37.133278-12.850209j,-4.577020+0.659223j,1.006707+0.463776j,14.690384
-37.935734-13.280374j,-4.599468+0.655809j,1.013382+0.464738j,14.817604
-38.490636-13.579408j,-4.614721+0.653499j,1.017924+0.465390j,14.904642
-38.490636-13.579408j,-4.614721+0.653499j,1.017924+0.465390j,14.904642
-38.490636-13.579408j,-4.614721+0.653499j,1.017924+0.465390j,14.904642
-38.490637-13.579408j,-4.614721+0.653499j,1.017924+0.465390j,14.904642
-38.490638-13.579408j,-4.614722+0.653499j,1.017924+0.465390j,14.904642
-38.490644-13.579412j,-4.614722+0.653499j,1.017924+0.465390j,14.904643
-38.490670-13.579426j,-4.614722+0.653499j,1.017924+0.465390j,14.904647
-38.490787-13.579489j,-4.614726+0.653498j,1.017925+0.465391j,14.904665
-38.491316-13.579775j,-4.614740+0.653496j,1.017929+0.465391j,14.904748
-38.493698-13.581061j,-4.614805+0.653486j,1.017949+0.465394j,14.905122
-38.504415-13.586849j,-4.615097+0.653442j,1.018036+0.465406j,14.906803
-38.552669-13.612916j,-4.616413+0.653243j,1.018428+0.465463j,14.914366
-38.770377-13.730639j,-4.622330+0.652350j,1.020190+0.465715j,14.948338
-39.635707-14.200454j,-4.645528+0.648859j,1.027108+0.466702j,15.081071
-40.515511-14.681188j,-4.668613+0.645405j,1.034001+0.467681j,15.213808
-41.409976-15.173026j,-4.691584+0.641985j,1.040869+0.468652j,15.346549
-42.319286-15.676155j,-4.714443+0.638600j,1.047712+0.469614j,15.479295
-43.243631-16.190764j,-4.737193+0.635249j,1.054531+0.470569j,15.612045
-44.183198-16.717047j,-4.759833+0.631930j,1.061326+0.471515j,15.744799
-45.138181-17.255197j,-4.782367+0.628645j,1.068097+0.472454j,15.877558
-46.143255-17.825019j,-4.805583+0.625277j,1.075082+0.473417j,16.014956
-47.165274-18.407993j,-4.828687+0.621942j,1.082041+0.474373j,16.152358
-48.204457-19.004344j,-4.851681+0.618641j,1.088976+0.475320j,16.289765
-49.261025-19.614299j,-4.874565+0.615371j,1.095886+0.476260j,16.427177
-50.335203-20.238088j,-4.897342+0.612133j,1.102771+0.477191j,16.564593
-51.427215-20.875947j,-4.920013+0.608926j,1.109632+0.478116j,16.702013
-52.537290-21.528112j,-4.942580+0.605749j,1.116469+0.479033j,16.839438
-53.709183-22.220614j,-4.965900+0.602482j,1.123543+0.479977j,16.982075
-54.901056-22.929069j,-4.989110+0.599247j,1.130591+0.480913j,17.124717
-56.113172-23.653752j,-5.012211+0.596043j,1.137613+0.481842j,17.267364
-57.345797-24.394943j,-5.035205+0.592868j,1.144611+0.482763j,17.410015
-58.599201-25.152925j,-5.058093+0.589724j,1.151584+0.483676j,17.552671
-59.873654-25.927986j,-5.080877+0.586608j,1.158533+0.484583j,17.695332
-61.169431-26.720418j,-5.103558+0.583521j,1.165457+0.485482j,17.837997
-62.536691-27.561276j,-5.126983+0.580348j,1.172616+0.486407j,17.985973
-63.927518-28.421484j,-5.150299+0.577205j,1.179749+0.487325j,18.133954
-65.342227-29.301383j,-5.173509+0.574090j,1.186857+0.488236j,18.281940
-66.781138-30.201315j,-5.196613+0.571004j,1.193940+0.489139j,18.429931
-68.244573-31.121629j,-5.219614+0.567946j,1.200997+0.490035j,18.577927
-69.732860-32.062678j,-5.242511+0.564915j,1.208030+0.490925j,18.725927
-71.246328-33.024820j,-5.265307+0.561911j,1.215038+0.491807j,18.873932
-72.842545-34.045099j,-5.288838+0.558824j,1.222279+0.492714j,19.027347
-74.466568-35.088856j,-5.312262+0.555765j,1.229495+0.493615j,19.180768
-76.118776-36.156507j,-5.335582+0.552734j,1.236684+0.494508j,19.334194
-77.799552-37.248473j,-5.358797+0.549729j,1.243849+0.495395j,19.487625
-79.509286-38.365184j,-5.381911+0.546751j,1.250988+0.496274j,19.641060
-81.248368-39.507071j,-5.404923+0.543798j,1.258102+0.497147j,19.794501
-81.994448-39.998777j,-5.414646+0.542554j,1.261110+0.497515j,19.859887
-81.994448-39.998777j,-5.414646+0.542554j,1.261110+0.497515j,19.859887
-81.994448-39.998778j,-5.414646+0.542554j,1.261110+0.497515j,19.859887
-81.994449-39.998778j,-5.414646+0.542554j,1.261110+0.497515j,19.859887
-81.994451-39.998779j,-5.414647+0.542554j,1.261110+0.497515j,19.859887
-81.994462-39.998786j,-5.414647+0.542554j,1.261110+0.497515j,19.859888
-81.994508-39.998817j,-5.414647+0.542554j,1.261110+0.497515j,19.859892
-81.994719-39.998956j,-5.414650+0.542554j,1.261111+0.497515j,19.859911
-81.995666-39.999581j,-5.414662+0.542552j,1.261115+0.497515j,19.859994
-81.999929-40.002393j,-5.414718+0.542545j,1.261132+0.497517j,19.860367
-82.019112-40.015050j,-5.414966+0.542514j,1.261209+0.497527j,19.862049
-82.105479-40.072045j,-5.416086+0.542370j,1.261556+0.497569j,19.869612
-82.495019-40.329287j,-5.421122+0.541727j,1.263114+0.497759j,19.903594
-84.265974-41.502457j,-5.443723+0.538849j,1.270111+0.498612j,20.055431
-86.159338-42.763285j,-5.467373+0.535849j,1.277440+0.499501j,20.214942
-88.086061-44.053150j,-5.490918+0.532875j,1.284742+0.500383j,20.374458
-90.046607-45.372572j,-5.514361+0.529928j,1.292019+0.501259j,20.533979
-92.041443-46.722081j,-5.537702+0.527005j,1.299271+0.502127j,20.693506
-94.071045-48.102213j,-5.560942+0.524107j,1.306497+0.502990j,20.853038
-96.135891-49.513511j,-5.584082+0.521233j,1.313697+0.503845j,21.012574
-98.236467-50.956529j,-5.607125+0.518383j,1.320874+0.504695j,21.172116
-100.449661-52.484709j,-5.630882+0.515457j,1.328278+0.505568j,21.337263
-102.702236-54.048126j,-5.654536+0.512556j,1.335656+0.506434j,21.502415
-104.994750-55.647421j,-5.678089+0.509678j,1.343009+0.507294j,21.667573
-107.327765-57.283243j,-5.701542+0.506825j,1.350336+0.508148j,21.832736
-109.701850-58.956249j,-5.724895+0.503995j,1.357637+0.508995j,21.997904
-112.117580-60.667109j,-5.748151+0.501188j,1.364913+0.509836j,22.163077
-114.575536-62.416501j,-5.771311+0.498403j,1.372165+0.510671j,22.328256
-117.164327-64.268223j,-5.795177+0.495544j,1.379643+0.511529j,22.499146
-119.799632-66.162723j,-5.818943+0.492709j,1.387095+0.512380j,22.670042
-122.482118-68.100785j,-5.842608+0.489897j,1.394521+0.513226j,22.840943
-125.212461-70.083207j,-5.866176+0.487107j,1.401922+0.514065j,23.011850
-127.991343-72.110797j,-5.889645+0.484340j,1.409297+0.514898j,23.182762
-130.819454-74.184377j,-5.913019+0.481594j,1.416646+0.515725j,23.353680
-133.697494-76.304780j,-5.936297+0.478869j,1.423971+0.516547j,23.524603
-136.727448-78.548012j,-5.960274+0.476073j,1.431521+0.517390j,23.701332
-139.812358-80.843185j,-5.984152+0.473299j,1.439044+0.518228j,23.878067
-142.953024-83.191263j,-6.007931+0.470547j,1.446541+0.519059j,24.054808
-146.150254-85.593224j,-6.031613+0.467816j,1.454013+0.519885j,24.231554
-149.404869-88.050063j,-6.055200+0.465106j,1.461459+0.520705j,24.408306
-152.717697-90.562788j,-6.078691+0.462417j,1.468880+0.521519j,24.585064
-156.089576-93.132422j,-6.102089+0.459748j,1.476276+0.522328j,24.761827
-157.067062-93.879593j,-6.108779+0.458987j,1.478391+0.522559j,24.812843
-157.067062-93.879593j,-6.108779+0.458987j,1.478391+0.522559j,24.812843
-157.067062-93.879593j,-6.108779+0.458987j,1.478391+0.522559j,24.812843
-157.067063-93.879594j,-6.108779+0.458987j,1.478391+0.522559j,24.812843
-157.067066-93.879597j,-6.108779+0.458987j,1.478391+0.522559j,24.812843
-157.067084-93.879610j,-6.108779+0.458987j,1.478391+0.522559j,24.812844
-157.067162-93.879670j,-6.108779+0.458987j,1.478391+0.522559j,24.812848
-157.067516-93.879941j,-6.108782+0.458986j,1.478392+0.522559j,24.812866
-157.069107-93.881157j,-6.108793+0.458985j,1.478395+0.522559j,24.812949
-157.076265-93.886633j,-6.108842+0.458980j,1.478411+0.522561j,24.813323
-157.108479-93.911274j,-6.109061+0.458955j,1.478480+0.522568j,24.815004
-157.253511-94.022226j,-6.110050+0.458842j,1.478793+0.522602j,24.822568
-157.907495-94.522805j,-6.114497+0.458337j,1.480199+0.522756j,24.856556
-160.877694-96.801870j,-6.134469+0.456070j,1.486518+0.523443j,25.008523
-164.539835-99.624293j,-6.158596+0.453341j,1.494155+0.524271j,25.192483
-168.269172-102.512329j,-6.182626+0.450632j,1.501766+0.525094j,25.376448
-172.066702-105.467211j,-6.206560+0.447944j,1.509351+0.525910j,25.560419
-175.933432-108.490193j,-6.230397+0.445276j,1.516911+0.526722j,25.744397
-179.870382-111.582547j,-6.254141+0.442628j,1.524444+0.527527j,25.928380
-183.878584-114.745566j,-6.277791+0.439999j,1.531952+0.528328j,26.112369
-187.959083-117.980562j,-6.301349+0.437389j,1.539436+0.529122j,26.296363
-192.112934-121.288867j,-6.324816+0.434798j,1.546894+0.529912j,26.480363
-196.498869-124.798271j,-6.349055+0.432131j,1.554602+0.530726j,26.671099
-200.966034-128.389488j,-6.373198+0.429483j,1.562283+0.531534j,26.861841
-205.515651-132.064074j,-6.397246+0.426854j,1.569939+0.532336j,27.052590
-210.148957-135.823609j,-6.421201+0.424244j,1.577569+0.533133j,27.243344
-214.867203-139.669700j,-6.445063+0.421653j,1.585173+0.533925j,27.434104
-219.671656-143.603976j,-6.468833+0.419080j,1.592752+0.534712j,27.624870
-224.563599-147.628093j,-6.492513+0.416525j,1.600306+0.535494j,27.815642
-229.544330-151.743735j,-6.516103+0.413988j,1.607835+0.536271j,28.006420
-234.804086-156.109780j,-6.540470+0.411375j,1.615616+0.537071j,28.204175
-240.162201-160.578001j,-6.564744+0.408781j,1.623370+0.537866j,28.401936
-245.620176-165.150366j,-6.588924+0.406205j,1.631099+0.538656j,28.599703
-251.179532-169.828872j,-6.613012+0.403647j,1.638802+0.539441j,28.797477
-256.841807-174.615548j,-6.637009+0.401107j,1.646480+0.540221j,28.995257
-262.608559-179.512455j,-6.660916+0.398583j,1.654132+0.540996j,29.193043
-268.481367-184.521690j,-6.684734+0.396077j,1.661759+0.541767j,29.390835
-274.461826-189.645379j,-6.708464+0.393587j,1.669362+0.542532j,29.588633
-279.849659-194.280524j,-6.729407+0.391396j,1.676074+0.543206j,29.764018
-279.849659-194.280524j,-6.729407+0.391396j,1.676074+0.543206j,29.764018
-279.849659-194.280524j,-6.729407+0.391396j,1.676074+0.543206j,29.764018
-279.849661-194.280526j,-6.729407+0.391396j,1.676074+0.543206j,29.764018
-279.849667-194.280531j,-6.729407+0.391396j,1.676074+0.543206j,29.764019
-279.849695-194.280555j,-6.729408+0.391396j,1.676074+0.543206j,29.764019
-279.849821-194.280663j,-6.729408+0.391396j,1.676075+0.543206j,29.764024
-279.850387-194.281152j,-6.729410+0.391396j,1.676075+0.543206j,29.764042
-279.852936-194.283349j,-6.729420+0.391395j,1.676078+0.543206j,29.764125
-279.864406-194.293235j,-6.729464+0.391390j,1.676093+0.543208j,29.764499
-279.916026-194.337731j,-6.729663+0.391370j,1.676156+0.543214j,29.766180
-280.148411-194.538065j,-6.730557+0.391276j,1.676443+0.543243j,29.773744
-281.196113-195.441677j,-6.734579+0.390856j,1.677732+0.543372j,29.807737
-285.950820-199.550881j,-6.752647+0.388972j,1.683526+0.543952j,29.959803
-292.540447-205.268392j,-6.777201+0.386417j,1.691402+0.544739j,30.166577
-299.254856-211.120551j,-6.801663+0.383880j,1.699253+0.545520j,30.373358
-306.095987-217.109986j,-6.826034+0.381360j,1.707077+0.546297j,30.580145
-313.065805-223.239372j,-6.850314+0.378857j,1.714876+0.547069j,30.786939
-320.166300-229.511425j,-6.874505+0.376370j,1.722649+0.547836j,30.993740
-327.399487-235.928905j,-6.898607+0.373899j,1.730397+0.548599j,31.200546
-334.767406-242.494618j,-6.922622+0.371445j,1.738120+0.549357j,31.407360
-342.272124-249.211416j,-6.946550+0.369006j,1.745818+0.550110j,31.614179
-350.179526-256.319844j,-6.971206+0.366499j,1.753754+0.550885j,31.828002
-358.237824-263.596221j,-6.995771+0.364010j,1.761663+0.551654j,32.041831
-366.449391-271.043859j,-7.020247+0.361536j,1.769547+0.552420j,32.255668
-374.816634-278.666125j,-7.044633+0.359078j,1.777405+0.553180j,32.469511
-383.341990-286.466442j,-7.068932+0.356636j,1.785238+0.553937j,32.683360
-392.027927-294.448291j,-7.093144+0.354209j,1.793046+0.554689j,32.897217
-400.876944-302.615210j,-7.117270+0.351797j,1.800829+0.555436j,33.111079
-409.891575-310.970793j,-7.141311+0.349400j,1.808587+0.556179j,33.324948
-419.395822-319.818567j,-7.166097+0.346935j,1.816588+0.556944j,33.546162
-429.082989-328.876346j,-7.190794+0.344486j,1.824564+0.557704j,33.767382
-438.955992-338.148314j,-7.215402+0.342052j,1.832514+0.558459j,33.988609
-449.017785-347.638730j,-7.239923+0.339633j,1.840438+0.559211j,34.209843
-459.271361-357.351922j,-7.264358+0.337229j,1.848338+0.559958j,34.431084
-469.719753-367.292290j,-7.288707+0.334839j,1.856212+0.560700j,34.652331
-472.638581-370.076772j,-7.295413+0.334182j,1.858381+0.560905j,34.713864
-472.638581-370.076772j,-7.295413+0.334182j,1.858381+0.560905j,34.713864
-472.638582-370.076772j,-7.295413+0.334182j,1.858381+0.560905j,34.713864
-472.638584-370.076774j,-7.295413+0.334182j,1.858381+0.560905j,34.713864
-472.638594-370.076784j,-7.295413+0.334182j,1.858381+0.560905j,34.713865
-472.638637-370.076825j,-7.295413+0.334182j,1.858381+0.560905j,34.713865
-472.638831-370.077011j,-7.295413+0.334182j,1.858381+0.560905j,34.713870
-472.639706-370.077846j,-7.295415+0.334182j,1.858382+0.560905j,34.713888
-472.643644-370.081605j,-7.295424+0.334181j,1.858385+0.560905j,34.713971
-472.661365-370.098520j,-7.295465+0.334177j,1.858398+0.560906j,34.714345
-472.741114-370.174645j,-7.295648+0.334159j,1.858457+0.560912j,34.716026
-473.100125-370.517372j,-7.296469+0.334079j,1.858723+0.560937j,34.723590
-474.718495-372.062952j,-7.300166+0.333717j,1.859919+0.561049j,34.757587
-482.058552-379.085410j,-7.316779+0.332092j,1.865293+0.561555j,34.909731
-493.289072-389.869283j,-7.341718+0.329658j,1.873364+0.562312j,35.137995
-504.737655-400.910579j,-7.366569+0.327239j,1.881409+0.563065j,35.366266
-516.407819-412.214487j,-7.391332+0.324834j,1.889429+0.563814j,35.594545
-528.303130-423.786282j,-7.416009+0.322444j,1.897422+0.564558j,35.822830
-540.427204-435.631330j,-7.440601+0.320068j,1.905391+0.565298j,36.051123
-552.783700-447.755090j,-7.465108+0.317706j,1.913335+0.566035j,36.279422
-565.376332-460.163112j,-7.489531+0.315358j,1.921254+0.566767j,36.507728
-578.208857-472.861042j,-7.513871+0.313024j,1.929148+0.567496j,36.736042
-591.285086-485.854622j,-7.538129+0.310703j,1.937019+0.568220j,36.964362
-605.094701-499.635509j,-7.563177+0.308312j,1.945148+0.568967j,37.200845
-619.174434-513.746657j,-7.588139+0.305935j,1.953251+0.569709j,37.437336
-633.528693-528.194789j,-7.613015+0.303571j,1.961329+0.570447j,37.673834
-648.161950-542.986741j,-7.637807+0.301222j,1.969382+0.571182j,37.910340
-663.078734-558.129472j,-7.662514+0.298886j,1.977410+0.571913j,38.146852
-678.283637-573.630059j,-7.687139+0.296563j,1.985413+0.572639j,38.383372
-693.781312-589.495703j,-7.711682+0.294253j,1.993391+0.573362j,38.619899
-709.576475-605.733727j,-7.736143+0.291956j,2.001345+0.574081j,38.856433
-725.673906-622.351582j,-7.760523+0.289672j,2.009276+0.574797j,39.092974
-742.688111-639.990189j,-7.785717+0.287316j,2.017472+0.575535j,39.338133
-760.037919-658.053841j,-7.810825+0.284975j,2.025644+0.576269j,39.583300
-765.680081-663.944669j,-7.818869+0.284226j,2.028262+0.576503j,39.662591
