24,0,379,3,809
25,0,379,3,809
26,0,379,3,809
27,0,379,3,809
28,0,379,3,809
29,0,379,3,809
30,0,379,3,809
31,0,379,3,809
32,0,379,3,809
33,0,379,3,809
34,0,379,3,809
35,0,379,3,809
36,0,379,3,809
37,0,379,3,809
38,0,379,3,809
39,0,379,3,809
40,0,379,3,809
41,0,379,3,809
42,0,453,18,615
43,0,379,21,718
44,0,379,21,718
45,0,379,21,718
46,0,379,21,718
47,0,379,21,718
48,0,379,21,718
49,0,379,21,718
50,0,379,21,718
51,0,379,21,718
52,0,379,21,718
53,0,379,21,718
54,0,379,21,718
55,0,379,21,718
56,0,379,21,718
57,0,379,21,718
58,0,379,21,718
59,0,379,21,718
60,0,379,21,718
61,0,443,22,899
62,1,793,5,374
63,1,793,5,374
64,1,793,5,374
65,1,793,5,374
66,1,793,5,374
67,1,793,5,374
68,1,793,5,374
69,1,793,5,374
70,1,793,5,374
71,1,793,5,374
72,1,793,5,374
73,1,793,5,374
74,1,793,5,374
75,1,793,5,374
76,1,793,5,374
77,1,793,5,374
78,1,793,5,374
79,1,793,5,374
80,1,793,19,761
81,1,793,19,761
82,1,793,19,761
83,1,793,19,761
84,1,793,19,761
85,1,793,19,761
86,1,793,19,761
87,1,793,19,761
88,1,793,19,761
89,1,793,19,761
90,1,793,19,761
91,1,793,19,761
92,1,793,19,761
93,1,793,19,761
94,1,793,19,761
95,1,793,19,761
96,1,793,19,761
97,1,793,19,761
98,1,793,19,761
99,1,793,19,761
100,1,793,19,761
101,1,793,19,761
102,1,793,19,761
103,1,793,19,761
104,1,793,19,761
105,1,793,19,761
106,1,793,19,761
107,1,793,19,761
108,1,793,19,761
109,1,793,19,761
110,1,793,19,761
111,1,793,19,761
112,1,793,19,761
113,1,793,19,761
114,1,793,19,761
115,1,793,19,761
116,1,793,19,761
117,1,793,19,761
118,1,793,19,761
119,1,793,19,761
120,1,793,19,761
121,1,793,19,761
122,1,793,19,761
123,1,793,19,761
124,1,793,19,761
125,1,793,19,761
126,1,793,19,761
127,1,793,19,761
128,1,793,19,761
129,1,793,19,761
130,1,793,19,761
131,1,793,19,761
132,1,793,19,761
133,1,793,19,761
134,2,475,6,500
135,2,390,10,801
136,3,809,11,741
137,3,809,11,741
138,3,809,11,741
139,3,809,11,741
140,3,809,11,741
141,3,809,11,741
142,3,809,11,741
143,3,809,11,741
144,3,809,11,741
145,3,809,11,741
146,3,809,11,741
147,3,809,11,741
148,3,809,11,741
149,3,809,11,741
150,3,809,11,741
151,3,809,11,741
152,3,809,11,741
153,3,809,11,741
154,3,809,11,741
155,3,809,11,741
156,3,809,11,741
157,3,809,11,741
158,3,809,11,741
159,3,809,11,741
160,3,809,11,741
161,3,809,11,741
162,3,809,11,741
163,3,809,11,741
164,3,809,11,741
165,3,809,11,741
166,3,809,11,741
167,3,809,11,741
168,3,809,11,741
169,3,809,11,741
170,3,809,11,741
171,3,809,11,741
172,3,809,11,741
173,3,809,11,741
174,3,809,11,741
175,3,809,11,741
176,3,809,11,741
177,3,809,11,741
178,3,809,11,741
179,3,809,11,741
180,3,809,11,741
181,3,809,11,741
182,3,809,11,741
183,3,809,11,741
184,3,809,11,741
185,3,809,11,741
186,3,809,11,741
187,3,809,11,741
188,3,809,11,741
189,3,809,11,741
190,3,809,11,741
191,3,809,11,741
192,3,809,11,741
193,3,809,11,741
194,3,809,11,741
195,3,809,11,741
196,3,809,11,741
197,3,809,11,741
198,3,809,11,741
199,3,809,11,741
200,3,809,11,741
201,3,809,11,741
202,3,809,11,741
203,3,809,11,741
204,3,809,11,741
205,3,809,11,741
206,3,809,11,741
207,3,809,11,741
208,4,394,18,852
209,4,498,22,571
210,5,374,8,653
211,5,374,8,653
212,5,374,8,653
213,5,374,8,653
214,5,374,8,653
215,5,374,8,653
216,5,374,8,653
217,5,374,8,653
218,5,374,8,653
219,5,374,8,653
220,5,374,8,653
221,5,374,8,653
222,5,374,8,653
223,5,374,8,653
224,5,374,8,653
225,5,374,8,653
226,5,374,8,653
227,5,374,8,653
228,5,447,10,587
229,6,670,10,602
230,6,602,19,981
231,8,432,11,481
232,8,382,13,456
233,8,583,16,610
234,8,653,19,761
235,8,653,19,761
236,8,653,19,761
237,8,653,19,761
238,8,653,19,761
239,8,653,19,761
240,8,653,19,761
241,8,653,19,761
242,8,653,19,761
243,8,653,19,761
244,8,653,19,761
245,8,653,19,761
246,8,653,19,761
247,8,653,19,761
248,8,653,19,761
249,8,653,19,761
250,8,653,19,761
251,8,653,19,761
252,8,653,19,761
253,8,653,19,761
254,8,653,19,761
255,8,653,19,761
256,8,653,19,761
257,8,653,19,761
258,8,653,19,761
259,8,653,19,761
260,8,653,19,761
261,8,653,19,761
262,8,653,19,761
263,8,653,19,761
264,8,653,19,761
265,8,653,19,761
266,8,653,19,761
267,8,653,19,761
268,8,653,19,761
269,8,653,19,761
270,8,653,19,761
271,8,653,19,761
272,8,653,19,761
273,8,653,19,761
274,8,653,19,761
275,8,653,19,761
276,8,653,19,761
277,8,653,19,761
278,8,653,19,761
279,8,653,19,761
280,8,653,19,761
281,8,653,19,761
282,8,653,19,761
283,8,653,19,761
284,8,653,19,761
285,8,653,19,761
286,8,653,19,761
287,8,653,19,761
288,8,653,19,761
289,8,653,19,761
290,8,653,19,761
291,8,653,19,761
292,8,653,19,761
293,8,653,19,761
294,8,653,19,761
295,8,653,19,761
296,8,653,19,761
297,8,653,19,761
298,8,653,19,761
299,8,653,19,761
300,8,653,19,761
301,8,653,19,761
302,8,653,19,761
303,8,653,19,761
304,8,653,19,761
305,8,653,19,761
306,10,672,19,952
307,11,536,13,409
308,11,632,15,632
309,11,942,18,709
310,11,741,21,718
311,11,741,21,718
312,11,741,21,718
313,11,741,21,718
314,11,741,21,718
315,11,741,21,718
316,11,741,21,718
317,11,741,21,718
318,11,741,21,718
319,11,741,21,718
320,11,741,21,718
321,11,741,21,718
322,11,741,21,718
323,11,741,21,718
324,11,741,21,718
325,11,741,21,718
326,11,741,21,718
327,11,741,21,718
328,11,741,21,718
329,11,741,21,718
330,11,741,21,718
331,11,741,21,718
332,11,741,21,718
333,11,741,21,718
334,11,741,21,718
335,11,741,21,718
336,11,741,21,718
337,11,741,21,718
338,11,741,21,718
339,11,741,21,718
340,11,741,21,718
341,11,741,21,718
342,11,741,21,718
343,11,741,21,718
344,11,741,21,718
345,11,741,21,718
346,11,741,21,718
347,11,741,21,718
348,11,741,21,718
349,11,741,21,718
350,11,741,21,718
351,11,741,21,718
352,11,741,21,718
353,11,741,21,718
354,11,741,21,718
355,11,741,21,718
356,11,741,21,718
357,11,741,21,718
358,11,741,21,718
359,11,741,21,718
360,11,741,21,718
361,11,741,21,718
362,11,741,21,718
363,11,741,21,718
364,11,741,21,718
365,11,741,21,718
366,11,741,21,718
367,11,741,21,718
368,11,741,21,718
369,11,741,21,718
370,11,741,21,718
371,11,741,21,718
372,11,741,21,718
373,11,741,21,718
374,11,741,21,718
375,11,741,21,718
376,11,741,21,718
377,11,741,21,718
378,11,741,21,718
379,11,741,21,718
380,11,741,21,718
381,11,741,21,718
382,11,741,21,718
383,11,741,21,718
384,11,741,21,718
385,11,741,21,718
386,11,741,21,718
387,11,741,21,718
388,11,741,21,718
389,11,741,21,718
390,11,741,21,718
391,11,741,21,718
392,11,741,21,718
393,11,741,21,718
394,11,741,21,718
395,11,741,21,718
396,11,741,21,718
397,11,741,21,718
398,11,741,21,718
399,11,741,21,718
400,11,982,22,749
401,12,511,15,608
402,12,511,15,608
403,12,511,15,608
404,12,511,15,608
405,12,511,15,608
406,12,511,15,608
407,12,511,15,608
408,12,511,15,608
409,12,511,15,608
410,12,511,15,608
411,12,511,15,608
412,12,511,15,608
413,12,511,15,608
414,12,511,15,608
415,12,511,15,608
416,12,511,15,608
417,12,511,15,608
418,12,511,15,608
419,12,574,21,648
420,14,592,16,548
421,14,592,16,548
422,14,592,16,548
423,14,592,16,548
424,14,592,16,548
425,14,592,16,548
426,14,592,16,548
427,14,592,16,548
428,14,592,16,548
429,14,592,16,548
430,14,592,16,548
431,14,592,16,548
432,14,592,16,548
433,14,592,16,548
434,14,592,16,548
435,14,592,16,548
436,14,592,16,548
437,14,592,16,548
438,14,613,19,645
439,17,427,19,525
440,17,499,21,410
441,18,629,22,871
442,19,462,21,479
443,0,417,419,54
444,1,793,210,9
445,1,793,210,9
446,1,793,210,9
447,1,793,210,9
448,1,793,210,9
449,1,793,210,9
450,1,793,210,9
451,1,793,210,9
452,1,793,210,9
453,1,793,210,9
454,1,793,210,9
455,1,793,210,9
456,1,793,210,9
457,1,793,210,9
458,1,793,210,9
459,1,793,210,9
460,1,793,211,9
461,1,793,211,9
462,1,793,211,9
463,1,793,211,9
464,1,793,211,9
465,1,793,211,9
466,1,793,211,9
467,1,793,211,9
468,1,793,211,9
469,1,793,211,9
470,1,793,211,9
471,1,793,211,9
472,2,438,307,185
473,2,430,308,73
474,2,425,401,96
475,2,425,401,96
476,2,425,401,96
477,2,425,401,96
478,3,809,25,2
479,3,809,25,2
480,3,809,25,2
481,3,809,25,2
482,3,809,34,2
483,3,809,34,2
484,3,809,34,2
485,3,809,34,2
486,3,809,34,2
487,3,809,34,2
488,3,809,34,2
489,3,809,34,2
490,3,809,34,2
491,3,809,34,2
492,3,809,34,2
493,3,809,34,2
494,3,809,34,2
495,3,809,34,2
496,3,809,34,2
497,3,809,34,2
498,3,809,34,2
499,3,809,34,2
500,3,809,43,8
501,3,809,43,8
502,3,809,43,8
503,3,809,43,8
504,3,809,43,8
505,3,809,43,8
506,3,809,43,8
507,3,809,43,8
508,3,809,43,8
509,3,809,43,8
510,3,809,43,8
511,3,809,43,8
512,3,809,44,8
513,3,809,44,8
514,3,809,44,8
515,3,809,44,8
516,3,809,44,8
517,3,809,44,8
518,3,809,44,8
519,3,809,44,8
520,3,809,44,8
521,3,809,44,8
522,3,809,44,8
523,3,809,44,8
524,4,424,421,105
525,4,424,421,105
526,4,424,421,105
527,4,424,421,105
528,4,325,434,138
529,4,325,434,138
530,4,429,438,76
531,4,438,439,248
532,5,415,233,54
533,6,602,220,178
534,10,672,220,151
535,10,672,307,310
536,11,741,43,8
537,11,741,43,8
538,11,741,43,8
539,11,741,43,8
540,11,741,43,8
541,11,741,43,8
542,11,741,43,8
543,11,741,43,8
544,11,741,43,8
545,11,741,43,8
546,11,741,43,8
547,11,741,43,8
548,11,741,44,8
549,11,741,44,8
550,11,741,44,8
551,11,741,44,8
552,11,741,44,8
553,11,741,44,8
554,11,741,44,8
555,11,741,44,8
556,11,741,44,8
557,11,741,44,8
558,11,741,44,8
559,11,741,44,8
560,11,653,401,46
561,11,653,401,46
562,11,653,401,46
563,11,653,401,46
564,11,653,403,47
565,11,653,403,47
566,11,653,403,47
567,11,653,403,47
568,11,642,415,36
569,11,952,421,221
570,11,952,421,221
571,11,952,421,221
572,11,952,421,221
573,11,942,439,438
574,11,668,442,194
575,12,549,442,170
576,12,549,442,170
577,12,549,442,170
578,12,549,442,170
579,12,549,442,170
580,12,549,442,170
581,12,549,442,170
582,12,549,442,170
583,12,549,442,170
584,12,549,442,170
585,12,549,442,170
586,12,549,442,170
587,12,549,442,170
588,12,549,442,170
589,12,549,442,170
590,12,549,442,170
591,12,549,442,170
592,12,549,442,170
593,16,585,231,137
594,16,585,231,137
595,16,585,231,137
596,16,585,231,137
597,16,585,231,137
598,16,585,231,137
599,16,585,231,137
600,16,585,231,137
601,16,585,231,137
602,16,585,231,137
603,16,585,231,137
604,16,585,231,137
605,16,585,231,137
606,16,585,231,137
607,16,585,231,137
608,16,585,231,137
609,16,585,231,137
610,16,585,231,137
611,18,709,53,162
612,18,709,439,438
613,19,761,210,8
614,19,761,210,8
615,19,761,210,8
616,19,761,210,8
617,19,761,210,8
618,19,761,210,8
619,19,761,210,8
620,19,761,210,8
621,19,761,210,8
622,19,761,210,8
623,19,761,210,8
624,19,761,210,8
625,19,761,211,8
626,19,761,211,8
627,19,761,211,8
628,19,761,211,8
629,19,761,211,8
630,19,761,211,8
631,19,761,211,8
632,19,761,211,8
633,19,685,231,160
634,19,952,307,310
635,19,961,401,209
636,19,961,401,209
637,19,961,401,209
638,19,961,401,209
639,19,668,421,53
640,19,668,421,53
641,19,668,421,53
642,19,668,421,53
643,19,668,423,54
644,19,668,423,54
645,19,668,423,54
646,19,668,423,54
647,19,656,430,39
648,19,660,431,42
649,21,718,43,2
650,21,718,43,2
651,21,718,43,2
652,21,718,43,2
653,22,749,53,201
654,24,2,34,2
655,24,2,34,2
656,24,2,34,2
657,24,2,34,2
658,24,111,442,170
659,24,111,442,170
660,24,111,442,170
661,24,111,442,170
662,25,2,34,2
663,25,2,34,2
664,25,2,34,2
665,25,2,34,2
666,53,172,421,221
667,53,172,421,221
668,53,172,421,221
669,53,172,421,221
670,53,162,439,438
671,63,94,231,137
672,63,94,231,137
673,63,94,231,137
674,63,94,231,137
675,220,151,307,310
676,220,159,401,209
677,220,159,401,209
678,220,159,401,209
679,220,159,401,209
680,231,174,420,69
681,231,174,420,69
682,231,174,420,69
683,231,174,420,69
684,231,174,421,83
685,231,174,421,83
686,231,174,421,83
687,231,174,421,83
688,231,174,422,69
689,231,174,422,69
690,231,174,422,69
691,231,174,422,69
692,231,174,423,83
693,231,174,423,83
694,231,174,423,83
695,231,174,423,83
696,231,154,434,54
697,231,154,434,54
698,231,154,434,54
699,231,154,434,54
700,231,154,434,54
701,231,154,434,54
702,231,154,434,54
703,231,154,434,54
704,231,154,434,54
705,231,154,434,54
706,231,154,434,54
707,231,154,434,54
708,231,154,434,54
709,231,154,434,54
710,231,154,434,54
711,231,154,434,54
712,231,154,434,54
713,231,154,434,54
714,307,244,402,138
715,307,244,402,138
716,307,244,402,138
717,307,244,402,138
718,307,244,402,138
719,307,244,402,138
720,307,244,402,138
721,307,244,402,138
722,307,244,402,138
723,307,244,402,138
724,307,244,402,138
725,307,244,402,138
726,401,73,442,207
727,401,73,442,207
728,401,73,442,207
729,401,73,442,207
730,402,80,442,207
731,402,80,442,207
732,402,80,442,207
733,402,80,442,207
734,403,73,442,207
735,403,73,442,207
736,403,73,442,207
737,403,73,442,207
738,404,65,442,207
739,404,65,442,207
740,404,65,442,207
741,404,65,442,207
742,411,64,442,189
743,411,64,442,189
744,411,64,442,189
745,411,64,442,189
746,411,64,442,189
747,411,64,442,189
748,411,64,442,189
749,411,64,442,189
750,411,64,442,189
751,411,64,442,189
752,411,64,442,189
753,411,64,442,189
754,411,64,442,189
755,411,64,442,189
756,411,64,442,189
757,411,64,442,189
758,411,64,442,189
759,411,64,442,189
760,420,130,439,336
761,420,130,439,336
762,420,130,439,336
763,420,130,439,336
764,420,130,439,336
765,420,130,439,336
766,420,130,439,336
767,420,130,439,336
768,424,5,426,6
769,424,5,426,6
770,424,5,426,6
771,424,5,426,6
772,424,5,426,6
773,424,5,426,6
774,424,5,426,6
775,424,5,426,6
776,424,5,426,6
777,424,5,426,6
778,424,5,426,6
779,424,5,426,6
780,424,5,426,6
781,424,5,426,6
782,424,5,426,6
783,424,5,426,6
784,424,5,426,6
785,424,5,426,6
786,0,379,575,103
787,0,379,575,103
788,0,379,575,103
789,0,379,575,103
790,1,793,593,110
791,1,793,593,110
792,1,793,593,110
793,1,793,593,110
794,1,793,593,110
795,1,793,593,110
796,1,793,593,110
797,1,793,593,110
798,3,809,575,103
799,3,809,575,103
800,3,809,575,103
801,3,809,575,103
802,3,809,575,103
803,3,809,575,103
804,3,809,575,103
805,3,809,575,103
806,3,809,575,103
807,3,809,575,103
808,3,809,575,103
809,3,809,575,103
810,3,809,575,103
811,3,809,575,103
812,3,809,575,103
813,3,809,575,103
814,5,374,593,109
815,5,374,593,109
816,5,374,593,109
817,5,374,593,109
818,6,560,474,89
819,8,653,593,109
820,8,653,593,109
821,8,653,593,109
822,8,653,593,109
823,8,653,593,109
824,8,653,593,109
825,8,653,593,109
826,8,653,593,109
827,8,653,593,109
828,8,653,593,109
829,8,653,593,109
830,8,653,593,109
831,8,653,593,109
832,8,653,593,109
833,8,653,593,109
834,8,653,593,109
835,8,653,593,109
836,8,653,593,109
837,8,653,593,109
838,8,653,593,109
839,8,600,603,43
840,11,741,575,103
841,11,741,575,103
842,11,741,575,103
843,11,741,575,103
844,11,741,575,103
845,11,741,575,103
846,11,741,575,103
847,11,741,575,103
848,11,741,575,103
849,11,741,575,103
850,11,741,575,103
851,11,741,575,103
852,11,741,575,103
853,11,741,575,103
854,11,741,575,103
855,11,741,575,103
856,11,741,575,103
857,11,741,575,103
858,11,741,575,103
859,11,741,575,103
860,11,686,589,46
861,19,761,593,109
862,19,761,593,109
863,19,761,593,109
864,19,761,593,109
865,19,761,593,109
866,19,761,593,109
867,19,761,593,109
868,19,761,593,109
869,19,761,593,109
870,19,761,593,109
871,19,761,593,109
872,19,761,593,109
873,19,761,593,109
874,19,761,593,109
875,19,761,593,109
876,19,761,593,109
877,19,761,593,109
878,19,761,593,109
879,19,761,593,109
880,19,761,593,109
881,19,703,607,47
882,21,719,575,103
883,21,719,575,103
884,21,719,575,103
885,21,719,575,103
886,21,719,575,103
887,21,719,575,103
888,21,719,575,103
889,21,719,575,103
890,21,719,575,103
891,21,719,575,103
892,21,719,575,103
893,21,719,575,103
894,21,719,575,103
895,21,719,575,103
896,21,719,575,103
897,21,719,575,103
898,21,719,575,103
899,21,719,575,103
900,21,719,575,103
901,21,719,575,103
902,21,666,585,48
903,22,662,524,129
904,63,94,607,9
905,63,94,607,9
906,63,94,607,9
907,63,94,607,9
908,76,11,593,109
909,76,11,593,109
910,76,11,593,109
911,76,11,593,109
912,76,11,593,109
913,76,11,593,109
914,76,11,593,109
915,76,11,593,109
916,220,10,593,109
917,220,10,593,109
918,220,10,593,109
919,220,10,593,109
920,220,10,593,109
921,220,10,593,109
922,220,10,593,109
923,220,10,593,109
924,220,10,593,109
925,220,10,593,109
926,220,10,593,109
927,220,10,593,109
928,307,202,474,33
929,308,80,474,22
930,411,82,589,46
931,411,82,589,46
932,411,82,589,46
933,411,82,589,46
934,411,82,589,46
935,411,82,589,46
936,411,82,589,46
937,411,82,589,46
938,411,82,589,46
939,411,82,589,46
940,411,82,589,46
941,411,82,589,46
942,411,82,589,46
943,411,82,589,46
944,411,82,589,46
945,411,82,589,46
946,411,82,589,46
947,411,82,589,46
948,434,71,607,47
949,434,71,607,47
950,434,71,607,47
951,434,71,607,47
952,434,71,607,47
953,434,71,607,47
954,434,71,607,47
955,434,71,607,47
956,434,71,607,47
957,434,71,607,47
958,434,71,607,47
959,434,71,607,47
960,434,71,607,47
961,434,71,607,47
962,434,71,607,47
963,434,71,607,47
964,434,71,607,47
965,434,71,607,47
966,438,85,524,25
967,439,272,524,40
968,593,379,594,192
969,593,379,594,192
970,593,379,594,192
971,593,379,594,192
972,593,379,594,192
973,593,379,594,192
974,593,379,594,192
975,593,379,594,192
976,593,379,594,192
977,593,379,594,192
978,593,379,594,192
979,593,379,594,192
980,593,379,594,192
981,593,379,594,192
982,593,379,594,192
983,593,379,594,192
984,593,379,594,192
985,593,379,594,192
986,593,2,603,2
987,593,2,603,2
988,593,2,603,2
989,593,2,603,2
990,594,2,603,2
991,594,2,603,2
992,594,2,603,2
993,594,2,603,2
994,595,2,603,2
995,595,2,603,2
996,595,2,603,2
997,595,2,603,2
998,596,2,603,2
999,596,2,603,2
1000,596,2,603,2
1001,596,2,603,2
1002,3,809,786,10
1003,3,809,786,10
1004,3,809,786,10
1005,3,809,786,10
1006,3,809,786,10
1007,3,809,786,10
1008,3,809,786,10
1009,3,809,786,10
1010,3,809,786,10
1011,3,809,786,10
1012,3,809,786,10
1013,3,809,786,10
1014,3,809,786,10
1015,3,809,786,10
1016,3,809,786,10
1017,3,809,786,10
1018,3,809,786,10
1019,3,809,786,10
1020,3,809,786,10
1021,3,809,786,10
1022,3,809,786,10
1023,3,809,786,10
1024,3,809,786,10
1025,3,809,786,10
1026,3,809,786,10
1027,3,809,786,10
1028,3,809,786,10
1029,3,809,786,10
1030,3,809,786,10
1031,3,809,786,10
1032,3,809,786,10
1033,3,809,786,10
1034,3,809,786,10
1035,3,809,786,10
1036,3,809,786,10
1037,3,809,786,10
1038,3,809,786,10
1039,3,809,786,10
1040,3,809,786,10
1041,3,809,786,10
1042,3,809,786,10
1043,3,809,786,10
1044,3,809,786,10
1045,3,809,786,10
1046,3,809,786,10
1047,3,809,786,10
1048,3,809,786,10
1049,3,809,786,10
1050,3,809,786,10
1051,3,809,786,10
1052,3,809,786,10
1053,3,809,786,10
1054,3,809,786,10
1055,3,809,786,10
1056,3,809,786,10
1057,3,809,786,10
1058,3,809,786,10
1059,3,809,786,10
1060,3,809,786,10
1061,3,809,786,10
1062,3,809,786,10
1063,3,809,786,10
1064,3,809,786,10
1065,3,809,786,10
1066,3,809,786,10
1067,3,809,786,10
1068,3,809,786,10
1069,3,809,786,10
1070,3,809,786,10
1071,3,809,786,10
1072,3,809,786,10
1073,3,809,786,10
1074,3,809,786,10
1075,3,809,786,10
1076,3,809,786,10
1077,3,809,786,10
1078,3,809,786,10
1079,3,809,786,10
1080,3,809,786,10
1081,3,809,786,10
1082,3,809,786,10
1083,3,809,786,10
1084,3,809,786,10
1085,3,809,786,10
1086,3,809,786,10
1087,3,809,786,10
1088,3,809,786,10
1089,3,809,786,10
1090,3,809,786,10
1091,3,809,786,10
1092,6,602,814,231
1093,10,672,814,203
1094,18,709,786,212
1095,21,719,786,9
1096,21,719,786,9
1097,21,719,786,9
1098,21,719,786,9
1099,21,719,786,9
1100,21,719,786,9
1101,21,719,786,9
1102,21,719,786,9
1103,21,719,786,9
1104,21,719,786,9
1105,21,719,786,9
1106,21,719,786,9
1107,21,719,786,9
1108,21,719,786,9
1109,21,719,786,9
1110,21,719,786,9
1111,21,719,786,9
1112,21,719,786,9
1113,21,719,786,9
1114,21,719,786,9
1115,21,719,786,9
1116,21,719,786,9
1117,21,719,786,9
1118,21,719,786,9
1119,21,719,786,9
1120,21,719,786,9
1121,21,719,786,9
1122,21,719,786,9
1123,21,719,786,9
1124,21,719,786,9
1125,21,719,786,9
1126,21,719,786,9
1127,21,719,786,9
1128,21,719,786,9
1129,21,719,786,9
1130,21,719,786,9
1131,22,749,786,253
1132,43,10,786,10
1133,43,10,786,10
1134,43,10,786,10
1135,43,10,786,10
1136,43,10,786,10
1137,43,10,786,10
1138,43,10,786,10
1139,43,10,786,10
1140,43,10,786,10
1141,43,10,786,10
1142,43,10,786,10
1143,43,10,786,10
1144,43,10,786,10
1145,43,10,786,10
1146,43,10,786,10
1147,43,10,786,10
1148,44,10,786,10
1149,44,10,786,10
1150,44,10,786,10
1151,44,10,786,10
1152,44,10,786,10
1153,44,10,786,10
1154,44,10,786,10
1155,44,10,786,10
1156,44,10,786,10
1157,44,10,786,10
1158,44,10,786,10
1159,44,10,786,10
1160,307,310,814,203
1161,401,209,814,211
1162,401,209,814,211
1163,401,209,814,211
1164,401,209,814,211
1165,421,221,786,222
1166,421,221,786,222
1167,421,221,786,222
1168,421,221,786,222
1169,439,438,786,212
1170,575,103,786,2
1171,575,103,786,2
1172,575,103,786,2
1173,575,103,786,2
