-0.253704+0.625681j,-0.177334-4.072414j,-0.003292+3.923419j,25.904839
-0.253704+0.625681j,-0.177334-4.072414j,-0.003292+3.923419j,25.904839
-0.253704+0.625681j,-0.177334-4.072414j,-0.003292+3.923419j,25.904839
-0.253704+0.625681j,-0.177334-4.072414j,-0.003292+3.923419j,25.904839
-0.253704+0.625681j,-0.177334-4.072414j,-0.003292+3.923419j,25.904839
-0.253704+0.625681j,-0.177334-4.072414j,-0.003292+3.923419j,25.904840
-0.253703+0.625681j,-0.177333-4.072414j,-0.003292+3.923419j,25.904844
-0.253702+0.625681j,-0.177332-4.072416j,-0.003292+3.923420j,25.904862
-0.253695+0.625684j,-0.177328-4.072425j,-0.003293+3.923425j,25.904945
-0.253666+0.625695j,-0.177308-4.072463j,-0.003296+3.923446j,25.905319
-0.253534+0.625747j,-0.177217-4.072638j,-0.003311+3.923543j,25.907001
-0.252938+0.625978j,-0.176808-4.073423j,-0.003378+3.923979j,25.914568
-0.250258+0.627012j,-0.174963-4.076950j,-0.003681+3.925940j,25.948631
-0.238899+0.631237j,-0.167058-4.091724j,-0.004957+3.934215j,26.092778
-0.227497+0.635232j,-0.158982-4.106272j,-0.006227+3.942465j,26.236924
-0.216056+0.638997j,-0.150735-4.120581j,-0.007492+3.950691j,26.381069
-0.204580+0.642532j,-0.142317-4.134635j,-0.008751+3.958893j,26.525212
-0.193074+0.645838j,-0.133732-4.148420j,-0.010006+3.967071j,26.669354
-0.181543+0.648916j,-0.124981-4.161919j,-0.011255+3.975226j,26.813493
-0.169990+0.651766j,-0.116071-4.175117j,-0.012499+3.983359j,26.957632
-0.158420+0.654389j,-0.107007-4.187998j,-0.013738+3.991468j,27.101768
-0.146368+0.656878j,-0.097424-4.201045j,-0.015022+3.999883j,27.251740
-0.134306+0.659124j,-0.087697-4.213715j,-0.016301+4.008274j,27.401710
-0.122239+0.661127j,-0.077838-4.225989j,-0.017576+4.016642j,27.551678
-0.109701+0.662952j,-0.067475-4.238307j,-0.018895+4.025313j,27.707499
-0.097166+0.664519j,-0.057008-4.250166j,-0.020210+4.033960j,27.863318
-0.084182+0.665870j,-0.046073-4.261962j,-0.021569+4.042900j,28.024851
-0.071212+0.666947j,-0.035079-4.273239j,-0.022923+4.051815j,28.186381
-0.057674+0.667781j,-0.023551-4.284464j,-0.024335+4.061111j,28.355266
-0.044164+0.668319j,-0.012022-4.295107j,-0.025743+4.070381j,28.524146
-0.029997+0.668567j,0.000061-4.305666j,-0.027219+4.080100j,28.701683
-0.015874+0.668493j,0.012069-4.315584j,-0.028693+4.089792j,28.879215
-0.001124+0.668074j,0.024535-4.325302j,-0.030235+4.099924j,29.065317
0.013565+0.667309j,0.036839-4.334340j,-0.031775+4.110028j,29.251414
0.028699+0.666155j,0.049367-4.343001j,-0.033369+4.120461j,29.444080
0.043752+0.664639j,0.061646-4.350981j,-0.034962+4.130867j,29.636741
0.058715+0.662764j,0.073647-4.358308j,-0.036557+4.141245j,29.829397
0.074085+0.660453j,0.085735-4.365230j,-0.038209+4.151948j,30.028602
0.089343+0.657769j,0.097475-4.371524j,-0.039864+4.162624j,30.227803
0.104481+0.654718j,0.108852-4.377224j,-0.041523+4.173273j,30.426999
0.120036+0.651173j,0.120245-4.382542j,-0.043249+4.184281j,30.633441
0.135446+0.647246j,0.131227-4.387298j,-0.044984+4.195261j,30.839879
0.150702+0.642943j,0.141793-4.391526j,-0.046727+4.206215j,31.046314
0.166551+0.638025j,0.152442-4.395437j,-0.048569+4.217690j,31.263126
0.182213+0.632708j,0.162635-4.398840j,-0.050425+4.229136j,31.479934
0.198302+0.626758j,0.172765-4.401877j,-0.052371+4.241016j,31.705545
0.214170+0.620391j,0.182417-4.404434j,-0.054336+4.252866j,31.931153
0.230517+0.613298j,0.192012-4.406628j,-0.056412+4.265226j,32.167104
0.246601+0.605770j,0.201113-4.408362j,-0.058512+4.277553j,32.403051
0.263194+0.597410j,0.210152-4.409718j,-0.060745+4.290462j,32.650795
0.279475+0.588593j,0.218682-4.410628j,-0.063009+4.303335j,32.898536
0.296275+0.578828j,0.227138-4.411132j,-0.065431+4.316856j,33.159510
0.312705+0.568585j,0.235073-4.411197j,-0.067892+4.330338j,33.420479
0.329639+0.557268j,0.242915-4.410814j,-0.070538+4.344533j,33.696079
0.346134+0.545453j,0.250228-4.409991j,-0.073236+4.358684j,33.971676
0.362178+0.533157j,0.257041-4.408751j,-0.075989+4.372792j,34.247269
0.378291+0.519947j,0.263590-4.407049j,-0.078900+4.387344j,34.532470
0.393897+0.506262j,0.269656-4.404940j,-0.081879+4.401849j,34.817668
0.408982+0.492122j,0.275267-4.402440j,-0.084928+4.416307j,35.102862
0.423535+0.477546j,0.280446-4.399566j,-0.088054+4.430715j,35.388052
0.437547+0.462556j,0.285219-4.396330j,-0.091260+4.445075j,35.673239
0.451007+0.447171j,0.289608-4.392746j,-0.094550+4.459385j,35.958423
0.463906+0.431411j,0.293636-4.388824j,-0.097930+4.473643j,36.243604
0.476236+0.415298j,0.297324-4.384576j,-0.101405+4.487850j,36.528781
0.487989+0.398852j,0.300691-4.380012j,-0.104980+4.502003j,36.813955
0.499158+0.382093j,0.303758-4.375140j,-0.108659+4.516102j,37.099126
0.509737+0.365041j,0.306543-4.369971j,-0.112449+4.530144j,37.384294
0.519719+0.347718j,0.309062-4.364511j,-0.116355+4.544129j,37.669459
0.529099+0.330144j,0.311334-4.358770j,-0.120384+4.558053j,37.954621
0.537873+0.312338j,0.313374-4.352754j,-0.124542+4.571915j,38.239780
0.546036+0.294323j,0.315196-4.346472j,-0.128835+4.585712j,38.524937
0.553586+0.276118j,0.316816-4.339930j,-0.133270+4.599443j,38.810090
0.560519+0.257744j,0.318247-4.333136j,-0.137855+4.613103j,39.095241
0.566832+0.239220j,0.319503-4.326096j,-0.142598+4.626689j,39.380390
0.572525+0.220569j,0.320595-4.318817j,-0.147507+4.640198j,39.665536
0.577595+0.201809j,0.321536-4.311306j,-0.152589+4.653626j,39.950680
0.582044+0.182961j,0.322336-4.303569j,-0.157855+4.666968j,40.235821
0.585869+0.164044j,0.323006-4.295612j,-0.163314+4.680219j,40.520961
0.589073+0.145080j,0.323557-4.287442j,-0.168976+4.693375j,40.806098
0.591656+0.126088j,0.323998-4.279063j,-0.174851+4.706427j,41.091233
0.593620+0.107088j,0.324337-4.270484j,-0.180951+4.719371j,41.376366
0.594967+0.088098j,0.324583-4.261708j,-0.187287+4.732197j,41.661497
0.595700+0.069140j,0.324745-4.252741j,-0.193873+4.744899j,41.946627
0.595822+0.050232j,0.324830-4.243590j,-0.200720+4.757465j,42.231755
0.595337+0.031393j,0.324845-4.234260j,-0.207843+4.769887j,42.516881
0.594249+0.012642j,0.324798-4.224755j,-0.215256+4.782151j,42.802005
0.592564-0.006002j,0.324693-4.215081j,-0.222975+4.794246j,43.087128
0.590286-0.024519j,0.324539-4.205243j,-0.231015+4.806156j,43.372250
0.587422-0.042893j,0.324340-4.195245j,-0.239393+4.817864j,43.657370
0.583978-0.061104j,0.324102-4.185093j,-0.248125+4.829354j,43.942488
0.579960-0.079135j,0.323829-4.174791j,-0.257230+4.840603j,44.227605
0.575376-0.096968j,0.323528-4.164343j,-0.266725+4.851589j,44.512721
0.570235-0.114586j,0.323203-4.153754j,-0.276628+4.862286j,44.797834
0.564544-0.131971j,0.322858-4.143027j,-0.286957+4.872666j,45.082946
0.558311-0.149106j,0.322497-4.132166j,-0.297731+4.882696j,45.368056
0.551547-0.165974j,0.322124-4.121176j,-0.308967+4.892340j,45.653163
0.544263-0.182555j,0.321744-4.110063j,-0.320676+4.901556j,45.938184
