-1.879724-1.382418j,-0.199308+1.004065j,-0.199308+1.004065j,0.000000
-1.879724-1.382418j,-0.199309+1.004064j,-0.199307+1.004066j,0.000000
-1.879724-1.382418j,-0.199289+1.004048j,-0.199327+1.004083j,0.000000
-1.879724-1.382418j,-0.199290+1.004046j,-0.199326+1.004085j,0.000000
-1.879724-1.382418j,-0.199292+1.004044j,-0.199325+1.004087j,0.000000
-1.879724-1.382418j,-0.199292+1.004041j,-0.199324+1.004089j,0.000000
-1.879724-1.382418j,-0.199293+1.004039j,-0.199323+1.004091j,0.000000
-1.879724-1.382418j,-0.199293+1.004037j,-0.199323+1.004093j,0.000000
-1.879724-1.382418j,-0.199293+1.004036j,-0.199323+1.004095j,0.000000
-1.879724-1.382418j,-0.199293+1.004034j,-0.199323+1.004097j,0.000000
-1.879724-1.382418j,-0.199293+1.004032j,-0.199323+1.004098j,0.000000
-1.879724-1.382418j,-0.199293+1.004031j,-0.199323+1.004100j,0.000000
-1.879724-1.382418j,-0.199292+1.004030j,-0.199324+1.004101j,0.000000
-1.879724-1.382418j,-0.199292+1.004027j,-0.199324+1.004103j,0.000000
-1.879724-1.382418j,-0.199292+1.004025j,-0.199324+1.004105j,0.000000
-1.879724-1.382418j,-0.199292+1.004023j,-0.199325+1.004107j,0.000000
-1.879724-1.382418j,-0.199291+1.004022j,-0.199325+1.004109j,0.000000
-1.879724-1.382418j,-0.199291+1.004020j,-0.199325+1.004111j,0.000000
-1.879724-1.382418j,-0.199290+1.004018j,-0.199326+1.004112j,0.000000
-1.879724-1.382418j,-0.199290+1.004017j,-0.199326+1.004114j,0.000000
-1.879724-1.382418j,-0.199290+1.004016j,-0.199326+1.004115j,0.000000
-1.879724-1.382418j,-0.199290+1.004014j,-0.199327+1.004116j,0.000000
-1.879724-1.382418j,-0.199289+1.004013j,-0.199327+1.004118j,0.000000
-1.879724-1.382418j,-0.199289+1.004011j,-0.199328+1.004120j,0.000000
-1.879724-1.382418j,-0.199288+1.004009j,-0.199328+1.004122j,0.000000
-1.879724-1.382418j,-0.199287+1.004007j,-0.199329+1.004124j,0.000000
-1.879724-1.382418j,-0.199287+1.004005j,-0.199329+1.004126j,0.000000
-1.879724-1.382418j,-0.199287+1.004003j,-0.199330+1.004128j,0.000000
-1.879724-1.382418j,-0.199286+1.004002j,-0.199330+1.004129j,0.000000
-1.879724-1.382418j,-0.199286+1.004000j,-0.199331+1.004131j,0.000000
-1.879724-1.382418j,-0.199285+1.003998j,-0.199331+1.004132j,0.000000
-1.879724-1.382418j,-0.199285+1.003997j,-0.199331+1.004134j,0.000000
-1.879724-1.382418j,-0.199284+1.003996j,-0.199332+1.004135j,0.000000
-1.879724-1.382418j,-0.199284+1.003994j,-0.199332+1.004137j,0.000000
-1.879724-1.382418j,-0.199283+1.003992j,-0.199333+1.004138j,0.000000
-1.879724-1.382418j,-0.199283+1.003991j,-0.199333+1.004140j,0.000000
-1.879724-1.382418j,-0.199282+1.003990j,-0.199334+1.004141j,0.000000
-1.879724-1.382418j,-0.199282+1.003988j,-0.199334+1.004143j,0.000000
-1.879724-1.382418j,-0.199282+1.003987j,-0.199335+1.004144j,0.000000
-1.879724-1.382418j,-0.199281+1.003985j,-0.199335+1.004145j,0.000000
-1.879724-1.382418j,-0.199281+1.003984j,-0.199335+1.004146j,0.000000
-1.879724-1.382418j,-0.199280+1.003983j,-0.199336+1.004148j,0.000000
-1.879724-1.382418j,-0.199280+1.003982j,-0.199336+1.004149j,0.000000
-1.879724-1.382418j,-0.199280+1.003981j,-0.199336+1.004150j,0.000000
-1.879724-1.382418j,-0.199279+1.003980j,-0.199337+1.004151j,0.000000
-1.879724-1.382418j,-0.199279+1.003978j,-0.199337+1.004152j,0.000000
-1.879724-1.382418j,-0.199279+1.003977j,-0.199337+1.004153j,0.000000
-1.879724-1.382418j,-0.199278+1.003976j,-0.199338+1.004154j,0.000000
-1.879724-1.382418j,-0.199278+1.003975j,-0.199338+1.004155j,0.000000
-1.879724-1.382418j,-0.199278+1.003974j,-0.199338+1.004156j,0.000000
-1.879724-1.382418j,-0.199277+1.003973j,-0.199339+1.004157j,0.000000
-1.879724-1.382418j,-0.199277+1.003972j,-0.199339+1.004158j,0.000000
-1.879724-1.382418j,-0.199277+1.003971j,-0.199339+1.004159j,0.000000
-1.879724-1.382418j,-0.199277+1.003971j,-0.199340+1.004160j,0.000000
-1.879724-1.382418j,-0.199276+1.003970j,-0.199340+1.004161j,0.000000
-1.879724-1.382418j,-0.199276+1.003969j,-0.199340+1.004162j,0.000000
-1.879724-1.382418j,-0.199276+1.003968j,-0.199340+1.004163j,0.000000
-1.879724-1.382418j,-0.199275+1.003967j,-0.199341+1.004164j,0.000000
-1.879724-1.382418j,-0.199275+1.003966j,-0.199341+1.004164j,0.000000
-1.879724-1.382418j,-0.199275+1.003965j,-0.199341+1.004165j,0.000000
-1.879724-1.382418j,-0.199275+1.003965j,-0.199342+1.004166j,0.000000
-1.879724-1.382418j,-0.199274+1.003964j,-0.199342+1.004167j,0.000000
-1.879724-1.382418j,-0.199274+1.003963j,-0.199342+1.004168j,0.000000
-1.879724-1.382418j,-0.199274+1.003962j,-0.199342+1.004168j,0.000000
-1.879724-1.382418j,-0.199274+1.003961j,-0.199343+1.004169j,0.000000
-1.879724-1.382418j,-0.199273+1.003961j,-0.199343+1.004170j,0.000000
-1.879724-1.382418j,-0.199273+1.003960j,-0.199343+1.004171j,0.000000
-1.879724-1.382418j,-0.199273+1.003959j,-0.199343+1.004171j,0.000000
-1.879724-1.382418j,-0.199273+1.003959j,-0.199343+1.004172j,0.000000
-1.879724-1.382418j,-0.199272+1.003958j,-0.199344+1.004173j,0.000000
-1.879724-1.382418j,-0.199272+1.003957j,-0.199344+1.004174j,0.000000
-1.879724-1.382418j,-0.199272+1.003956j,-0.199344+1.004174j,0.000000
-1.879724-1.382418j,-0.199272+1.003956j,-0.199344+1.004175j,0.000000
-1.879724-1.382418j,-0.199272+1.003955j,-0.199345+1.004176j,0.000000
-1.879724-1.382418j,-0.199271+1.003954j,-0.199345+1.004176j,0.000000
-1.879724-1.382418j,-0.199271+1.003954j,-0.199345+1.004177j,0.000000
-1.879724-1.382418j,-0.199271+1.003953j,-0.199345+1.004178j,0.000000
-1.879724-1.382418j,-0.199271+1.003952j,-0.199345+1.004178j,0.000000
-1.879724-1.382418j,-0.199271+1.003952j,-0.199346+1.004179j,0.000000
-1.879724-1.382418j,-0.199270+1.003951j,-0.199346+1.004180j,0.000000
-1.879724-1.382418j,-0.199270+1.003951j,-0.199346+1.004180j,0.000000
-1.879724-1.382418j,-0.199270+1.003950j,-0.199346+1.004181j,0.000000
-1.879724-1.382418j,-0.199270+1.003949j,-0.199346+1.004181j,0.000000
-1.879724-1.382418j,-0.199270+1.003949j,-0.199347+1.004182j,0.000000
-1.879724-1.382418j,-0.199269+1.003948j,-0.199347+1.004183j,0.000000
-1.879724-1.382418j,-0.199269+1.003948j,-0.199347+1.004183j,0.000000
-1.879724-1.382418j,-0.199269+1.003947j,-0.199347+1.004184j,0.000000
-1.879724-1.382418j,-0.199269+1.003946j,-0.199347+1.004184j,0.000000
-1.879724-1.382418j,-0.199269+1.003946j,-0.199348+1.004185j,0.000000
-1.879724-1.382418j,-0.199268+1.003945j,-0.199348+1.004185j,0.000000
-1.879724-1.382418j,-0.199268+1.003945j,-0.199348+1.004186j,0.000000
-1.879724-1.382418j,-0.199268+1.003944j,-0.199348+1.004187j,0.000000
-1.879724-1.382418j,-0.199268+1.003944j,-0.199348+1.004187j,0.000000
-1.879724-1.382418j,-0.199268+1.003943j,-0.199348+1.004188j,0.000000
-1.879724-1.382418j,-0.199268+1.003942j,-0.199349+1.004188j,0.000000
-1.879724-1.382418j,-0.199267+1.003942j,-0.199349+1.004189j,0.000000
-1.879724-1.382418j,-0.199267+1.003941j,-0.199349+1.004189j,0.000000
-1.879724-1.382418j,-0.199267+1.003941j,-0.199349+1.004190j,0.000000
-1.879724-1.382418j,-0.199267+1.003940j,-0.199349+1.004190j,0.000000
-1.879724-1.382418j,-0.199267+1.003940j,-0.199349+1.004191j,0.000000
-1.879724-1.382418j,-0.199267+1.003939j,-0.199350+1.004191j,0.000000
-1.879724-1.382418j,-0.199266+1.003939j,-0.199350+1.004192j,0.000000
-1.879724-1.382418j,-0.199266+1.003938j,-0.199350+1.004192j,0.000000
-1.879724-1.382418j,-0.199266+1.003938j,-0.199350+1.004193j,0.000000
-1.879724-1.382418j,-0.199266+1.003937j,-0.199350+1.004193j,0.000000
-1.879724-1.382418j,-0.199266+1.003937j,-0.199350+1.004194j,0.000000
-1.879724-1.382418j,-0.199266+1.003936j,-0.199351+1.004194j,0.000000
-1.879724-1.382418j,-0.199265+1.003936j,-0.199351+1.004195j,0.000000
-1.879724-1.382418j,-0.199265+1.003935j,-0.199351+1.004195j,0.000000
-1.879724-1.382418j,-0.199265+1.003935j,-0.199351+1.004196j,0.000000
-1.879724-1.382418j,-0.199265+1.003934j,-0.199351+1.004196j,0.000000
-1.879724-1.382418j,-0.199265+1.003934j,-0.199351+1.004197j,0.000000
-1.879724-1.382418j,-0.199265+1.003933j,-0.199352+1.004197j,0.000000
-1.879724-1.382418j,-0.199264+1.003933j,-0.199352+1.004198j,0.000000
-1.879724-1.382418j,-0.199264+1.003933j,-0.199352+1.004198j,0.000000
-1.879724-1.382418j,-0.199264+1.003932j,-0.199352+1.004199j,0.000000
-1.879724-1.382418j,-0.199264+1.003932j,-0.199352+1.004199j,0.000000
-1.879724-1.382418j,-0.199264+1.003931j,-0.199352+1.004200j,0.000000
-1.879724-1.382418j,-0.199264+1.003931j,-0.199352+1.004200j,0.000000
-1.879724-1.382418j,-0.199264+1.003930j,-0.199353+1.004200j,0.000000
-1.879724-1.382418j,-0.199263+1.003930j,-0.199353+1.004201j,0.000000
-1.879724-1.382418j,-0.199263+1.003929j,-0.199353+1.004201j,0.000000
-1.879724-1.382418j,-0.199263+1.003929j,-0.199353+1.004202j,0.000000
-1.879724-1.382418j,-0.199263+1.003928j,-0.199353+1.004202j,0.000000
-1.879724-1.382418j,-0.199263+1.003928j,-0.199353+1.004203j,0.000000
-1.879724-1.382418j,-0.199263+1.003928j,-0.199353+1.004203j,0.000000
-1.879724-1.382418j,-0.199263+1.003927j,-0.199354+1.004203j,0.000000
-1.879724-1.382418j,-0.199262+1.003927j,-0.199354+1.004204j,0.000000
-1.879724-1.382418j,-0.199262+1.003926j,-0.199354+1.004204j,0.000000
-1.879724-1.382418j,-0.199262+1.003926j,-0.199354+1.004205j,0.000000
-1.879724-1.382418j,-0.199262+1.003926j,-0.199354+1.004205j,0.000000
-1.879724-1.382418j,-0.199262+1.003925j,-0.199354+1.004206j,0.000000
-1.879724-1.382418j,-0.199262+1.003925j,-0.199354+1.004206j,0.000000
-1.879724-1.382418j,-0.199262+1.003924j,-0.199355+1.004206j,0.000000
-1.879724-1.382418j,-0.199262+1.003924j,-0.199355+1.004207j,0.000000
-1.879724-1.382418j,-0.199261+1.003923j,-0.199355+1.004207j,0.000000
-1.879724-1.382418j,-0.199261+1.003923j,-0.199355+1.004208j,0.000000
-1.879724-1.382418j,-0.199261+1.003923j,-0.199355+1.004208j,0.000000
-1.879724-1.382418j,-0.199261+1.003922j,-0.199355+1.004208j,0.000000
-1.879724-1.382418j,-0.199261+1.003922j,-0.199355+1.004209j,0.000000
-1.879724-1.382418j,-0.199261+1.003921j,-0.199355+1.004209j,0.000000
-1.879724-1.382418j,-0.199261+1.003921j,-0.199356+1.004210j,0.000000
-1.879724-1.382418j,-0.199260+1.003921j,-0.199356+1.004210j,0.000000
-1.879724-1.382418j,-0.199260+1.003920j,-0.199356+1.004210j,0.000000
-1.879724-1.382418j,-0.199260+1.003920j,-0.199356+1.004211j,0.000000
-1.879724-1.382418j,-0.199260+1.003920j,-0.199356+1.004211j,0.000000
-1.879724-1.382418j,-0.199260+1.003919j,-0.199356+1.004212j,0.000000
-1.879724-1.382418j,-0.199260+1.003919j,-0.199356+1.004212j,0.000000
-1.879724-1.382418j,-0.199260+1.003918j,-0.199356+1.004212j,0.000000
-1.879724-1.382418j,-0.199260+1.003918j,-0.199357+1.004213j,0.000000
-1.879724-1.382418j,-0.199259+1.003918j,-0.199357+1.004213j,0.000000
-1.879724-1.382418j,-0.199259+1.003917j,-0.199357+1.004213j,0.000000
-1.879724-1.382418j,-0.199259+1.003917j,-0.199357+1.004213j,0.000000
-1.879724-1.382418j,-0.199253+1.003897j,-0.199364+1.004234j,0.000000
-1.879724-1.382418j,-0.199247+1.003880j,-0.199369+1.004251j,0.000000
-1.879724-1.382418j,-0.199241+1.003860j,-0.199375+1.004271j,0.000000
-1.879724-1.382418j,-0.199234+1.003839j,-0.199382+1.004292j,0.000000
-1.879724-1.382418j,-0.199226+1.003816j,-0.199390+1.004315j,0.000000
-1.879724-1.382418j,-0.199218+1.003791j,-0.199398+1.004340j,0.000000
-1.879724-1.382418j,-0.199209+1.003764j,-0.199407+1.004367j,0.000000
-1.879724-1.382418j,-0.199200+1.003735j,-0.199417+1.004396j,0.000000
-1.879724-1.382418j,-0.199189+1.003703j,-0.199427+1.004428j,0.000000
-1.879724-1.382418j,-0.199178+1.003668j,-0.199438+1.004462j,0.000000
-1.879724-1.382418j,-0.199166+1.003631j,-0.199450+1.004499j,0.000000
-1.879724-1.382418j,-0.199153+1.003591j,-0.199463+1.004539j,0.000000
-1.879724-1.382418j,-0.199139+1.003548j,-0.199478+1.004582j,0.000000
-1.879724-1.382418j,-0.199123+1.003502j,-0.199493+1.004629j,0.000000
-1.879724-1.382418j,-0.199107+1.003452j,-0.199509+1.004679j,0.000000
-1.879724-1.382418j,-0.199089+1.003399j,-0.199527+1.004732j,0.000000
-1.879724-1.382417j,-0.199071+1.003341j,-0.199545+1.004790j,0.000000
-1.879724-1.382417j,-0.199050+1.003279j,-0.199566+1.004851j,0.000000
-1.879724-1.382417j,-0.199029+1.003213j,-0.199587+1.004917j,0.000000
-1.879724-1.382417j,-0.199006+1.003143j,-0.199610+1.004988j,0.000000
-1.879724-1.382417j,-0.198981+1.003067j,-0.199635+1.005064j,0.000000
-1.879724-1.382417j,-0.198954+1.002987j,-0.199662+1.005144j,0.000000
-1.879724-1.382417j,-0.198926+1.002900j,-0.199690+1.005231j,0.000000
-1.879724-1.382417j,-0.198896+1.002808j,-0.199720+1.005323j,0.000000
-1.879724-1.382417j,-0.198864+1.002710j,-0.199752+1.005421j,0.000000
-1.879724-1.382416j,-0.198829+1.002606j,-0.199786+1.005525j,0.000000
-1.879724-1.382416j,-0.198793+1.002495j,-0.199823+1.005637j,0.000000
-1.879724-1.382416j,-0.198754+1.002377j,-0.199861+1.005755j,0.000000
-1.879724-1.382416j,-0.198713+1.002251j,-0.199903+1.005881j,0.000000
-1.879724-1.382415j,-0.198669+1.002117j,-0.199946+1.006014j,0.000000
-1.879724-1.382415j,-0.198623+1.001976j,-0.199993+1.006156j,0.000000
-1.879724-1.382414j,-0.198573+1.001826j,-0.200042+1.006306j,0.000000
-1.879724-1.382414j,-0.198521+1.001667j,-0.200094+1.006465j,0.000000
-1.879724-1.382413j,-0.198466+1.001498j,-0.200149+1.006634j,0.000000
-1.879724-1.382413j,-0.198407+1.001320j,-0.200208+1.006813j,0.000000
-1.879724-1.382412j,-0.198345+1.001131j,-0.200269+1.007002j,0.000000
-1.879724-1.382411j,-0.198280+1.000931j,-0.200335+1.007202j,0.000000
-1.879724-1.382410j,-0.198210+1.000720j,-0.200404+1.007413j,0.000000
-1.879724-1.382409j,-0.198137+1.000498j,-0.200477+1.007636j,0.000000
-1.879724-1.382408j,-0.198060+1.000263j,-0.200554+1.007871j,0.000000
-1.879724-1.382407j,-0.197979+1.000015j,-0.200635+1.008119j,0.000000
-1.879724-1.382405j,-0.197893+0.999754j,-0.200720+1.008381j,0.000000
-1.879723-1.382404j,-0.197802+0.999479j,-0.200810+1.008656j,0.000000
-1.879723-1.382402j,-0.197707+0.999190j,-0.200905+1.008946j,0.000000
-1.879723-1.382400j,-0.197607+0.998885j,-0.201005+1.009252j,0.000000
-1.879723-1.382397j,-0.197501+0.998565j,-0.201109+1.009573j,0.000000
-1.879723-1.382395j,-0.197390+0.998228j,-0.201220+1.009911j,0.000000
-1.879723-1.382392j,-0.197274+0.997874j,-0.201335+1.010265j,0.000000
-1.879723-1.382389j,-0.197152+0.997503j,-0.201457+1.010638j,0.000000
-1.879723-1.382385j,-0.197023+0.997113j,-0.201584+1.011029j,0.000000
-1.879723-1.382381j,-0.196888+0.996704j,-0.201718+1.011439j,0.000000
-1.879723-1.382376j,-0.196747+0.996275j,-0.201858+1.011870j,0.000000
-1.879723-1.382372j,-0.196599+0.995825j,-0.202005+1.012321j,0.000000
-1.879722-1.382366j,-0.196443+0.995355j,-0.202159+1.012793j,0.000000
-1.879722-1.382360j,-0.196281+0.994862j,-0.202320+1.013288j,0.000000
-1.879722-1.382353j,-0.196110+0.994346j,-0.202489+1.013806j,0.000000
-1.879722-1.382346j,-0.195932+0.993807j,-0.202665+1.014348j,0.000000
-1.879722-1.382338j,-0.195746+0.993243j,-0.202849+1.014915j,0.000001
-1.879721-1.382329j,-0.195551+0.992654j,-0.203042+1.015507j,0.000001
-1.879721-1.382319j,-0.195348+0.992038j,-0.203243+1.016126j,0.000001
-1.879721-1.382308j,-0.195135+0.991395j,-0.203452+1.016772j,0.000001
-1.879720-1.382296j,-0.194913+0.990725j,-0.203671+1.017447j,0.000001
-1.879720-1.382283j,-0.194681+0.990025j,-0.203900+1.018151j,0.000001
-1.879720-1.382269j,-0.194439+0.989296j,-0.204138+1.018886j,0.000001
-1.879719-1.382253j,-0.194187+0.988535j,-0.204386+1.019651j,0.000002
-1.879719-1.382236j,-0.193924+0.987743j,-0.204644+1.020449j,0.000002
-1.879718-1.382217j,-0.193650+0.986918j,-0.204913+1.021280j,0.000002
-1.879718-1.382196j,-0.193365+0.986059j,-0.205193+1.022146j,0.000002
-1.879717-1.382174j,-0.193068+0.985166j,-0.205484+1.023047j,0.000003
-1.879716-1.382149j,-0.192759+0.984237j,-0.205786+1.023985j,0.000003
-1.879715-1.382122j,-0.192437+0.983271j,-0.206101+1.024960j,0.000004
-1.879715-1.382093j,-0.192103+0.982267j,-0.206428+1.025974j,0.000004
-1.879714-1.382061j,-0.191755+0.981224j,-0.206767+1.027027j,0.000005
-1.879713-1.382026j,-0.191394+0.980141j,-0.207119+1.028122j,0.000006
-1.879712-1.381989j,-0.191019+0.979017j,-0.207484+1.029259j,0.000007
-1.879710-1.381948j,-0.190629+0.977851j,-0.207863+1.030438j,0.000008
-1.879709-1.381903j,-0.190224+0.976642j,-0.208256+1.031663j,0.000009
-1.879708-1.381855j,-0.189805+0.975388j,-0.208663+1.032933j,0.000010
-1.879706-1.381802j,-0.189369+0.974089j,-0.209085+1.034249j,0.000011
-1.879705-1.381746j,-0.188918+0.972744j,-0.209521+1.035614j,0.000013
-1.879703-1.381684j,-0.188450+0.971351j,-0.209973+1.037028j,0.000015
-1.879701-1.381618j,-0.187965+0.969909j,-0.210440+1.038492j,0.000017
-1.879699-1.381546j,-0.187463+0.968418j,-0.210923+1.040008j,0.000019
-1.879697-1.381469j,-0.186943+0.966875j,-0.211422+1.041576j,0.000022
-1.879694-1.381386j,-0.186406+0.965281j,-0.211938+1.043199j,0.000025
-1.879692-1.381296j,-0.185849+0.963633j,-0.212471+1.044877j,0.000028
-1.879689-1.381199j,-0.185274+0.961931j,-0.213021+1.046611j,0.000032
-1.879686-1.381094j,-0.184679+0.960175j,-0.213588+1.048404j,0.000036
-1.879682-1.380982j,-0.184064+0.958362j,-0.214173+1.050255j,0.000041
-1.879679-1.380862j,-0.183429+0.956491j,-0.214776+1.052166j,0.000046
-1.879675-1.380732j,-0.182773+0.954563j,-0.215398+1.054138j,0.000052
-1.879671-1.380593j,-0.182097+0.952575j,-0.216038+1.056173j,0.000058
-1.879667-1.380444j,-0.181398+0.950526j,-0.216697+1.058272j,0.000065
-1.879662-1.380284j,-0.180678+0.948417j,-0.217375+1.060435j,0.000073
-1.879657-1.380114j,-0.179935+0.946245j,-0.218073+1.062665j,0.000082
-1.879652-1.379931j,-0.179170+0.944010j,-0.218790+1.064962j,0.000092
-1.879646-1.379735j,-0.178381+0.941711j,-0.219527+1.067327j,0.000103
-1.879640-1.379526j,-0.177569+0.939347j,-0.220284+1.069761j,0.000116
-1.879633-1.379303j,-0.176732+0.936917j,-0.221062+1.072266j,0.000129
-1.879626-1.379066j,-0.175872+0.934421j,-0.221860+1.074843j,0.000144
-1.879619-1.378812j,-0.174986+0.931858j,-0.222679+1.077492j,0.000161
-1.879611-1.378542j,-0.174075+0.929226j,-0.223518+1.080216j,0.000180
-1.879602-1.378255j,-0.173139+0.926525j,-0.224379+1.083014j,0.000200
-1.879593-1.377949j,-0.172176+0.923755j,-0.225261+1.085887j,0.000222
-1.879584-1.377624j,-0.171188+0.920914j,-0.226164+1.088838j,0.000247
-1.879573-1.377279j,-0.170172+0.918003j,-0.227088+1.091866j,0.000274
-1.879562-1.376913j,-0.169130+0.915020j,-0.228034+1.094973j,0.000304
-1.879551-1.376525j,-0.168060+0.911965j,-0.229001+1.098160j,0.000336
-1.879538-1.376113j,-0.166962+0.908837j,-0.229990+1.101427j,0.000372
-1.879525-1.375677j,-0.165836+0.905636j,-0.231001+1.104775j,0.000411
-1.879511-1.375216j,-0.164682+0.902361j,-0.232033+1.108206j,0.000454
-1.879496-1.374728j,-0.163499+0.899013j,-0.233088+1.111720j,0.000501
-1.879480-1.374212j,-0.162287+0.895589j,-0.234163+1.115319j,0.000553
-1.879463-1.373667j,-0.161045+0.892091j,-0.235261+1.119002j,0.000608
-1.879445-1.373092j,-0.159774+0.888517j,-0.236380+1.122770j,0.000669
-1.879426-1.372486j,-0.158472+0.884868j,-0.237521+1.126625j,0.000736
-1.879406-1.371846j,-0.157141+0.881143j,-0.238684+1.130567j,0.000808
-1.879385-1.371172j,-0.155778+0.877341j,-0.239868+1.134597j,0.000886
-1.879363-1.370463j,-0.154385+0.873464j,-0.241074+1.138716j,0.000971
-1.879339-1.369716j,-0.152961+0.869509j,-0.242301+1.142924j,0.001064
-1.879314-1.368931j,-0.151505+0.865478j,-0.243549+1.147222j,0.001164
-1.879287-1.368106j,-0.150018+0.861369j,-0.244818+1.151610j,0.001272
-1.879259-1.367240j,-0.148498+0.857184j,-0.246109+1.156090j,0.001390
-1.879229-1.366330j,-0.146946+0.852921j,-0.247420+1.160662j,0.001517
-1.879197-1.365376j,-0.145362+0.848581j,-0.248751+1.165326j,0.001653
-1.879164-1.364375j,-0.143746+0.844163j,-0.250103+1.170084j,0.001801
-1.879129-1.363327j,-0.142096+0.839668j,-0.251475+1.174935j,0.001961
-1.879092-1.362229j,-0.140413+0.835096j,-0.252867+1.179881j,0.002132
-1.879052-1.361080j,-0.138697+0.830447j,-0.254279+1.184921j,0.002317
-1.879011-1.359877j,-0.136948+0.825720j,-0.255710+1.190057j,0.002516
-1.878967-1.358620j,-0.135164+0.820916j,-0.257161+1.195289j,0.002729
-1.878921-1.357307j,-0.133347+0.816035j,-0.258630+1.200618j,0.002959
-1.878872-1.355935j,-0.131496+0.811078j,-0.260118+1.206043j,0.003205
-1.878821-1.354502j,-0.129610+0.806043j,-0.261623+1.211566j,0.003469
-1.878766-1.353008j,-0.127690+0.800932j,-0.263147+1.217187j,0.003752
-1.878709-1.351450j,-0.125736+0.795745j,-0.264688+1.222906j,0.004054
-1.878649-1.349825j,-0.123747+0.790482j,-0.266246+1.228724j,0.004378
-1.878585-1.348133j,-0.121723+0.785143j,-0.267821+1.234641j,0.004724
-1.878518-1.346371j,-0.119664+0.779729j,-0.269412+1.240658j,0.005094
-1.878448-1.344537j,-0.117570+0.774239j,-0.271019+1.246775j,0.005489
-1.878373-1.342629j,-0.115441+0.768675j,-0.272641+1.252992j,0.005910
-1.878295-1.340646j,-0.113277+0.763036j,-0.274278+1.259310j,0.006359
-1.878212-1.338584j,-0.111077+0.757324j,-0.275930+1.265730j,0.006837
-1.878125-1.336442j,-0.108842+0.751538j,-0.277595+1.272250j,0.007346
-1.878033-1.334218j,-0.106572+0.745679j,-0.279274+1.278873j,0.007887
-1.877936-1.331910j,-0.104266+0.739748j,-0.280965+1.285597j,0.008463
-1.877835-1.329516j,-0.101925+0.733744j,-0.282669+1.292424j,0.009074
-1.877727-1.327033j,-0.099549+0.727669j,-0.284384+1.299353j,0.009724
-1.877614-1.324459j,-0.097137+0.721523j,-0.286110+1.306385j,0.010413
-1.877496-1.321793j,-0.094689+0.715307j,-0.287846+1.313520j,0.011144
-1.877370-1.319032j,-0.092206+0.709021j,-0.289593+1.320759j,0.011918
-1.877239-1.316173j,-0.089688+0.702667j,-0.291348+1.328101j,0.012738
-1.877100-1.313216j,-0.087134+0.696244j,-0.293112+1.335546j,0.013606
-1.876954-1.310156j,-0.084546+0.689753j,-0.294883+1.343095j,0.014525
-1.876801-1.306994j,-0.081922+0.683195j,-0.296661+1.350749j,0.015496
-1.876639-1.303725j,-0.079263+0.676572j,-0.298445+1.358506j,0.016521
-1.876469-1.300349j,-0.076570+0.669883j,-0.300235+1.366367j,0.017605
-1.876291-1.296862j,-0.073841+0.663129j,-0.302029+1.374332j,0.018748
-1.876103-1.293263j,-0.071079+0.656312j,-0.303827+1.382402j,0.019954
-1.875905-1.289549j,-0.068282+0.649432j,-0.305628+1.390576j,0.021225
-1.875697-1.285719j,-0.065450+0.642490j,-0.307432+1.398854j,0.022565
-1.875479-1.281771j,-0.062585+0.635487j,-0.309236+1.407236j,0.023975
-1.875249-1.277701j,-0.059687+0.628424j,-0.311041+1.415722j,0.025460
-1.875008-1.273509j,-0.056755+0.621302j,-0.312845+1.424313j,0.027021
-1.874754-1.269191j,-0.053789+0.614122j,-0.314648+1.433007j,0.028663
-1.874488-1.264747j,-0.050791+0.606886j,-0.316448+1.441806j,0.030388
-1.874208-1.260173j,-0.047761+0.599593j,-0.318246+1.450708j,0.032200
-1.873914-1.255469j,-0.044699+0.592245j,-0.320038+1.459714j,0.034102
-1.873605-1.250631j,-0.041605+0.584844j,-0.321825+1.468823j,0.036098
-1.873281-1.245659j,-0.038479+0.577390j,-0.323606+1.478035j,0.038190
-1.872941-1.240549j,-0.035323+0.569884j,-0.325380+1.487351j,0.040383
-1.872584-1.235301j,-0.032136+0.562329j,-0.327145+1.496769j,0.042681
-1.872209-1.229913j,-0.028920+0.554724j,-0.328900+1.506290j,0.045087
-1.871816-1.224382j,-0.025674+0.547071j,-0.330644+1.515912j,0.047605
-1.871404-1.218707j,-0.022399+0.539372j,-0.332377+1.525637j,0.050239
-1.870972-1.212887j,-0.019096+0.531628j,-0.334097+1.535463j,0.052993
-1.870519-1.206919j,-0.015764+0.523840j,-0.335803+1.545390j,0.055871
-1.870044-1.200802j,-0.012406+0.516009j,-0.337493+1.555418j,0.058877
-1.869547-1.194535j,-0.009021+0.508137j,-0.339167+1.565545j,0.062016
-1.869026-1.188116j,-0.005610+0.500225j,-0.340824+1.575773j,0.065292
-1.868481-1.181543j,-0.002174+0.492275j,-0.342461+1.586100j,0.068710
-1.867910-1.174816j,0.001287+0.484288j,-0.344078+1.596525j,0.072273
-1.867312-1.167934j,0.004771+0.476265j,-0.345674+1.607049j,0.075986
-1.866687-1.160894j,0.008279+0.468208j,-0.347248+1.617670j,0.079855
-1.866032-1.153695j,0.011809+0.460118j,-0.348797+1.628389j,0.083883
-1.865348-1.146338j,0.015361+0.451998j,-0.350322+1.639204j,0.088076
-1.864633-1.138820j,0.018933+0.443847j,-0.351820+1.650114j,0.092437
-1.863886-1.131141j,0.022525+0.435668j,-0.353290+1.661120j,0.096973
-1.863105-1.123300j,0.026136+0.427463j,-0.354731+1.672220j,0.101688
-1.862290-1.115296j,0.029766+0.419233j,-0.356141+1.683414j,0.106587
-1.861439-1.107128j,0.033412+0.410979j,-0.357520+1.694701j,0.111675
-1.860550-1.098796j,0.037075+0.402704j,-0.358866+1.706081j,0.116958
-1.859623-1.090299j,0.040753+0.394408j,-0.360177+1.717552j,0.122439
-1.858656-1.081638j,0.044445+0.386093j,-0.361452+1.729114j,0.128126
-1.857647-1.072810j,0.048151+0.377761j,-0.362691+1.740766j,0.134022
-1.856596-1.063817j,0.051869+0.369414j,-0.363890+1.752507j,0.140133
-1.855500-1.054658j,0.055598+0.361053j,-0.365050+1.764337j,0.146465
-1.854359-1.045332j,0.059337+0.352679j,-0.366168+1.776255j,0.153022
-1.853171-1.035840j,0.063086+0.344294j,-0.367243+1.788259j,0.159812
-1.851934-1.026182j,0.066842+0.335900j,-0.368274+1.800350j,0.166838
-1.850647-1.016357j,0.070605+0.327499j,-0.369260+1.812526j,0.174106
-1.849308-1.006366j,0.074374+0.319091j,-0.370198+1.824787j,0.181623
-1.847961-0.996538j,0.078026+0.310950j,-0.371061+1.836733j,0.189137
-1.846514-0.986218j,0.081804+0.302532j,-0.371903+1.849162j,0.197161
-1.845060-0.976065j,0.085465+0.294378j,-0.372669+1.861278j,0.205183
-1.843500-0.965419j,0.089246+0.285959j,-0.373409+1.873869j,0.213735
-1.841931-0.954945j,0.092911+0.277801j,-0.374075+1.886149j,0.222284
-1.840251-0.943974j,0.096691+0.269385j,-0.374707+1.898899j,0.231387
-1.838561-0.933180j,0.100354+0.261229j,-0.375265+1.911340j,0.240487
-1.836753-0.921886j,0.104129+0.252822j,-0.375784+1.924249j,0.250164
-1.834935-0.910773j,0.107786+0.244672j,-0.376230+1.936850j,0.259840
-1.832993-0.899158j,0.111550+0.236279j,-0.376629+1.949915j,0.270117
-1.831040-0.887727j,0.115197+0.228140j,-0.376956+1.962674j,0.280392
-1.828955-0.875791j,0.118946+0.219766j,-0.377231+1.975897j,0.291296
-1.826859-0.864044j,0.122579+0.211643j,-0.377434+1.988814j,0.302197
-1.824623-0.851789j,0.126309+0.203291j,-0.377577+2.002194j,0.313754
-1.822375-0.839726j,0.129921+0.195187j,-0.377651+2.015271j,0.325309
-1.819981-0.827151j,0.133628+0.186860j,-0.377657+2.028810j,0.337550
-1.817572-0.814773j,0.137217+0.178780j,-0.377594+2.042047j,0.349788
-1.815009-0.801877j,0.140895+0.170481j,-0.377456+2.055748j,0.362744
-1.812431-0.789183j,0.144456+0.162427j,-0.377251+2.069149j,0.375697
-1.809688-0.775964j,0.148102+0.154157j,-0.376963+2.083019j,0.389404
-1.806931-0.762951j,0.151630+0.146130j,-0.376607+2.096588j,0.403107
-1.803999-0.749406j,0.155239+0.137891j,-0.376162+2.110632j,0.417603
-1.801050-0.736072j,0.158731+0.129894j,-0.375650+2.124377j,0.432095
-1.797916-0.722194j,0.162300+0.121685j,-0.375039+2.138603j,0.447422
-1.794766-0.708534j,0.165750+0.113718j,-0.374361+2.152532j,0.462745
-1.791417-0.694317j,0.169275+0.105540j,-0.373576+2.166952j,0.478951
-1.788050-0.680324j,0.172680+0.097603j,-0.372725+2.181073j,0.495153
-1.784472-0.665760j,0.176156+0.089455j,-0.371757+2.195699j,0.512289
-1.780875-0.651427j,0.179510+0.081548j,-0.370722+2.210026j,0.529422
-1.777051-0.636506j,0.182932+0.073430j,-0.369559+2.224872j,0.547547
-1.773209-0.621823j,0.186231+0.065552j,-0.368331+2.239417j,0.565669
-1.769123-0.606535j,0.189594+0.057463j,-0.366963+2.254497j,0.584846
-1.765017-0.591491j,0.192832+0.049614j,-0.365528+2.269275j,0.604019
-1.760650-0.575825j,0.196129+0.041555j,-0.363941+2.284604j,0.624316
-1.756263-0.560412j,0.199299+0.033736j,-0.362288+2.299629j,0.644609
-1.751595-0.544358j,0.202524+0.025707j,-0.360469+2.315224j,0.666100
-1.746906-0.528565j,0.205619+0.017920j,-0.358583+2.330511j,0.687587
-1.741916-0.512113j,0.208761+0.009923j,-0.356515+2.346385j,0.710349
-1.736904-0.495931j,0.211772+0.002171j,-0.354381+2.361949j,0.733107
-1.731570-0.479073j,0.214823-0.005789j,-0.352049+2.378117j,0.757224
-1.726212-0.462497j,0.217738-0.013503j,-0.349648+2.393971j,0.781335
-1.720511-0.445227j,0.220685-0.021421j,-0.347034+2.410445j,0.806891
-1.714784-0.428250j,0.223493-0.029089j,-0.344350+2.426602j,0.832441
-1.708690-0.410565j,0.226324-0.036957j,-0.341434+2.443393j,0.859525
-1.702571-0.393185j,0.229011-0.044573j,-0.338448+2.459861j,0.886603
-1.696059-0.375086j,0.231709-0.052381j,-0.335210+2.476979j,0.915306
-1.689522-0.357304j,0.234259-0.059934j,-0.331900+2.493769j,0.944004
-1.682568-0.338794j,0.236807-0.067671j,-0.328319+2.511219j,0.974419
-1.675586-0.320613j,0.239203-0.075148j,-0.324664+2.528336j,1.004829
-1.668163-0.301699j,0.241582-0.082799j,-0.320717+2.546123j,1.037052
-1.660712-0.283127j,0.243804-0.090187j,-0.316695+2.563571j,1.069268
-1.652794-0.263820j,0.245993-0.097736j,-0.312358+2.581696j,1.103392
-1.644847-0.244870j,0.248019-0.105017j,-0.307945+2.599477j,1.137510
-1.636408-0.225187j,0.249993-0.112444j,-0.303195+2.617938j,1.173629
-1.627940-0.205874j,0.251800-0.119599j,-0.298367+2.636049j,1.209741
-1.618955-0.185835j,0.253535-0.126883j,-0.293179+2.654842j,1.247947
-1.609941-0.166180j,0.255096-0.133889j,-0.287912+2.673278j,1.286146
-1.600386-0.145811j,0.256564-0.141005j,-0.282261+2.692392j,1.326525
-1.590802-0.125842j,0.257852-0.147838j,-0.276528+2.711142j,1.366896
-1.580655-0.105176j,0.259024-0.154759j,-0.270391+2.730563j,1.409528
-1.570480-0.084924j,0.260009-0.161390j,-0.264169+2.749614j,1.452152
-1.559723-0.064000j,0.260852-0.168084j,-0.257520+2.769320j,1.497108
-1.548938-0.043504j,0.261503-0.174484j,-0.250785+2.788651j,1.542054
-1.537554-0.022368j,0.261987-0.180917j,-0.243604+2.808616j,1.589388
-1.526144-0.001673j,0.262271-0.187049j,-0.236334+2.828199j,1.636713
-1.514124+0.019621j,0.262361-0.193184j,-0.228601+2.848388j,1.686464
-1.502079+0.040462j,0.262246-0.199013j,-0.220777+2.868189j,1.736205
-1.489419+0.061852j,0.261910-0.204809j,-0.212476+2.888559j,1.788387
-1.476735+0.082779j,0.261361-0.210292j,-0.204082+2.908535j,1.840559
-1.463439+0.104198j,0.260566-0.215707j,-0.195202+2.929033j,1.895160
-1.450120+0.125143j,0.259553-0.220802j,-0.186228+2.949133j,1.949750
-1.436199+0.146513j,0.258270-0.225789j,-0.176765+2.969697j,2.006723
-1.422258+0.167402j,0.256762-0.230450j,-0.167206+2.989858j,2.063685
-1.407734+0.188640j,0.254964-0.234962j,-0.157162+3.010417j,2.122946
-1.393193+0.209393j,0.252936-0.239142j,-0.147022+3.030569j,2.182197
-1.378100+0.230411j,0.250601-0.243133j,-0.136411+3.051042j,2.243623
-1.362991+0.250943j,0.248034-0.246784j,-0.125702+3.071103j,2.305037
-1.347867+0.271003j,0.245243-0.250104j,-0.114900+3.090765j,2.366439
-1.332010+0.291527j,0.242085-0.253233j,-0.103487+3.110944j,2.430765
-1.316140+0.311567j,0.238694-0.256014j,-0.091979+3.130709j,2.495079
-1.300258+0.331138j,0.235077-0.258453j,-0.080379+3.150069j,2.559381
-1.283769+0.350964j,0.231093-0.260627j,-0.068251+3.169738j,2.626100
-1.267269+0.370317j,0.226879-0.262445j,-0.056032+3.188992j,2.692807
-1.250760+0.389211j,0.222443-0.263912j,-0.043726+3.207839j,2.759501
-1.234242+0.407660j,0.217791-0.265031j,-0.031338+3.226288j,2.826184
-1.217152+0.426286j,0.212761-0.265828j,-0.018445+3.244955j,2.895147
-1.200054+0.444464j,0.207514-0.266261j,-0.005472+3.263211j,2.964099
-1.182949+0.462206j,0.202059-0.266333j,0.007574+3.281063j,3.033038
-1.165838+0.479525j,0.196402-0.266048j,0.020689+3.298516j,3.101966
-1.148720+0.496433j,0.190550-0.265408j,0.033867+3.315575j,3.170883
-1.131597+0.512941j,0.184512-0.264414j,0.047105+3.332247j,3.239788
-1.114467+0.529060j,0.178294-0.263069j,0.060395+3.348535j,3.308682
-1.097331+0.544798j,0.171903-0.261374j,0.073732+3.364444j,3.377566
-1.080190+0.560167j,0.165348-0.259330j,0.087111+3.379978j,3.446438
-1.063042+0.575174j,0.158636-0.256938j,0.100525+3.395141j,3.515301
-1.045887+0.589829j,0.151774-0.254200j,0.113969+3.409937j,3.584153
-1.028726+0.604139j,0.144771-0.251117j,0.127436+3.424369j,3.652996
-1.011557+0.618112j,0.137633-0.247689j,0.140919+3.438440j,3.721828
-0.994380+0.631755j,0.130370-0.243918j,0.154413+3.452154j,3.790651
-0.977194+0.645076j,0.122989-0.239804j,0.167911+3.465515j,3.859464
-0.959999+0.658082j,0.115497-0.235350j,0.181405+3.478525j,3.928268
-0.942794+0.670777j,0.107904-0.230556j,0.194890+3.491189j,3.997063
-0.925578+0.683168j,0.100217-0.225423j,0.208357+3.503510j,4.065848
-0.908350+0.695262j,0.092444-0.219953j,0.221800+3.515491j,4.134625
-0.891110+0.707062j,0.084594-0.214149j,0.235213+3.527136j,4.203392
-0.873856+0.718574j,0.076674-0.208011j,0.248588+3.538450j,4.272151
-0.856587+0.729803j,0.068693-0.201542j,0.261918+3.549435j,4.340901
-0.839303+0.740753j,0.060657-0.194744j,0.275196+3.560097j,4.409643
-0.822002+0.751427j,0.052576-0.187620j,0.288416+3.570440j,4.478376
-0.804684+0.761831j,0.044457-0.180172j,0.301570+3.580468j,4.547100
-0.787346+0.771968j,0.036307-0.172404j,0.314653+3.590186j,4.615817
-0.769989+0.781840j,0.028134-0.164318j,0.327657+3.599599j,4.684525
-0.752611+0.791451j,0.019945-0.155919j,0.340577+3.608712j,4.753225
-0.735211+0.800805j,0.011746-0.147208j,0.353406+3.617530j,4.821918
-0.717788+0.809902j,0.003546-0.138190j,0.366138+3.626058j,4.890602
-0.700341+0.818747j,-0.004651-0.128870j,0.378767+3.634302j,4.959279
-0.682868+0.827341j,-0.012837-0.119249j,0.391289+3.642268j,5.027948
-0.682194+0.827667j,-0.013153-0.118873j,0.391770+3.642569j,5.030590
-0.682194+0.827667j,-0.013153-0.118873j,0.391770+3.642569j,5.030590
-0.682194+0.827667j,-0.013153-0.118873j,0.391770+3.642569j,5.030590
-0.682194+0.827667j,-0.013153-0.118873j,0.391770+3.642569j,5.030590
-0.682194+0.827667j,-0.013153-0.118873j,0.391770+3.642569j,5.030590
-0.682193+0.827668j,-0.013153-0.118872j,0.391770+3.642569j,5.030591
-0.682192+0.827668j,-0.013153-0.118872j,0.391771+3.642570j,5.030595
-0.682188+0.827670j,-0.013155-0.118869j,0.391774+3.642572j,5.030614
-0.682167+0.827681j,-0.013165-0.118857j,0.391789+3.642581j,5.030697
-0.682071+0.827727j,-0.013210-0.118804j,0.391857+3.642624j,5.031070
-0.681642+0.827934j,-0.013411-0.118564j,0.392163+3.642816j,5.032752
-0.679711+0.828866j,-0.014314-0.117481j,0.393538+3.643676j,5.040321
-0.671015+0.833022j,-0.018374-0.112564j,0.399709+3.647509j,5.074407
-0.653554+0.841174j,-0.026503-0.102484j,0.411998+3.654996j,5.142841
-0.636066+0.849081j,-0.034606-0.092118j,0.424166+3.662221j,5.211267
-0.618548+0.856745j,-0.042678-0.081469j,0.436209+3.669190j,5.279686
-0.601001+0.864168j,-0.050714-0.070543j,0.448123+3.675908j,5.348098
-0.583422+0.871351j,-0.058710-0.059344j,0.459903+3.682383j,5.416503
-0.565812+0.878294j,-0.066660-0.047875j,0.471546+3.688618j,5.484901
-0.548169+0.884998j,-0.074561-0.036142j,0.483047+3.694621j,5.553292
-0.530492+0.891464j,-0.082409-0.024148j,0.494405+3.700396j,5.621676
-0.511990+0.897966j,-0.090547-0.011345j,0.506112+3.706193j,5.693111
-0.493449+0.904208j,-0.098619+0.001733j,0.517655+3.711754j,5.764538
-0.474868+0.910192j,-0.106622+0.015081j,0.529031+3.717086j,5.835957
-0.455300+0.916201j,-0.114953+0.029394j,0.540803+3.722449j,5.911005
-0.435686+0.921924j,-0.123201+0.043994j,0.552385+3.727573j,5.986043
-0.415153+0.927595j,-0.131723+0.059545j,0.564275+3.732676j,6.064407
-0.394569+0.932953j,-0.140147+0.075399j,0.575952+3.737532j,6.142761
-0.372903+0.938241j,-0.148882+0.092362j,0.587979+3.742374j,6.225013
-0.351179+0.943181j,-0.157503+0.109648j,0.599767+3.746962j,6.307254
-0.328226+0.948009j,-0.166460+0.128205j,0.611925+3.751528j,6.393899
-0.305208+0.952447j,-0.175286+0.147106j,0.623813+3.755829j,6.480533
-0.280815+0.956711j,-0.184464+0.167447j,0.636077+3.760094j,6.572057
-0.256347+0.960534j,-0.193489+0.188160j,0.648034+3.764081j,6.663567
-0.230362+0.964097j,-0.202875+0.210489j,0.660358+3.768010j,6.760429
-0.204294+0.967158j,-0.212084+0.233223j,0.672333+3.771648j,6.857274
-0.176593+0.969845j,-0.221644+0.257739j,0.684637+3.775193j,6.959824
-0.148798+0.971955j,-0.231003+0.282698j,0.696547+3.778433j,7.062354
-0.119347+0.973550j,-0.240665+0.309529j,0.708694+3.781532j,7.170590
-0.089794+0.974484j,-0.250098+0.336847j,0.720399+3.784310j,7.278802
-0.058776+0.974744j,-0.259718+0.365933j,0.732165+3.786883j,7.391941
-0.027650+0.974258j,-0.269085+0.395546j,0.743442+3.789123j,7.505053
0.003583+0.973014j,-0.278196+0.425684j,0.754228+3.791040j,7.618136
0.034920+0.970996j,-0.287052+0.456349j,0.764520+3.792641j,7.731190
0.066357+0.968190j,-0.295648+0.487543j,0.774314+3.793930j,7.844215
0.097892+0.964579j,-0.303984+0.519270j,0.783606+3.794913j,7.957210
0.129520+0.960146j,-0.312057+0.551536j,0.792391+3.795592j,8.070175
0.161236+0.954873j,-0.319864+0.584350j,0.800665+3.795971j,8.183108
0.193036+0.948739j,-0.327401+0.617719j,0.808421+3.796049j,8.296010
0.224914+0.941724j,-0.334665+0.651655j,0.815652+3.795828j,8.408878
0.256864+0.933806j,-0.341651+0.686171j,0.822350+3.795305j,8.521713
0.288879+0.924959j,-0.348355+0.721282j,0.828506+3.794477j,8.634513
0.320953+0.915159j,-0.354769+0.757006j,0.834108+3.793340j,8.747276
0.349647+0.905575j,-0.360248+0.789453j,0.838635+3.792060j,8.848033
0.378375+0.895188j,-0.365484+0.822421j,0.842701+3.790523j,8.948763
0.407132+0.883973j,-0.370472+0.855928j,0.846295+3.788723j,9.049463
0.435909+0.871909j,-0.375204+0.889994j,0.849405+3.786654j,9.150133
0.464700+0.858968j,-0.379670+0.924641j,0.852017+3.784307j,9.250771
0.493497+0.845123j,-0.383862+0.959895j,0.854116+3.781670j,9.351375
0.522291+0.830345j,-0.387768+0.995783j,0.855685+3.778734j,9.451944
0.551074+0.814601j,-0.391376+1.032336j,0.856703+3.775483j,9.552475
0.576753+0.799700j,-0.394333+1.065561j,0.857130+3.772302j,9.642270
0.602409+0.783975j,-0.397031+1.099372j,0.857084+3.768846j,9.732035
0.628032+0.767398j,-0.399455+1.133798j,0.856545+3.765100j,9.821768
0.653614+0.749936j,-0.401591+1.168874j,0.855491+3.761047j,9.911468
0.679147+0.731556j,-0.403423+1.204637j,0.853900+3.756670j,10.001131
0.684093+0.727882j,-0.403741+1.211656j,0.853526+3.755782j,10.018635
0.684093+0.727882j,-0.403741+1.211656j,0.853526+3.755782j,10.018635
0.684093+0.727882j,-0.403741+1.211656j,0.853526+3.755782j,10.018635
0.684093+0.727882j,-0.403741+1.211656j,0.853526+3.755782j,10.018635
0.684093+0.727882j,-0.403741+1.211656j,0.853526+3.755782j,10.018635
0.684093+0.727882j,-0.403741+1.211657j,0.853526+3.755781j,10.018636
0.684094+0.727881j,-0.403741+1.211658j,0.853526+3.755781j,10.018640
0.684100+0.727877j,-0.403742+1.211666j,0.853526+3.755780j,10.018658
0.684123+0.727859j,-0.403743+1.211699j,0.853524+3.755776j,10.018741
0.684228+0.727781j,-0.403750+1.211849j,0.853516+3.755757j,10.019115
0.684703+0.727426j,-0.403780+1.212524j,0.853479+3.755671j,10.020796
0.686836+0.725827j,-0.403913+1.215564j,0.853310+3.755283j,10.028358
0.696433+0.718548j,-0.404483+1.229307j,0.852500+3.753505j,10.062300
0.719868+0.700148j,-0.405674+1.263389j,0.850163+3.748938j,10.144927
0.743239+0.680881j,-0.406560+1.298157j,0.847303+3.744043j,10.227521
0.766537+0.660709j,-0.407122+1.333657j,0.843889+3.738797j,10.310078
0.789752+0.639591j,-0.407337+1.369938j,0.839889+3.733174j,10.392595
0.812873+0.617484j,-0.407176+1.407060j,0.835264+3.727142j,10.475070
0.832788+0.597525j,-0.406712+1.439895j,0.830727+3.721570j,10.546472
0.852617+0.576752j,-0.405923+1.473454j,0.825659+3.715641j,10.617840
0.872353+0.555126j,-0.404781+1.507791j,0.820024+3.709324j,10.689173
0.891985+0.532602j,-0.403259+1.542969j,0.813782+3.702587j,10.760468
0.909172+0.511997j,-0.401576+1.574680j,0.807749+3.696278j,10.823267
0.926266+0.490622j,-0.399544+1.607150j,0.801172+3.689582j,10.886034
0.943258+0.468434j,-0.397133+1.640442j,0.794011+3.682463j,10.948766
0.958227+0.448053j,-0.394651+1.670691j,0.787137+3.675767j,11.004405
0.973104+0.426960j,-0.391813+1.701697j,0.779728+3.668673j,11.060015
0.987884+0.405115j,-0.388589+1.733527j,0.771741+3.661143j,11.115592
1.000557+0.385619j,-0.385464+1.761719j,0.764344+3.654259j,11.163615
1.013149+0.365493j,-0.381994+1.790636j,0.756441+3.646983j,11.211612
1.025653+0.344702j,-0.378145+1.820340j,0.747990+3.639278j,11.259581
1.036482+0.325992j,-0.374450+1.846944j,0.740134+3.632172j,11.301454
1.047238+0.306712j,-0.370409+1.874258j,0.731787+3.624672j,11.343304
1.057916+0.286824j,-0.365989+1.902346j,0.722904+3.616735j,11.385129
1.067029+0.269213j,-0.361856+1.927165j,0.714804+3.609530j,11.421120
1.076079+0.251093j,-0.357385+1.952666j,0.706234+3.601933j,11.457092
1.085063+0.232432j,-0.352542+1.978911j,0.697153+3.593906j,11.493042
1.092787+0.215807j,-0.348018+2.002294j,0.688839+3.586570j,11.524202
1.100457+0.198721j,-0.343157+2.026344j,0.680068+3.578840j,11.555344
1.108072+0.181140j,-0.337924+2.051125j,0.670797+3.570674j,11.586466
1.114551+0.165654j,-0.333113+2.072999j,0.662418+3.563292j,11.613167
1.120987+0.149753j,-0.327971+2.095518j,0.653599+3.555517j,11.639852
1.127378+0.133407j,-0.322464+2.118745j,0.644298+3.547308j,11.666519
1.132838+0.118966j,-0.317404+2.139346j,0.635875+3.539860j,11.689482
1.138264+0.104146j,-0.312014+2.160580j,0.627023+3.532017j,11.712431
1.143654+0.088919j,-0.306260+2.182511j,0.617700+3.523734j,11.735364
1.148222+0.075588j,-0.301034+2.201820j,0.609339+3.516283j,11.754946
1.152764+0.061914j,-0.295485+2.221745j,0.600563+3.508436j,11.774516
1.157280+0.047871j,-0.289576+2.242348j,0.591331+3.500149j,11.794072
1.161114+0.035569j,-0.284218+2.260530j,0.583050+3.492685j,11.810787
1.164930+0.022953j,-0.278539+2.279316j,0.574366+3.484822j,11.827491
1.168726+0.010000j,-0.272504+2.298769j,0.565235+3.476513j,11.844183
1.171929-0.001261j,-0.267082+2.315831j,0.557112+3.469083j,11.858343
1.175120-0.012805j,-0.261346+2.333482j,0.548598+3.461253j,11.872495
1.178300-0.024657j,-0.255261+2.351786j,0.539650+3.452976j,11.886635
1.180984-0.034950j,-0.249806+2.367848j,0.531702+3.445576j,11.898620
1.183662-0.045502j,-0.244042+2.384489j,0.523373+3.437772j,11.910598
1.186335-0.056336j,-0.237935+2.401774j,0.514622+3.429516j,11.922565
1.188579-0.065678j,-0.232505+2.416859j,0.506904+3.422181j,11.932638
1.190823-0.075256j,-0.226775+2.432509j,0.498819+3.414442j,11.942704
1.193067-0.085089j,-0.220709+2.448792j,0.490326+3.406246j,11.952761
1.194952-0.093551j,-0.215335+2.462993j,0.482855+3.398975j,11.961207
1.196906-0.102531j,-0.209466+2.478270j,0.474752+3.391023j,11.969933
1.198620-0.110587j,-0.204049+2.492175j,0.467321+3.383665j,11.977570
1.200341-0.118853j,-0.198334+2.506654j,0.459532+3.375879j,11.985200
1.201892-0.126452j,-0.192934+2.520171j,0.452214+3.368493j,11.992039
1.203452-0.134251j,-0.187236+2.534269j,0.444539+3.360666j,11.998872
1.204828-0.141254j,-0.181982+2.547137j,0.437500+3.353409j,12.004854
1.206217-0.148441j,-0.176445+2.560570j,0.430122+3.345716j,12.010830
1.207464-0.154995j,-0.171263+2.573038j,0.423251+3.338467j,12.016141
1.208726-0.161726j,-0.165805+2.586076j,0.416047+3.330771j,12.021448
1.209845-0.167760j,-0.160787+2.597989j,0.409454+3.323634j,12.026085
1.210981-0.173958j,-0.155509+2.610461j,0.402546+3.316051j,12.030718
1.212001-0.179570j,-0.150613+2.621986j,0.396165+3.308943j,12.034806
1.213042-0.185337j,-0.145468+2.634073j,0.389480+3.301380j,12.038890
1.213969-0.190494j,-0.140762+2.645118j,0.383385+3.294370j,12.042449
1.214919-0.195794j,-0.135824+2.656719j,0.377007+3.286904j,12.046003
1.215774-0.200564j,-0.131288+2.667401j,0.371163+3.279934j,12.049119
1.216655-0.205467j,-0.126537+2.678641j,0.365053+3.272497j,12.052232
1.217445-0.209839j,-0.122225+2.688910j,0.359515+3.265612j,12.054934
1.218263-0.214334j,-0.117721+2.699733j,0.353734+3.258258j,12.057633
1.219003-0.218357j,-0.113630+2.709673j,0.348487+3.251413j,12.059985
1.219774-0.222494j,-0.109371+2.720172j,0.343021+3.244089j,12.062335
1.220471-0.226169j,-0.105548+2.729760j,0.338110+3.237313j,12.064367
1.221203-0.229950j,-0.101589+2.739904j,0.333013+3.230053j,12.066396
1.221869-0.233317j,-0.098047+2.749209j,0.328440+3.223310j,12.068156
1.222574-0.236780j,-0.094405+2.759070j,0.323716+3.216073j,12.069914
1.223217-0.239848j,-0.091192+2.768084j,0.319525+3.209378j,12.071430
1.223902-0.243003j,-0.087922+2.777651j,0.315227+3.202187j,12.072945
1.224533-0.245804j,-0.085067+2.786430j,0.311437+3.195509j,12.074254
1.225208-0.248682j,-0.082207+2.795760j,0.307592+3.188330j,12.075563
1.225833-0.251230j,-0.079765+2.804309j,0.304253+3.181676j,12.076691
1.226507-0.253846j,-0.077381+2.813399j,0.300920+3.174525j,12.077819
1.227137-0.256169j,-0.075402+2.821767j,0.298072+3.167869j,12.078797
1.227820-0.258550j,-0.073554+2.830657j,0.295302+3.160725j,12.079774
1.228464-0.260666j,-0.072109+2.838853j,0.293006+3.154073j,12.080624
1.229163-0.262829j,-0.070879+2.847537j,0.290873+3.146957j,12.081473
1.229832-0.264766j,-0.070044+2.855597j,0.289195+3.140292j,12.082220
1.230561-0.266738j,-0.069517+2.864088j,0.287771+3.133209j,12.082966
1.231266-0.268517j,-0.069384+2.872012j,0.286790+3.126547j,12.083631
1.232034-0.270318j,-0.069651+2.880280j,0.286158+3.119544j,12.084297
1.232871-0.272133j,-0.070412+2.888863j,0.285962+3.112224j,12.084963
1.233633-0.273664j,-0.071505+2.896281j,0.286204+3.105859j,12.085524
1.234452-0.275193j,-0.073071+2.903828j,0.286874+3.099352j,12.086086
1.235331-0.276712j,-0.075155+2.911430j,0.288019+3.092769j,12.086648
1.236269-0.278213j,-0.077783+2.918998j,0.289665+3.086195j,12.087212
1.237265-0.279685j,-0.080956+2.926433j,0.291816+3.079720j,12.087777
1.238313-0.281122j,-0.084646+2.933637j,0.294451+3.073438j,12.088343
1.239408-0.282516j,-0.088798+2.940524j,0.297519+3.067430j,12.088910
1.240542-0.283862j,-0.093338+2.947028j,0.300954+3.061759j,12.089478
1.241707-0.285158j,-0.098182+2.953111j,0.304678+3.056463j,12.090047
1.242896-0.286402j,-0.103245+2.958758j,0.308614+3.051559j,12.090616
1.244150-0.287643j,-0.108671+2.964180j,0.312863+3.046863j,12.091210
1.245469-0.288882j,-0.114416+2.969361j,0.317385+3.042394j,12.091830
1.246857-0.290123j,-0.120467+2.974313j,0.322159+3.038141j,12.092480
1.248319-0.291371j,-0.126810+2.979049j,0.327169+3.034095j,12.093166
1.249860-0.292632j,-0.133434+2.983584j,0.332400+3.030243j,12.093892
1.251483-0.293908j,-0.140328+2.987932j,0.337837+3.026575j,12.094662
1.253193-0.295204j,-0.147484+2.992105j,0.343469+3.023078j,12.095482
1.254995-0.296525j,-0.154897+2.996118j,0.349285+3.019741j,12.096357
1.256894-0.297874j,-0.162560+2.999983j,0.355276+3.016554j,12.097291
1.258893-0.299254j,-0.170469+3.003713j,0.361434+3.013505j,12.098290
1.260999-0.300669j,-0.178622+3.007320j,0.367752+3.010585j,12.099359
1.263215-0.302123j,-0.187016+3.010815j,0.374224+3.007783j,12.100504
1.265546-0.303618j,-0.195649+3.014208j,0.380846+3.005092j,12.101731
1.267998-0.305159j,-0.204522+3.017509j,0.387612+3.002501j,12.103047
1.270576-0.306749j,-0.213633+3.020728j,0.394519+3.000003j,12.104457
1.273284-0.308392j,-0.222985+3.023873j,0.401564+2.997591j,12.105968
1.276128-0.310090j,-0.232577+3.026954j,0.408743+2.995258j,12.107587
1.279114-0.311847j,-0.242411+3.029976j,0.416056+2.992996j,12.109323
1.282247-0.313667j,-0.252490+3.032949j,0.423498+2.990801j,12.111182
1.285534-0.315554j,-0.262816+3.035879j,0.431069+2.988666j,12.113173
1.288979-0.317511j,-0.273391+3.038772j,0.438768+2.986586j,12.115304
1.292590-0.319542j,-0.284219+3.041634j,0.446593+2.984556j,12.117585
1.296374-0.321651j,-0.295303+3.044472j,0.454543+2.982571j,12.120025
1.300336-0.323842j,-0.306647+3.047291j,0.462618+2.980627j,12.122634
1.304483-0.326120j,-0.318254+3.050096j,0.470816+2.978720j,12.125422
1.308824-0.328488j,-0.330129+3.052892j,0.479138+2.976847j,12.128401
1.313366-0.330951j,-0.342277+3.055684j,0.487583+2.975003j,12.131581
1.318116-0.333515j,-0.354701+3.058477j,0.496152+2.973185j,12.134976
1.323082-0.336183j,-0.367408+3.061274j,0.504844+2.971390j,12.138597
1.328274-0.338961j,-0.380402+3.064080j,0.513659+2.969615j,12.142459
1.333699-0.341854j,-0.393690+3.066900j,0.522598+2.967857j,12.146575
1.339368-0.344868j,-0.407275+3.069736j,0.531662+2.966114j,12.150960
1.345290-0.348008j,-0.421165+3.072593j,0.540850+2.964383j,12.155630
1.351474-0.351281j,-0.435367+3.075475j,0.550164+2.962661j,12.160600
1.357932-0.354692j,-0.449885+3.078385j,0.559604+2.960946j,12.165888
1.364673-0.358249j,-0.464727+3.081326j,0.569172+2.959236j,12.171513
1.371711-0.361957j,-0.479901+3.084302j,0.578868+2.957528j,12.177492
1.379056-0.365825j,-0.495413+3.087317j,0.588693+2.955821j,12.183846
1.386721-0.369860j,-0.511270+3.090374j,0.598650+2.954112j,12.190595
1.394719-0.374069j,-0.527482+3.093476j,0.608739+2.952399j,12.197761
1.403063-0.378462j,-0.544056+3.096627j,0.618962+2.950681j,12.205368
1.411769-0.383047j,-0.561000+3.099830j,0.629321+2.948955j,12.213438
1.420851-0.387833j,-0.578323+3.103087j,0.639818+2.947218j,12.221998
1.430325-0.392831j,-0.596035+3.106404j,0.650455+2.945471j,12.231074
1.440207-0.398050j,-0.614145+3.109782j,0.661234+2.943709j,12.240693
1.450514-0.403501j,-0.632663+3.113225j,0.672158+2.941932j,12.250885
1.461266-0.409196j,-0.651598+3.116737j,0.683230+2.940137j,12.261681
1.472481-0.415148j,-0.670963+3.120321j,0.694452+2.938322j,12.273113
1.484179-0.421369j,-0.690768+3.123981j,0.705827+2.936486j,12.285214
1.496382-0.427872j,-0.711024+3.127719j,0.717360+2.934625j,12.298020
1.509112-0.434673j,-0.731743+3.131541j,0.729053+2.932739j,12.311568
1.522393-0.441786j,-0.752939+3.135449j,0.740911+2.930825j,12.325899
1.536250-0.449229j,-0.774625+3.139447j,0.752937+2.928880j,12.341052
1.550709-0.457019j,-0.796813+3.143539j,0.765137+2.926902j,12.357072
1.565799-0.465173j,-0.819519+3.147729j,0.777515+2.924889j,12.374005
1.581549-0.473714j,-0.842758+3.152021j,0.790076+2.922839j,12.391898
1.597991-0.482660j,-0.866545+3.156420j,0.802827+2.920748j,12.410803
1.615158-0.492036j,-0.890896+3.160929j,0.815772+2.918614j,12.430773
1.633087-0.501865j,-0.915831+3.165554j,0.828919+2.916435j,12.451866
1.651814-0.512174j,-0.941366+3.170299j,0.842275+2.914207j,12.474140
1.671382-0.522991j,-0.967521+3.175169j,0.855847+2.911927j,12.497660
1.691833-0.534345j,-0.994318+3.180169j,0.869643+2.909592j,12.522492
1.713215-0.546270j,-1.021777+3.185305j,0.883673+2.907199j,12.548709
1.735576-0.558800j,-1.049922+3.190582j,0.897946+2.904744j,12.576386
1.758972-0.571974j,-1.078778+3.196006j,0.912473+2.902223j,12.605605
1.783459-0.585833j,-1.108371+3.201584j,0.927264+2.899633j,12.636450
1.809101-0.600422j,-1.138729+3.207321j,0.942333+2.896968j,12.669016
1.835966-0.615790j,-1.169884+3.213226j,0.957692+2.894225j,12.703399
1.864127-0.631989j,-1.201867+3.219306j,0.973356+2.891399j,12.739707
1.893663-0.649078j,-1.234713+3.225568j,0.989340+2.888484j,12.778053
1.924663-0.667122j,-1.268461+3.232021j,1.005663+2.885476j,12.818559
1.957220-0.686189j,-1.303150+3.238674j,1.022342+2.882368j,12.861357
1.991437-0.706357j,-1.338823+3.245537j,1.039397+2.879155j,12.906588
2.027130-0.727532j,-1.375228+3.252561j,1.056707+2.875857j,12.954009
2.064360-0.749768j,-1.412373+3.259750j,1.074280+2.872471j,13.003699
2.103193-0.773120j,-1.450268+3.267105j,1.092121+2.868995j,13.055738
2.143695-0.797647j,-1.488921+3.274629j,1.110237+2.865426j,13.110206
2.185935-0.823409j,-1.528340+3.282324j,1.128635+2.861762j,13.167185
2.229985-0.850471j,-1.568533+3.290190j,1.147321+2.858000j,13.226755
2.275697-0.878763j,-1.609310+3.298192j,1.166210+2.854157j,13.288696
2.321328-0.907213j,-1.649120+3.306023j,1.184592+2.850380j,13.350622
2.369048-0.937186j,-1.689849+3.314054j,1.203345+2.846489j,13.415446
2.416731-0.967355j,-1.729673+3.321922j,1.221634+2.842659j,13.480256
2.466231-0.998904j,-1.770140+3.329933j,1.240177+2.838743j,13.547544
2.515736-1.030687j,-1.809765+3.337792j,1.258299+2.834883j,13.614819
2.566976-1.063822j,-1.849933+3.345772j,1.276637+2.830947j,13.684403
2.618258-1.097224j,-1.889315+3.353607j,1.294591+2.827065j,13.753975
2.669602-1.130903j,-1.927963+3.361307j,1.312189+2.823235j,13.823538
2.723511-1.166516j,-1.967742+3.369242j,1.330283+2.819270j,13.896452
2.777520-1.202448j,-2.006809+3.377043j,1.348040+2.815357j,13.969357
2.831642-1.238707j,-2.045205+3.384717j,1.365481+2.811492j,14.042254
2.888346-1.276962j,-2.084663+3.392610j,1.383395+2.807501j,14.118433
2.945202-1.315588j,-2.123470+3.400378j,1.401008+2.803558j,14.194605
3.002220-1.354592j,-2.161659+3.408026j,1.418339+2.799661j,14.270769
3.061880-1.395685j,-2.200872+3.415883j,1.436133+2.795644j,14.350199
3.121742-1.437201j,-2.239482+3.423622j,1.453655+2.791673j,14.429622
3.181815-1.479149j,-2.277520+3.431248j,1.470922+2.787746j,14.509040
3.244591-1.523283j,-2.316543+3.439072j,1.488640+2.783705j,14.591704
3.307617-1.567897j,-2.355006+3.446784j,1.506111+2.779708j,14.674363
3.370903-1.612997j,-2.392934+3.454388j,1.523348+2.775756j,14.757018
3.436954-1.660386j,-2.431810+3.462180j,1.541025+2.771694j,14.842897
3.503304-1.708312j,-2.470159+3.469865j,1.558474+2.767676j,14.928773
3.556757-1.747154j,-2.500562+3.475955j,1.572316+2.764484j,14.997713
3.556757-1.747154j,-2.500562+3.475955j,1.572316+2.764484j,14.997713
3.556757-1.747154j,-2.500562+3.475955j,1.572316+2.764484j,14.997713
3.556757-1.747154j,-2.500562+3.475955j,1.572316+2.764484j,14.997713
3.556757-1.747154j,-2.500563+3.475955j,1.572316+2.764484j,14.997714
3.556758-1.747155j,-2.500563+3.475955j,1.572316+2.764484j,14.997714
3.556761-1.747157j,-2.500565+3.475955j,1.572317+2.764483j,14.997719
3.556775-1.747167j,-2.500573+3.475957j,1.572321+2.764482j,14.997737
3.556839-1.747214j,-2.500609+3.475964j,1.572337+2.764479j,14.997820
3.557129-1.747425j,-2.500773+3.475997j,1.572412+2.764461j,14.998194
3.558431-1.748374j,-2.501508+3.476144j,1.572747+2.764384j,14.999875
3.564295-1.752648j,-2.504816+3.476807j,1.574253+2.764037j,15.007440
3.590710-1.771934j,-2.519654+3.479778j,1.581012+2.762476j,15.041443
3.661096-1.823563j,-2.558699+3.487594j,1.598808+2.758364j,15.131527
3.731840-1.875806j,-2.597244+3.495306j,1.616391+2.754297j,15.221608
3.802948-1.928669j,-2.635311+3.502917j,1.633771+2.750273j,15.311686
3.874430-1.982158j,-2.672918+3.510431j,1.650957+2.746292j,15.401762
3.949144-2.038436j,-2.711547+3.518143j,1.668627+2.742197j,15.495388
4.024275-2.095404j,-2.749717+3.525757j,1.686105+2.738145j,15.589011
4.099830-2.153069j,-2.787447+3.533275j,1.703399+2.734136j,15.682633
4.175815-2.211437j,-2.824753+3.540703j,1.720516+2.730168j,15.776253
4.255667-2.273177j,-2.863292+3.548367j,1.738218+2.726066j,15.874045
4.336003-2.335699j,-2.901402+3.555938j,1.755743+2.722008j,15.971836
4.416827-2.399010j,-2.939097+3.563418j,1.773096+2.717991j,16.069625
4.498145-2.463118j,-2.976392+3.570810j,1.790284+2.714016j,16.167413
4.583450-2.530803j,-3.014860+3.578424j,1.808033+2.709915j,16.269336
4.669303-2.599370j,-3.052922+3.585949j,1.825616+2.705857j,16.371258
4.755712-2.668826j,-3.090592+3.593386j,1.843037+2.701842j,16.473179
4.842682-2.739178j,-3.127883+3.600738j,1.860303+2.697867j,16.575099
4.933778-2.813342j,-3.166296+3.608300j,1.878109+2.693774j,16.681132
5.025492-2.888494j,-3.204324+3.615776j,1.895758+2.689723j,16.787165
5.117829-2.964643j,-3.241979+3.623167j,1.913254+2.685714j,16.893197
5.210795-3.041796j,-3.279273+3.630477j,1.930602+2.681746j,16.999230
5.308045-3.123021j,-3.317644+3.637986j,1.948473+2.677666j,17.109362
5.405984-3.205350j,-3.355649+3.645412j,1.966194+2.673628j,17.219495
5.504617-3.288791j,-3.393298+3.652757j,1.983769+2.669632j,17.329628
5.603950-3.373356j,-3.430601+3.660022j,2.001202+2.665676j,17.439762
5.707741-3.462278j,-3.468943+3.667478j,2.019143+2.661614j,17.553991
5.812295-3.552430j,-3.506935+3.674853j,2.036939+2.657594j,17.668222
5.917617-3.643823j,-3.544585+3.682150j,2.054595+2.653614j,17.782453
6.023714-3.736466j,-3.581903+3.689371j,2.072116+2.649675j,17.896685
6.134459-3.833783j,-3.620227+3.696773j,2.090128+2.645635j,18.015019
6.246046-3.932467j,-3.658214+3.704098j,2.108003+2.641636j,18.133354
6.358478-4.032529j,-3.695873+3.711347j,2.125742+2.637677j,18.251689
6.471762-4.133982j,-3.733212+3.718523j,2.143349+2.633758j,18.370026
6.589905-4.240458j,-3.771528+3.725873j,2.161436+2.629742j,18.492477
6.708971-4.348449j,-3.809519+3.733148j,2.179389+2.625767j,18.614930
6.828963-4.457970j,-3.847193+3.740351j,2.197211+2.621831j,18.737384
6.949888-4.569034j,-3.884558+3.747482j,2.214905+2.617935j,18.859839
7.075902-4.685504j,-3.922875+3.754781j,2.233068+2.613946j,18.986428
7.202923-4.803653j,-3.960878+3.762009j,2.251101+2.609996j,19.113019
7.330956-4.923496j,-3.998574+3.769165j,2.269006+2.606086j,19.239611
7.460008-5.045050j,-4.035972+3.776253j,2.286786+2.602214j,19.366205
7.590082-5.168328j,-4.073078+3.783274j,2.304444+2.598378j,19.492801
7.726610-5.298537j,-4.111410+3.790514j,2.322703+2.594424j,19.624588
7.864258-5.430650j,-4.149440+3.797684j,2.340835+2.590509j,19.756376
8.003032-5.564685j,-4.187175+3.804787j,2.358843+2.586631j,19.888167
8.093694-5.652704j,-4.211509+3.809361j,2.370465+2.584134j,19.973860
8.093694-5.652704j,-4.211509+3.809361j,2.370465+2.584134j,19.973860
8.093694-5.652704j,-4.211509+3.809361j,2.370465+2.584134j,19.973860
8.093694-5.652704j,-4.211509+3.809361j,2.370465+2.584134j,19.973860
8.093694-5.652704j,-4.211509+3.809361j,2.370465+2.584134j,19.973860
8.093695-5.652705j,-4.211510+3.809361j,2.370465+2.584134j,19.973861
8.093699-5.652709j,-4.211511+3.809361j,2.370465+2.584134j,19.973865
8.093719-5.652728j,-4.211516+3.809362j,2.370468+2.584134j,19.973884
8.093806-5.652813j,-4.211539+3.809367j,2.370479+2.584131j,19.973967
8.094201-5.653198j,-4.211645+3.809387j,2.370530+2.584120j,19.974340
8.095979-5.654927j,-4.212119+3.809476j,2.370756+2.584072j,19.976022
8.103979-5.662712j,-4.214254+3.809877j,2.371776+2.583853j,19.983586
8.140028-5.697824j,-4.223850+3.811679j,2.376361+2.582869j,20.017588
8.286397-5.840965j,-4.262421+3.818915j,2.394801+2.578921j,20.154335
8.433995-5.986232j,-4.300695+3.826083j,2.413115+2.575012j,20.291084
8.582829-6.133647j,-4.338680+3.833185j,2.431307+2.571139j,20.427835
8.732904-6.283230j,-4.376381+3.840222j,2.449378+2.567304j,20.564589
8.884226-6.435000j,-4.413805+3.847195j,2.467331+2.563504j,20.701344
9.036800-6.588978j,-4.450957+3.854108j,2.485168+2.559739j,20.838103
9.196965-6.751636j,-4.489351+3.861239j,2.503617+2.555857j,20.980437
9.358500-6.916732j,-4.527463+3.868307j,2.521944+2.552011j,21.122773
9.521410-7.084290j,-4.565300+3.875312j,2.540154+2.548201j,21.265113
9.685702-7.254332j,-4.602867+3.882257j,2.558247+2.544426j,21.407455
9.851382-7.426883j,-4.640170+3.889141j,2.576227+2.540685j,21.549799
10.024797-7.608633j,-4.678610+3.896225j,2.594768+2.536838j,21.697495
10.199720-7.793138j,-4.716776+3.903248j,2.613190+2.533026j,21.845193
10.376156-7.980423j,-4.754675+3.910210j,2.631498+2.529249j,21.992894
10.554113-8.170516j,-4.792313+3.917114j,2.649691+2.525506j,22.140598
10.733597-8.363445j,-4.829694+3.923961j,2.667772+2.521796j,22.288305
10.921323-8.566517j,-4.868189+3.931002j,2.686405+2.517983j,22.441433
11.110706-8.772697j,-4.906419+3.937984j,2.704923+2.514205j,22.594564
11.301750-8.982017j,-4.944389+3.944908j,2.723326+2.510459j,22.747698
11.494463-9.194507j,-4.982104+3.951776j,2.741617+2.506747j,22.900835
11.688853-9.410199j,-5.019570+3.958589j,2.759799+2.503066j,23.053976
11.892029-9.637082j,-5.058129+3.965592j,2.778523+2.499286j,23.212609
12.097019-9.867472j,-5.096430+3.972537j,2.797133+2.495539j,23.371247
12.303830-10.101403j,-5.134479+3.979428j,2.815631+2.491824j,23.529887
12.512470-10.338912j,-5.172279+3.986264j,2.834019+2.488141j,23.688531
12.722945-10.580035j,-5.209835+3.993048j,2.852299+2.484488j,23.847178
12.942791-10.833514j,-5.248466+4.000016j,2.871112+2.480739j,24.011393
13.164621-11.090947j,-5.286845+4.006931j,2.889813+2.477021j,24.175612
13.388441-11.352372j,-5.324978+4.013792j,2.908404+2.473334j,24.339834
13.614261-11.617832j,-5.362869+4.020601j,2.926887+2.469678j,24.504060
13.842087-11.887369j,-5.400522+4.027359j,2.945263+2.466052j,24.668290
14.079909-12.170558j,-5.439231+4.034298j,2.964164+2.462331j,24.838164
14.229092-12.349144j,-5.463211+4.038592j,2.975878+2.460029j,24.944203
14.229092-12.349144j,-5.463211+4.038592j,2.975878+2.460029j,24.944203
14.229092-12.349144j,-5.463211+4.038592j,2.975878+2.460029j,24.944203
14.229092-12.349145j,-5.463211+4.038592j,2.975878+2.460029j,24.944203
14.229092-12.349145j,-5.463211+4.038592j,2.975878+2.460029j,24.944203
14.229094-12.349146j,-5.463211+4.038592j,2.975878+2.460029j,24.944204
14.229099-12.349153j,-5.463212+4.038593j,2.975879+2.460029j,24.944208
14.229125-12.349184j,-5.463216+4.038593j,2.975881+2.460029j,24.944226
14.229242-12.349324j,-5.463235+4.038597j,2.975890+2.460027j,24.944309
14.229767-12.349954j,-5.463319+4.038612j,2.975931+2.460019j,24.944683
14.232130-12.352789j,-5.463697+4.038679j,2.976116+2.459983j,24.946364
14.242766-12.365550j,-5.465398+4.038984j,2.976946+2.459820j,24.953929
14.290682-12.423085j,-5.473045+4.040353j,2.980683+2.459086j,24.987936
14.507368-12.684203j,-5.507338+4.046487j,2.997443+2.455801j,25.140286
14.756004-12.985691j,-5.546118+4.053416j,3.016405+2.452093j,25.313469
15.006914-13.291945j,-5.584657+4.060294j,3.035257+2.448415j,25.486657
15.260107-13.603017j,-5.622958+4.067122j,3.054002+2.444766j,25.659848
15.515590-13.918958j,-5.661024+4.073900j,3.072641+2.441146j,25.833044
15.773373-14.239818j,-5.698862+4.080631j,3.091176+2.437554j,26.006243
16.033465-14.565650j,-5.736473+4.087314j,3.109608+2.433990j,26.179446
16.306297-14.909694j,-5.775337+4.094212j,3.128661+2.430314j,26.359458
16.581643-15.259227j,-5.813965+4.101062j,3.147608+2.426667j,26.539474
16.859510-15.614308j,-5.852362+4.107864j,3.166448+2.423047j,26.719494
17.139908-15.974996j,-5.890531+4.114618j,3.185184+2.419455j,26.899519
17.422845-16.341353j,-5.928477+4.121326j,3.203818+2.415891j,27.079547
17.708331-16.713438j,-5.966203+4.127990j,3.222351+2.412352j,27.259580
18.007733-17.106265j,-6.005180+4.134867j,3.241506+2.408702j,27.446635
18.309906-17.505415j,-6.043928+4.141698j,3.260555+2.405080j,27.633695
18.614861-17.910958j,-6.082451+4.148483j,3.279500+2.401485j,27.820759
18.922608-18.322965j,-6.120751+4.155222j,3.298343+2.397916j,28.007828
19.233155-18.741507j,-6.158833+4.161918j,3.317085+2.394373j,28.194901
19.546512-19.166655j,-6.196700+4.168570j,3.335727+2.390855j,28.381978
19.874883-19.615194j,-6.235798+4.175432j,3.354982+2.387229j,28.576193
20.206304-20.071015j,-6.274671+4.182249j,3.374132+2.383629j,28.770412
20.540786-20.534201j,-6.313325+4.189022j,3.393180+2.380054j,28.964636
20.878338-21.004835j,-6.351761+4.195752j,3.412127+2.376505j,29.158864
21.218971-21.483001j,-6.389985+4.202439j,3.430975+2.372981j,29.353097
21.562693-21.968781j,-6.427998+4.209084j,3.449725+2.369481j,29.547335
21.922606-22.480954j,-6.467221+4.215936j,3.469078+2.365875j,29.748824
22.215415-22.900270j,-6.498706+4.221432j,3.484616+2.362984j,29.911603
22.215415-22.900270j,-6.498706+4.221432j,3.484616+2.362984j,29.911603
22.215415-22.900270j,-6.498706+4.221432j,3.484616+2.362984j,29.911603
22.215415-22.900270j,-6.498706+4.221432j,3.484616+2.362984j,29.911603
22.215415-22.900270j,-6.498706+4.221432j,3.484616+2.362984j,29.911604
22.215417-22.900273j,-6.498706+4.221432j,3.484616+2.362984j,29.911604
22.215424-22.900283j,-6.498707+4.221432j,3.484616+2.362984j,29.911609
22.215457-22.900331j,-6.498711+4.221432j,3.484618+2.362983j,29.911627
22.215606-22.900545j,-6.498727+4.221435j,3.484626+2.362982j,29.911710
22.216277-22.901508j,-6.498798+4.221448j,3.484661+2.362975j,29.912084
22.219296-22.905844j,-6.499121+4.221504j,3.484821+2.362946j,29.913765
22.232886-22.925364j,-6.500573+4.221757j,3.485537+2.362813j,29.921330
22.294095-23.013345j,-6.507103+4.222897j,3.488760+2.362213j,29.955341
22.570709-23.412227j,-6.536412+4.228009j,3.503229+2.359526j,30.107769
22.946886-23.958036j,-6.575757+4.234868j,3.522657+2.355923j,30.313016
23.326567-24.512827j,-6.614885+4.241684j,3.541983+2.352344j,30.518269
23.709762-25.076706j,-6.653799+4.248459j,3.561209+2.348790j,30.723526
24.096481-25.649777j,-6.692503+4.255192j,3.580335+2.345259j,30.928788
24.486734-26.232146j,-6.730999+4.261885j,3.599364+2.341752j,31.134056
24.880532-26.823921j,-6.769292+4.268538j,3.618297+2.338268j,31.339328
25.291803-27.446348j,-6.808709+4.275382j,3.637791+2.334686j,31.551712
25.706891-28.079084j,-6.847914+4.282185j,3.657184+2.331128j,31.764102
26.125805-28.722250j,-6.886910+4.288947j,3.676479+2.327593j,31.976497
26.548557-29.375967j,-6.925702+4.295671j,3.695677+2.324081j,32.188898
26.975155-30.040360j,-6.964291+4.302355j,3.714779+2.320591j,32.401303
27.405609-30.715552j,-7.002681+4.309001j,3.733787+2.317123j,32.613713
27.855509-31.426373j,-7.042235+4.315845j,3.753375+2.313554j,32.833659
28.309566-32.149054j,-7.081582+4.322649j,3.772865+2.310008j,33.053610
28.767789-32.883738j,-7.120724+4.329415j,3.792258+2.306484j,33.273567
29.230188-33.630567j,-7.159666+4.336142j,3.811555+2.302983j,33.493529
29.696772-34.389686j,-7.198409+4.342832j,3.830757+2.299502j,33.713496
30.167551-35.161241j,-7.236958+4.349485j,3.849867+2.296043j,33.933469
30.659226-35.973042j,-7.276652+4.356332j,3.869548+2.292485j,34.161087
31.155412-36.798485j,-7.316144+4.363141j,3.889133+2.288948j,34.388711
31.656119-37.637737j,-7.355435+4.369913j,3.908622+2.285433j,34.616340
32.161354-38.490966j,-7.394530+4.376647j,3.928017+2.281939j,34.843975
32.234405-38.614862j,-7.400137+4.377613j,3.930799+2.281438j,34.876924
32.234405-38.614862j,-7.400137+4.377613j,3.930799+2.281438j,34.876924
32.234405-38.614862j,-7.400137+4.377613j,3.930799+2.281438j,34.876924
32.234405-38.614862j,-7.400137+4.377613j,3.930799+2.281438j,34.876924
32.234405-38.614863j,-7.400137+4.377613j,3.930799+2.281438j,34.876924
32.234407-38.614867j,-7.400138+4.377613j,3.930799+2.281438j,34.876925
32.234416-38.614882j,-7.400138+4.377613j,3.930799+2.281438j,34.876929
32.234457-38.614951j,-7.400141+4.377614j,3.930801+2.281438j,34.876948
32.234641-38.615264j,-7.400155+4.377616j,3.930808+2.281437j,34.877031
32.235469-38.616669j,-7.400219+4.377627j,3.930839+2.281431j,34.877405
32.239196-38.622993j,-7.400505+4.377676j,3.930981+2.281405j,34.879086
32.255970-38.651462j,-7.401791+4.377898j,3.931619+2.281291j,34.886651
32.331511-38.779764j,-7.407574+4.378894j,3.934489+2.280774j,34.920665
32.672686-39.361005j,-7.433548+4.383366j,3.947377+2.278455j,35.073155
33.202964-40.270182j,-7.473448+4.390233j,3.967178+2.274896j,35.307775
33.738079-41.194762j,-7.513147+4.397063j,3.986883+2.271358j,35.542402
34.278039-42.134933j,-7.552649+4.403857j,4.006493+2.267841j,35.777034
34.822852-43.090887j,-7.591956+4.410614j,4.026010+2.264345j,36.011673
35.372523-44.062818j,-7.631072+4.417336j,4.045434+2.260869j,36.246317
35.927059-45.050921j,-7.669998+4.424022j,4.064768+2.257412j,36.480967
36.486467-46.055393j,-7.708737+4.430674j,4.084011+2.253975j,36.715623
37.071819-47.114708j,-7.748722+4.437538j,4.103877+2.250431j,36.958942
37.662422-48.192069j,-7.788512+4.444366j,4.123648+2.246907j,37.202266
38.258281-49.287703j,-7.828109+4.451159j,4.143326+2.243402j,37.445597
38.859399-50.401837j,-7.867517+4.457917j,4.162913+2.239917j,37.688935
39.465781-51.534701j,-7.906738+4.464640j,4.182409+2.236452j,37.932278
40.077430-52.686528j,-7.945774+4.471330j,4.201817+2.233005j,38.175627
40.694347-53.857552j,-7.984628+4.477987j,4.221136+2.229577j,38.418982
41.340558-55.094164j,-8.024786+4.484865j,4.241106+2.226037j,38.671627
41.992454-56.352001j,-8.064753+4.491709j,4.260984+2.222516j,38.924278
42.650036-57.631331j,-8.104531+4.498518j,4.280770+2.219014j,39.176936
43.313303-58.932428j,-8.144124+4.505294j,4.300466+2.215531j,39.429600
43.982255-60.255567j,-8.183534+4.512037j,4.320074+2.212067j,39.682271
44.404060-61.095491j,-8.208121+4.516243j,4.332308+2.209906j,39.840946
44.404060-61.095491j,-8.208121+4.516243j,4.332308+2.209906j,39.840946
44.404060-61.095491j,-8.208121+4.516243j,4.332308+2.209906j,39.840946
44.404060-61.095492j,-8.208121+4.516243j,4.332308+2.209906j,39.840946
44.404061-61.095493j,-8.208121+4.516243j,4.332308+2.209906j,39.840946
44.404063-61.095498j,-8.208121+4.516243j,4.332308+2.209906j,39.840947
44.404074-61.095519j,-8.208122+4.516243j,4.332308+2.209906j,39.840951
44.404123-61.095617j,-8.208125+4.516244j,4.332310+2.209906j,39.840970
44.404343-61.096057j,-8.208138+4.516246j,4.332316+2.209905j,39.841053
44.405334-61.098036j,-8.208195+4.516256j,4.332345+2.209900j,39.841426
44.409795-61.106942j,-8.208454+4.516300j,4.332473+2.209877j,39.843108
44.429873-61.147032j,-8.209619+4.516499j,4.333053+2.209775j,39.850673
44.520282-61.327685j,-8.214861+4.517396j,4.335661+2.209314j,39.884689
44.928384-62.145622j,-8.238407+4.521423j,4.347379+2.207246j,40.037228
45.636351-63.574229j,-8.278827+4.528335j,4.367494+2.203699j,40.299196
46.350422-65.027579j,-8.319059+4.535213j,4.387518+2.200170j,40.561172
47.070591-66.505991j,-8.359105+4.542057j,4.407452+2.196660j,40.823154
47.796852-68.009789j,-8.398968+4.548869j,4.427296+2.193167j,41.085143
48.529198-69.539298j,-8.438650+4.555649j,4.447053+2.189693j,41.347138
49.267622-71.094848j,-8.478154+4.562396j,4.466722+2.186237j,41.609140
50.012114-72.676772j,-8.517482+4.569113j,4.486306+2.182797j,41.871148
50.788513-74.341052j,-8.557976+4.576027j,4.506473+2.179258j,42.142079
51.571381-76.034280j,-8.598286+4.582909j,4.526550+2.175737j,42.413016
52.360705-77.756834j,-8.638416+4.589758j,4.546539+2.172234j,42.683961
53.156469-79.509097j,-8.678366+4.596576j,4.566440+2.168748j,42.954912
53.958659-81.291455j,-8.718141+4.603363j,4.586256+2.165279j,43.225870
54.767256-83.104298j,-8.757742+4.610119j,4.605986+2.161827j,43.496835
55.582243-84.948021j,-8.797170+4.616844j,4.625633+2.158392j,43.767807
56.433349-86.891250j,-8.837843+4.623781j,4.645900+2.154851j,44.048483
57.291268-88.868500j,-8.878335+4.630686j,4.666080+2.151326j,44.329166
58.155977-90.880223j,-8.918650+4.637560j,4.686173+2.147819j,44.609857
58.755340-92.285752j,-8.946309+4.642276j,4.699959+2.145414j,44.803614
58.755340-92.285752j,-8.946309+4.642276j,4.699959+2.145414j,44.803614
58.755340-92.285752j,-8.946309+4.642276j,4.699959+2.145414j,44.803614
58.755340-92.285752j,-8.946309+4.642276j,4.699959+2.145414j,44.803614
58.755341-92.285753j,-8.946309+4.642276j,4.699959+2.145414j,44.803614
58.755343-92.285760j,-8.946309+4.642276j,4.699959+2.145414j,44.803615
58.755356-92.285790j,-8.946309+4.642276j,4.699959+2.145414j,44.803619
58.755413-92.285924j,-8.946312+4.642276j,4.699960+2.145413j,44.803638
58.755669-92.286526j,-8.946324+4.642278j,4.699966+2.145412j,44.803721
58.756822-92.289238j,-8.946377+4.642287j,4.699993+2.145408j,44.804094
58.762009-92.301443j,-8.946615+4.642328j,4.700112+2.145387j,44.805776
58.785356-92.356381j,-8.947688+4.642511j,4.700646+2.145294j,44.813341
58.890475-92.603910j,-8.952513+4.643333j,4.703051+2.144874j,44.847360
59.364718-93.724138j,-8.974196+4.647030j,4.713859+2.142989j,44.999938
60.267708-95.873004j,-9.015096+4.654001j,4.734247+2.139435j,45.287637
61.177731-98.059748j,-9.055818+4.660942j,4.754548+2.135898j,45.575343
62.094751-100.284880j,-9.096364+4.667852j,4.774763+2.132378j,45.863056
63.018732-102.548911j,-9.136736+4.674731j,4.794892+2.128874j,46.150777
63.949635-104.852360j,-9.176936+4.681580j,4.814936+2.125386j,46.438505
64.887421-107.195752j,-9.216966+4.688400j,4.834897+2.121915j,46.726240
65.832046-109.579615j,-9.256828+4.695191j,4.854776+2.118459j,47.013982
66.783467-112.004485j,-9.296525+4.701953j,4.874574+2.115019j,47.301731
67.777155-114.562795j,-9.337516+4.708934j,4.895018+2.111469j,47.600030
68.778045-117.166386j,-9.378332+4.715886j,4.915377+2.107935j,47.898336
69.786082-119.815870j,-9.418977+4.722808j,4.935651+2.104416j,48.196649
70.801206-122.511868j,-9.459453+4.729700j,4.955842+2.100914j,48.494970
71.823357-125.255008j,-9.499761+4.736564j,4.975950+2.097427j,48.793299
72.852470-128.045924j,-9.539904+4.743399j,4.995977+2.093956j,49.091635
73.888480-130.885256j,-9.579884+4.750206j,5.015924+2.090500j,49.389978
74.966901-133.872751j,-9.621054+4.757215j,5.036465+2.086942j,49.698392
75.199753-134.522113j,-9.629885+4.758718j,5.040872+2.086179j,49.765142
75.199753-134.522113j,-9.629885+4.758718j,5.040872+2.086179j,49.765142
75.199753-134.522113j,-9.629885+4.758718j,5.040872+2.086179j,49.765142
75.199753-134.522113j,-9.629885+4.758718j,5.040872+2.086179j,49.765142
75.199754-134.522115j,-9.629885+4.758718j,5.040872+2.086179j,49.765142
75.199757-134.522124j,-9.629885+4.758718j,5.040872+2.086179j,49.765143
75.199772-134.522164j,-9.629885+4.758718j,5.040872+2.086179j,49.765147
75.199836-134.522343j,-9.629888+4.758719j,5.040873+2.086179j,49.765166
75.200125-134.523151j,-9.629899+4.758720j,5.040879+2.086178j,49.765249
75.201427-134.526787j,-9.629948+4.758729j,5.040903+2.086174j,49.765622
75.207287-134.543149j,-9.630170+4.758767j,5.041014+2.086155j,49.767304
75.233659-134.616795j,-9.631169+4.758937j,5.041512+2.086069j,49.774869
75.352386-134.948595j,-9.635662+4.759702j,5.043754+2.085680j,49.808889
75.887721-136.449638j,-9.655857+4.763140j,5.053831+2.083936j,49.961501
76.992537-139.573293j,-9.697201+4.770178j,5.074462+2.080365j,50.273592
78.104588-142.752805j,-9.738374+4.777187j,5.095008+2.076810j,50.585691
79.223782-145.988947j,-9.779379+4.784167j,5.115471+2.073270j,50.897798
80.350023-149.282499j,-9.820218+4.791118j,5.135852+2.069746j,51.209913
81.483214-152.634248j,-9.860891+4.798041j,5.156152+2.066237j,51.522036
82.623253-156.044991j,-9.901402+4.804936j,5.176372+2.062743j,51.834166
83.770035-159.515534j,-9.941753+4.811804j,5.196512+2.059264j,52.146304
84.923450-163.046689j,-9.981944+4.818645j,5.216574+2.055799j,52.458450
86.123845-166.765345j,-10.023368+4.825695j,5.237251+2.052229j,52.781370
87.331093-170.550704j,-10.064626+4.832717j,5.257847+2.048674j,53.104298
88.545062-174.403696j,-10.105720+4.839710j,5.278362+2.045134j,53.427234
89.765614-178.325262j,-10.146651+4.846677j,5.298796+2.041609j,53.750179
90.992607-182.316353j,-10.187422+4.853615j,5.319151+2.038099j,54.073131
92.225893-186.377929j,-10.228034+4.860527j,5.339428+2.034602j,54.396092
93.465323-190.510961j,-10.268490+4.867412j,5.359627+2.031120j,54.719060
93.489240-190.591224j,-10.269267+4.867545j,5.360015+2.031053j,54.725327
