0.982992+0.256796j,0.482691-3.070554j,-0.466837-6.098696j,0.000000
0.982992+0.256796j,0.482691-3.070554j,-0.466837-6.098696j,0.000000
0.982992+0.256796j,0.482691-3.070554j,-0.466837-6.098696j,0.000000
0.982992+0.256796j,0.482691-3.070554j,-0.466837-6.098696j,0.000000
0.982992+0.256796j,0.482691-3.070554j,-0.466837-6.098696j,0.000000
0.982992+0.256796j,0.482691-3.070554j,-0.466837-6.098696j,0.000001
0.982991+0.256797j,0.482691-3.070553j,-0.466837-6.098695j,0.000005
0.982988+0.256802j,0.482691-3.070552j,-0.466838-6.098691j,0.000024
0.982974+0.256825j,0.482688-3.070545j,-0.466843-6.098672j,0.000107
0.982911+0.256927j,0.482676-3.070515j,-0.466865-6.098590j,0.000480
0.982628+0.257385j,0.482621-3.070377j,-0.466966-6.098221j,0.002162
0.981352+0.259443j,0.482374-3.069758j,-0.467418-6.096560j,0.009730
0.975554+0.268656j,0.481254-3.066976j,-0.469453-6.089075j,0.043812
0.968039+0.280273j,0.479810-3.063436j,-0.472044-6.079521j,0.087235
0.960379+0.291757j,0.478345-3.059900j,-0.474634-6.069944j,0.130658
0.952577+0.303106j,0.476860-3.056368j,-0.477223-6.060345j,0.174081
0.944635+0.314318j,0.475355-3.052839j,-0.479809-6.050722j,0.217504
0.936555+0.325391j,0.473829-3.049315j,-0.482395-6.041076j,0.260927
0.928339+0.336323j,0.472282-3.045795j,-0.484979-6.031406j,0.304351
0.919990+0.347112j,0.470715-3.042280j,-0.487561-6.021713j,0.347774
0.911509+0.357757j,0.469126-3.038768j,-0.490142-6.011995j,0.391198
0.902898+0.368256j,0.467516-3.035260j,-0.492722-6.002254j,0.434622
0.894161+0.378607j,0.465885-3.031757j,-0.495299-5.992488j,0.478046
0.885299+0.388809j,0.464232-3.028258j,-0.497875-5.982698j,0.521470
0.876315+0.398859j,0.462557-3.024763j,-0.500449-5.972882j,0.564894
0.867211+0.408757j,0.460861-3.021272j,-0.503021-5.963042j,0.608319
0.857988+0.418501j,0.459143-3.017786j,-0.505592-5.953176j,0.651743
0.848651+0.428089j,0.457403-3.014304j,-0.508160-5.943285j,0.695168
0.839200+0.437519j,0.455640-3.010826j,-0.510727-5.933368j,0.738593
0.829638+0.446791j,0.453855-3.007352j,-0.513291-5.923425j,0.782018
0.819968+0.455903j,0.452048-3.003883j,-0.515853-5.913456j,0.825443
0.810193+0.464853j,0.450217-3.000419j,-0.518414-5.903460j,0.868868
0.800313+0.473640j,0.448364-2.996959j,-0.520971-5.893437j,0.912293
0.790333+0.482263j,0.446488-2.993503j,-0.523527-5.883387j,0.955719
0.780255+0.490721j,0.444588-2.990052j,-0.526080-5.873310j,0.999144
0.770080+0.499012j,0.442665-2.986605j,-0.528631-5.863205j,1.042570
0.759812+0.507134j,0.440718-2.983163j,-0.531180-5.853073j,1.085995
0.749453+0.515088j,0.438748-2.979726j,-0.533726-5.842912j,1.129421
0.739006+0.522871j,0.436753-2.976293j,-0.536269-5.832722j,1.172847
0.728473+0.530482j,0.434734-2.972865j,-0.538810-5.822504j,1.216273
0.717857+0.537921j,0.432691-2.969441j,-0.541348-5.812256j,1.259699
0.707160+0.545186j,0.430623-2.966023j,-0.543882-5.801979j,1.303125
0.696385+0.552277j,0.428530-2.962609j,-0.546415-5.791672j,1.346552
0.685535+0.559192j,0.426412-2.959200j,-0.548944-5.781336j,1.389978
0.674612+0.565931j,0.424268-2.955796j,-0.551470-5.770968j,1.433405
0.663619+0.572492j,0.422099-2.952397j,-0.553992-5.760570j,1.476831
0.652559+0.578875j,0.419905-2.949003j,-0.556512-5.750141j,1.520258
0.641434+0.585079j,0.417684-2.945614j,-0.559028-5.739681j,1.563684
0.630247+0.591103j,0.415437-2.942229j,-0.561541-5.729189j,1.607111
0.619000+0.596947j,0.413164-2.938851j,-0.564050-5.718664j,1.650538
0.607697+0.602609j,0.410864-2.935477j,-0.566556-5.708107j,1.693965
0.596340+0.608089j,0.408537-2.932108j,-0.569057-5.697517j,1.737392
0.584932+0.613386j,0.406182-2.928745j,-0.571555-5.686893j,1.780819
0.573475+0.618501j,0.403800-2.925387j,-0.574049-5.676236j,1.824246
0.561973+0.623431j,0.401391-2.922035j,-0.576539-5.665545j,1.867673
0.550427+0.628177j,0.398953-2.918688j,-0.579025-5.654819j,1.911101
0.538842+0.632738j,0.396487-2.915347j,-0.581506-5.644059j,1.954528
0.527219+0.637115j,0.393992-2.912011j,-0.583983-5.633263j,1.997955
0.515561+0.641305j,0.391469-2.908680j,-0.586455-5.622431j,2.041383
0.503871+0.645309j,0.388916-2.905356j,-0.588923-5.611562j,2.084810
0.492153+0.649128j,0.386333-2.902037j,-0.591385-5.600657j,2.128237
0.481610+0.652396j,0.383989-2.899063j,-0.593592-5.590836j,2.167217
0.471049+0.655514j,0.381621-2.896094j,-0.595794-5.580985j,2.206197
0.460470+0.658481j,0.379229-2.893129j,-0.597992-5.571103j,2.245176
0.449876+0.661298j,0.376811-2.890169j,-0.600186-5.561189j,2.284156
0.439269+0.663963j,0.374368-2.887214j,-0.602376-5.551245j,2.323136
0.428651+0.666478j,0.371901-2.884264j,-0.604560-5.541268j,2.362116
0.418024+0.668841j,0.369407-2.881320j,-0.606741-5.531260j,2.401095
0.407390+0.671053j,0.366888-2.878380j,-0.608916-5.521218j,2.440075
0.396750+0.673114j,0.364342-2.875445j,-0.611086-5.511144j,2.479055
0.386108+0.675024j,0.361770-2.872516j,-0.613251-5.501036j,2.518034
0.375465+0.676783j,0.359172-2.869592j,-0.615412-5.490895j,2.557014
0.364823+0.678390j,0.356546-2.866673j,-0.617566-5.480719j,2.595994
0.354184+0.679847j,0.353893-2.863760j,-0.619715-5.470509j,2.634973
0.343550+0.681153j,0.351213-2.860852j,-0.621859-5.460263j,2.673953
0.332923+0.682308j,0.348505-2.857950j,-0.623997-5.449982j,2.712932
0.322306+0.683313j,0.345768-2.855054j,-0.626128-5.439665j,2.751912
0.311699+0.684167j,0.343003-2.852163j,-0.628254-5.429311j,2.790891
0.301106+0.684872j,0.340208-2.849278j,-0.630373-5.418920j,2.829870
0.290528+0.685426j,0.337385-2.846398j,-0.632486-5.408492j,2.868850
0.279967+0.685831j,0.334532-2.843525j,-0.634592-5.398026j,2.907829
0.269426+0.686086j,0.331649-2.840658j,-0.636692-5.387521j,2.946808
0.258905+0.686192j,0.328735-2.837797j,-0.638784-5.376977j,2.985787
0.248409+0.686150j,0.325791-2.834942j,-0.640869-5.366393j,3.024766
0.237937+0.685959j,0.322816-2.832093j,-0.642947-5.355769j,3.063745
0.227492+0.685621j,0.319809-2.829251j,-0.645017-5.345105j,3.102724
0.217077+0.685135j,0.316770-2.826415j,-0.647079-5.334399j,3.141702
0.206693+0.684501j,0.313699-2.823586j,-0.649133-5.323651j,3.180681
0.196343+0.683722j,0.310595-2.820764j,-0.651179-5.312861j,3.219659
0.186027+0.682795j,0.307457-2.817948j,-0.653216-5.302027j,3.258638
0.175749+0.681724j,0.304286-2.815139j,-0.655244-5.291150j,3.297616
0.165510+0.680507j,0.301081-2.812337j,-0.657263-5.280228j,3.336594
0.155312+0.679145j,0.297841-2.809542j,-0.659273-5.269261j,3.375572
0.145157+0.677639j,0.294566-2.806755j,-0.661274-5.258248j,3.414550
0.135047+0.675990j,0.291255-2.803975j,-0.663264-5.247188j,3.453527
0.124985+0.674198j,0.287908-2.801202j,-0.665244-5.236081j,3.492504
0.114971+0.672264j,0.284524-2.798437j,-0.667214-5.224927j,3.531482
0.106033+0.670409j,0.281457-2.795963j,-0.668971-5.214881j,3.566433
0.097138+0.668440j,0.278360-2.793496j,-0.670719-5.204796j,3.601385
0.088286+0.666359j,0.275232-2.791035j,-0.672458-5.194670j,3.636336
0.079480+0.664165j,0.272073-2.788581j,-0.674188-5.184503j,3.671287
0.070720+0.661860j,0.268882-2.786133j,-0.675908-5.174295j,3.706238
0.062008+0.659443j,0.265659-2.783692j,-0.677617-5.164044j,3.741188
0.053344+0.656915j,0.262403-2.781258j,-0.679317-5.153750j,3.776139
0.044732+0.654278j,0.259114-2.778831j,-0.681006-5.143413j,3.811089
0.036171+0.651530j,0.255791-2.776410j,-0.682684-5.133031j,3.846039
0.027663+0.648674j,0.252434-2.773997j,-0.684351-5.122605j,3.880989
0.019210+0.645710j,0.249043-2.771591j,-0.686006-5.112133j,3.915939
0.010813+0.642637j,0.245616-2.769192j,-0.687649-5.101614j,3.950888
0.002473+0.639458j,0.242153-2.766801j,-0.689280-5.091049j,3.985837
-0.005808+0.636172j,0.238654-2.764417j,-0.690899-5.080435j,4.020786
-0.014029+0.632780j,0.235118-2.762041j,-0.692504-5.069773j,4.055735
-0.022190+0.629283j,0.231544-2.759673j,-0.694097-5.059061j,4.090683
-0.030288+0.625682j,0.227932-2.757313j,-0.695675-5.048299j,4.125631
-0.038322+0.621977j,0.224281-2.754961j,-0.697239-5.037486j,4.160579
-0.046291+0.618168j,0.220590-2.752617j,-0.698789-5.026620j,4.195526
-0.054193+0.614258j,0.216860-2.750282j,-0.700323-5.015702j,4.230473
-0.062028+0.610246j,0.213088-2.747955j,-0.701842-5.004730j,4.265420
-0.069795+0.606132j,0.209274-2.745637j,-0.703345-4.993702j,4.300366
-0.077491+0.601919j,0.205418-2.743328j,-0.704831-4.982619j,4.335312
-0.085115+0.597607j,0.201519-2.741027j,-0.706300-4.971479j,4.370258
-0.092667+0.593195j,0.197575-2.738736j,-0.707751-4.960281j,4.405203
-0.100145+0.588686j,0.193587-2.736454j,-0.709184-4.949024j,4.440148
-0.107548+0.584080j,0.189552-2.734182j,-0.710598-4.937707j,4.475092
-0.114110+0.579875j,0.185901-2.732156j,-0.711848-4.927524j,4.506372
-0.120610+0.575593j,0.182212-2.730138j,-0.713081-4.917291j,4.537652
-0.127048+0.571235j,0.178484-2.728128j,-0.714297-4.907007j,4.568931
-0.133421+0.566802j,0.174716-2.726126j,-0.715497-4.896671j,4.600210
-0.139730+0.562294j,0.170908-2.724133j,-0.716679-4.886283j,4.631489
-0.145973+0.557712j,0.167059-2.722148j,-0.717842-4.875841j,4.662767
-0.152150+0.553056j,0.163168-2.720171j,-0.718986-4.865345j,4.694044
-0.158259+0.548327j,0.159235-2.718203j,-0.720112-4.854793j,4.725322
-0.164300+0.543525j,0.155258-2.716244j,-0.721217-4.844184j,4.756599
-0.170273+0.538652j,0.151237-2.714295j,-0.722301-4.833518j,4.787875
-0.176175+0.533708j,0.147170-2.712354j,-0.723364-4.822793j,4.819151
-0.182007+0.528693j,0.143057-2.710422j,-0.724404-4.812008j,4.850426
-0.187767+0.523608j,0.138897-2.708501j,-0.725422-4.801163j,4.881701
-0.193455+0.518454j,0.134689-2.706588j,-0.726416-4.790255j,4.912975
-0.199070+0.513231j,0.130431-2.704686j,-0.727385-4.779283j,4.944249
-0.204611+0.507939j,0.126123-2.702794j,-0.728329-4.768247j,4.975522
-0.209812+0.502844j,0.121978-2.701003j,-0.729202-4.757689j,5.005265
-0.209812+0.502844j,0.121978-2.701003j,-0.729202-4.757689j,5.005265
-0.209812+0.502844j,0.121978-2.701003j,-0.729202-4.757689j,5.005265
-0.209812+0.502844j,0.121978-2.701003j,-0.729202-4.757689j,5.005265
-0.209812+0.502844j,0.121978-2.701003j,-0.729202-4.757689j,5.005266
-0.209813+0.502844j,0.121978-2.701003j,-0.729203-4.757689j,5.005266
-0.209813+0.502843j,0.121977-2.701003j,-0.729203-4.757688j,5.005271
-0.209816+0.502840j,0.121975-2.701002j,-0.729203-4.757681j,5.005289
-0.209831+0.502826j,0.121963-2.700997j,-0.729206-4.757651j,5.005372
-0.209896+0.502761j,0.121911-2.700974j,-0.729216-4.757518j,5.005746
-0.210188+0.502471j,0.121675-2.700873j,-0.729265-4.756919j,5.007427
-0.211499+0.501164j,0.120611-2.700419j,-0.729483-4.754222j,5.014995
-0.216430+0.496173j,0.116553-2.698704j,-0.730294-4.743960j,5.043685
-0.221296+0.491126j,0.112448-2.696998j,-0.731081-4.733640j,5.072374
-0.226097+0.486024j,0.108298-2.695300j,-0.731844-4.723262j,5.101063
-0.230832+0.480867j,0.104099-2.693612j,-0.732581-4.712822j,5.129751
-0.235501+0.475656j,0.099852-2.691933j,-0.733291-4.702322j,5.158439
-0.240104+0.470391j,0.095555-2.690264j,-0.733974-4.691758j,5.187126
-0.244639+0.465073j,0.091208-2.688604j,-0.734629-4.681130j,5.215812
-0.249105+0.459703j,0.086808-2.686954j,-0.735254-4.670437j,5.244498
-0.253504+0.454280j,0.082355-2.685314j,-0.735849-4.659677j,5.273183
-0.257833+0.448805j,0.077847-2.683683j,-0.736412-4.648849j,5.301867
-0.262092+0.443278j,0.073283-2.682063j,-0.736942-4.637952j,5.330551
-0.266281+0.437701j,0.068662-2.680454j,-0.737438-4.626983j,5.359234
-0.270398+0.432073j,0.063982-2.678854j,-0.737899-4.615942j,5.387916
-0.274445+0.426396j,0.059242-2.677265j,-0.738323-4.604826j,5.416598
-0.278419+0.420668j,0.054440-2.675687j,-0.738709-4.593635j,5.445278
-0.282320+0.414892j,0.049574-2.674120j,-0.739055-4.582366j,5.473958
-0.285766+0.409655j,0.045142-2.672720j,-0.739331-4.572164j,5.499750
-0.289152+0.404380j,0.040656-2.671329j,-0.739572-4.561897j,5.525541
-0.292478+0.399065j,0.036114-2.669947j,-0.739778-4.551562j,5.551332
-0.295744+0.393712j,0.031515-2.668574j,-0.739946-4.541160j,5.577122
-0.298949+0.388321j,0.026858-2.667210j,-0.740075-4.530688j,5.602911
-0.302092+0.382892j,0.022140-2.665855j,-0.740164-4.520145j,5.628700
-0.305174+0.377425j,0.017361-2.664510j,-0.740211-4.509529j,5.654487
-0.308193+0.371921j,0.012518-2.663173j,-0.740215-4.498839j,5.680274
-0.311150+0.366380j,0.007610-2.661847j,-0.740173-4.488073j,5.706060
-0.314045+0.360802j,0.002635-2.660529j,-0.740085-4.477229j,5.731845
-0.316875+0.355187j,-0.002409-2.659221j,-0.739947-4.466307j,5.757629
-0.319642+0.349536j,-0.007524-2.657923j,-0.739758-4.455303j,5.783412
-0.322345+0.343848j,-0.012713-2.656633j,-0.739515-4.444217j,5.809194
-0.324984+0.338125j,-0.017977-2.655353j,-0.739217-4.433045j,5.834975
-0.327274+0.333008j,-0.022721-2.654223j,-0.738903-4.423044j,5.857886
-0.329513+0.327863j,-0.027528-2.653100j,-0.738541-4.412974j,5.880797
-0.331700+0.322690j,-0.032401-2.651985j,-0.738130-4.402832j,5.903707
-0.333835+0.317489j,-0.037340-2.650876j,-0.737666-4.392617j,5.926617
-0.335918+0.312260j,-0.042349-2.649774j,-0.737149-4.382328j,5.949525
-0.337948+0.307004j,-0.047429-2.648678j,-0.736575-4.371962j,5.972432
-0.339926+0.301719j,-0.052582-2.647589j,-0.735943-4.361520j,5.995339
-0.341850+0.296407j,-0.057811-2.646506j,-0.735249-4.350998j,6.018244
-0.343722+0.291066j,-0.063118-2.645428j,-0.734491-4.340395j,6.041148
-0.345540+0.285698j,-0.068506-2.644356j,-0.733666-4.329709j,6.064051
-0.347304+0.280303j,-0.073977-2.643289j,-0.732772-4.318940j,6.086953
-0.349014+0.274879j,-0.079535-2.642227j,-0.731804-4.308084j,6.109854
-0.350493+0.270023j,-0.084562-2.641284j,-0.730877-4.298338j,6.130258
-0.351928+0.265146j,-0.089661-2.640344j,-0.729887-4.288521j,6.150661
-0.353320+0.260245j,-0.094837-2.639405j,-0.728830-4.278631j,6.171064
-0.354669+0.255323j,-0.100090-2.638469j,-0.727704-4.268668j,6.191465
-0.355974+0.250378j,-0.105423-2.637534j,-0.726507-4.258630j,6.211865
-0.357236+0.245411j,-0.110839-2.636599j,-0.725233-4.248515j,6.232264
-0.358454+0.240420j,-0.116342-2.635663j,-0.723881-4.238323j,6.252662
-0.359628+0.235407j,-0.121933-2.634726j,-0.722446-4.228051j,6.273059
-0.360759+0.230371j,-0.127616-2.633787j,-0.720924-4.217699j,6.293455
-0.361845+0.225312j,-0.133394-2.632845j,-0.719312-4.207265j,6.313850
-0.362781+0.220760j,-0.138653-2.631997j,-0.717788-4.197850j,6.332117
-0.363682+0.216190j,-0.143993-2.631144j,-0.716184-4.188367j,6.350384
-0.364548+0.211600j,-0.149418-2.630286j,-0.714496-4.178816j,6.368650
-0.365378+0.206991j,-0.154931-2.629420j,-0.712722-4.169196j,6.386914
-0.366173+0.202362j,-0.160533-2.628546j,-0.710857-4.159506j,6.405178
-0.366934+0.197713j,-0.166229-2.627663j,-0.708896-4.149746j,6.423441
-0.367659+0.193044j,-0.172021-2.626767j,-0.706836-4.139914j,6.441702
-0.368349+0.188354j,-0.177913-2.625858j,-0.704671-4.130011j,6.459963
-0.369004+0.183643j,-0.183909-2.624934j,-0.702397-4.120036j,6.478222
-0.369559+0.179426j,-0.189345-2.624095j,-0.700273-4.111082j,6.494504
-0.370086+0.175191j,-0.194869-2.623240j,-0.698054-4.102070j,6.510785
-0.370586+0.170938j,-0.200483-2.622367j,-0.695735-4.093001j,6.527066
-0.371059+0.166668j,-0.206191-2.621474j,-0.693313-4.083875j,6.543345
-0.371505+0.162380j,-0.211996-2.620558j,-0.690782-4.074692j,6.559624
-0.371924+0.158074j,-0.217901-2.619618j,-0.688137-4.065453j,6.575901
-0.372316+0.153749j,-0.223909-2.618650j,-0.685375-4.056158j,6.592178
-0.372682+0.149405j,-0.230023-2.617650j,-0.682488-4.046810j,6.608454
-0.373023+0.145042j,-0.236247-2.616616j,-0.679472-4.037408j,6.624729
-0.373302+0.141181j,-0.241826-2.615673j,-0.676701-4.029080j,6.639073
-0.373561+0.137304j,-0.247494-2.614698j,-0.673822-4.020714j,6.653416
-0.373801+0.133411j,-0.253256-2.613687j,-0.670829-4.012311j,6.667759
-0.374021+0.129502j,-0.259113-2.612636j,-0.667717-4.003873j,6.682101
-0.374224+0.125577j,-0.265067-2.611543j,-0.664482-3.995402j,6.696443
-0.374408+0.121635j,-0.271122-2.610404j,-0.661119-3.986900j,6.710784
-0.374574+0.117677j,-0.277280-2.609213j,-0.657622-3.978370j,6.725124
-0.374724+0.113701j,-0.283543-2.607967j,-0.653988-3.969815j,6.739464
-0.374856+0.109707j,-0.289913-2.606659j,-0.650210-3.961240j,6.753804
-0.374960+0.106160j,-0.295638-2.605448j,-0.646744-3.953641j,6.766489
-0.375051+0.102599j,-0.301451-2.604181j,-0.643158-3.946031j,6.779175
-0.375131+0.099024j,-0.307352-2.602854j,-0.639448-3.938416j,6.791860
-0.375200+0.095434j,-0.313342-2.601462j,-0.635610-3.930798j,6.804545
-0.375257+0.091830j,-0.319423-2.600000j,-0.631640-3.923181j,6.817230
-0.375305+0.088211j,-0.325595-2.598464j,-0.627535-3.915571j,6.829914
-0.375343+0.084578j,-0.331858-2.596846j,-0.623292-3.907972j,6.842599
-0.375372+0.080930j,-0.338214-2.595143j,-0.618905-3.900391j,6.855284
-0.375393+0.077267j,-0.344661-2.593347j,-0.614373-3.892832j,6.867968
-0.375406+0.073982j,-0.350497-2.591659j,-0.610200-3.886106j,6.879300
-0.375413+0.070686j,-0.356404-2.589888j,-0.605906-3.879409j,6.890633
-0.375414+0.067379j,-0.362383-2.588028j,-0.601489-3.872745j,6.901965
-0.375412+0.064060j,-0.368431-2.586074j,-0.596949-3.866122j,6.913298
-0.375406+0.060729j,-0.374547-2.584021j,-0.592285-3.859544j,6.924631
-0.375396+0.057387j,-0.380729-2.581864j,-0.587494-3.853018j,6.935965
-0.375384+0.054034j,-0.386974-2.579597j,-0.582577-3.846550j,6.947299
-0.375370+0.050670j,-0.393279-2.577214j,-0.577535-3.840147j,6.958633
-0.375355+0.047296j,-0.399641-2.574711j,-0.572367-3.833816j,6.969969
-0.375339+0.043911j,-0.406055-2.572082j,-0.567075-3.827565j,6.981305
-0.375322+0.040517j,-0.412517-2.569322j,-0.561660-3.821400j,6.992642
-0.375308+0.037471j,-0.418337-2.566736j,-0.556710-3.815961j,7.002793
-0.375295+0.034418j,-0.424188-2.564037j,-0.551667-3.810601j,7.012945
-0.375283+0.031358j,-0.430065-2.561223j,-0.546531-3.805328j,7.023097
-0.375273+0.028292j,-0.435962-2.558289j,-0.541306-3.800145j,7.033251
-0.375264+0.025221j,-0.441875-2.555234j,-0.535996-3.795058j,7.043405
-0.375258+0.022144j,-0.447798-2.552055j,-0.530605-3.790072j,7.053560
-0.375255+0.019063j,-0.453725-2.548751j,-0.525136-3.785191j,7.063716
-0.375255+0.015978j,-0.459651-2.545319j,-0.519594-3.780420j,7.073873
-0.375257+0.012889j,-0.465570-2.541758j,-0.513984-3.775762j,7.084031
-0.375263+0.009798j,-0.471475-2.538068j,-0.508312-3.771221j,7.094191
-0.375273+0.006705j,-0.477359-2.534249j,-0.502583-3.766800j,7.104351
-0.375286+0.003610j,-0.483217-2.530301j,-0.496803-3.762503j,7.114512
-0.375303+0.000515j,-0.489042-2.526225j,-0.490978-3.758331j,7.124675
-0.375324-0.002581j,-0.494827-2.522022j,-0.485115-3.754286j,7.134838
-0.375349-0.005676j,-0.500566-2.517695j,-0.479220-3.750370j,7.145003
-0.375377-0.008770j,-0.506253-2.513244j,-0.473299-3.746583j,7.155169
-0.375408-0.011861j,-0.511883-2.508674j,-0.467359-3.742926j,7.165336
-0.375443-0.014950j,-0.517449-2.503988j,-0.461407-3.739398j,7.175504
-0.375481-0.018036j,-0.522947-2.499189j,-0.455448-3.735998j,7.185672
-0.375522-0.021118j,-0.528370-2.494281j,-0.449488-3.732726j,7.195842
-0.375566-0.024196j,-0.533716-2.489268j,-0.443535-3.729580j,7.206013
-0.375612-0.027269j,-0.538979-2.484156j,-0.437592-3.726558j,7.216185
-0.375659-0.030336j,-0.544156-2.478949j,-0.431666-3.723657j,7.226357
-0.375709-0.033397j,-0.549244-2.473653j,-0.425762-3.720874j,7.236531
-0.375759-0.036452j,-0.554239-2.468271j,-0.419885-3.718207j,7.246705
-0.375810-0.039500j,-0.559139-2.462810j,-0.414038-3.715652j,7.256880
-0.375862-0.042541j,-0.563943-2.457275j,-0.408226-3.713206j,7.267055
-0.375913-0.045575j,-0.568648-2.451671j,-0.402453-3.710866j,7.277231
-0.375964-0.048600j,-0.573254-2.446003j,-0.396722-3.708627j,7.287408
-0.376014-0.051618j,-0.577759-2.440277j,-0.391036-3.706485j,7.297584
-0.376062-0.054627j,-0.582163-2.434497j,-0.385398-3.704437j,7.307762
-0.376108-0.057627j,-0.586466-2.428669j,-0.379810-3.702479j,7.317940
-0.376152-0.060619j,-0.590668-2.422796j,-0.374273-3.700607j,7.328118
-0.376193-0.063602j,-0.594769-2.416885j,-0.368791-3.698817j,7.338296
-0.376233-0.066686j,-0.598917-2.410717j,-0.363164-3.697043j,7.348852
-0.376268-0.069760j,-0.602958-2.404517j,-0.357598-3.695349j,7.359408
-0.376299-0.072825j,-0.606894-2.398289j,-0.352093-3.693731j,7.369964
-0.376325-0.075879j,-0.610726-2.392036j,-0.346651-3.692185j,7.380520
-0.376347-0.079038j,-0.614593-2.385528j,-0.341071-3.690652j,7.391473
-0.376362-0.082186j,-0.618353-2.379002j,-0.335559-3.689189j,7.402427
-0.376371-0.085323j,-0.622006-2.372463j,-0.330116-3.687791j,7.413380
-0.376373-0.088450j,-0.625555-2.365913j,-0.324741-3.686454j,7.424333
-0.376367-0.091693j,-0.629142-2.359090j,-0.319219-3.685124j,7.435734
-0.376353-0.094925j,-0.632620-2.352263j,-0.313770-3.683852j,7.447135
-0.376330-0.098146j,-0.635994-2.345435j,-0.308394-3.682636j,7.458536
-0.376298-0.101355j,-0.639266-2.338611j,-0.303090-3.681470j,7.469937
-0.376254-0.104691j,-0.642572-2.331499j,-0.297634-3.680306j,7.481828
-0.376200-0.108014j,-0.645774-2.324397j,-0.292254-3.679190j,7.493720
-0.376134-0.111326j,-0.648873-2.317305j,-0.286949-3.678120j,7.505611
-0.376057-0.114626j,-0.651873-2.310228j,-0.281718-3.677093j,7.517502
-0.375965-0.118060j,-0.654904-2.302856j,-0.276334-3.676061j,7.529918
-0.375859-0.121482j,-0.657834-2.295503j,-0.271028-3.675070j,7.542335
-0.375739-0.124891j,-0.660665-2.288171j,-0.265798-3.674115j,7.554751
-0.375606-0.128288j,-0.663402-2.280863j,-0.260642-3.673194j,7.567167
-0.375452-0.131825j,-0.666163-2.273256j,-0.255335-3.672267j,7.580137
-0.375283-0.135348j,-0.668828-2.265678j,-0.250105-3.671371j,7.593106
-0.375098-0.138859j,-0.671400-2.258130j,-0.244952-3.670504j,7.606075
-0.374897-0.142358j,-0.673882-2.250614j,-0.239873-3.669664j,7.619044
-0.374670-0.145999j,-0.676382-2.242798j,-0.234645-3.668814j,7.632588
-0.374425-0.149627j,-0.678790-2.235019j,-0.229495-3.667988j,7.646131
-0.374162-0.153243j,-0.681111-2.227277j,-0.224420-3.667185j,7.659674
-0.373880-0.156845j,-0.683348-2.219573j,-0.219418-3.666403j,7.673217
-0.373567-0.160592j,-0.685595-2.211574j,-0.214274-3.665607j,7.687350
-0.373233-0.164326j,-0.687757-2.203617j,-0.209206-3.664830j,7.701483
-0.372880-0.168046j,-0.689837-2.195703j,-0.204210-3.664070j,7.715615
-0.372505-0.171754j,-0.691837-2.187832j,-0.199286-3.663326j,7.729746
-0.372093-0.175606j,-0.693842-2.179672j,-0.194227-3.662565j,7.744479
-0.371658-0.179444j,-0.695768-2.171559j,-0.189241-3.661817j,7.759211
-0.371201-0.183269j,-0.697616-2.163494j,-0.184326-3.661082j,7.773942
-0.370721-0.187081j,-0.699392-2.155475j,-0.179480-3.660358j,7.788673
-0.370197-0.191035j,-0.701165-2.147176j,-0.174507-3.659615j,7.804010
-0.369649-0.194976j,-0.702864-2.138927j,-0.169604-3.658881j,7.819346
-0.369075-0.198904j,-0.704492-2.130729j,-0.164771-3.658156j,7.834682
-0.368477-0.202818j,-0.706053-2.122581j,-0.160004-3.657438j,7.850017
-0.367829-0.206873j,-0.707605-2.114162j,-0.155117-3.656698j,7.865961
-0.367153-0.210913j,-0.709089-2.105796j,-0.150298-3.655964j,7.881904
-0.366451-0.214940j,-0.710508-2.097483j,-0.145545-3.655235j,7.897846
-0.365721-0.218952j,-0.711863-2.089222j,-0.140857-3.654510j,7.913787
-0.364936-0.223103j,-0.713206-2.080701j,-0.136057-3.653762j,7.930336
-0.364121-0.227239j,-0.714486-2.072235j,-0.131322-3.653016j,7.946884
-0.363277-0.231360j,-0.715705-2.063823j,-0.126650-3.652273j,7.963432
-0.362405-0.235467j,-0.716866-2.055465j,-0.122041-3.651532j,7.979978
-0.361469-0.239708j,-0.718010-2.046857j,-0.117327-3.650765j,7.997128
-0.360503-0.243934j,-0.719096-2.038306j,-0.112676-3.649998j,8.014278
-0.359506-0.248145j,-0.720127-2.029809j,-0.108085-3.649232j,8.031427
-0.358477-0.252340j,-0.721104-2.021368j,-0.103554-3.648465j,8.048575
-0.357380-0.256666j,-0.722060-2.012688j,-0.098926-3.647670j,8.066321
-0.356250-0.260975j,-0.722963-2.004064j,-0.094358-3.646875j,8.084066
-0.355087-0.265268j,-0.723815-1.995497j,-0.089848-3.646078j,8.101810
-0.353891-0.269546j,-0.724617-1.986984j,-0.085395-3.645278j,8.119554
-0.352662-0.273807j,-0.725371-1.978524j,-0.080998-3.644477j,8.137298
-0.351348-0.278228j,-0.726108-1.969771j,-0.076475-3.643639j,8.155775
-0.349998-0.282631j,-0.726797-1.961075j,-0.072009-3.642799j,8.174252
-0.348612-0.287018j,-0.727440-1.952434j,-0.067599-3.641955j,8.192729
-0.347192-0.291387j,-0.728038-1.943848j,-0.063242-3.641107j,8.211205
-0.345736-0.295739j,-0.728593-1.935315j,-0.058938-3.640256j,8.229680
-0.344186-0.300242j,-0.729126-1.926505j,-0.054520-3.639367j,8.248876
-0.342599-0.304727j,-0.729615-1.917752j,-0.050156-3.638474j,8.268071
-0.340974-0.309193j,-0.730063-1.909053j,-0.045844-3.637576j,8.287265
-0.339311-0.313640j,-0.730471-1.900409j,-0.041583-3.636674j,8.306459
-0.337612-0.318069j,-0.730840-1.891818j,-0.037371-3.635766j,8.325652
-0.335810-0.322640j,-0.731183-1.882966j,-0.033056-3.634820j,8.345551
-0.333969-0.327192j,-0.731487-1.874169j,-0.028792-3.633869j,8.365449
-0.332088-0.331723j,-0.731754-1.865426j,-0.024577-3.632911j,8.385347
-0.330168-0.336234j,-0.731984-1.856736j,-0.020410-3.631949j,8.405244
-0.328209-0.340724j,-0.732179-1.848099j,-0.016291-3.630981j,8.425140
-0.326140-0.345349j,-0.732346-1.839216j,-0.012077-3.629973j,8.445726
-0.324030-0.349951j,-0.732477-1.830387j,-0.007911-3.628959j,8.466311
-0.321878-0.354531j,-0.732575-1.821611j,-0.003792-3.627938j,8.486896
-0.319685-0.359089j,-0.732640-1.812887j,0.000282-3.626912j,8.507480
-0.317450-0.363625j,-0.732674-1.804214j,0.004310-3.625880j,8.528063
-0.315175-0.368138j,-0.732676-1.795592j,0.008295-3.624841j,8.548646
-0.312768-0.372803j,-0.732648-1.786685j,0.012391-3.623755j,8.570032
-0.310317-0.377444j,-0.732589-1.777831j,0.016441-3.622663j,8.591417
-0.307822-0.382059j,-0.732500-1.769027j,0.020447-3.621563j,8.612801
-0.305284-0.386650j,-0.732382-1.760275j,0.024411-3.620458j,8.634185
-0.302703-0.391216j,-0.732236-1.751572j,0.028332-3.619345j,8.655568
-0.300079-0.395757j,-0.732062-1.742917j,0.032212-3.618226j,8.676951
-0.297315-0.400436j,-0.731855-1.733999j,0.036191-3.617060j,8.699111
-0.294505-0.405087j,-0.731621-1.725131j,0.040128-3.615887j,8.721270
-0.291649-0.409711j,-0.731360-1.716312j,0.044023-3.614706j,8.743429
-0.288749-0.414307j,-0.731073-1.707542j,0.047878-3.613519j,8.765587
-0.285803-0.418875j,-0.730762-1.698820j,0.051694-3.612325j,8.787745
-0.282813-0.423414j,-0.730427-1.690145j,0.055471-3.611124j,8.809903
-0.279675-0.428078j,-0.730055-1.681224j,0.059336-3.609876j,8.832811
-0.276490-0.432711j,-0.729660-1.672352j,0.063161-3.608621j,8.855720
-0.273258-0.437313j,-0.729241-1.663528j,0.066948-3.607358j,8.878627
-0.269980-0.441884j,-0.728800-1.654750j,0.070696-3.606089j,8.901535
-0.266655-0.446424j,-0.728336-1.646018j,0.074407-3.604812j,8.924442
-0.263284-0.450931j,-0.727851-1.637332j,0.078082-3.603529j,8.947348
-0.259867-0.455407j,-0.727345-1.628690j,0.081721-3.602240j,8.970255
-0.256277-0.460014j,-0.726800-1.619777j,0.085456-3.600896j,8.994003
-0.252639-0.464586j,-0.726233-1.610910j,0.089155-3.599544j,9.017750
-0.248952-0.469123j,-0.725646-1.602089j,0.092817-3.598186j,9.041497
-0.245217-0.473624j,-0.725040-1.593312j,0.096443-3.596821j,9.065244
-0.241435-0.478090j,-0.724414-1.584579j,0.100035-3.595450j,9.088991
-0.237606-0.482520j,-0.723769-1.575889j,0.103592-3.594071j,9.112737
-0.233730-0.486913j,-0.723106-1.567242j,0.107116-3.592686j,9.136483
-0.229673-0.491418j,-0.722402-1.558345j,0.110725-3.591247j,9.161035
-0.225567-0.495883j,-0.721680-1.549492j,0.114299-3.589801j,9.185587
-0.221412-0.500308j,-0.720940-1.540683j,0.117839-3.588348j,9.210139
-0.217208-0.504694j,-0.720183-1.531916j,0.121346-3.586889j,9.234690
-0.212956-0.509039j,-0.719409-1.523190j,0.124820-3.585423j,9.259241
-0.208657-0.513343j,-0.718619-1.514507j,0.128261-3.583950j,9.283792
-0.204309-0.517607j,-0.717813-1.505863j,0.131672-3.582471j,9.308342
-0.199915-0.521829j,-0.716991-1.497260j,0.135051-3.580986j,9.332893
-0.195314-0.526159j,-0.716124-1.488390j,0.138518-3.579441j,9.358320
-0.190664-0.530443j,-0.715242-1.479562j,0.141954-3.577889j,9.383748
-0.185964-0.534682j,-0.714344-1.470774j,0.145358-3.576330j,9.409175
-0.181215-0.538876j,-0.713432-1.462027j,0.148730-3.574766j,9.434602
-0.176419-0.543023j,-0.712505-1.453320j,0.152073-3.573194j,9.460029
-0.171574-0.547124j,-0.711564-1.444651j,0.155385-3.571617j,9.485455
-0.166681-0.551179j,-0.710609-1.436021j,0.158667-3.570033j,9.510882
-0.161742-0.555186j,-0.709641-1.427429j,0.161920-3.568444j,9.536308
-0.156756-0.559146j,-0.708660-1.418874j,0.165145-3.566848j,9.561733
-0.151538-0.563201j,-0.707630-1.410043j,0.168458-3.565187j,9.588092
-0.146271-0.567204j,-0.706587-1.401252j,0.171742-3.563520j,9.614450
-0.140956-0.571154j,-0.705530-1.392498j,0.174996-3.561847j,9.640808
-0.135592-0.575053j,-0.704462-1.383783j,0.178222-3.560167j,9.667166
-0.130181-0.578898j,-0.703381-1.375104j,0.181418-3.558482j,9.693523
-0.124722-0.582691j,-0.702288-1.366462j,0.184587-3.556791j,9.719880
-0.119217-0.586429j,-0.701183-1.357856j,0.187729-3.555093j,9.746237
-0.113666-0.590114j,-0.700068-1.349286j,0.190843-3.553390j,9.772594
-0.108070-0.593744j,-0.698941-1.340750j,0.193930-3.551682j,9.798951
-0.102428-0.597320j,-0.697804-1.332249j,0.196992-3.549967j,9.825307
-0.096531-0.600969j,-0.696613-1.323471j,0.200138-3.548184j,9.852635
-0.090588-0.604559j,-0.695412-1.314729j,0.203257-3.546394j,9.879962
-0.084597-0.608088j,-0.694200-1.306022j,0.206350-3.544599j,9.907289
-0.078560-0.611558j,-0.692978-1.297350j,0.209415-3.542798j,9.934616
-0.072478-0.614966j,-0.691745-1.288713j,0.212454-3.540992j,9.961943
-0.066351-0.618313j,-0.690503-1.280110j,0.215467-3.539180j,9.989269
-0.062916-0.620153j,-0.689806-1.275328j,0.217136-3.538167j,10.004510
-0.062916-0.620153j,-0.689806-1.275328j,0.217136-3.538167j,10.004510
-0.062916-0.620153j,-0.689806-1.275328j,0.217136-3.538167j,10.004510
-0.062916-0.620153j,-0.689806-1.275328j,0.217136-3.538167j,10.004510
-0.062915-0.620153j,-0.689806-1.275328j,0.217136-3.538167j,10.004510
-0.062915-0.620153j,-0.689806-1.275328j,0.217136-3.538167j,10.004511
-0.062914-0.620153j,-0.689806-1.275326j,0.217137-3.538166j,10.004515
-0.062910-0.620155j,-0.689805-1.275321j,0.217139-3.538165j,10.004533
-0.062891-0.620165j,-0.689801-1.275295j,0.217148-3.538160j,10.004616
-0.062807-0.620210j,-0.689784-1.275177j,0.217188-3.538135j,10.004990
-0.062427-0.620412j,-0.689707-1.274651j,0.217372-3.538023j,10.006671
-0.060716-0.621316j,-0.689360-1.272282j,0.218197-3.537520j,10.014237
-0.054355-0.624622j,-0.688069-1.263538j,0.221232-3.535653j,10.042220
-0.047948-0.627863j,-0.686768-1.254827j,0.224242-3.533781j,10.070204
-0.041497-0.631038j,-0.685458-1.246151j,0.227226-3.531903j,10.098187
-0.035002-0.634147j,-0.684139-1.237508j,0.230184-3.530020j,10.126170
-0.028463-0.637189j,-0.682810-1.228898j,0.233118-3.528131j,10.154153
-0.021882-0.640164j,-0.681473-1.220320j,0.236026-3.526237j,10.182136
-0.015259-0.643072j,-0.680128-1.211775j,0.238911-3.524338j,10.210119
-0.008595-0.645912j,-0.678774-1.203261j,0.241771-3.522434j,10.238102
-0.001890-0.648684j,-0.677412-1.194778j,0.244608-3.520524j,10.266084
0.004855-0.651388j,-0.676043-1.186326j,0.247421-3.518610j,10.294066
0.011639-0.654023j,-0.674665-1.177905j,0.250211-3.516690j,10.322049
0.018462-0.656589j,-0.673280-1.169513j,0.252978-3.514766j,10.350031
0.025570-0.659174j,-0.671838-1.160851j,0.255821-3.512767j,10.379018
0.032717-0.661683j,-0.670387-1.152220j,0.258640-3.510763j,10.408005
0.039904-0.664118j,-0.668930-1.143621j,0.261436-3.508754j,10.436991
0.047130-0.666477j,-0.667464-1.135051j,0.264208-3.506740j,10.465978
0.054393-0.668759j,-0.665992-1.126513j,0.266957-3.504722j,10.494965
0.061692-0.670965j,-0.664513-1.118003j,0.269684-3.502698j,10.523951
0.069028-0.673094j,-0.663026-1.109524j,0.272388-3.500669j,10.552937
0.076399-0.675146j,-0.661534-1.101073j,0.275070-3.498636j,10.581924
0.083805-0.677121j,-0.660034-1.092651j,0.277730-3.496598j,10.610910
0.091244-0.679018j,-0.658528-1.084257j,0.280368-3.494555j,10.639896
0.098716-0.680836j,-0.657016-1.075892j,0.282985-3.492508j,10.668882
0.106221-0.682576j,-0.655498-1.067554j,0.285581-3.490456j,10.697868
0.113757-0.684237j,-0.653974-1.059243j,0.288156-3.488400j,10.726853
0.121588-0.685873j,-0.652391-1.050670j,0.290799-3.486267j,10.756851
0.129451-0.687424j,-0.650801-1.042126j,0.293421-3.484130j,10.786849
0.137345-0.688889j,-0.649205-1.033610j,0.296020-3.481988j,10.816847
0.145269-0.690269j,-0.647604-1.025122j,0.298599-3.479841j,10.846845
0.153222-0.691562j,-0.645997-1.016661j,0.301156-3.477690j,10.876842
0.161204-0.692769j,-0.644384-1.008228j,0.303692-3.475534j,10.906840
0.169213-0.693890j,-0.642766-0.999822j,0.306208-3.473374j,10.936837
0.177248-0.694923j,-0.641143-0.991442j,0.308703-3.471210j,10.966835
0.185309-0.695869j,-0.639515-0.983088j,0.311178-3.469042j,10.996832
0.193395-0.696728j,-0.637881-0.974761j,0.313632-3.466869j,11.026829
0.201504-0.697498j,-0.636243-0.966459j,0.316067-3.464692j,11.056827
0.209636-0.698181j,-0.634599-0.958183j,0.318483-3.462510j,11.086824
0.217790-0.698775j,-0.632951-0.949931j,0.320879-3.460325j,11.116821
0.225965-0.699281j,-0.631298-0.941705j,0.323256-3.458136j,11.146818
0.234160-0.699698j,-0.629641-0.933503j,0.325614-3.455943j,11.176815
0.242662-0.700036j,-0.627921-0.925040j,0.328034-3.453668j,11.207860
0.251184-0.700278j,-0.626197-0.916603j,0.330435-3.451390j,11.238904
0.259723-0.700425j,-0.624468-0.908191j,0.332815-3.449107j,11.269949
0.268280-0.700475j,-0.622735-0.899804j,0.335177-3.446821j,11.300993
0.276854-0.700429j,-0.620997-0.891442j,0.337518-3.444530j,11.332037
0.285443-0.700287j,-0.619255-0.883105j,0.339841-3.442235j,11.363082
0.294046-0.700048j,-0.617509-0.874792j,0.342145-3.439937j,11.394126
0.302663-0.699712j,-0.615758-0.866503j,0.344430-3.437634j,11.425170
0.311292-0.699279j,-0.614004-0.858238j,0.346696-3.435328j,11.456215
0.319932-0.698749j,-0.612246-0.849997j,0.348944-3.433017j,11.487259
0.328583-0.698122j,-0.610485-0.841779j,0.351174-3.430703j,11.518303
0.337242-0.697397j,-0.608719-0.833584j,0.353385-3.428385j,11.549347
0.345910-0.696575j,-0.606950-0.825412j,0.355579-3.426063j,11.580391
0.354585-0.695654j,-0.605177-0.817262j,0.357755-3.423738j,11.611435
0.363266-0.694637j,-0.603401-0.809135j,0.359913-3.421409j,11.642480
0.371952-0.693521j,-0.601622-0.801030j,0.362054-3.419076j,11.673524
0.380642-0.692307j,-0.599839-0.792947j,0.364178-3.416740j,11.704568
0.389334-0.690995j,-0.598053-0.784885j,0.366284-3.414400j,11.735612
0.398337-0.689533j,-0.596200-0.776561j,0.368448-3.411974j,11.767755
0.407340-0.687966j,-0.594344-0.768259j,0.370593-3.409544j,11.799898
0.416344-0.686293j,-0.592485-0.759980j,0.372720-3.407110j,11.832041
0.425345-0.684515j,-0.590622-0.751723j,0.374830-3.404672j,11.864184
0.434344-0.682631j,-0.588756-0.743489j,0.376922-3.402231j,11.896327
0.443339-0.680642j,-0.586888-0.735276j,0.378997-3.399786j,11.928470
0.452330-0.678548j,-0.585016-0.727085j,0.381054-3.397338j,11.960613
0.461314-0.676348j,-0.583141-0.718915j,0.383094-3.394886j,11.992756
0.470290-0.674042j,-0.581264-0.710767j,0.385117-3.392431j,12.024899
0.479258-0.671632j,-0.579384-0.702639j,0.387124-3.389972j,12.057042
0.488217-0.669115j,-0.577501-0.694533j,0.389114-3.387510j,12.089185
0.497164-0.666494j,-0.575615-0.686447j,0.391087-3.385044j,12.121328
0.506100-0.663767j,-0.573727-0.678382j,0.393044-3.382575j,12.153471
0.515022-0.660934j,-0.571836-0.670336j,0.394984-3.380103j,12.185615
0.523931-0.657997j,-0.569943-0.662311j,0.396908-3.377627j,12.217758
0.532823-0.654955j,-0.568047-0.654306j,0.398817-3.375148j,12.249901
0.541699-0.651808j,-0.566149-0.646321j,0.400709-3.372666j,12.282044
0.550557-0.648555j,-0.564249-0.638355j,0.402586-3.370180j,12.314187
0.559397-0.645199j,-0.562346-0.630408j,0.404446-3.367692j,12.346330
0.568216-0.641737j,-0.560441-0.622480j,0.406292-3.365200j,12.378473
0.577013-0.638172j,-0.558534-0.614572j,0.408122-3.362705j,12.410617
0.586085-0.634376j,-0.556560-0.606416j,0.409997-3.360122j,12.443847
0.595132-0.630469j,-0.554584-0.598279j,0.411857-3.357536j,12.477077
0.604152-0.626451j,-0.552605-0.590162j,0.413700-3.354947j,12.510307
0.613145-0.622322j,-0.550625-0.582065j,0.415527-3.352354j,12.543537
0.622108-0.618083j,-0.548642-0.573988j,0.417339-3.349758j,12.576767
0.631041-0.613734j,-0.546657-0.565929j,0.419135-3.347159j,12.609997
0.639942-0.609274j,-0.544671-0.557890j,0.420915-3.344557j,12.643227
0.648810-0.604705j,-0.542682-0.549869j,0.422679-3.341951j,12.676457
0.657645-0.600027j,-0.540691-0.541867j,0.424428-3.339342j,12.709687
0.666444-0.595239j,-0.538699-0.533884j,0.426162-3.336731j,12.742918
0.675206-0.590343j,-0.536705-0.525919j,0.427880-3.334116j,12.776148
0.683931-0.585338j,-0.534708-0.517972j,0.429584-3.331498j,12.809378
0.692616-0.580225j,-0.532711-0.510044j,0.431272-3.328877j,12.842609
0.701261-0.575005j,-0.530711-0.502133j,0.432945-3.326253j,12.875839
0.709864-0.569677j,-0.528710-0.494240j,0.434604-3.323626j,12.909070
0.718425-0.564242j,-0.526707-0.486365j,0.436248-3.320995j,12.942300
0.726941-0.558701j,-0.524703-0.478507j,0.437877-3.318362j,12.975531
0.735413-0.553054j,-0.522697-0.470667j,0.439492-3.315726j,13.008761
0.743837-0.547301j,-0.520689-0.462843j,0.441092-3.313087j,13.041992
0.752214-0.541442j,-0.518680-0.455037j,0.442679-3.310445j,13.075223
0.760542-0.535479j,-0.516669-0.447248j,0.444250-3.307800j,13.108453
0.768820-0.529411j,-0.514657-0.439476j,0.445808-3.305153j,13.141684
0.777047-0.523240j,-0.512644-0.431720j,0.447352-3.302502j,13.174915
0.785221-0.516965j,-0.510629-0.423980j,0.448881-3.299848j,13.208146
0.793341-0.510588j,-0.508613-0.416258j,0.450397-3.297192j,13.241377
0.801407-0.504108j,-0.506596-0.408551j,0.451899-3.294533j,13.274608
0.809416-0.497526j,-0.504577-0.400860j,0.453387-3.291871j,13.307839
0.817639-0.490613j,-0.502488-0.392924j,0.454912-3.289115j,13.342206
0.825800-0.483592j,-0.500398-0.385004j,0.456423-3.286356j,13.376573
0.833897-0.476464j,-0.498306-0.377101j,0.457919-3.283594j,13.410940
0.841928-0.469229j,-0.496213-0.369214j,0.459400-3.280829j,13.445307
0.849893-0.461889j,-0.494119-0.361345j,0.460868-3.278061j,13.479674
0.857791-0.454443j,-0.492024-0.353492j,0.462321-3.275290j,13.514041
0.860535-0.451797j,-0.491299-0.350738j,0.462824-3.274316j,13.526105
