-1.337704+1.675670j,-0.157028-1.371926j,-0.157028-1.371926j,0.000000
-1.337704+1.675670j,-0.157028-1.371928j,-0.157027-1.371925j,0.000000
-1.337704+1.675670j,-0.157052-1.371919j,-0.157004-1.371934j,0.000000
-1.337704+1.675670j,-0.157053-1.371921j,-0.157003-1.371931j,0.000000
-1.337704+1.675670j,-0.157054-1.371923j,-0.157002-1.371929j,0.000000
-1.337704+1.675670j,-0.157056-1.371925j,-0.157000-1.371928j,0.000000
-1.337704+1.675670j,-0.157057-1.371926j,-0.156998-1.371926j,0.000000
-1.337704+1.675670j,-0.157059-1.371927j,-0.156997-1.371925j,0.000000
-1.337704+1.675670j,-0.157060-1.371928j,-0.156996-1.371924j,0.000000
-1.337704+1.675670j,-0.157061-1.371929j,-0.156994-1.371924j,0.000000
-1.337704+1.675670j,-0.157063-1.371930j,-0.156993-1.371923j,0.000000
-1.337704+1.675670j,-0.157064-1.371930j,-0.156992-1.371922j,0.000000
-1.337704+1.675670j,-0.157065-1.371931j,-0.156990-1.371922j,0.000000
-1.337704+1.675670j,-0.157067-1.371932j,-0.156988-1.371921j,0.000000
-1.337704+1.675670j,-0.157069-1.371933j,-0.156986-1.371920j,0.000000
-1.337704+1.675670j,-0.157071-1.371933j,-0.156985-1.371919j,0.000000
-1.337704+1.675670j,-0.157073-1.371934j,-0.156983-1.371919j,0.000000
-1.337704+1.675670j,-0.157074-1.371934j,-0.156982-1.371918j,0.000000
-1.337704+1.675670j,-0.157076-1.371935j,-0.156980-1.371918j,0.000000
-1.337704+1.675670j,-0.157077-1.371935j,-0.156979-1.371917j,0.000000
-1.337704+1.675670j,-0.157078-1.371936j,-0.156977-1.371917j,0.000000
-1.337704+1.675670j,-0.157079-1.371936j,-0.156976-1.371917j,0.000000
-1.337704+1.675670j,-0.157081-1.371936j,-0.156975-1.371916j,0.000000
-1.337704+1.675670j,-0.157083-1.371937j,-0.156973-1.371916j,0.000000
-1.337704+1.675670j,-0.157085-1.371937j,-0.156971-1.371915j,0.000000
-1.337704+1.675670j,-0.157087-1.371938j,-0.156969-1.371915j,0.000000
-1.337704+1.675670j,-0.157088-1.371939j,-0.156967-1.371914j,0.000000
-1.337704+1.675670j,-0.157090-1.371939j,-0.156965-1.371914j,0.000000
-1.337704+1.675670j,-0.157092-1.371939j,-0.156964-1.371913j,0.000000
-1.337704+1.675670j,-0.157093-1.371940j,-0.156962-1.371913j,0.000000
-1.337704+1.675670j,-0.157095-1.371940j,-0.156961-1.371913j,0.000000
-1.337704+1.675670j,-0.157096-1.371941j,-0.156959-1.371912j,0.000000
-1.337704+1.675670j,-0.157097-1.371941j,-0.156958-1.371912j,0.000000
-1.337704+1.675670j,-0.157099-1.371941j,-0.156957-1.371912j,0.000000
-1.337704+1.675670j,-0.157101-1.371942j,-0.156955-1.371911j,0.000000
-1.337704+1.675670j,-0.157102-1.371942j,-0.156954-1.371911j,0.000000
-1.337704+1.675670j,-0.157104-1.371942j,-0.156952-1.371910j,0.000000
-1.337704+1.675670j,-0.157105-1.371943j,-0.156951-1.371910j,0.000000
-1.337704+1.675670j,-0.157106-1.371943j,-0.156949-1.371910j,0.000000
-1.337704+1.675670j,-0.157107-1.371943j,-0.156948-1.371909j,0.000000
-1.337704+1.675670j,-0.157109-1.371944j,-0.156947-1.371909j,0.000000
-1.337704+1.675670j,-0.157110-1.371944j,-0.156946-1.371909j,0.000000
-1.337704+1.675670j,-0.157111-1.371944j,-0.156945-1.371909j,0.000000
-1.337704+1.675670j,-0.157112-1.371944j,-0.156943-1.371908j,0.000000
-1.337704+1.675670j,-0.157113-1.371945j,-0.156942-1.371908j,0.000000
-1.337704+1.675670j,-0.157114-1.371945j,-0.156941-1.371908j,0.000000
-1.337704+1.675670j,-0.157115-1.371945j,-0.156940-1.371908j,0.000000
-1.337704+1.675670j,-0.157116-1.371945j,-0.156939-1.371907j,0.000000
-1.337704+1.675670j,-0.157117-1.371946j,-0.156938-1.371907j,0.000000
-1.337704+1.675670j,-0.157118-1.371946j,-0.156937-1.371907j,0.000000
-1.337704+1.675670j,-0.157119-1.371946j,-0.156936-1.371907j,0.000000
-1.337704+1.675670j,-0.157120-1.371946j,-0.156935-1.371906j,0.000000
-1.337704+1.675670j,-0.157121-1.371946j,-0.156934-1.371906j,0.000000
-1.337704+1.675670j,-0.157122-1.371947j,-0.156933-1.371906j,0.000000
-1.337704+1.675670j,-0.157123-1.371947j,-0.156933-1.371906j,0.000000
-1.337704+1.675670j,-0.157124-1.371947j,-0.156932-1.371906j,0.000000
-1.337704+1.675670j,-0.157125-1.371947j,-0.156931-1.371905j,0.000000
-1.337704+1.675670j,-0.157126-1.371948j,-0.156930-1.371905j,0.000000
-1.337704+1.675670j,-0.157126-1.371948j,-0.156929-1.371905j,0.000000
-1.337704+1.675670j,-0.157127-1.371948j,-0.156928-1.371905j,0.000000
-1.337704+1.675670j,-0.157128-1.371948j,-0.156928-1.371905j,0.000000
-1.337704+1.675670j,-0.157129-1.371948j,-0.156927-1.371904j,0.000000
-1.337704+1.675670j,-0.157130-1.371948j,-0.156926-1.371904j,0.000000
-1.337704+1.675670j,-0.157130-1.371949j,-0.156925-1.371904j,0.000000
-1.337704+1.675670j,-0.157131-1.371949j,-0.156924-1.371904j,0.000000
-1.337704+1.675670j,-0.157132-1.371949j,-0.156924-1.371904j,0.000000
-1.337704+1.675670j,-0.157133-1.371949j,-0.156923-1.371904j,0.000000
-1.337704+1.675670j,-0.157133-1.371949j,-0.156922-1.371903j,0.000000
-1.337704+1.675670j,-0.157134-1.371949j,-0.156922-1.371903j,0.000000
-1.337704+1.675670j,-0.157135-1.371950j,-0.156921-1.371903j,0.000000
-1.337704+1.675670j,-0.157135-1.371950j,-0.156920-1.371903j,0.000000
-1.337704+1.675670j,-0.157136-1.371950j,-0.156919-1.371903j,0.000000
-1.337704+1.675670j,-0.157137-1.371950j,-0.156919-1.371903j,0.000000
-1.337704+1.675670j,-0.157138-1.371950j,-0.156918-1.371903j,0.000000
-1.337704+1.675670j,-0.157138-1.371950j,-0.156917-1.371902j,0.000000
-1.337704+1.675670j,-0.157139-1.371951j,-0.156917-1.371902j,0.000000
-1.337704+1.675670j,-0.157139-1.371951j,-0.156916-1.371902j,0.000000
-1.337704+1.675670j,-0.157140-1.371951j,-0.156916-1.371902j,0.000000
-1.337704+1.675670j,-0.157141-1.371951j,-0.156915-1.371902j,0.000000
-1.337704+1.675670j,-0.157141-1.371951j,-0.156914-1.371902j,0.000000
-1.337704+1.675670j,-0.157142-1.371951j,-0.156914-1.371901j,0.000000
-1.337704+1.675670j,-0.157143-1.371951j,-0.156913-1.371901j,0.000000
-1.337704+1.675670j,-0.157143-1.371952j,-0.156912-1.371901j,0.000000
-1.337704+1.675670j,-0.157144-1.371952j,-0.156912-1.371901j,0.000000
-1.337704+1.675670j,-0.157144-1.371952j,-0.156911-1.371901j,0.000000
-1.337704+1.675670j,-0.157145-1.371952j,-0.156911-1.371901j,0.000000
-1.337704+1.675670j,-0.157146-1.371952j,-0.156910-1.371901j,0.000000
-1.337704+1.675670j,-0.157146-1.371952j,-0.156910-1.371901j,0.000000
-1.337704+1.675670j,-0.157147-1.371952j,-0.156909-1.371900j,0.000000
-1.337704+1.675670j,-0.157147-1.371952j,-0.156908-1.371900j,0.000000
-1.337704+1.675670j,-0.157148-1.371953j,-0.156908-1.371900j,0.000000
-1.337704+1.675670j,-0.157148-1.371953j,-0.156907-1.371900j,0.000000
-1.337704+1.675670j,-0.157149-1.371953j,-0.156907-1.371900j,0.000000
-1.337704+1.675670j,-0.157149-1.371953j,-0.156906-1.371900j,0.000000
-1.337704+1.675670j,-0.157150-1.371953j,-0.156906-1.371900j,0.000000
-1.337704+1.675670j,-0.157150-1.371953j,-0.156905-1.371900j,0.000000
-1.337704+1.675670j,-0.157151-1.371953j,-0.156905-1.371899j,0.000000
-1.337704+1.675670j,-0.157152-1.371953j,-0.156904-1.371899j,0.000000
-1.337704+1.675670j,-0.157152-1.371954j,-0.156904-1.371899j,0.000000
-1.337704+1.675670j,-0.157153-1.371954j,-0.156903-1.371899j,0.000000
-1.337704+1.675670j,-0.157153-1.371954j,-0.156903-1.371899j,0.000000
-1.337704+1.675670j,-0.157154-1.371954j,-0.156902-1.371899j,0.000000
-1.337704+1.675670j,-0.157154-1.371954j,-0.156902-1.371899j,0.000000
-1.337704+1.675670j,-0.157155-1.371954j,-0.156901-1.371899j,0.000000
-1.337704+1.675670j,-0.157155-1.371954j,-0.156901-1.371899j,0.000000
-1.337704+1.675670j,-0.157156-1.371954j,-0.156900-1.371898j,0.000000
-1.337704+1.675670j,-0.157156-1.371954j,-0.156900-1.371898j,0.000000
-1.337704+1.675670j,-0.157157-1.371955j,-0.156899-1.371898j,0.000000
-1.337704+1.675670j,-0.157157-1.371955j,-0.156899-1.371898j,0.000000
-1.337704+1.675670j,-0.157158-1.371955j,-0.156898-1.371898j,0.000000
-1.337704+1.675670j,-0.157158-1.371955j,-0.156898-1.371898j,0.000000
-1.337704+1.675670j,-0.157158-1.371955j,-0.156897-1.371898j,0.000000
-1.337704+1.675670j,-0.157159-1.371955j,-0.156897-1.371898j,0.000000
-1.337704+1.675670j,-0.157159-1.371955j,-0.156896-1.371898j,0.000000
-1.337704+1.675670j,-0.157160-1.371955j,-0.156896-1.371897j,0.000000
-1.337704+1.675670j,-0.157160-1.371955j,-0.156895-1.371897j,0.000000
-1.337704+1.675670j,-0.157161-1.371955j,-0.156895-1.371897j,0.000000
-1.337704+1.675670j,-0.157161-1.371956j,-0.156894-1.371897j,0.000000
-1.337704+1.675670j,-0.157162-1.371956j,-0.156894-1.371897j,0.000000
-1.337704+1.675670j,-0.157162-1.371956j,-0.156894-1.371897j,0.000000
-1.337704+1.675670j,-0.157163-1.371956j,-0.156893-1.371897j,0.000000
-1.337704+1.675670j,-0.157163-1.371956j,-0.156893-1.371897j,0.000000
-1.337704+1.675670j,-0.157163-1.371956j,-0.156892-1.371897j,0.000000
-1.337704+1.675670j,-0.157164-1.371956j,-0.156892-1.371897j,0.000000
-1.337704+1.675670j,-0.157164-1.371956j,-0.156891-1.371896j,0.000000
-1.337704+1.675670j,-0.157165-1.371956j,-0.156891-1.371896j,0.000000
-1.337704+1.675670j,-0.157165-1.371956j,-0.156890-1.371896j,0.000000
-1.337704+1.675670j,-0.157166-1.371957j,-0.156890-1.371896j,0.000000
-1.337704+1.675670j,-0.157166-1.371957j,-0.156890-1.371896j,0.000000
-1.337704+1.675670j,-0.157166-1.371957j,-0.156889-1.371896j,0.000000
-1.337704+1.675670j,-0.157167-1.371957j,-0.156889-1.371896j,0.000000
-1.337704+1.675670j,-0.157167-1.371957j,-0.156888-1.371896j,0.000000
-1.337704+1.675670j,-0.157168-1.371957j,-0.156888-1.371896j,0.000000
-1.337704+1.675670j,-0.157168-1.371957j,-0.156888-1.371896j,0.000000
-1.337704+1.675670j,-0.157168-1.371957j,-0.156887-1.371896j,0.000000
-1.337704+1.675670j,-0.157169-1.371957j,-0.156887-1.371895j,0.000000
-1.337704+1.675670j,-0.157169-1.371957j,-0.156886-1.371895j,0.000000
-1.337704+1.675670j,-0.157170-1.371957j,-0.156886-1.371895j,0.000000
-1.337704+1.675670j,-0.157170-1.371958j,-0.156886-1.371895j,0.000000
-1.337704+1.675670j,-0.157170-1.371958j,-0.156885-1.371895j,0.000000
-1.337704+1.675670j,-0.157171-1.371958j,-0.156885-1.371895j,0.000000
-1.337704+1.675670j,-0.157171-1.371958j,-0.156884-1.371895j,0.000000
-1.337704+1.675670j,-0.157172-1.371958j,-0.156884-1.371895j,0.000000
-1.337704+1.675670j,-0.157172-1.371958j,-0.156884-1.371895j,0.000000
-1.337704+1.675670j,-0.157172-1.371958j,-0.156883-1.371895j,0.000000
-1.337704+1.675670j,-0.157173-1.371958j,-0.156883-1.371895j,0.000000
-1.337704+1.675670j,-0.157173-1.371958j,-0.156883-1.371894j,0.000000
-1.337704+1.675670j,-0.157173-1.371958j,-0.156882-1.371894j,0.000000
-1.337704+1.675670j,-0.157174-1.371958j,-0.156882-1.371894j,0.000000
-1.337704+1.675670j,-0.157174-1.371958j,-0.156881-1.371894j,0.000000
-1.337704+1.675670j,-0.157175-1.371959j,-0.156881-1.371894j,0.000000
-1.337704+1.675670j,-0.157175-1.371959j,-0.156881-1.371894j,0.000000
-1.337704+1.675670j,-0.157175-1.371959j,-0.156881-1.371894j,0.000000
-1.337704+1.675670j,-0.157196-1.371963j,-0.156860-1.371889j,0.000000
-1.337704+1.675670j,-0.157213-1.371967j,-0.156842-1.371886j,0.000000
-1.337704+1.675670j,-0.157234-1.371972j,-0.156822-1.371881j,0.000000
-1.337704+1.675670j,-0.157256-1.371977j,-0.156800-1.371876j,0.000000
-1.337704+1.675670j,-0.157280-1.371982j,-0.156775-1.371871j,0.000000
-1.337704+1.675670j,-0.157307-1.371988j,-0.156749-1.371865j,0.000000
-1.337704+1.675670j,-0.157336-1.371994j,-0.156720-1.371859j,0.000000
-1.337704+1.675670j,-0.157367-1.372001j,-0.156689-1.371852j,0.000000
-1.337704+1.675670j,-0.157401-1.372009j,-0.156655-1.371844j,0.000000
-1.337704+1.675670j,-0.157438-1.372017j,-0.156618-1.371836j,0.000000
-1.337704+1.675670j,-0.157478-1.372025j,-0.156578-1.371827j,0.000000
-1.337704+1.675670j,-0.157521-1.372035j,-0.156535-1.371818j,0.000000
-1.337704+1.675670j,-0.157567-1.372045j,-0.156488-1.371807j,0.000000
-1.337704+1.675670j,-0.157618-1.372056j,-0.156438-1.371796j,0.000000
-1.337704+1.675670j,-0.157672-1.372068j,-0.156384-1.371784j,0.000000
-1.337704+1.675670j,-0.157730-1.372081j,-0.156325-1.371771j,0.000000
-1.337704+1.675670j,-0.157793-1.372095j,-0.156262-1.371758j,0.000000
-1.337704+1.675670j,-0.157861-1.372110j,-0.156195-1.371743j,0.000000
-1.337705+1.675670j,-0.157934-1.372126j,-0.156122-1.371727j,0.000000
-1.337705+1.675670j,-0.158012-1.372143j,-0.156044-1.371709j,0.000000
-1.337705+1.675670j,-0.158095-1.372162j,-0.155961-1.371691j,0.000000
-1.337705+1.675670j,-0.158185-1.372181j,-0.155871-1.371671j,0.000000
-1.337705+1.675671j,-0.158281-1.372203j,-0.155775-1.371650j,0.000000
-1.337705+1.675671j,-0.158383-1.372225j,-0.155673-1.371628j,0.000000
-1.337705+1.675671j,-0.158493-1.372249j,-0.155563-1.371603j,0.000000
-1.337705+1.675671j,-0.158610-1.372275j,-0.155447-1.371578j,0.000000
-1.337706+1.675671j,-0.158734-1.372303j,-0.155322-1.371550j,0.000000
-1.337706+1.675671j,-0.158867-1.372332j,-0.155189-1.371521j,0.000000
-1.337706+1.675672j,-0.159009-1.372363j,-0.155048-1.371490j,0.000000
-1.337706+1.675672j,-0.159160-1.372396j,-0.154897-1.371457j,0.000000
-1.337707+1.675672j,-0.159320-1.372432j,-0.154737-1.371421j,0.000000
-1.337707+1.675673j,-0.159490-1.372469j,-0.154567-1.371384j,0.000000
-1.337707+1.675673j,-0.159671-1.372509j,-0.154387-1.371344j,0.000000
-1.337708+1.675674j,-0.159862-1.372551j,-0.154196-1.371302j,0.000000
-1.337708+1.675674j,-0.160066-1.372596j,-0.153993-1.371257j,0.000000
-1.337709+1.675675j,-0.160281-1.372644j,-0.153778-1.371209j,0.000000
-1.337710+1.675676j,-0.160509-1.372694j,-0.153550-1.371159j,0.000000
-1.337710+1.675676j,-0.160751-1.372747j,-0.153309-1.371106j,0.000000
-1.337711+1.675677j,-0.161006-1.372803j,-0.153054-1.371050j,0.000000
-1.337712+1.675678j,-0.161276-1.372863j,-0.152785-1.370990j,0.000000
-1.337714+1.675680j,-0.161561-1.372926j,-0.152501-1.370928j,0.000000
-1.337715+1.675681j,-0.161862-1.372992j,-0.152201-1.370862j,0.000000
-1.337716+1.675682j,-0.162179-1.373062j,-0.151885-1.370792j,0.000000
-1.337718+1.675684j,-0.162513-1.373135j,-0.151552-1.370718j,0.000000
-1.337720+1.675686j,-0.162866-1.373213j,-0.151200-1.370641j,0.000000
-1.337722+1.675688j,-0.163237-1.373295j,-0.150831-1.370559j,0.000000
-1.337724+1.675690j,-0.163627-1.373381j,-0.150442-1.370473j,0.000000
-1.337726+1.675693j,-0.164038-1.373471j,-0.150033-1.370383j,0.000000
-1.337729+1.675696j,-0.164469-1.373566j,-0.149603-1.370288j,0.000000
-1.337732+1.675699j,-0.164923-1.373666j,-0.149152-1.370188j,0.000000
-1.337736+1.675703j,-0.165399-1.373771j,-0.148678-1.370084j,0.000000
-1.337740+1.675707j,-0.165899-1.373881j,-0.148181-1.369974j,0.000000
-1.337744+1.675711j,-0.166423-1.373996j,-0.147659-1.369859j,0.000000
-1.337749+1.675716j,-0.166972-1.374117j,-0.147113-1.369738j,0.000000
-1.337754+1.675722j,-0.167548-1.374244j,-0.146541-1.369612j,0.000000
-1.337760+1.675728j,-0.168151-1.374377j,-0.145942-1.369479j,0.000001
-1.337767+1.675735j,-0.168782-1.374516j,-0.145315-1.369341j,0.000001
-1.337774+1.675742j,-0.169443-1.374661j,-0.144660-1.369196j,0.000001
-1.337782+1.675751j,-0.170133-1.374813j,-0.143975-1.369045j,0.000001
-1.337791+1.675760j,-0.170855-1.374972j,-0.143259-1.368887j,0.000001
-1.337800+1.675770j,-0.171609-1.375137j,-0.142511-1.368721j,0.000001
-1.337811+1.675781j,-0.172396-1.375311j,-0.141731-1.368549j,0.000002
-1.337823+1.675793j,-0.173217-1.375491j,-0.140918-1.368369j,0.000002
-1.337836+1.675806j,-0.174074-1.375680j,-0.140069-1.368181j,0.000002
-1.337850+1.675821j,-0.174968-1.375876j,-0.139185-1.367986j,0.000002
-1.337865+1.675837j,-0.175899-1.376081j,-0.138265-1.367782j,0.000003
-1.337882+1.675855j,-0.176869-1.376294j,-0.137306-1.367570j,0.000003
-1.337901+1.675874j,-0.177879-1.376516j,-0.136308-1.367349j,0.000004
-1.337921+1.675895j,-0.178930-1.376747j,-0.135270-1.367119j,0.000004
-1.337943+1.675918j,-0.180024-1.376987j,-0.134192-1.366881j,0.000005
-1.337967+1.675943j,-0.181161-1.377237j,-0.133071-1.366632j,0.000006
-1.337994+1.675970j,-0.182343-1.377496j,-0.131906-1.366375j,0.000007
-1.338022+1.676000j,-0.183571-1.377766j,-0.130697-1.366107j,0.000008
-1.338053+1.676032j,-0.184846-1.378046j,-0.129443-1.365829j,0.000009
-1.338087+1.676067j,-0.186170-1.378336j,-0.128142-1.365540j,0.000010
-1.338124+1.676106j,-0.187544-1.378638j,-0.126793-1.365241j,0.000012
-1.338164+1.676147j,-0.188969-1.378950j,-0.125395-1.364931j,0.000014
-1.338207+1.676192j,-0.190446-1.379274j,-0.123947-1.364610j,0.000016
-1.338254+1.676241j,-0.191976-1.379609j,-0.122447-1.364278j,0.000018
-1.338305+1.676293j,-0.193562-1.379957j,-0.120895-1.363933j,0.000020
-1.338360+1.676350j,-0.195204-1.380317j,-0.119290-1.363577j,0.000023
-1.338419+1.676412j,-0.196904-1.380689j,-0.117630-1.363208j,0.000027
-1.338483+1.676478j,-0.198663-1.381074j,-0.115914-1.362827j,0.000030
-1.338552+1.676550j,-0.200481-1.381472j,-0.114142-1.362433j,0.000034
-1.338626+1.676627j,-0.202362-1.381884j,-0.112311-1.362026j,0.000039
-1.338707+1.676711j,-0.204305-1.382309j,-0.110421-1.361606j,0.000044
-1.338793+1.676800j,-0.206313-1.382748j,-0.108471-1.361173j,0.000050
-1.338886+1.676896j,-0.208387-1.383201j,-0.106459-1.360725j,0.000056
-1.338986+1.677000j,-0.210527-1.383669j,-0.104386-1.360263j,0.000064
-1.339093+1.677111j,-0.212736-1.384152j,-0.102248-1.359787j,0.000072
-1.339208+1.677230j,-0.215015-1.384649j,-0.100046-1.359297j,0.000081
-1.339331+1.677358j,-0.217365-1.385162j,-0.097779-1.358792j,0.000091
-1.339463+1.677495j,-0.219787-1.385691j,-0.095445-1.358271j,0.000102
-1.339604+1.677642j,-0.222284-1.386236j,-0.093043-1.357736j,0.000115
-1.339755+1.677799j,-0.224855-1.386796j,-0.090572-1.357184j,0.000129
-1.339917+1.677966j,-0.227503-1.387374j,-0.088032-1.356617j,0.000144
-1.340089+1.678146j,-0.230230-1.387968j,-0.085421-1.356034j,0.000162
-1.340273+1.678337j,-0.233035-1.388579j,-0.082738-1.355434j,0.000181
-1.340470+1.678541j,-0.235922-1.389207j,-0.079983-1.354818j,0.000202
-1.340679+1.678758j,-0.238890-1.389853j,-0.077155-1.354185j,0.000225
-1.340903+1.678990j,-0.241943-1.390516j,-0.074251-1.353536j,0.000251
-1.341140+1.679236j,-0.245080-1.391198j,-0.071273-1.352869j,0.000279
-1.341393+1.679498j,-0.248303-1.391899j,-0.068218-1.352184j,0.000310
-1.341661+1.679777j,-0.251615-1.392618j,-0.065086-1.351482j,0.000345
-1.341947+1.680074j,-0.255015-1.393356j,-0.061876-1.350761j,0.000382
-1.342250+1.680388j,-0.258506-1.394113j,-0.058588-1.350023j,0.000424
-1.342572+1.680722j,-0.262089-1.394890j,-0.055219-1.349266j,0.000470
-1.342913+1.681076j,-0.265765-1.395686j,-0.051771-1.348491j,0.000520
-1.343274+1.681451j,-0.269535-1.396503j,-0.048241-1.347697j,0.000575
-1.343657+1.681848j,-0.273402-1.397340j,-0.044629-1.346884j,0.000635
-1.344062+1.682268j,-0.277367-1.398197j,-0.040935-1.346052j,0.000700
-1.344491+1.682713j,-0.281430-1.399075j,-0.037157-1.345200j,0.000772
-1.344944+1.683183j,-0.285594-1.399975j,-0.033296-1.344328j,0.000850
-1.345424+1.683680j,-0.289859-1.400896j,-0.029349-1.343437j,0.000936
-1.345929+1.684205j,-0.294228-1.401838j,-0.025317-1.342526j,0.001029
-1.346463+1.684759j,-0.298701-1.402803j,-0.021199-1.341595j,0.001130
-1.347027+1.685343j,-0.303280-1.403790j,-0.016995-1.340643j,0.001241
-1.347621+1.685959j,-0.307967-1.404799j,-0.012703-1.339670j,0.001360
-1.348247+1.686608j,-0.312762-1.405831j,-0.008323-1.338677j,0.001491
-1.348906+1.687292j,-0.317668-1.406886j,-0.003855-1.337663j,0.001632
-1.349600+1.688012j,-0.322686-1.407964j,0.000702-1.336627j,0.001785
-1.350331+1.688769j,-0.327817-1.409066j,0.005348-1.335571j,0.001951
-1.351099+1.689565j,-0.333063-1.410192j,0.010085-1.334492j,0.002131
-1.351906+1.690402j,-0.338425-1.411342j,0.014912-1.333393j,0.002325
-1.352755+1.691282j,-0.343905-1.412516j,0.019830-1.332271j,0.002535
-1.353646+1.692205j,-0.349504-1.413715j,0.024839-1.331127j,0.002762
-1.354581+1.693174j,-0.355225-1.414938j,0.029941-1.329961j,0.003007
-1.355562+1.694191j,-0.361067-1.416187j,0.035135-1.328772j,0.003272
-1.356591+1.695257j,-0.367034-1.417462j,0.040421-1.327561j,0.003556
-1.357670+1.696375j,-0.373125-1.418762j,0.045801-1.326327j,0.003863
-1.358800+1.697546j,-0.379345-1.420089j,0.051275-1.325070j,0.004193
-1.359984+1.698772j,-0.385692-1.421441j,0.056842-1.323790j,0.004548
-1.361224+1.700056j,-0.392170-1.422821j,0.062504-1.322486j,0.004930
-1.362521+1.701399j,-0.398780-1.424227j,0.068261-1.321160j,0.005339
-1.363879+1.702804j,-0.405524-1.425660j,0.074112-1.319809j,0.005779
-1.365298+1.704273j,-0.412403-1.427121j,0.080060-1.318435j,0.006251
-1.366781+1.705808j,-0.419419-1.428610j,0.086103-1.317037j,0.006757
-1.368331+1.707412j,-0.426574-1.430127j,0.092242-1.315614j,0.007298
-1.369951+1.709087j,-0.433869-1.431672j,0.098477-1.314167j,0.007878
-1.371641+1.710836j,-0.441306-1.433246j,0.104810-1.312696j,0.008498
-1.373406+1.712661j,-0.448888-1.434850j,0.111239-1.311200j,0.009162
-1.375247+1.714565j,-0.456615-1.436482j,0.117766-1.309679j,0.009871
-1.377168+1.716551j,-0.464491-1.438144j,0.124391-1.308133j,0.010628
-1.379171+1.718621j,-0.472516-1.439837j,0.131113-1.306562j,0.011436
-1.381258+1.720778j,-0.480692-1.441559j,0.137934-1.304965j,0.012297
-1.383434+1.723025j,-0.489022-1.443313j,0.144854-1.303343j,0.013216
-1.385700+1.725366j,-0.497508-1.445097j,0.151872-1.301695j,0.014195
-1.388060+1.727803j,-0.506151-1.446913j,0.158990-1.300021j,0.015238
-1.390517+1.730339j,-0.514953-1.448761j,0.166207-1.298320j,0.016348
-1.393074+1.732979j,-0.523918-1.450641j,0.173525-1.296593j,0.017528
-1.395735+1.735724j,-0.533046-1.452553j,0.180942-1.294840j,0.018784
-1.398503+1.738579j,-0.542340-1.454498j,0.188460-1.293060j,0.020117
-1.401382+1.741547j,-0.551803-1.456477j,0.196080-1.291252j,0.021534
-1.404375+1.744632j,-0.561436-1.458489j,0.203800-1.289418j,0.023038
-1.407486+1.747838j,-0.571242-1.460535j,0.211622-1.287556j,0.024634
-1.410719+1.751168j,-0.581223-1.462616j,0.219546-1.285666j,0.026327
-1.414077+1.754627j,-0.591382-1.464731j,0.227572-1.283748j,0.028121
-1.417566+1.758218j,-0.601721-1.466882j,0.235702-1.281802j,0.030022
-1.421189+1.761945j,-0.612243-1.469069j,0.243934-1.279827j,0.032036
-1.424950+1.765814j,-0.622950-1.471292j,0.252271-1.277824j,0.034167
-1.428854+1.769828j,-0.633845-1.473552j,0.260712-1.275792j,0.036423
-1.432906+1.773993j,-0.644931-1.475849j,0.269257-1.273731j,0.038808
-1.437111+1.778311j,-0.656210-1.478183j,0.277908-1.271640j,0.041330
-1.441472+1.782790j,-0.667686-1.480556j,0.286665-1.269519j,0.043995
-1.445997+1.787433j,-0.679361-1.482968j,0.295528-1.267368j,0.046811
-1.450688+1.792246j,-0.691238-1.485418j,0.304498-1.265186j,0.049783
-1.455553+1.797234j,-0.703320-1.487908j,0.313576-1.262974j,0.052921
-1.460597+1.802402j,-0.715612-1.490439j,0.322763-1.260731j,0.056231
-1.465825+1.807756j,-0.728115-1.493010j,0.332059-1.258457j,0.059723
-1.471243+1.813303j,-0.740833-1.495623j,0.341466-1.256150j,0.063404
-1.476859+1.819048j,-0.753770-1.498278j,0.350983-1.253812j,0.067283
-1.482677+1.824996j,-0.766929-1.500975j,0.360612-1.251441j,0.071370
-1.488706+1.831156j,-0.780315-1.503716j,0.370354-1.249037j,0.075673
-1.494951+1.837533j,-0.793930-1.506500j,0.380211-1.246600j,0.080205
-1.501419+1.844134j,-0.807779-1.509329j,0.390182-1.244129j,0.084973
-1.508120+1.850966j,-0.821865-1.512204j,0.400270-1.241624j,0.089990
-1.515059+1.858038j,-0.836194-1.515124j,0.410475-1.239085j,0.095267
-1.522246+1.865355j,-0.850769-1.518091j,0.420799-1.236511j,0.100815
-1.529688+1.872928j,-0.865595-1.521105j,0.431243-1.233901j,0.106647
-1.537394+1.880763j,-0.880676-1.524168j,0.441809-1.231255j,0.112775
-1.545374+1.888869j,-0.896018-1.527280j,0.452499-1.228572j,0.119212
-1.553636+1.897256j,-0.911625-1.530442j,0.463314-1.225853j,0.125973
-1.562191+1.905932j,-0.927503-1.533654j,0.474257-1.223095j,0.133072
-1.571049+1.914908j,-0.943657-1.536918j,0.485328-1.220300j,0.140524
-1.580221+1.924193j,-0.960093-1.540235j,0.496530-1.217466j,0.148345
-1.589718+1.933798j,-0.976816-1.543605j,0.507866-1.214592j,0.156550
-1.599552+1.943734j,-0.993833-1.547030j,0.519338-1.211678j,0.165157
-1.609735+1.954013j,-1.011151-1.550511j,0.530948-1.208723j,0.174185
-1.620281+1.964647j,-1.028775-1.554049j,0.542699-1.205727j,0.183651
-1.631203+1.975648j,-1.046714-1.557644j,0.554595-1.202688j,0.193575
-1.642515+1.987031j,-1.064975-1.561299j,0.566637-1.199606j,0.203978
-1.654234+1.998808j,-1.083565-1.565014j,0.578831-1.196480j,0.214881
-1.666374+2.010995j,-1.102493-1.568791j,0.591178-1.193309j,0.226308
-1.678954+2.023607j,-1.121767-1.572632j,0.603683-1.190092j,0.238281
-1.691990+2.036661j,-1.141397-1.576537j,0.616351-1.186828j,0.250825
-1.705502+2.050173j,-1.161392-1.580508j,0.629185-1.183516j,0.263967
-1.719510+2.064164j,-1.181763-1.584547j,0.642191-1.180155j,0.277735
-1.734037+2.078652j,-1.202520-1.588656j,0.655373-1.176744j,0.292158
-1.749103+2.093657j,-1.223676-1.592836j,0.668736-1.173281j,0.307266
-1.764735+2.109202j,-1.245242-1.597090j,0.682288-1.169765j,0.323093
-1.780958+2.125311j,-1.267232-1.601420j,0.696034-1.166195j,0.339673
-1.797800+2.142008j,-1.289659-1.605827j,0.709980-1.162569j,0.357043
-1.815291+2.159321j,-1.312539-1.610315j,0.724135-1.158885j,0.375243
-1.833463+2.177278j,-1.335888-1.614885j,0.738506-1.155142j,0.394312
-1.852350+2.195909j,-1.359721-1.619540j,0.753101-1.151338j,0.414297
-1.871990+2.215248j,-1.384058-1.624284j,0.767929-1.147471j,0.435244
-1.892421+2.235329j,-1.408917-1.629119j,0.783000-1.143539j,0.457203
-1.913685+2.256189j,-1.434317-1.634048j,0.798324-1.139540j,0.480228
-1.935828+2.277869j,-1.460279-1.639074j,0.813910-1.135471j,0.504375
-1.958897+2.300409j,-1.486825-1.644200j,0.829769-1.131332j,0.529702
-1.982942+2.323853j,-1.513974-1.649430j,0.845911-1.127119j,0.556273
-2.008015+2.348245j,-1.541745-1.654766j,0.862346-1.122832j,0.584149
-2.034165+2.373629j,-1.570157-1.660210j,0.879080-1.118469j,0.613393
-2.061444+2.400046j,-1.599219-1.665763j,0.896119-1.114029j,0.644067
-2.089897+2.427532j,-1.628937-1.671425j,0.913464-1.109514j,0.676224
-2.119558+2.456115j,-1.659304-1.677193j,0.931108-1.104926j,0.709907
-2.150450+2.485806j,-1.690299-1.683062j,0.949037-1.100271j,0.745142
-2.182576+2.516602j,-1.721880-1.689024j,0.967228-1.095555j,0.781931
-2.215918+2.548474j,-1.753989-1.695064j,0.985644-1.090789j,0.820248
-2.250433+2.581376j,-1.786548-1.701169j,1.004242-1.085986j,0.860040
-2.286062+2.615241j,-1.819467-1.707320j,1.022970-1.081161j,0.901229
-2.321603+2.648923j,-1.851639-1.713310j,1.041205-1.076474j,0.942407
-2.359249+2.684495j,-1.885028-1.719505j,1.060059-1.071640j,0.986109
-2.396832+2.719901j,-1.917687-1.725542j,1.078436-1.066943j,1.029800
-2.436228+2.756902j,-1.951232-1.731721j,1.097248-1.062149j,1.075651
-2.475589+2.793755j,-1.984076-1.737748j,1.115605-1.057486j,1.121492
-2.516591+2.832026j,-2.017608-1.743879j,1.134289-1.052756j,1.169263
-2.557587+2.870170j,-2.050471-1.749864j,1.152545-1.048151j,1.217024
-2.600145+2.909641j,-2.083916-1.755933j,1.171070-1.043495j,1.266588
-2.642724+2.949006j,-2.116724-1.761863j,1.189193-1.038958j,1.316143
-2.686847+2.989667j,-2.150062-1.767867j,1.207559-1.034379j,1.367445
-2.731021+3.030242j,-2.182795-1.773739j,1.225546-1.029913j,1.418739
-2.776756+3.072114j,-2.216034-1.779678j,1.243767-1.025407j,1.471763
-2.822570+3.113919j,-2.248696-1.785493j,1.261630-1.021010j,1.524780
-2.868474+3.155670j,-2.280810-1.791188j,1.279154-1.016715j,1.577790
-2.916747+3.199431j,-2.313949-1.797042j,1.297200-1.012313j,1.633405
-2.965141+3.243154j,-2.346546-1.802779j,1.314913-1.008012j,1.689014
-3.013667+3.286849j,-2.378628-1.808403j,1.332312-1.003807j,1.744617
-3.064637+3.332590j,-2.411702-1.814179j,1.350215-0.999501j,1.802841
-3.115772+3.378321j,-2.444264-1.819844j,1.367809-0.995291j,1.861059
-3.167079+3.424051j,-2.476339-1.825402j,1.385110-0.991171j,1.919272
-3.220937+3.471888j,-2.509390-1.831108j,1.402907-0.986955j,1.980150
-3.275004+3.519742j,-2.541956-1.836709j,1.420413-0.982829j,2.041023
-3.329287+3.567621j,-2.574059-1.842209j,1.437644-0.978789j,2.101891
-3.386234+3.617672j,-2.607122-1.847852j,1.455363-0.974657j,2.165468
-3.443436+3.667768j,-2.639723-1.853395j,1.472809-0.970610j,2.229040
-3.500900+3.717914j,-2.671881-1.858842j,1.489994-0.966646j,2.292608
-3.561147+3.770301j,-2.704984-1.864428j,1.507659-0.962592j,2.358928
-3.621697+3.822758j,-2.737645-1.869919j,1.525065-0.958621j,2.425244
-3.682557+3.875294j,-2.769881-1.875318j,1.542224-0.954727j,2.491556
-3.746327+3.930140j,-2.803045-1.880852j,1.559854-0.950748j,2.560661
-3.810450+3.985084j,-2.835785-1.886295j,1.577238-0.946848j,2.629762
-3.874934+4.040133j,-2.868116-1.891651j,1.594385-0.943022j,2.698859
-3.942460+4.097564j,-2.901359-1.897137j,1.611996-0.939115j,2.770788
-4.010393+4.155122j,-2.934193-1.902536j,1.629371-0.935282j,2.842714
-4.078739+4.212813j,-2.966633-1.907851j,1.646520-0.931521j,2.914637
-4.150269+4.272960j,-2.999969-1.913294j,1.664124-0.927683j,2.989430
-4.222262+4.333264j,-3.032909-1.918653j,1.681502-0.923915j,3.064219
-4.294726+4.393729j,-3.065467-1.923931j,1.698662-0.920216j,3.139006
-4.370522+4.456728j,-3.098906-1.929333j,1.716269-0.916443j,3.216698
-4.446841+4.519914j,-3.131961-1.934654j,1.733659-0.912738j,3.294389
-4.523691+4.583290j,-3.164647-1.939899j,1.750839-0.909098j,3.372076
-4.604031+4.649282j,-3.198197-1.945263j,1.768458-0.905388j,3.452706
-4.684958+4.715491j,-3.231375-1.950551j,1.785867-0.901742j,3.533333
-4.766480+4.781921j,-3.264193-1.955764j,1.803073-0.898160j,3.613958
-4.851659+4.851052j,-3.297861-1.961094j,1.820711-0.894510j,3.697561
-4.937495+4.920432j,-3.331168-1.966350j,1.838145-0.890922j,3.781161
-5.023993+4.990064j,-3.364124-1.971535j,1.855384-0.887395j,3.864759
-5.114327+5.062487j,-3.397916-1.976833j,1.873046-0.883802j,3.951369
-5.205390+5.135191j,-3.431355-1.982061j,1.890511-0.880269j,4.037978
-5.297188+5.208181j,-3.464453-1.987219j,1.907785-0.876795j,4.124584
-5.393012+5.284055j,-3.498371-1.992489j,1.925476-0.873257j,4.214237
-5.489642+5.360244j,-3.531947-1.997690j,1.942976-0.869777j,4.303888
-5.587086+5.436753j,-3.565189-2.002825j,1.960291-0.866353j,4.393538
-5.688757+5.516242j,-3.599238-2.008069j,1.978014-0.862867j,4.486267
-5.791317+5.596083j,-3.632952-2.013246j,1.995552-0.859438j,4.578996
-5.894774+5.676280j,-3.666340-2.018360j,2.012910-0.856062j,4.671723
-5.999138+5.756837j,-3.699413-2.023411j,2.030094-0.852738j,4.764449
-6.109166+5.841400j,-3.733643-2.028625j,2.047868-0.849319j,4.861323
-6.220202+5.926365j,-3.767547-2.033775j,2.065463-0.845952j,4.958196
-6.263930+5.959724j,-3.780728-2.035774j,2.072301-0.844649j,4.996191
-6.263930+5.959724j,-3.780728-2.035774j,2.072301-0.844649j,4.996191
-6.263930+5.959724j,-3.780728-2.035774j,2.072301-0.844649j,4.996191
-6.263930+5.959724j,-3.780728-2.035774j,2.072301-0.844649j,4.996191
-6.263930+5.959724j,-3.780728-2.035774j,2.072301-0.844649j,4.996191
-6.263931+5.959725j,-3.780729-2.035774j,2.072301-0.844649j,4.996192
-6.263936+5.959728j,-3.780730-2.035774j,2.072302-0.844648j,4.996196
-6.263957+5.959744j,-3.780736-2.035775j,2.072305-0.844648j,4.996215
-6.264053+5.959817j,-3.780765-2.035780j,2.072320-0.844645j,4.996298
-6.264483+5.960145j,-3.780894-2.035799j,2.072387-0.844632j,4.996671
-6.266419+5.961621j,-3.781476-2.035888j,2.072688-0.844575j,4.998353
-6.275135+5.968263j,-3.784091-2.036284j,2.074045-0.844317j,5.005917
-6.314434+5.998181j,-3.795834-2.038062j,2.080135-0.843158j,5.039923
-6.431635+6.087140j,-3.830416-2.043291j,2.098063-0.839762j,5.140438
-6.549951+6.176543j,-3.864674-2.048457j,2.115813-0.836417j,5.240951
-6.669392+6.266395j,-3.898618-2.053563j,2.133391-0.833121j,5.341464
-6.789968+6.356699j,-3.932257-2.058611j,2.150801-0.829874j,5.441976
-6.916100+6.450742j,-3.966796-2.063782j,2.168668-0.826559j,5.546098
-7.043472+6.545278j,-4.001024-2.068895j,2.186365-0.823292j,5.650220
-7.172095+6.640312j,-4.034951-2.073950j,2.203898-0.820072j,5.754341
-7.301980+6.735847j,-4.068583-2.078951j,2.221270-0.816897j,5.858461
-7.438610+6.835884j,-4.103307-2.084103j,2.239197-0.813637j,5.966885
-7.576632+6.936474j,-4.137728-2.089200j,2.256959-0.810422j,6.075308
-7.716059+7.037619j,-4.171854-2.094242j,2.274561-0.807252j,6.183731
-7.856903+7.139323j,-4.205694-2.099231j,2.292007-0.804124j,6.292154
-8.004946+7.245728j,-4.240601-2.104368j,2.309995-0.800915j,6.404931
-8.154548+7.352745j,-4.275213-2.109451j,2.327823-0.797749j,6.517709
-8.305724+7.460380j,-4.309538-2.114483j,2.345495-0.794625j,6.630486
-8.458486+7.568636j,-4.343582-2.119464j,2.363015-0.791541j,6.743264
-8.618947+7.681806j,-4.378673-2.124590j,2.381067-0.788379j,6.860453
-8.781152+7.795655j,-4.413476-2.129664j,2.398962-0.785258j,6.977642
-8.945114+7.910186j,-4.447998-2.134689j,2.416706-0.782176j,7.094831
-9.110850+8.025403j,-4.482245-2.139665j,2.434302-0.779134j,7.212021
-9.284826+8.145761j,-4.517520-2.144783j,2.452418-0.776014j,7.333679
-9.460747+8.266867j,-4.552514-2.149852j,2.470382-0.772934j,7.455337
-9.638629+8.388723j,-4.587232-2.154873j,2.488199-0.769892j,7.576996
-9.818489+8.511333j,-4.621681-2.159848j,2.505870-0.766886j,7.698655
-10.007175+8.639325j,-4.657139-2.164961j,2.524052-0.763806j,7.824837
-10.198027+8.768136j,-4.692322-2.170027j,2.542086-0.760763j,7.951020
-10.391062+8.897770j,-4.727235-2.175048j,2.559976-0.757756j,8.077205
-10.586301+9.028232j,-4.761885-2.180025j,2.577724-0.754784j,8.203390
-10.791001+9.164326j,-4.797526-2.185137j,2.595973-0.751740j,8.334152
-10.998108+9.301316j,-4.832897-2.190204j,2.614078-0.748731j,8.464916
-11.207644+9.439206j,-4.868003-2.195228j,2.632041-0.745757j,8.595681
-11.419630+9.578000j,-4.902852-2.200209j,2.649865-0.742815j,8.726447
-11.641764+9.722691j,-4.938674-2.205323j,2.668182-0.739803j,8.861845
-11.866572+9.868359j,-4.974232-2.210394j,2.686358-0.736825j,8.997244
-12.094077+10.015008j,-5.009531-2.215423j,2.704395-0.733879j,9.132644
-12.324302+10.162642j,-5.044576-2.220411j,2.722297-0.730965j,9.268046
-12.565421+10.316450j,-5.080579-2.225531j,2.740682-0.727982j,9.408132
-12.809505+10.471321j,-5.116322-2.230608j,2.758928-0.725031j,9.548220
-13.056580+10.627258j,-5.151811-2.235646j,2.777040-0.722111j,9.688310
-13.306673+10.784266j,-5.187051-2.240643j,2.795019-0.719221j,9.828401
-13.567680+10.947249j,-5.223125-2.245755j,2.813417-0.716273j,9.972799
-13.567680+10.947249j,-5.223125-2.245755j,2.813417-0.716273j,9.972799
-13.567680+10.947249j,-5.223125-2.245755j,2.813417-0.716273j,9.972799
-13.567680+10.947249j,-5.223125-2.245755j,2.813417-0.716273j,9.972799
-13.567681+10.947249j,-5.223125-2.245755j,2.813417-0.716273j,9.972799
-13.567682+10.947250j,-5.223125-2.245755j,2.813417-0.716273j,9.972800
-13.567690+10.947255j,-5.223126-2.245755j,2.813418-0.716273j,9.972804
-13.567723+10.947276j,-5.223131-2.245756j,2.813420-0.716273j,9.972823
-13.567873+10.947369j,-5.223151-2.245759j,2.813431-0.716271j,9.972906
-13.568549+10.947790j,-5.223244-2.245772j,2.813478-0.716263j,9.973279
-13.571591+10.949685j,-5.223660-2.245831j,2.813690-0.716229j,9.974961
-13.585286+10.958211j,-5.225533-2.246096j,2.814645-0.716077j,9.982525
-13.647023+10.996619j,-5.233953-2.247289j,2.818939-0.715390j,10.016533
-13.917685+11.164433j,-5.270419-2.252451j,2.837530-0.712422j,10.163838
-14.191787+11.333445j,-5.306628-2.257573j,2.855985-0.709485j,10.311145
-14.469359+11.503658j,-5.342587-2.262656j,2.874307-0.706577j,10.458454
-14.750433+11.675077j,-5.378299-2.267700j,2.892498-0.703698j,10.605766
-15.035041+11.847706j,-5.413771-2.272708j,2.910561-0.700847j,10.753079
-15.333345+12.027641j,-5.450233-2.277852j,2.929124-0.697924j,10.905510
-15.635503+12.208881j,-5.486448-2.282959j,2.947556-0.695030j,11.057944
-15.941553+12.391428j,-5.522420-2.288028j,2.965859-0.692163j,11.210380
-16.251529+12.575287j,-5.558154-2.293062j,2.984037-0.689323j,11.362818
-16.565469+12.760461j,-5.593655-2.298060j,3.002091-0.686509j,11.515258
-16.896231+12.954454j,-5.630337-2.303222j,3.020740-0.683609j,11.673773
-17.231361+13.149879j,-5.666776-2.308348j,3.039262-0.680736j,11.832291
-17.570900+13.346739j,-5.702978-2.313439j,3.057658-0.677888j,11.990812
-17.914889+13.545038j,-5.738946-2.318494j,3.075932-0.675066j,12.149334
-18.263370+13.744780j,-5.774687-2.323516j,3.094085-0.672268j,12.307860
-18.630238+13.953840j,-5.811583-2.328699j,3.112820-0.669387j,12.472530
-19.002048+14.164465j,-5.848242-2.333847j,3.131431-0.666530j,12.637202
-19.378848+14.376660j,-5.884669-2.338961j,3.149919-0.663699j,12.801878
-19.760686+14.590428j,-5.920867-2.344041j,3.168287-0.660891j,12.966556
-20.147610+14.805774j,-5.956842-2.349089j,3.186538-0.658106j,13.131237
-20.554663+15.030971j,-5.993950-2.354295j,3.205359-0.655239j,13.302138
-20.967302+15.257875j,-6.030827-2.359468j,3.224059-0.652397j,13.473041
-21.385585+15.486490j,-6.067475-2.364608j,3.242638-0.649577j,13.643948
-21.809565+15.716820j,-6.103900-2.369716j,3.261101-0.646780j,13.814857
-22.239300+15.948868j,-6.140105-2.374792j,3.279448-0.644005j,13.985770
-22.691086+16.191329j,-6.177423-2.380024j,3.298355-0.641150j,14.162975
-23.149183+16.435645j,-6.214513-2.385224j,3.317143-0.638318j,14.340184
-23.613655+16.681820j,-6.251380-2.390392j,3.335814-0.635507j,14.517396
-24.084567+16.929858j,-6.288027-2.395529j,3.354370-0.632718j,14.694611
-24.561981+17.179762j,-6.324459-2.400636j,3.372813-0.629950j,14.871830
-24.757439+17.281630j,-6.339172-2.402698j,3.380260-0.628834j,14.943955
-24.757439+17.281630j,-6.339172-2.402698j,3.380260-0.628834j,14.943955
-24.757439+17.281630j,-6.339172-2.402698j,3.380260-0.628834j,14.943955
-24.757439+17.281630j,-6.339172-2.402698j,3.380260-0.628834j,14.943955
-24.757439+17.281630j,-6.339172-2.402698j,3.380260-0.628834j,14.943956
-24.757442+17.281631j,-6.339172-2.402698j,3.380260-0.628834j,14.943957
-24.757453+17.281637j,-6.339173-2.402698j,3.380261-0.628833j,14.943961
-24.757503+17.281663j,-6.339177-2.402699j,3.380263-0.628833j,14.943979
-24.757728+17.281780j,-6.339193-2.402701j,3.380271-0.628832j,14.944062
-24.758741+17.282307j,-6.339269-2.402712j,3.380310-0.628826j,14.944436
-24.763299+17.284680j,-6.339611-2.402760j,3.380483-0.628800j,14.946117
-24.783820+17.295359j,-6.341149-2.402975j,3.381261-0.628684j,14.953682
-24.876310+17.343457j,-6.348063-2.403944j,3.384761-0.628159j,14.987693
-25.295504+17.560743j,-6.379083-2.408292j,3.400459-0.625808j,15.140114
-25.813428+17.827621j,-6.416710-2.413567j,3.419498-0.622960j,15.325799
-26.338751+18.096562j,-6.454114-2.418810j,3.438421-0.620134j,15.511487
-26.871550+18.367567j,-6.491300-2.424024j,3.457230-0.617328j,15.697179
-27.411901+18.640640j,-6.528271-2.429207j,3.475927-0.614542j,15.882874
-27.959882+18.915783j,-6.565032-2.434362j,3.494513-0.611776j,16.068573
-28.534541+19.202433j,-6.602820-2.439661j,3.513616-0.608936j,16.260529
-29.117527+19.491301j,-6.640390-2.444930j,3.532606-0.606116j,16.452488
-29.708927+19.782391j,-6.677747-2.450170j,3.551484-0.603316j,16.644452
-30.308830+20.075706j,-6.714893-2.455381j,3.570253-0.600535j,16.836419
-30.917323+20.371246j,-6.751832-2.460564j,3.588913-0.597773j,17.028390
-31.555762+20.679239j,-6.789821-2.465895j,3.608101-0.594936j,17.226887
-32.203585+20.989617j,-6.827596-2.471197j,3.627178-0.592118j,17.425389
-32.860894+21.302382j,-6.865161-2.476471j,3.646146-0.589318j,17.623895
-33.527790+21.617536j,-6.902519-2.481716j,3.665006-0.586537j,17.822404
-34.204375+21.935081j,-6.939674-2.486935j,3.683761-0.583773j,18.020918
-34.890753+22.255016j,-6.976629-2.492126j,3.702412-0.581028j,18.219436
-35.615122+22.590304j,-7.014855-2.497498j,3.721701-0.578190j,18.425856
-36.350314+22.928180j,-7.052873-2.502841j,3.740883-0.575371j,18.632280
-37.096446+23.268645j,-7.090684-2.508157j,3.759957-0.572569j,18.838708
-37.853639+23.611698j,-7.128293-2.513446j,3.778927-0.569784j,19.045141
-38.622013+23.957341j,-7.165703-2.518708j,3.797793-0.567017j,19.251578
-39.401690+24.305572j,-7.202917-2.523944j,3.816558-0.564266j,19.458019
-40.223830+24.670105j,-7.241376-2.529357j,3.835948-0.561426j,19.672449
-41.058441+25.037429j,-7.279629-2.534743j,3.855232-0.558602j,19.886883
-41.155128+25.079807j,-7.284011-2.535360j,3.857441-0.558279j,19.911668
-41.155128+25.079807j,-7.284011-2.535360j,3.857441-0.558279j,19.911668
-41.155128+25.079807j,-7.284011-2.535360j,3.857441-0.558279j,19.911668
-41.155129+25.079808j,-7.284011-2.535360j,3.857441-0.558279j,19.911668
-41.155129+25.079808j,-7.284011-2.535360j,3.857441-0.558279j,19.911669
-41.155133+25.079809j,-7.284011-2.535360j,3.857441-0.558279j,19.911670
-41.155149+25.079816j,-7.284012-2.535360j,3.857441-0.558279j,19.911674
-41.155221+25.079848j,-7.284015-2.535361j,3.857443-0.558279j,19.911692
-41.155545+25.079990j,-7.284030-2.535363j,3.857450-0.558277j,19.911775
-41.157003+25.080629j,-7.284096-2.535372j,3.857483-0.558273j,19.912149
-41.163563+25.083503j,-7.284393-2.535414j,3.857633-0.558251j,19.913830
-41.193095+25.096438j,-7.285729-2.535602j,3.858307-0.558152j,19.921395
-41.326180+25.154691j,-7.291738-2.536448j,3.861335-0.557709j,19.955409
-41.928967+25.417687j,-7.318717-2.540248j,3.874934-0.555719j,20.107891
-42.807690+25.798616j,-7.357367-2.545693j,3.894412-0.552871j,20.326855
-43.699866+26.182451j,-7.395813-2.551112j,3.913785-0.550039j,20.545824
-44.605648+26.569189j,-7.434058-2.556504j,3.933054-0.547224j,20.764797
-45.525188+26.958829j,-7.472107-2.561870j,3.952222-0.544425j,20.983776
-46.458642+27.351366j,-7.509961-2.567210j,3.971290-0.541642j,21.202759
-47.406167+27.746797j,-7.547624-2.572525j,3.990259-0.538874j,21.421747
-48.402317+28.159308j,-7.586426-2.578003j,4.009798-0.536024j,21.648457
-49.413900+28.574912j,-7.625029-2.583455j,4.029236-0.533191j,21.875173
-50.441093+28.993604j,-7.663436-2.588882j,4.048573-0.530373j,22.101893
-51.484075+29.415378j,-7.701650-2.594283j,4.067810-0.527570j,22.328619
-52.543027+29.840226j,-7.739675-2.599660j,4.086950-0.524782j,22.555350
-53.618132+30.268143j,-7.777513-2.605012j,4.105993-0.522010j,22.782085
-54.749730+30.714912j,-7.816537-2.610534j,4.125632-0.519151j,23.017044
-55.899086+31.164960j,-7.855367-2.616031j,4.145170-0.516308j,23.252007
-57.066409+31.618278j,-7.894005-2.621503j,4.164610-0.513480j,23.486977
-58.251909+32.074856j,-7.932454-2.626951j,4.183952-0.510667j,23.721951
-59.455799+32.534682j,-7.970716-2.632374j,4.203199-0.507868j,23.956931
-60.678292+32.997747j,-8.008795-2.637774j,4.222351-0.505084j,24.191916
-61.964146+33.480697j,-8.048039-2.643341j,4.242088-0.502215j,24.435210
-63.270425+33.967093j,-8.087091-2.648883j,4.261726-0.499361j,24.678511
-64.350878+34.366251j,-8.118796-2.653384j,4.277668-0.497044j,24.877174
-64.350878+34.366251j,-8.118796-2.653384j,4.277668-0.497044j,24.877174
-64.350878+34.366251j,-8.118796-2.653384j,4.277668-0.497044j,24.877174
-64.350878+34.366251j,-8.118796-2.653384j,4.277668-0.497044j,24.877174
-64.350879+34.366251j,-8.118796-2.653384j,4.277668-0.497044j,24.877174
-64.350884+34.366253j,-8.118796-2.653384j,4.277668-0.497044j,24.877175
-64.350907+34.366261j,-8.118797-2.653385j,4.277668-0.497044j,24.877179
-64.351007+34.366298j,-8.118800-2.653385j,4.277670-0.497044j,24.877198
-64.351459+34.366465j,-8.118813-2.653387j,4.277676-0.497043j,24.877281
-64.353492+34.367213j,-8.118872-2.653395j,4.277706-0.497038j,24.877655
-64.362642+34.370581j,-8.119138-2.653433j,4.277840-0.497019j,24.879336
-64.403828+34.385740j,-8.120336-2.653603j,4.278442-0.496931j,24.886901
-64.589411+34.453994j,-8.125724-2.654368j,4.281152-0.496538j,24.920917
-65.429542+34.761955j,-8.149928-2.657806j,4.293321-0.494769j,25.073448
-66.822814+35.269021j,-8.189400-2.663414j,4.313165-0.491886j,25.322455
-68.238428+35.779638j,-8.228681-2.668998j,4.332911-0.489018j,25.571468
-69.676657+36.293788j,-8.267775-2.674557j,4.352562-0.486163j,25.820487
-71.137772+36.811450j,-8.306685-2.680093j,4.372118-0.483323j,26.069511
-72.622049+37.332605j,-8.345413-2.685605j,4.391580-0.480496j,26.318541
-74.129767+37.857232j,-8.383962-2.691095j,4.410951-0.477683j,26.567577
-75.661205+38.385309j,-8.422333-2.696561j,4.430232-0.474883j,26.816619
-77.275376+38.936785j,-8.461958-2.702208j,4.450140-0.471992j,27.074923
-78.915701+39.491924j,-8.501397-2.707832j,4.469954-0.469114j,27.333234
-80.582504+40.050696j,-8.540654-2.713432j,4.489674-0.466251j,27.591551
-82.276109+40.613074j,-8.579731-2.719009j,4.509302-0.463400j,27.849874
-83.996845+41.179028j,-8.618631-2.724563j,4.528840-0.460563j,28.108203
-85.745044+41.748526j,-8.657355-2.730095j,4.548288-0.457738j,28.366538
-87.521039+42.321538j,-8.695907-2.735605j,4.567648-0.454927j,28.624878
-89.395800+42.920486j,-8.735776-2.741305j,4.587668-0.452019j,28.893181
-91.301304+43.523151j,-8.775463-2.746982j,4.607595-0.449124j,29.161489
-93.237938+44.129494j,-8.814971-2.752636j,4.627431-0.446243j,29.429805
-95.206091+44.739472j,-8.854303-2.758268j,4.647177-0.443374j,29.698126
-96.264659+45.064998j,-8.875128-2.761250j,4.657631-0.441856j,29.841186
-96.264659+45.064998j,-8.875128-2.761250j,4.657631-0.441856j,29.841186
-96.264659+45.064998j,-8.875128-2.761250j,4.657631-0.441856j,29.841186
-96.264659+45.064998j,-8.875128-2.761250j,4.657631-0.441856j,29.841186
-96.264661+45.064998j,-8.875128-2.761250j,4.657631-0.441856j,29.841186
-96.264668+45.065000j,-8.875128-2.761250j,4.657631-0.441856j,29.841187
-96.264698+45.065010j,-8.875129-2.761250j,4.657631-0.441856j,29.841191
-96.264835+45.065052j,-8.875132-2.761251j,4.657632-0.441855j,29.841210
-96.265449+45.065240j,-8.875144-2.761253j,4.657638-0.441854j,29.841293
-96.268215+45.066088j,-8.875198-2.761260j,4.657666-0.441851j,29.841666
-96.280661+45.069905j,-8.875441-2.761295j,4.657788-0.441833j,29.843348
-96.336684+45.087083j,-8.876537-2.761452j,4.658338-0.441753j,29.850913
-96.589101+45.164416j,-8.881466-2.762158j,4.660812-0.441393j,29.884931
-97.731306+45.513113j,-8.903612-2.765331j,4.671929-0.439778j,30.037503
-99.836666+46.150587j,-8.943772-2.771087j,4.692087-0.436849j,30.314188
-101.976944+46.791775j,-8.983753-2.776820j,4.712154-0.433933j,30.590879
-104.152585+47.436623j,-9.023557-2.782530j,4.732131-0.431029j,30.867577
-106.364037+48.085080j,-9.063186-2.788218j,4.752019-0.428139j,31.144282
-108.611756+48.737090j,-9.102642-2.793884j,4.771819-0.425260j,31.420994
-110.896198+49.392595j,-9.141929-2.799528j,4.791532-0.422394j,31.697711
-113.217827+50.051538j,-9.181047-2.805150j,4.811159-0.419540j,31.974436
-115.658698+50.736632j,-9.221333-2.810943j,4.831371-0.416600j,32.260583
-118.140372+51.425269j,-9.261443-2.816713j,4.851494-0.413673j,32.546737
-120.663376+52.117379j,-9.301381-2.822461j,4.871529-0.410758j,32.832898
-123.228243+52.812889j,-9.341148-2.828187j,4.891477-0.407855j,33.119065
-125.835510+53.511724j,-9.380747-2.833891j,4.911340-0.404964j,33.405240
-128.485721+54.213805j,-9.420179-2.839575j,4.931118-0.402085j,33.691421
-131.179425+54.919055j,-9.459448-2.845237j,4.950813-0.399218j,33.977609
-134.017057+55.653074j,-9.499966-2.851081j,4.971133-0.396259j,34.274075
-136.902602+56.390314j,-9.540313-2.856904j,4.991367-0.393312j,34.570549
-139.201015+56.971059j,-9.571856-2.861458j,5.007184-0.391007j,34.803611
-139.201015+56.971059j,-9.571856-2.861458j,5.007184-0.391007j,34.803611
-139.201015+56.971060j,-9.571856-2.861458j,5.007184-0.391007j,34.803611
-139.201016+56.971060j,-9.571856-2.861458j,5.007184-0.391007j,34.803611
-139.201018+56.971060j,-9.571856-2.861458j,5.007184-0.391007j,34.803612
-139.201027+56.971062j,-9.571856-2.861458j,5.007184-0.391007j,34.803612
-139.201067+56.971073j,-9.571856-2.861458j,5.007185-0.391007j,34.803617
-139.201249+56.971118j,-9.571859-2.861459j,5.007186-0.391007j,34.803635
-139.202068+56.971324j,-9.571870-2.861460j,5.007191-0.391006j,34.803718
-139.205755+56.972251j,-9.571920-2.861468j,5.007217-0.391003j,34.804092
-139.222343+56.976422j,-9.572146-2.861500j,5.007330-0.390986j,34.805773
-139.297012+56.995192j,-9.573162-2.861647j,5.007839-0.390912j,34.813338
-139.633412+57.079681j,-9.577733-2.862307j,5.010131-0.390578j,34.847358
-141.155117+57.460365j,-9.598274-2.865274j,5.020431-0.389077j,34.999964
-144.222729+58.220403j,-9.639029-2.871162j,5.040867-0.386099j,35.302502
-147.342542+58.983437j,-9.679613-2.877028j,5.061215-0.383133j,35.605047
-150.515250+59.749353j,-9.720027-2.882873j,5.081478-0.380179j,35.907599
-153.741552+60.518036j,-9.760275-2.888696j,5.101656-0.377236j,36.210159
-157.022154+61.289368j,-9.800358-2.894498j,5.121750-0.374305j,36.512726
-160.357771+62.063227j,-9.840279-2.900278j,5.141762-0.371386j,36.815300
-163.749123+62.839488j,-9.880038-2.906038j,5.161692-0.368477j,37.117881
-167.196941+63.618024j,-9.919638-2.911778j,5.181542-0.365580j,37.420469
-170.831932+64.427447j,-9.960529-2.917707j,5.202037-0.362588j,37.734100
-174.529237+65.239022j,-10.001253-2.923614j,5.222448-0.359607j,38.047739
-178.289694+66.052598j,-10.041813-2.929501j,5.242776-0.356637j,38.361385
-182.114148+66.868015j,-10.082210-2.935366j,5.263021-0.353679j,38.675039
-186.003455+67.685112j,-10.122446-2.941211j,5.283185-0.350732j,38.988700
-189.958479+68.503723j,-10.162524-2.947035j,5.303269-0.347796j,39.302368
-193.980095+69.323677j,-10.202445-2.952838j,5.323273-0.344871j,39.616045
-195.907371+69.712255j,-10.221289-2.955579j,5.332715-0.343490j,39.765165
-195.907371+69.712255j,-10.221289-2.955579j,5.332715-0.343490j,39.765165
-195.907371+69.712255j,-10.221289-2.955579j,5.332715-0.343490j,39.765165
-195.907372+69.712255j,-10.221289-2.955579j,5.332715-0.343490j,39.765165
-195.907374+69.712256j,-10.221289-2.955579j,5.332715-0.343490j,39.765165
-195.907386+69.712258j,-10.221289-2.955579j,5.332715-0.343490j,39.765166
-195.907439+69.712269j,-10.221289-2.955579j,5.332716-0.343490j,39.765170
-195.907678+69.712317j,-10.221292-2.955579j,5.332717-0.343490j,39.765189
-195.908751+69.712532j,-10.221302-2.955581j,5.332722-0.343489j,39.765272
-195.913581+69.713503j,-10.221349-2.955587j,5.332746-0.343486j,39.765646
-195.935318+69.717869j,-10.221561-2.955618j,5.332851-0.343470j,39.767327
-196.033158+69.737519j,-10.222512-2.955757j,5.333328-0.343400j,39.774892
-196.473919+69.825950j,-10.226794-2.956379j,5.335474-0.343087j,39.808914
-198.467118+70.224041j,-10.246037-2.959179j,5.345116-0.341676j,39.961549
-202.809897+71.081238j,-10.287316-2.965185j,5.365799-0.338650j,40.288475
-207.228097+71.939285j,-10.328431-2.971170j,5.386399-0.335635j,40.615410
-211.722753+72.797969j,-10.369384-2.977134j,5.406917-0.332632j,40.942352
-216.294907+73.657070j,-10.410176-2.983078j,5.427353-0.329639j,41.269303
-220.945616+74.516366j,-10.450809-2.989001j,5.447710-0.326657j,41.596261
-225.675946+75.375628j,-10.491286-2.994903j,5.467987-0.323687j,41.923227
-230.486976+76.234620j,-10.531608-3.000785j,5.488186-0.320726j,42.250201
-235.379794+77.093102j,-10.571777-3.006647j,5.508307-0.317777j,42.577183
-240.528693+77.980411j,-10.613172-3.012691j,5.529043-0.314736j,42.915361
-245.767534+78.866632j,-10.654408-3.018714j,5.549697-0.311707j,43.253548
-251.097563+79.751480j,-10.695486-3.024717j,5.570272-0.308688j,43.591743
-256.520040+80.634664j,-10.736407-3.030699j,5.590767-0.305680j,43.929946
-262.036238+81.515885j,-10.777173-3.036660j,5.611185-0.302683j,44.268157
-267.647445+82.394835j,-10.817787-3.042602j,5.631525-0.299696j,44.606377
-269.637981+82.702479j,-10.831994-3.044681j,5.638640-0.298651j,44.725626
-269.637981+82.702479j,-10.831994-3.044681j,5.638640-0.298651j,44.725626
-269.637981+82.702479j,-10.831994-3.044681j,5.638640-0.298651j,44.725626
-269.637981+82.702479j,-10.831994-3.044681j,5.638640-0.298651j,44.725626
-269.637985+82.702480j,-10.831994-3.044681j,5.638640-0.298651j,44.725626
-269.638000+82.702482j,-10.831994-3.044681j,5.638640-0.298651j,44.725627
-269.638069+82.702493j,-10.831994-3.044681j,5.638640-0.298651j,44.725631
-269.638377+82.702540j,-10.831996-3.044682j,5.638641-0.298650j,44.725650
-269.639763+82.702754j,-10.832006-3.044683j,5.638646-0.298650j,44.725733
-269.646001+82.703714j,-10.832051-3.044690j,5.638669-0.298646j,44.726106
-269.674073+82.708037j,-10.832250-3.044719j,5.638769-0.298632j,44.727788
-269.800428+82.727491j,-10.833148-3.044850j,5.639218-0.298566j,44.735353
-270.369614+82.815014j,-10.837190-3.045442j,5.641242-0.298268j,44.769376
-272.942931+83.208526j,-10.855356-3.048101j,5.650340-0.296932j,44.922037
-278.948087+84.113080j,-10.897104-3.054213j,5.671247-0.293860j,45.272143
-285.059275+85.014184j,-10.938694-3.060305j,5.692075-0.290799j,45.622258
-291.277988+85.911465j,-10.980128-3.066376j,5.712823-0.287749j,45.972382
-297.605731+86.804543j,-11.021406-3.072427j,5.733493-0.284709j,46.322514
-304.044032+87.693029j,-11.062531-3.078458j,5.754086-0.281680j,46.672654
-310.594430+88.576526j,-11.103505-3.084469j,5.774602-0.278661j,47.022804
-317.258486+89.454625j,-11.144329-3.090461j,5.795043-0.275652j,47.372961
-324.037774+90.326911j,-11.185004-3.096433j,5.815409-0.272654j,47.723127
-330.933889+91.192959j,-11.225534-3.102385j,5.835701-0.269665j,48.073301
-338.210908+92.084072j,-11.267413-3.108538j,5.856669-0.266576j,48.436360
-345.617130+92.967512j,-11.309138-3.114671j,5.877559-0.263498j,48.799427
-353.154392+93.842770j,-11.350711-3.120784j,5.898372-0.260430j,49.162504
-360.824553+94.709328j,-11.392133-3.126877j,5.919109-0.257372j,49.525590
-364.224370+95.085780j,-11.410218-3.129538j,5.928163-0.256037j,49.685291
-364.224370+95.085780j,-11.410218-3.129538j,5.928163-0.256037j,49.685291
-364.224370+95.085780j,-11.410218-3.129538j,5.928163-0.256037j,49.685291
-364.224371+95.085781j,-11.410218-3.129538j,5.928163-0.256037j,49.685291
-364.224375+95.085781j,-11.410218-3.129538j,5.928163-0.256037j,49.685291
-364.224395+95.085783j,-11.410218-3.129538j,5.928163-0.256037j,49.685292
-364.224482+95.085793j,-11.410218-3.129538j,5.928163-0.256037j,49.685296
-364.224875+95.085836j,-11.410220-3.129539j,5.928164-0.256037j,49.685314
-364.226643+95.086031j,-11.410230-3.129540j,5.928169-0.256036j,49.685397
-364.234598+95.086906j,-11.410272-3.129546j,5.928190-0.256033j,49.685771
-364.270400+95.090845j,-11.410461-3.129574j,5.928285-0.256019j,49.687453
-364.431545+95.108570j,-11.411314-3.129700j,5.928712-0.255956j,49.695018
-365.157411+95.188281j,-11.415152-3.130264j,5.930633-0.255673j,49.729042
-368.438367+95.545953j,-11.432405-3.132803j,5.939270-0.254399j,49.881725
-376.580534+96.415203j,-11.474579-3.139012j,5.960383-0.251284j,50.253991
-384.868450+97.273593j,-11.516599-3.145199j,5.981418-0.248179j,50.626267
-393.304212+98.120513j,-11.558468-3.151367j,6.002377-0.245085j,50.998552
-401.889938+98.955338j,-11.600187-3.157515j,6.023260-0.242002j,51.370845
-410.627773+99.777429j,-11.641757-3.163644j,6.044068-0.238928j,51.743148
-419.519886+100.586136j,-11.683180-3.169752j,6.064802-0.235864j,52.115460
-428.568471+101.380791j,-11.724457-3.175842j,6.085463-0.232811j,52.487781
-437.775744+102.160714j,-11.765591-3.181912j,6.106052-0.229767j,52.860110
-447.143950+102.925209j,-11.806582-3.187964j,6.126569-0.226733j,53.232449
-457.014886+103.699683j,-11.848873-3.194209j,6.147735-0.223602j,53.617826
-467.063296+104.456053j,-11.891013-3.200435j,6.168827-0.220481j,54.003214
-477.291759+105.193496j,-11.933006-3.206641j,6.189844-0.217370j,54.388610
-484.152861+105.670146j,-11.960683-3.210732j,6.203696-0.215319j,54.644115
