-0.535117-0.674568j,0.313718+0.869171j,0.313718+0.869171j,0.000000
-0.535117-0.674568j,0.313726+0.869174j,0.313711+0.869167j,0.000000
-0.535117-0.674568j,0.313720+0.869172j,0.313716+0.869170j,0.000000
-0.535117-0.674568j,0.313680+0.869152j,0.313757+0.869189j,0.000000
-0.535117-0.674568j,0.313680+0.869152j,0.313757+0.869190j,0.000000
-0.535117-0.674568j,0.313679+0.869152j,0.313757+0.869190j,0.000000
-0.535117-0.674568j,0.313679+0.869152j,0.313757+0.869190j,0.000000
-0.535117-0.674568j,0.313679+0.869152j,0.313757+0.869190j,0.000000
-0.535117-0.674568j,0.313679+0.869152j,0.313758+0.869190j,0.000000
-0.535117-0.674568j,0.313679+0.869152j,0.313758+0.869190j,0.000000
-0.535117-0.674568j,0.313678+0.869151j,0.313758+0.869190j,0.000000
-0.535117-0.674568j,0.313678+0.869151j,0.313758+0.869190j,0.000000
-0.535117-0.674568j,0.313717+0.869174j,0.313720+0.869167j,0.000000
-0.535117-0.674568j,0.313739+0.869181j,0.313697+0.869161j,0.000000
-0.535117-0.674568j,0.313738+0.869180j,0.313698+0.869161j,0.000000
-0.535117-0.674568j,0.313737+0.869179j,0.313700+0.869162j,0.000000
-0.535117-0.674568j,0.313735+0.869178j,0.313702+0.869163j,0.000000
-0.535117-0.674568j,0.313732+0.869177j,0.313704+0.869164j,0.000000
-0.535117-0.674568j,0.313729+0.869175j,0.313708+0.869166j,0.000000
-0.535117-0.674568j,0.313724+0.869168j,0.313712+0.869173j,0.000000
-0.535117-0.674568j,0.313729+0.869162j,0.313707+0.869180j,0.000000
-0.535117-0.674568j,0.313732+0.869160j,0.313705+0.869181j,0.000000
-0.535117-0.674568j,0.313733+0.869147j,0.313704+0.869194j,0.000000
-0.535117-0.674568j,0.313735+0.869147j,0.313702+0.869194j,0.000000
-0.535117-0.674568j,0.313737+0.869148j,0.313700+0.869194j,0.000000
-0.535117-0.674568j,0.313738+0.869147j,0.313698+0.869194j,0.000000
-0.535117-0.674568j,0.313740+0.869147j,0.313697+0.869194j,0.000000
-0.535117-0.674568j,0.313741+0.869147j,0.313695+0.869194j,0.000000
-0.535117-0.674568j,0.313743+0.869147j,0.313694+0.869195j,0.000000
-0.535117-0.674568j,0.313744+0.869147j,0.313693+0.869195j,0.000000
-0.535117-0.674568j,0.313745+0.869146j,0.313691+0.869195j,0.000000
-0.535117-0.674568j,0.313746+0.869146j,0.313690+0.869196j,0.000000
-0.535117-0.674568j,0.313747+0.869145j,0.313689+0.869196j,0.000000
-0.535117-0.674568j,0.313748+0.869145j,0.313688+0.869196j,0.000000
-0.535117-0.674568j,0.313749+0.869145j,0.313687+0.869197j,0.000000
-0.535117-0.674568j,0.313750+0.869144j,0.313686+0.869197j,0.000000
-0.535117-0.674568j,0.313751+0.869144j,0.313685+0.869198j,0.000000
-0.535117-0.674568j,0.313752+0.869143j,0.313684+0.869198j,0.000000
-0.535117-0.674568j,0.313753+0.869143j,0.313683+0.869199j,0.000000
-0.535117-0.674568j,0.313754+0.869142j,0.313682+0.869199j,0.000000
-0.535117-0.674568j,0.313755+0.869142j,0.313682+0.869199j,0.000000
-0.535117-0.674568j,0.313756+0.869142j,0.313681+0.869200j,0.000000
-0.535117-0.674568j,0.313756+0.869141j,0.313680+0.869200j,0.000000
-0.535117-0.674568j,0.313757+0.869141j,0.313679+0.869200j,0.000000
-0.535117-0.674568j,0.313758+0.869141j,0.313679+0.869201j,0.000000
-0.535117-0.674568j,0.313758+0.869140j,0.313678+0.869201j,0.000000
-0.535117-0.674568j,0.313759+0.869140j,0.313677+0.869202j,0.000000
-0.535117-0.674568j,0.313760+0.869140j,0.313677+0.869202j,0.000000
-0.535117-0.674568j,0.313760+0.869139j,0.313676+0.869202j,0.000000
-0.535117-0.674568j,0.313761+0.869139j,0.313675+0.869203j,0.000000
-0.535117-0.674568j,0.313762+0.869139j,0.313675+0.869203j,0.000000
-0.535117-0.674568j,0.313762+0.869138j,0.313674+0.869203j,0.000000
-0.535117-0.674568j,0.313763+0.869138j,0.313674+0.869204j,0.000000
-0.535117-0.674568j,0.313763+0.869138j,0.313673+0.869204j,0.000000
-0.535117-0.674568j,0.313764+0.869137j,0.313673+0.869204j,0.000000
-0.535117-0.674568j,0.313764+0.869137j,0.313672+0.869204j,0.000000
-0.535117-0.674568j,0.313765+0.869137j,0.313672+0.869205j,0.000000
-0.535117-0.674568j,0.313765+0.869136j,0.313671+0.869205j,0.000000
-0.535117-0.674568j,0.313766+0.869136j,0.313671+0.869205j,0.000000
-0.535117-0.674568j,0.313766+0.869136j,0.313670+0.869206j,0.000000
-0.535117-0.674568j,0.313767+0.869136j,0.313670+0.869206j,0.000000
-0.535117-0.674568j,0.313767+0.869135j,0.313669+0.869206j,0.000000
-0.535117-0.674568j,0.313768+0.869135j,0.313669+0.869206j,0.000000
-0.535117-0.674568j,0.313768+0.869135j,0.313668+0.869207j,0.000000
-0.535117-0.674568j,0.313768+0.869135j,0.313668+0.869207j,0.000000
-0.535117-0.674568j,0.313769+0.869134j,0.313668+0.869207j,0.000000
-0.535117-0.674568j,0.313769+0.869134j,0.313667+0.869207j,0.000000
-0.535117-0.674568j,0.313770+0.869134j,0.313667+0.869208j,0.000000
-0.535117-0.674568j,0.313770+0.869134j,0.313666+0.869208j,0.000000
-0.535117-0.674568j,0.313770+0.869133j,0.313666+0.869208j,0.000000
-0.535117-0.674568j,0.313771+0.869133j,0.313666+0.869208j,0.000000
-0.535117-0.674568j,0.313771+0.869133j,0.313665+0.869209j,0.000000
-0.535117-0.674568j,0.313772+0.869133j,0.313665+0.869209j,0.000000
-0.535117-0.674568j,0.313772+0.869132j,0.313664+0.869209j,0.000000
-0.535117-0.674568j,0.313772+0.869132j,0.313664+0.869209j,0.000000
-0.535117-0.674568j,0.313773+0.869132j,0.313664+0.869209j,0.000000
-0.535117-0.674568j,0.313773+0.869132j,0.313663+0.869210j,0.000000
-0.535117-0.674568j,0.313773+0.869132j,0.313663+0.869210j,0.000000
-0.535117-0.674568j,0.313774+0.869131j,0.313663+0.869210j,0.000000
-0.535117-0.674568j,0.313774+0.869131j,0.313662+0.869210j,0.000000
-0.535117-0.674568j,0.313775+0.869131j,0.313662+0.869211j,0.000000
-0.535117-0.674568j,0.313775+0.869131j,0.313662+0.869211j,0.000000
-0.535117-0.674568j,0.313775+0.869130j,0.313661+0.869211j,0.000000
-0.535117-0.674568j,0.313776+0.869130j,0.313661+0.869211j,0.000000
-0.535117-0.674568j,0.313776+0.869130j,0.313661+0.869211j,0.000000
-0.535117-0.674568j,0.313776+0.869130j,0.313660+0.869212j,0.000000
-0.535117-0.674568j,0.313777+0.869130j,0.313660+0.869212j,0.000000
-0.535117-0.674568j,0.313777+0.869129j,0.313660+0.869212j,0.000000
-0.535117-0.674568j,0.313777+0.869129j,0.313659+0.869212j,0.000000
-0.535117-0.674568j,0.313777+0.869129j,0.313659+0.869212j,0.000000
-0.535117-0.674568j,0.313778+0.869129j,0.313659+0.869213j,0.000000
-0.535117-0.674568j,0.313778+0.869129j,0.313658+0.869213j,0.000000
-0.535117-0.674568j,0.313778+0.869128j,0.313658+0.869213j,0.000000
-0.535117-0.674568j,0.313779+0.869128j,0.313658+0.869213j,0.000000
-0.535117-0.674568j,0.313779+0.869128j,0.313657+0.869213j,0.000000
-0.535117-0.674568j,0.313779+0.869128j,0.313657+0.869214j,0.000000
-0.535117-0.674568j,0.313780+0.869128j,0.313657+0.869214j,0.000000
-0.535117-0.674568j,0.313780+0.869128j,0.313657+0.869214j,0.000000
-0.535117-0.674568j,0.313780+0.869127j,0.313656+0.869214j,0.000000
-0.535117-0.674568j,0.313780+0.869127j,0.313656+0.869214j,0.000000
-0.535117-0.674568j,0.313781+0.869127j,0.313656+0.869214j,0.000000
-0.535117-0.674568j,0.313781+0.869127j,0.313655+0.869215j,0.000000
-0.535117-0.674568j,0.313781+0.869127j,0.313655+0.869215j,0.000000
-0.535117-0.674568j,0.313781+0.869127j,0.313655+0.869215j,0.000000
-0.535117-0.674568j,0.313782+0.869126j,0.313655+0.869215j,0.000000
-0.535117-0.674568j,0.313782+0.869126j,0.313654+0.869215j,0.000000
-0.535117-0.674568j,0.313782+0.869126j,0.313654+0.869215j,0.000000
-0.535117-0.674568j,0.313783+0.869126j,0.313654+0.869216j,0.000000
-0.535117-0.674568j,0.313783+0.869126j,0.313654+0.869216j,0.000000
-0.535117-0.674568j,0.313783+0.869126j,0.313653+0.869216j,0.000000
-0.535117-0.674568j,0.313783+0.869125j,0.313653+0.869216j,0.000000
-0.535117-0.674568j,0.313784+0.869125j,0.313653+0.869216j,0.000000
-0.535117-0.674568j,0.313784+0.869125j,0.313653+0.869216j,0.000000
-0.535117-0.674568j,0.313784+0.869125j,0.313652+0.869217j,0.000000
-0.535117-0.674568j,0.313784+0.869125j,0.313652+0.869217j,0.000000
-0.535117-0.674568j,0.313785+0.869125j,0.313652+0.869217j,0.000000
-0.535117-0.674568j,0.313785+0.869124j,0.313652+0.869217j,0.000000
-0.535117-0.674568j,0.313785+0.869124j,0.313651+0.869217j,0.000000
-0.535117-0.674568j,0.313785+0.869124j,0.313651+0.869217j,0.000000
-0.535117-0.674568j,0.313786+0.869124j,0.313651+0.869218j,0.000000
-0.535117-0.674568j,0.313786+0.869124j,0.313651+0.869218j,0.000000
-0.535117-0.674568j,0.313786+0.869124j,0.313650+0.869218j,0.000000
-0.535117-0.674568j,0.313786+0.869123j,0.313650+0.869218j,0.000000
-0.535117-0.674568j,0.313787+0.869123j,0.313650+0.869218j,0.000000
-0.535117-0.674568j,0.313787+0.869123j,0.313650+0.869218j,0.000000
-0.535117-0.674568j,0.313787+0.869123j,0.313649+0.869218j,0.000000
-0.535117-0.674568j,0.313787+0.869123j,0.313649+0.869219j,0.000000
-0.535117-0.674568j,0.313787+0.869123j,0.313649+0.869219j,0.000000
-0.535117-0.674568j,0.313788+0.869123j,0.313649+0.869219j,0.000000
-0.535117-0.674568j,0.313788+0.869122j,0.313649+0.869219j,0.000000
-0.535117-0.674568j,0.313788+0.869122j,0.313648+0.869219j,0.000000
-0.535117-0.674568j,0.313788+0.869122j,0.313648+0.869219j,0.000000
-0.535117-0.674568j,0.313789+0.869122j,0.313648+0.869219j,0.000000
-0.535117-0.674568j,0.313789+0.869122j,0.313648+0.869220j,0.000000
-0.535117-0.674568j,0.313789+0.869122j,0.313647+0.869220j,0.000000
-0.535117-0.674568j,0.313789+0.869122j,0.313647+0.869220j,0.000000
-0.535117-0.674568j,0.313789+0.869121j,0.313647+0.869220j,0.000000
-0.535117-0.674568j,0.313790+0.869121j,0.313647+0.869220j,0.000000
-0.535117-0.674568j,0.313790+0.869121j,0.313647+0.869220j,0.000000
-0.535117-0.674568j,0.313790+0.869121j,0.313646+0.869220j,0.000000
-0.535117-0.674568j,0.313790+0.869121j,0.313646+0.869221j,0.000000
-0.535117-0.674568j,0.313790+0.869121j,0.313646+0.869221j,0.000000
-0.535117-0.674568j,0.313791+0.869121j,0.313646+0.869221j,0.000000
-0.535117-0.674568j,0.313791+0.869120j,0.313646+0.869221j,0.000000
-0.535117-0.674568j,0.313791+0.869120j,0.313645+0.869221j,0.000000
-0.535117-0.674568j,0.313791+0.869120j,0.313645+0.869221j,0.000000
-0.535117-0.674568j,0.313791+0.869120j,0.313645+0.869221j,0.000000
-0.535117-0.674568j,0.313792+0.869120j,0.313645+0.869221j,0.000000
-0.535117-0.674568j,0.313792+0.869120j,0.313644+0.869222j,0.000000
-0.535117-0.674568j,0.313792+0.869120j,0.313644+0.869222j,0.000000
-0.535117-0.674568j,0.313792+0.869120j,0.313644+0.869222j,0.000000
-0.535117-0.674568j,0.313792+0.869119j,0.313644+0.869222j,0.000000
-0.535117-0.674568j,0.313793+0.869119j,0.313644+0.869222j,0.000000
-0.535117-0.674568j,0.313793+0.869119j,0.313643+0.869222j,0.000000
-0.535117-0.674568j,0.313793+0.869119j,0.313643+0.869222j,0.000000
-0.535117-0.674568j,0.313793+0.869119j,0.313643+0.869223j,0.000000
-0.535117-0.674568j,0.313793+0.869119j,0.313643+0.869223j,0.000000
-0.535117-0.674568j,0.313794+0.869119j,0.313643+0.869223j,0.000000
-0.535117-0.674568j,0.313794+0.869119j,0.313643+0.869223j,0.000000
-0.535117-0.674568j,0.313794+0.869118j,0.313642+0.869223j,0.000000
-0.535117-0.674568j,0.313794+0.869118j,0.313642+0.869223j,0.000000
-0.535117-0.674568j,0.313794+0.869118j,0.313642+0.869223j,0.000000
-0.535117-0.674568j,0.313795+0.869118j,0.313642+0.869223j,0.000000
-0.535117-0.674568j,0.313795+0.869118j,0.313642+0.869223j,0.000000
-0.535117-0.674568j,0.313795+0.869118j,0.313641+0.869224j,0.000000
-0.535117-0.674568j,0.313795+0.869118j,0.313641+0.869224j,0.000000
-0.535117-0.674568j,0.313795+0.869118j,0.313641+0.869224j,0.000000
-0.535117-0.674568j,0.313796+0.869117j,0.313641+0.869224j,0.000000
-0.535117-0.674568j,0.313796+0.869117j,0.313641+0.869224j,0.000000
-0.535117-0.674568j,0.313796+0.869117j,0.313641+0.869224j,0.000000
-0.535117-0.674568j,0.313796+0.869117j,0.313640+0.869224j,0.000000
-0.535117-0.674568j,0.313796+0.869117j,0.313640+0.869224j,0.000000
-0.535117-0.674568j,0.313796+0.869117j,0.313640+0.869225j,0.000000
-0.535117-0.674568j,0.313797+0.869117j,0.313640+0.869225j,0.000000
-0.535117-0.674568j,0.313797+0.869117j,0.313640+0.869225j,0.000000
-0.535117-0.674568j,0.313797+0.869117j,0.313639+0.869225j,0.000000
-0.535117-0.674568j,0.313797+0.869116j,0.313639+0.869225j,0.000000
-0.535117-0.674568j,0.313797+0.869116j,0.313639+0.869225j,0.000000
-0.535117-0.674568j,0.313797+0.869116j,0.313639+0.869225j,0.000000
-0.535117-0.674568j,0.313798+0.869116j,0.313639+0.869225j,0.000000
-0.535117-0.674568j,0.313798+0.869116j,0.313639+0.869225j,0.000000
-0.535117-0.674568j,0.313798+0.869116j,0.313638+0.869226j,0.000000
-0.535117-0.674568j,0.313798+0.869116j,0.313638+0.869226j,0.000000
-0.535117-0.674568j,0.313798+0.869116j,0.313638+0.869226j,0.000000
-0.535117-0.674568j,0.313798+0.869116j,0.313638+0.869226j,0.000000
-0.535117-0.674568j,0.313799+0.869115j,0.313638+0.869226j,0.000000
-0.535117-0.674568j,0.313799+0.869115j,0.313638+0.869226j,0.000000
-0.535117-0.674568j,0.313799+0.869115j,0.313637+0.869226j,0.000000
-0.535117-0.674568j,0.313799+0.869115j,0.313637+0.869226j,0.000000
-0.535117-0.674568j,0.313799+0.869115j,0.313637+0.869226j,0.000000
-0.535117-0.674568j,0.313799+0.869115j,0.313637+0.869227j,0.000000
-0.535117-0.674568j,0.313800+0.869115j,0.313637+0.869227j,0.000000
-0.535117-0.674568j,0.313800+0.869115j,0.313637+0.869227j,0.000000
-0.535117-0.674568j,0.313800+0.869115j,0.313636+0.869227j,0.000000
-0.535117-0.674568j,0.313800+0.869114j,0.313636+0.869227j,0.000000
-0.535117-0.674568j,0.313800+0.869114j,0.313636+0.869227j,0.000000
-0.535117-0.674568j,0.313800+0.869114j,0.313636+0.869227j,0.000000
-0.535117-0.674568j,0.313801+0.869114j,0.313636+0.869227j,0.000000
-0.535117-0.674568j,0.313801+0.869114j,0.313636+0.869227j,0.000000
-0.535117-0.674568j,0.313801+0.869114j,0.313635+0.869228j,0.000000
-0.535117-0.674568j,0.313801+0.869114j,0.313635+0.869228j,0.000000
-0.535117-0.674568j,0.313801+0.869114j,0.313635+0.869228j,0.000000
-0.535117-0.674568j,0.313801+0.869114j,0.313635+0.869228j,0.000000
-0.535117-0.674568j,0.313813+0.869106j,0.313623+0.869236j,0.000000
-0.535117-0.674568j,0.313823+0.869099j,0.313613+0.869242j,0.000000
-0.535117-0.674568j,0.313835+0.869091j,0.313601+0.869250j,0.000000
-0.535117-0.674568j,0.313848+0.869083j,0.313588+0.869259j,0.000000
-0.535117-0.674568j,0.313862+0.869073j,0.313575+0.869268j,0.000000
-0.535117-0.674568j,0.313877+0.869063j,0.313559+0.869278j,0.000000
-0.535117-0.674568j,0.313893+0.869052j,0.313543+0.869289j,0.000000
-0.535117-0.674568j,0.313911+0.869040j,0.313525+0.869302j,0.000000
-0.535117-0.674568j,0.313931+0.869027j,0.313506+0.869315j,0.000000
-0.535117-0.674568j,0.313952+0.869013j,0.313485+0.869329j,0.000000
-0.535117-0.674568j,0.313975+0.868997j,0.313462+0.869344j,0.000000
-0.535117-0.674568j,0.313999+0.868980j,0.313437+0.869361j,0.000000
-0.535117-0.674568j,0.314026+0.868962j,0.313410+0.869379j,0.000000
-0.535117-0.674568j,0.314055+0.868943j,0.313381+0.869399j,0.000000
-0.535117-0.674568j,0.314086+0.868922j,0.313350+0.869420j,0.000000
-0.535117-0.674568j,0.314120+0.868899j,0.313317+0.869442j,0.000000
-0.535117-0.674568j,0.314156+0.868875j,0.313281+0.869467j,0.000000
-0.535117-0.674568j,0.314195+0.868848j,0.313242+0.869493j,0.000000
-0.535117-0.674567j,0.314236+0.868820j,0.313200+0.869521j,0.000000
-0.535117-0.674567j,0.314281+0.868790j,0.313156+0.869551j,0.000000
-0.535117-0.674567j,0.314329+0.868757j,0.313108+0.869584j,0.000000
-0.535117-0.674567j,0.314380+0.868723j,0.313056+0.869618j,0.000000
-0.535117-0.674567j,0.314435+0.868685j,0.313001+0.869656j,0.000000
-0.535117-0.674567j,0.314494+0.868646j,0.312942+0.869695j,0.000000
-0.535117-0.674567j,0.314557+0.868603j,0.312880+0.869738j,0.000000
-0.535117-0.674567j,0.314624+0.868558j,0.312813+0.869783j,0.000000
-0.535117-0.674566j,0.314696+0.868509j,0.312741+0.869831j,0.000000
-0.535117-0.674566j,0.314772+0.868457j,0.312665+0.869883j,0.000000
-0.535117-0.674566j,0.314854+0.868402j,0.312584+0.869938j,0.000000
-0.535117-0.674565j,0.314940+0.868344j,0.312497+0.869996j,0.000000
-0.535117-0.674565j,0.315032+0.868282j,0.312405+0.870058j,0.000000
-0.535117-0.674565j,0.315130+0.868215j,0.312308+0.870124j,0.000000
-0.535117-0.674564j,0.315234+0.868145j,0.312204+0.870194j,0.000000
-0.535117-0.674564j,0.315344+0.868071j,0.312094+0.870268j,0.000000
-0.535117-0.674563j,0.315460+0.867992j,0.311978+0.870347j,0.000000
-0.535116-0.674562j,0.315584+0.867908j,0.311854+0.870431j,0.000000
-0.535116-0.674561j,0.315715+0.867819j,0.311724+0.870519j,0.000000
-0.535116-0.674560j,0.315853+0.867725j,0.311586+0.870612j,0.000000
-0.535116-0.674559j,0.316000+0.867626j,0.311440+0.870711j,0.000000
-0.535116-0.674558j,0.316155+0.867521j,0.311285+0.870815j,0.000000
-0.535116-0.674557j,0.316318+0.867410j,0.311122+0.870925j,0.000000
-0.535116-0.674555j,0.316490+0.867294j,0.310951+0.871041j,0.000000
-0.535116-0.674554j,0.316672+0.867170j,0.310769+0.871163j,0.000000
-0.535116-0.674552j,0.316864+0.867041j,0.310579+0.871292j,0.000000
-0.535115-0.674550j,0.317066+0.866904j,0.310378+0.871428j,0.000000
-0.535115-0.674547j,0.317278+0.866760j,0.310166+0.871570j,0.000000
-0.535115-0.674545j,0.317501+0.866608j,0.309944+0.871720j,0.000000
-0.535115-0.674542j,0.317736+0.866449j,0.309710+0.871878j,0.000000
-0.535115-0.674538j,0.317983+0.866282j,0.309465+0.872043j,0.000000
-0.535114-0.674535j,0.318242+0.866106j,0.309207+0.872217j,0.000000
-0.535114-0.674530j,0.318514+0.865921j,0.308937+0.872399j,0.000000
-0.535114-0.674526j,0.318799+0.865728j,0.308653+0.872590j,0.000000
-0.535113-0.674521j,0.319097+0.865525j,0.308356+0.872790j,0.000000
-0.535113-0.674515j,0.319410+0.865312j,0.308045+0.873000j,0.000001
-0.535112-0.674509j,0.319738+0.865090j,0.307720+0.873219j,0.000001
-0.535112-0.674502j,0.320081+0.864857j,0.307380+0.873448j,0.000001
-0.535111-0.674494j,0.320440+0.864613j,0.307024+0.873688j,0.000001
-0.535111-0.674486j,0.320814+0.864358j,0.306652+0.873938j,0.000001
-0.535110-0.674477j,0.321206+0.864092j,0.306264+0.874199j,0.000001
-0.535109-0.674466j,0.321615+0.863814j,0.305859+0.874471j,0.000002
-0.535108-0.674455j,0.322041+0.863524j,0.305436+0.874755j,0.000002
-0.535107-0.674443j,0.322486+0.863221j,0.304996+0.875051j,0.000002
-0.535106-0.674429j,0.322950+0.862905j,0.304537+0.875359j,0.000002
-0.535105-0.674414j,0.323433+0.862576j,0.304059+0.875680j,0.000003
-0.535104-0.674398j,0.323937+0.862233j,0.303562+0.876014j,0.000003
-0.535103-0.674380j,0.324460+0.861876j,0.303045+0.876361j,0.000004
-0.535101-0.674361j,0.325005+0.861505j,0.302507+0.876722j,0.000004
-0.535100-0.674340j,0.325572+0.861118j,0.301949+0.877096j,0.000005
-0.535098-0.674317j,0.326160+0.860717j,0.301368+0.877485j,0.000006
-0.535096-0.674292j,0.326772+0.860299j,0.300766+0.877888j,0.000007
-0.535094-0.674264j,0.327407+0.859866j,0.300141+0.878307j,0.000008
-0.535091-0.674234j,0.328066+0.859416j,0.299494+0.878740j,0.000009
-0.535089-0.674202j,0.328749+0.858949j,0.298822+0.879189j,0.000011
-0.535086-0.674167j,0.329457+0.858465j,0.298127+0.879654j,0.000012
-0.535083-0.674129j,0.330191+0.857962j,0.297407+0.880135j,0.000014
-0.535080-0.674087j,0.330952+0.857442j,0.296662+0.880632j,0.000016
-0.535077-0.674043j,0.331739+0.856903j,0.295891+0.881146j,0.000018
-0.535073-0.673995j,0.332553+0.856345j,0.295094+0.881677j,0.000021
-0.535069-0.673942j,0.333396+0.855768j,0.294271+0.882226j,0.000023
-0.535065-0.673886j,0.334267+0.855171j,0.293421+0.882792j,0.000027
-0.535060-0.673826j,0.335167+0.854553j,0.292543+0.883375j,0.000030
-0.535055-0.673760j,0.336096+0.853915j,0.291638+0.883977j,0.000034
-0.535050-0.673690j,0.337056+0.853256j,0.290704+0.884598j,0.000039
-0.535044-0.673615j,0.338047+0.852575j,0.289741+0.885237j,0.000044
-0.535038-0.673534j,0.339069+0.851872j,0.288749+0.885894j,0.000050
-0.535031-0.673447j,0.340123+0.851146j,0.287727+0.886571j,0.000056
-0.535024-0.673353j,0.341209+0.850398j,0.286675+0.887267j,0.000063
-0.535016-0.673253j,0.342329+0.849627j,0.285593+0.887983j,0.000071
-0.535008-0.673146j,0.343482+0.848832j,0.284479+0.888719j,0.000080
-0.534999-0.673032j,0.344669+0.848013j,0.283334+0.889474j,0.000090
-0.534990-0.672910j,0.345891+0.847169j,0.282158+0.890250j,0.000101
-0.534979-0.672779j,0.347148+0.846301j,0.280949+0.891045j,0.000113
-0.534969-0.672640j,0.348441+0.845407j,0.279707+0.891862j,0.000127
-0.534957-0.672491j,0.349770+0.844487j,0.278433+0.892699j,0.000142
-0.534945-0.672333j,0.351137+0.843541j,0.277126+0.893557j,0.000158
-0.534932-0.672164j,0.352540+0.842569j,0.275784+0.894435j,0.000177
-0.534918-0.671985j,0.353982+0.841569j,0.274409+0.895335j,0.000197
-0.534903-0.671794j,0.355462+0.840542j,0.273000+0.896256j,0.000219
-0.534887-0.671592j,0.356982+0.839488j,0.271556+0.897198j,0.000243
-0.534870-0.671377j,0.358540+0.838404j,0.270077+0.898162j,0.000270
-0.534852-0.671149j,0.360139+0.837293j,0.268562+0.899147j,0.000299
-0.534833-0.670907j,0.361779+0.836152j,0.267013+0.900154j,0.000332
-0.534812-0.670651j,0.363460+0.834981j,0.265427+0.901182j,0.000367
-0.534791-0.670380j,0.365183+0.833780j,0.263805+0.902232j,0.000406
-0.534768-0.670094j,0.366948+0.832549j,0.262147+0.903304j,0.000448
-0.534744-0.669791j,0.368756+0.831287j,0.260452+0.904397j,0.000495
-0.534718-0.669471j,0.370607+0.829994j,0.258720+0.905513j,0.000545
-0.534691-0.669133j,0.372503+0.828669j,0.256951+0.906650j,0.000600
-0.534662-0.668776j,0.374443+0.827313j,0.255144+0.907809j,0.000661
-0.534632-0.668400j,0.376428+0.825923j,0.253300+0.908989j,0.000726
-0.534599-0.668004j,0.378458+0.824501j,0.251418+0.910192j,0.000797
-0.534565-0.667587j,0.380535+0.823045j,0.249498+0.911416j,0.000875
-0.534529-0.667148j,0.382658+0.821555j,0.247539+0.912662j,0.000959
-0.534491-0.666686j,0.384829+0.820031j,0.245542+0.913929j,0.001050
-0.534451-0.666201j,0.387048+0.818472j,0.243507+0.915218j,0.001148
-0.534408-0.665690j,0.389315+0.816879j,0.241432+0.916528j,0.001255
-0.534363-0.665155j,0.391631+0.815250j,0.239318+0.917860j,0.001371
-0.534316-0.664592j,0.393997+0.813584j,0.237165+0.919213j,0.001496
-0.534265-0.664002j,0.396413+0.811883j,0.234973+0.920587j,0.001631
-0.534213-0.663384j,0.398880+0.810145j,0.232741+0.921982j,0.001777
-0.534157-0.662736j,0.401398+0.808369j,0.230469+0.923398j,0.001935
-0.534098-0.662058j,0.403968+0.806556j,0.228158+0.924835j,0.002104
-0.534036-0.661347j,0.406590+0.804705j,0.225806+0.926292j,0.002287
-0.533971-0.660604j,0.409266+0.802816j,0.223415+0.927769j,0.002484
-0.533902-0.659827j,0.411996+0.800888j,0.220983+0.929266j,0.002695
-0.533830-0.659015j,0.414780+0.798920j,0.218511+0.930784j,0.002923
-0.533754-0.658167j,0.417619+0.796913j,0.215998+0.932321j,0.003167
-0.533673-0.657281j,0.420514+0.794866j,0.213445+0.933877j,0.003429
-0.533589-0.656356j,0.423466+0.792778j,0.210851+0.935453j,0.003710
-0.533500-0.655392j,0.426474+0.790650j,0.208217+0.937047j,0.004011
-0.533406-0.654387j,0.429541+0.788480j,0.205542+0.938660j,0.004334
-0.533308-0.653339j,0.432665+0.786269j,0.202826+0.940291j,0.004679
-0.533204-0.652247j,0.435849+0.784016j,0.200069+0.941940j,0.005048
-0.533095-0.651111j,0.439093+0.781721j,0.197271+0.943607j,0.005443
-0.532981-0.649928j,0.442397+0.779383j,0.194432+0.945291j,0.005865
-0.532860-0.648698j,0.445763+0.777002j,0.191553+0.946992j,0.006315
-0.532733-0.647419j,0.449191+0.774578j,0.188632+0.948709j,0.006795
-0.532600-0.646090j,0.452681+0.772110j,0.185670+0.950443j,0.007308
-0.532460-0.644709j,0.456236+0.769598j,0.182668+0.952192j,0.007854
-0.532312-0.643275j,0.459854+0.767043j,0.179624+0.953957j,0.008435
-0.532157-0.641786j,0.463538+0.764442j,0.176539+0.955736j,0.009054
-0.531994-0.640242j,0.467288+0.761797j,0.173414+0.957530j,0.009713
-0.531823-0.638640j,0.471105+0.759107j,0.170247+0.959337j,0.010413
-0.531643-0.636980j,0.474990+0.756372j,0.167040+0.961158j,0.011158
-0.531454-0.635260j,0.478944+0.753591j,0.163792+0.962992j,0.011948
-0.531256-0.633478j,0.482966+0.750765j,0.160503+0.964839j,0.012788
-0.531047-0.631634j,0.487060+0.747893j,0.157173+0.966697j,0.013678
-0.530828-0.629725j,0.491225+0.744975j,0.153803+0.968566j,0.014622
-0.530598-0.627750j,0.495462+0.742011j,0.150392+0.970446j,0.015623
-0.530356-0.625709j,0.499772+0.739001j,0.146941+0.972336j,0.016684
-0.530102-0.623598j,0.504157+0.735945j,0.143449+0.974236j,0.017806
-0.529835-0.621418j,0.508618+0.732843j,0.139917+0.976144j,0.018994
-0.529555-0.619167j,0.513154+0.729695j,0.136345+0.978060j,0.020251
-0.529261-0.616842j,0.517769+0.726501j,0.132733+0.979985j,0.021580
-0.528953-0.614444j,0.522462+0.723260j,0.129082+0.981915j,0.022984
-0.528628-0.611970j,0.527234+0.719974j,0.125390+0.983852j,0.024467
-0.528288-0.609420j,0.532088+0.716642j,0.121660+0.985795j,0.026033
-0.527931-0.606792j,0.537023+0.713265j,0.117890+0.987742j,0.027685
-0.527557-0.604084j,0.542042+0.709842j,0.114081+0.989693j,0.029428
-0.527164-0.601297j,0.547145+0.706375j,0.110233+0.991647j,0.031265
-0.526751-0.598427j,0.552334+0.702863j,0.106346+0.993603j,0.033201
-0.526319-0.595475j,0.557610+0.699308j,0.102421+0.995561j,0.035240
-0.525865-0.592439j,0.562974+0.695708j,0.098458+0.997520j,0.037386
-0.525390-0.589319j,0.568428+0.692066j,0.094457+0.999478j,0.039645
-0.524891-0.586112j,0.573973+0.688382j,0.090419+1.001435j,0.042021
-0.524368-0.582819j,0.579610+0.684656j,0.086343+1.003391j,0.044519
-0.523821-0.579438j,0.585341+0.680889j,0.082230+1.005344j,0.047144
-0.523247-0.575968j,0.591167+0.677082j,0.078080+1.007293j,0.049901
-0.522646-0.572410j,0.597090+0.673237j,0.073894+1.009237j,0.052796
-0.522016-0.568762j,0.603112+0.669353j,0.069671+1.011176j,0.055834
-0.521357-0.565023j,0.609233+0.665433j,0.065413+1.013109j,0.059021
-0.520667-0.561194j,0.615455+0.661477j,0.061119+1.015034j,0.062363
-0.519944-0.557273j,0.621781+0.657486j,0.056791+1.016950j,0.065866
-0.519189-0.553261j,0.628211+0.653463j,0.052427+1.018857j,0.069536
-0.518399-0.549157j,0.634748+0.649409j,0.048029+1.020754j,0.073379
-0.517572-0.544960j,0.641392+0.645325j,0.043598+1.022640j,0.077401
-0.516708-0.540672j,0.648147+0.641212j,0.039132+1.024513j,0.081610
-0.515806-0.536292j,0.655013+0.637074j,0.034633+1.026372j,0.086012
-0.514862-0.531821j,0.661992+0.632911j,0.030101+1.028217j,0.090614
-0.513878-0.527258j,0.669087+0.628725j,0.025536+1.030047j,0.095423
-0.512850-0.522603j,0.676299+0.624520j,0.020939+1.031861j,0.100446
-0.511777-0.517858j,0.683631+0.620297j,0.016310+1.033657j,0.105691
-0.510657-0.513023j,0.691084+0.616058j,0.011649+1.035434j,0.111165
-0.509490-0.508099j,0.698660+0.611806j,0.006957+1.037192j,0.116876
-0.508273-0.503086j,0.706362+0.607543j,0.002233+1.038930j,0.122833
-0.507005-0.497985j,0.714192+0.603273j,-0.002523+1.040646j,0.129043
-0.505684-0.492797j,0.722153+0.598997j,-0.007309+1.042341j,0.135514
-0.504309-0.487524j,0.730246+0.594720j,-0.012126+1.044011j,0.142256
-0.502877-0.482166j,0.738475+0.590442j,-0.016975+1.045658j,0.149278
-0.501388-0.476724j,0.746842+0.586169j,-0.021854+1.047280j,0.156588
-0.499838-0.471200j,0.755351+0.581902j,-0.026765+1.048876j,0.164196
-0.498227-0.465595j,0.764003+0.577646j,-0.031708+1.050445j,0.172111
-0.496553-0.459911j,0.772803+0.573403j,-0.036683+1.051986j,0.180345
-0.494814-0.454148j,0.781753+0.569176j,-0.041689+1.053499j,0.188907
-0.493007-0.448308j,0.790858+0.564970j,-0.046729+1.054982j,0.197809
-0.491132-0.442393j,0.800120+0.560788j,-0.051802+1.056436j,0.207061
-0.489185-0.436405j,0.809544+0.556634j,-0.056910+1.057859j,0.216676
-0.487166-0.430344j,0.819134+0.552510j,-0.062052+1.059250j,0.226667
-0.485071-0.424213j,0.828894+0.548422j,-0.067231+1.060609j,0.237044
-0.482900-0.418013j,0.838828+0.544374j,-0.072446+1.061935j,0.247823
-0.480649-0.411746j,0.848941+0.540368j,-0.077700+1.063227j,0.259017
-0.478318-0.405414j,0.859238+0.536410j,-0.082993+1.064485j,0.270641
-0.475903-0.399019j,0.869723+0.532505j,-0.088327+1.065707j,0.282709
-0.473404-0.392564j,0.880401+0.528656j,-0.093702+1.066894j,0.295236
-0.470817-0.386050j,0.891277+0.524868j,-0.099121+1.068044j,0.308238
-0.468142-0.379482j,0.902355+0.521147j,-0.104583+1.069157j,0.321730
-0.465376-0.372862j,0.913638+0.517498j,-0.110091+1.070231j,0.335727
-0.462519-0.366194j,0.925129+0.513926j,-0.115644+1.071266j,0.350245
-0.459569-0.359484j,0.936830+0.510439j,-0.121242+1.072261j,0.365295
-0.456527-0.352737j,0.948741+0.507041j,-0.126885+1.073215j,0.380889
-0.453392-0.345960j,0.960860+0.503740j,-0.132571+1.074128j,0.397035
-0.450165-0.339162j,0.973183+0.500543j,-0.138298+1.074997j,0.413738
-0.446957-0.332569j,0.985301+0.497554j,-0.143879+1.075796j,0.430436
-0.443556-0.325755j,0.998007+0.494582j,-0.149678+1.076578j,0.448242
-0.440176-0.319151j,1.010507+0.491817j,-0.155333+1.077293j,0.466042
-0.436620-0.312375j,1.023534+0.489100j,-0.161177+1.077983j,0.484900
-0.433089-0.305812j,1.036358+0.486588j,-0.166881+1.078611j,0.503752
-0.429403-0.299128j,1.049634+0.484152j,-0.172740+1.079208j,0.523582
-0.425744-0.292656j,1.062709+0.481913j,-0.178465+1.079746j,0.543405
-0.421956-0.286116j,1.076156+0.479774j,-0.184309+1.080250j,0.564105
-0.418199-0.279785j,1.089407+0.477824j,-0.190026+1.080700j,0.584799
-0.414335-0.273428j,1.102957+0.475988j,-0.195832+1.081114j,0.606270
-0.410506-0.267276j,1.116318+0.474330j,-0.201519+1.081479j,0.627735
-0.406712-0.261318j,1.129500+0.472839j,-0.207095+1.081799j,0.649194
-0.402776-0.255277j,1.143124+0.471444j,-0.212823+1.082089j,0.671680
-0.398879-0.249430j,1.156570+0.470210j,-0.218442+1.082338j,0.694160
-0.395021-0.243769j,1.169846+0.469127j,-0.223961+1.082548j,0.716635
-0.391048-0.238067j,1.183489+0.468148j,-0.229602+1.082729j,0.740027
-0.387118-0.232548j,1.196964+0.467312j,-0.235145+1.082875j,0.763415
-0.383231-0.227204j,1.210280+0.466610j,-0.240596+1.082989j,0.786797
-0.379244-0.221838j,1.223928+0.466013j,-0.246157+1.083075j,0.811051
-0.375304-0.216645j,1.237419+0.465542j,-0.251630+1.083132j,0.835301
-0.371409-0.211617j,1.250760+0.465187j,-0.257019+1.083163j,0.859546
-0.367426-0.206579j,1.264418+0.464936j,-0.262513+1.083168j,0.884647
-0.363492-0.201701j,1.277927+0.464795j,-0.267926+1.083150j,0.909744
-0.359607-0.196979j,1.291295+0.464756j,-0.273263+1.083109j,0.934835
-0.355640-0.192252j,1.304971+0.464817j,-0.278703+1.083045j,0.960782
-0.351726-0.187677j,1.318508+0.464973j,-0.284068+1.082963j,0.986724
-0.347862-0.183248j,1.331910+0.465218j,-0.289363+1.082862j,1.012662
-0.344048-0.178957j,1.345182+0.465546j,-0.294590+1.082744j,1.038596
-0.340121-0.174621j,1.358904+0.465970j,-0.299977+1.082606j,1.065677
-0.336249-0.170423j,1.372495+0.466474j,-0.305296+1.082453j,1.092755
-0.332430-0.166359j,1.385959+0.467050j,-0.310551+1.082287j,1.119828
-0.328664-0.162424j,1.399301+0.467694j,-0.315744+1.082109j,1.146896
-0.324794-0.158451j,1.413085+0.468432j,-0.321094+1.081912j,1.175125
-0.320980-0.154607j,1.426745+0.469233j,-0.326382+1.081704j,1.203348
-0.317223-0.150885j,1.440285+0.470094j,-0.331610+1.081487j,1.231568
-0.313521-0.147281j,1.453710+0.471009j,-0.336781+1.081261j,1.259784
-0.309723-0.143648j,1.467571+0.472015j,-0.342108+1.081018j,1.289176
-0.305984-0.140133j,1.481314+0.473071j,-0.347376+1.080769j,1.318565
-0.302302-0.136729j,1.494944+0.474173j,-0.352589+1.080513j,1.347949
-0.298677-0.133434j,1.508464+0.475319j,-0.357748+1.080251j,1.377330
-0.294964-0.130116j,1.522415+0.476551j,-0.363060+1.079975j,1.407905
-0.291311-0.126905j,1.536253+0.477823j,-0.368318+1.079694j,1.438477
-0.287717-0.123798j,1.549983+0.479130j,-0.373523+1.079409j,1.469044
-0.284180-0.120789j,1.563606+0.480469j,-0.378678+1.079121j,1.499607
-0.280564-0.117762j,1.577657+0.481892j,-0.383984+1.078820j,1.531384
-0.277008-0.114834j,1.591600+0.483343j,-0.389238+1.078517j,1.563157
-0.273511-0.112001j,1.605437+0.484820j,-0.394442+1.078212j,1.594926
-0.270071-0.109258j,1.619172+0.486321j,-0.399598+1.077907j,1.626692
-0.266560-0.106501j,1.633329+0.487901j,-0.404902+1.077589j,1.659689
-0.263109-0.103834j,1.647382+0.489502j,-0.410158+1.077271j,1.692682
-0.259718-0.101253j,1.661333+0.491119j,-0.415365+1.076953j,1.725672
-0.256384-0.098755j,1.675184+0.492752j,-0.420526+1.076636j,1.758658
-0.252985-0.096248j,1.689453+0.494461j,-0.425834+1.076309j,1.792895
-0.249646-0.093822j,1.703621+0.496182j,-0.431094+1.075982j,1.827128
-0.246366-0.091474j,1.717689+0.497914j,-0.436308+1.075658j,1.861357
-0.243143-0.089202j,1.731660+0.499654j,-0.441477+1.075335j,1.895582
-0.239862-0.086923j,1.746045+0.501465j,-0.446790+1.075003j,1.931079
-0.236639-0.084719j,1.760330+0.503282j,-0.452057+1.074673j,1.966571
-0.233475-0.082586j,1.774518+0.505104j,-0.457280+1.074346j,2.002060
-0.230368-0.080522j,1.788611+0.506928j,-0.462459+1.074022j,2.037544
-0.227208-0.078452j,1.803114+0.508820j,-0.467780+1.073689j,2.074320
-0.224106-0.076451j,1.817518+0.510712j,-0.473057+1.073360j,2.111092
-0.221061-0.074515j,1.831828+0.512603j,-0.478290+1.073035j,2.147860
-0.218072-0.072641j,1.846043+0.514492j,-0.483481+1.072713j,2.184624
-0.215035-0.070765j,1.860664+0.516444j,-0.488811+1.072384j,2.222699
-0.212055-0.068950j,1.875189+0.518392j,-0.494098+1.072058j,2.260771
-0.209131-0.067194j,1.889620+0.520334j,-0.499343+1.071737j,2.298838
-0.206262-0.065495j,1.903958+0.522270j,-0.504546+1.071420j,2.336902
-0.203350-0.063794j,1.918698+0.524265j,-0.509887+1.071097j,2.376298
-0.200493-0.062149j,1.933343+0.526253j,-0.515185+1.070778j,2.415691
-0.197691-0.060558j,1.947894+0.528230j,-0.520442+1.070463j,2.455079
-0.194942-0.059018j,1.962354+0.530198j,-0.525659+1.070153j,2.494463
-0.192154-0.057478j,1.977213+0.532223j,-0.531011+1.069838j,2.535201
-0.189420-0.055988j,1.991977+0.534235j,-0.536321+1.069527j,2.575935
-0.186739-0.054547j,2.006648+0.536235j,-0.541591+1.069220j,2.616665
-0.184110-0.053152j,2.021229+0.538222j,-0.546821+1.068919j,2.657391
-0.181531-0.051803j,2.035720+0.540196j,-0.552011+1.068622j,2.698113
-0.178896-0.050443j,2.050726+0.542238j,-0.557379+1.068318j,2.740556
-0.176314-0.049127j,2.065637+0.544265j,-0.562705+1.068019j,2.782994
-0.173782-0.047854j,2.080457+0.546276j,-0.567992+1.067724j,2.825428
-0.171300-0.046623j,2.095187+0.548272j,-0.573240+1.067435j,2.867858
-0.168866-0.045431j,2.109829+0.550252j,-0.578449+1.067150j,2.910284
-0.166382-0.044231j,2.124976+0.552295j,-0.583831+1.066859j,2.954461
-0.163948-0.043070j,2.140032+0.554321j,-0.589174+1.066572j,2.998634
-0.161563-0.041947j,2.154996+0.556329j,-0.594478+1.066291j,3.042803
-0.159225-0.040861j,2.169871+0.558319j,-0.599743+1.066014j,3.086967
-0.156932-0.039809j,2.184658+0.560290j,-0.604971+1.065742j,3.131127
-0.154596-0.038751j,2.199945+0.562322j,-0.610369+1.065464j,3.177073
-0.152307-0.037728j,2.215141+0.564334j,-0.615729+1.065191j,3.223015
-0.150064-0.036738j,2.230246+0.566326j,-0.621050+1.064923j,3.268952
-0.147865-0.035780j,2.245262+0.568299j,-0.626333+1.064660j,3.314885
-0.145711-0.034853j,2.260191+0.570252j,-0.631580+1.064401j,3.360813
-0.143517-0.033921j,2.275615+0.572261j,-0.636995+1.064136j,3.408562
-0.141367-0.033020j,2.290947+0.574249j,-0.642371+1.063877j,3.456306
-0.139262-0.032148j,2.306190+0.576216j,-0.647710+1.063622j,3.504046
-0.137199-0.031304j,2.321343+0.578162j,-0.653012+1.063372j,3.551781
-0.135177-0.030488j,2.336410+0.580087j,-0.658277+1.063126j,3.599513
-0.133120-0.029667j,2.351966+0.582065j,-0.663709+1.062875j,3.649098
-0.131105-0.028873j,2.367432+0.584021j,-0.669102+1.062629j,3.698679
-0.129132-0.028106j,2.382807+0.585955j,-0.674459+1.062387j,3.748255
-0.127199-0.027363j,2.398095+0.587867j,-0.679780+1.062149j,3.797827
-0.125304-0.026644j,2.413296+0.589758j,-0.685065+1.061915j,3.847395
-0.123379-0.025922j,2.428981+0.591698j,-0.690513+1.061677j,3.898850
-0.121493-0.025224j,2.444575+0.593615j,-0.695925+1.061444j,3.950301
-0.119647-0.024549j,2.460080+0.595510j,-0.701300+1.061214j,4.001748
-0.117838-0.023895j,2.475497+0.597383j,-0.706640+1.060989j,4.053190
-0.116065-0.023262j,2.490829+0.599234j,-0.711945+1.060767j,4.104628
-0.114265-0.022628j,2.506638+0.601131j,-0.717410+1.060541j,4.157987
-0.112503-0.022014j,2.522357+0.603006j,-0.722840+1.060320j,4.211342
-0.110777-0.021420j,2.537988+0.604857j,-0.728234+1.060102j,4.264693
-0.109086-0.020846j,2.553531+0.606687j,-0.733593+1.059888j,4.318038
-0.107430-0.020289j,2.568989+0.608494j,-0.738918+1.059677j,4.371380
-0.105750-0.019732j,2.584919+0.610344j,-0.744402+1.059463j,4.426676
-0.104105-0.019192j,2.600759+0.612172j,-0.749850+1.059252j,4.481967
-0.102493-0.018671j,2.616511+0.613976j,-0.755263+1.059045j,4.537254
-0.100916-0.018166j,2.632177+0.615759j,-0.760642+1.058841j,4.592536
-0.099370-0.017677j,2.647757+0.617520j,-0.765988+1.058641j,4.647814
-0.097803-0.017187j,2.663804+0.619321j,-0.771489+1.058437j,4.705079
-0.096269-0.016714j,2.679762+0.621099j,-0.776956+1.058237j,4.762340
-0.094766-0.016256j,2.695632+0.622855j,-0.782389+1.058040j,4.819596
-0.093295-0.015812j,2.711416+0.624589j,-0.787788+1.057846j,4.876847
-0.091854-0.015383j,2.727115+0.626301j,-0.793155+1.057655j,4.934094
-0.090394-0.014953j,2.743275+0.628050j,-0.798675+1.057461j,4.993360
-0.088965-0.014538j,2.759347+0.629778j,-0.804161+1.057270j,5.052621
-0.088840-0.014502j,2.760771+0.629930j,-0.804647+1.057253j,5.057834
-0.088840-0.014502j,2.760771+0.629930j,-0.804647+1.057253j,5.057834
-0.088840-0.014502j,2.760771+0.629930j,-0.804647+1.057253j,5.057834
-0.088840-0.014502j,2.760771+0.629930j,-0.804647+1.057253j,5.057835
-0.088840-0.014502j,2.760772+0.629930j,-0.804647+1.057253j,5.057837
-0.088839-0.014501j,2.760774+0.629931j,-0.804648+1.057253j,5.057846
-0.088838-0.014501j,2.760785+0.629932j,-0.804652+1.057253j,5.057887
-0.088834-0.014500j,2.760836+0.629937j,-0.804669+1.057253j,5.058071
-0.088814-0.014494j,2.761063+0.629961j,-0.804747+1.057250j,5.058902
-0.088724-0.014468j,2.762084+0.630071j,-0.805095+1.057238j,5.062641
-0.088321-0.014352j,2.766675+0.630561j,-0.806661+1.057184j,5.079510
-0.086903-0.013947j,2.782994+0.632296j,-0.812227+1.056993j,5.140175
-0.085515-0.013555j,2.799225+0.634009j,-0.817758+1.056805j,5.200835
-0.084156-0.013176j,2.815368+0.635699j,-0.823256+1.056620j,5.261490
-0.082826-0.012809j,2.831424+0.637368j,-0.828721+1.056438j,5.322140
-0.081524-0.012455j,2.847395+0.639016j,-0.834153+1.056259j,5.382786
-0.080248-0.012111j,2.863282+0.640642j,-0.839554+1.056082j,5.443427
-0.078957-0.011768j,2.879626+0.642303j,-0.845107+1.055903j,5.506166
-0.077693-0.011435j,2.895884+0.643942j,-0.850627+1.055726j,5.568899
-0.076455-0.011114j,2.912055+0.645560j,-0.856115+1.055551j,5.631627
-0.075243-0.010803j,2.928142+0.647158j,-0.861571+1.055379j,5.694351
-0.074057-0.010502j,2.944145+0.648735j,-0.866995+1.055210j,5.757071
-0.072895-0.010210j,2.960066+0.650291j,-0.872389+1.055043j,5.819785
-0.071712-0.009917j,2.976536+0.651890j,-0.877966+1.054872j,5.885023
-0.070555-0.009634j,2.992919+0.653467j,-0.883511+1.054703j,5.950256
-0.069421-0.009359j,3.009217+0.655024j,-0.889024+1.054537j,6.015484
-0.068312-0.009094j,3.025432+0.656560j,-0.894507+1.054373j,6.080708
-0.067226-0.008837j,3.041563+0.658077j,-0.899958+1.054211j,6.145927
-0.066162-0.008588j,3.057613+0.659575j,-0.905380+1.054052j,6.211141
-0.065080-0.008338j,3.074203+0.661111j,-0.910981+1.053888j,6.278917
-0.064021-0.008097j,3.090707+0.662627j,-0.916551+1.053727j,6.346689
-0.062984-0.007863j,3.107127+0.664123j,-0.922090+1.053568j,6.414456
-0.061969-0.007637j,3.123464+0.665600j,-0.927598+1.053411j,6.482218
-0.060976-0.007418j,3.139719+0.667058j,-0.933077+1.053255j,6.549975
-0.060003-0.007206j,3.155893+0.668497j,-0.938526+1.053102j,6.617727
-0.059014-0.006993j,3.172599+0.669972j,-0.944152+1.052945j,6.688084
-0.058047-0.006788j,3.189220+0.671428j,-0.949748+1.052790j,6.758435
-0.057100-0.006589j,3.205758+0.672865j,-0.955313+1.052637j,6.828782
-0.056173-0.006396j,3.222213+0.674283j,-0.960848+1.052486j,6.899124
-0.055265-0.006210j,3.238587+0.675684j,-0.966355+1.052337j,6.969461
-0.054376-0.006030j,3.254882+0.677066j,-0.971832+1.052189j,7.039793
-0.053474-0.005849j,3.271700+0.678482j,-0.977483+1.052038j,7.112770
-0.052591-0.005674j,3.288435+0.679879j,-0.983105+1.051888j,7.185742
-0.051727-0.005505j,3.305087+0.681258j,-0.988696+1.051740j,7.258709
-0.050881-0.005341j,3.321657+0.682619j,-0.994259+1.051594j,7.331671
-0.050052-0.005183j,3.338148+0.683964j,-0.999793+1.051450j,7.404629
-0.049241-0.005030j,3.354559+0.685291j,-1.005299+1.051307j,7.477581
-0.048418-0.004876j,3.371486+0.686649j,-1.010976+1.051160j,7.553218
-0.047613-0.004728j,3.388331+0.687989j,-1.016624+1.051015j,7.628849
-0.046825-0.004584j,3.405094+0.689313j,-1.022242+1.050872j,7.704476
-0.046054-0.004446j,3.421776+0.690619j,-1.027833+1.050730j,7.780098
-0.045299-0.004311j,3.438380+0.691909j,-1.033395+1.050590j,7.855715
-0.044559-0.004181j,3.454905+0.693183j,-1.038929+1.050451j,7.931327
-0.043810-0.004051j,3.471938+0.694486j,-1.044632+1.050308j,8.009662
-0.043076-0.003926j,3.488889+0.695772j,-1.050307+1.050167j,8.087991
-0.042359-0.003804j,3.505760+0.697041j,-1.055953+1.050028j,8.166316
-0.041656-0.003686j,3.522552+0.698295j,-1.061571+1.049890j,8.244636
-0.040968-0.003573j,3.539265+0.699533j,-1.067161+1.049753j,8.322951
-0.040295-0.003463j,3.555900+0.700755j,-1.072725+1.049617j,8.401261
-0.039613-0.003353j,3.573036+0.702004j,-1.078455+1.049478j,8.482332
-0.038945-0.003246j,3.590092+0.703238j,-1.084156+1.049341j,8.563397
-0.038292-0.003143j,3.607068+0.704456j,-1.089830+1.049205j,8.644458
-0.037653-0.003044j,3.623965+0.705658j,-1.095476+1.049069j,8.725513
-0.037027-0.002948j,3.640785+0.706846j,-1.101095+1.048936j,8.806564
-0.036414-0.002855j,3.657529+0.708019j,-1.106687+1.048803j,8.887609
-0.035794-0.002762j,3.674766+0.709217j,-1.112444+1.048667j,8.971453
-0.035187-0.002672j,3.691923+0.710401j,-1.118172+1.048532j,9.055291
-0.034593-0.002585j,3.709001+0.711569j,-1.123874+1.048399j,9.139124
-0.034011-0.002502j,3.726002+0.712723j,-1.129548+1.048266j,9.222952
-0.033442-0.002420j,3.742926+0.713863j,-1.135196+1.048135j,9.306774
-0.032885-0.002342j,3.759775+0.714989j,-1.140818+1.048005j,9.390592
-0.032340-0.002266j,3.776549+0.716101j,-1.146414+1.047875j,9.474405
-0.031785-0.002190j,3.793901+0.717243j,-1.152202+1.047742j,9.561524
-0.031242-0.002117j,3.811174+0.718370j,-1.157963+1.047610j,9.648637
-0.030711-0.002046j,3.828369+0.719484j,-1.163697+1.047479j,9.735745
-0.030191-0.001977j,3.845488+0.720584j,-1.169405+1.047349j,9.822848
-0.029682-0.001911j,3.862532+0.721671j,-1.175087+1.047220j,9.909946
-0.029184-0.001846j,3.879500+0.722744j,-1.180743+1.047092j,9.997038
-0.028696-0.001784j,3.896396+0.723805j,-1.186374+1.046966j,10.084126
-0.028540-0.001765j,3.901878+0.724148j,-1.188201+1.046924j,10.112264
-0.028540-0.001765j,3.901878+0.724148j,-1.188201+1.046924j,10.112264
-0.028540-0.001765j,3.901878+0.724148j,-1.188201+1.046924j,10.112264
-0.028540-0.001765j,3.901879+0.724148j,-1.188201+1.046924j,10.112264
-0.028540-0.001765j,3.901879+0.724148j,-1.188201+1.046924j,10.112266
-0.028540-0.001765j,3.901881+0.724148j,-1.188202+1.046924j,10.112275
-0.028540-0.001765j,3.901889+0.724148j,-1.188205+1.046924j,10.112316
-0.028539-0.001765j,3.901925+0.724151j,-1.188217+1.046924j,10.112501
-0.028534-0.001764j,3.902087+0.724161j,-1.188271+1.046923j,10.113331
-0.028513-0.001761j,3.902817+0.724206j,-1.188514+1.046917j,10.117070
-0.028420-0.001750j,3.906100+0.724411j,-1.189608+1.046893j,10.133920
-0.028005-0.001698j,3.920841+0.725326j,-1.194520+1.046783j,10.210295
-0.027520-0.001638j,3.938344+0.726405j,-1.200352+1.046652j,10.301510
-0.027046-0.001581j,3.955770+0.727470j,-1.206158+1.046523j,10.392721
-0.026582-0.001525j,3.973120+0.728523j,-1.211937+1.046394j,10.483926
-0.026128-0.001471j,3.990394+0.729563j,-1.217691+1.046266j,10.575126
-0.025683-0.001419j,4.007594+0.730590j,-1.223420+1.046140j,10.666320
-0.025248-0.001369j,4.024721+0.731606j,-1.229123+1.046014j,10.757510
-0.024822-0.001321j,4.041775+0.732609j,-1.234802+1.045889j,10.848695
-0.024390-0.001272j,4.059367+0.733637j,-1.240659+1.045761j,10.943190
-0.023967-0.001226j,4.076883+0.734652j,-1.246491+1.045633j,11.037680
-0.023554-0.001180j,4.094324+0.735655j,-1.252297+1.045506j,11.132165
-0.023149-0.001137j,4.111691+0.736646j,-1.258078+1.045380j,11.226645
-0.022753-0.001095j,4.128985+0.737625j,-1.263834+1.045255j,11.321119
-0.022365-0.001054j,4.146207+0.738594j,-1.269566+1.045131j,11.415588
-0.021985-0.001015j,4.163358+0.739551j,-1.275273+1.045008j,11.510052
-0.021600-0.000976j,4.181055+0.740531j,-1.281162+1.044881j,11.607970
-0.021223-0.000938j,4.198678+0.741499j,-1.287026+1.044755j,11.705881
-0.020855-0.000901j,4.216227+0.742456j,-1.292865+1.044630j,11.803788
-0.020494-0.000866j,4.233702+0.743402j,-1.298679+1.044505j,11.901689
-0.020141-0.000832j,4.251106+0.744338j,-1.304469+1.044382j,11.999584
-0.019795-0.000799j,4.268439+0.745262j,-1.310235+1.044259j,12.097475
-0.019457-0.000768j,4.285701+0.746176j,-1.315977+1.044137j,12.195360
-0.019114-0.000736j,4.303502+0.747112j,-1.321898+1.044011j,12.296743
-0.018779-0.000706j,4.321228+0.748036j,-1.327794+1.043886j,12.398120
-0.018451-0.000676j,4.338882+0.748950j,-1.333665+1.043762j,12.499492
-0.018130-0.000648j,4.356464+0.749854j,-1.339513+1.043639j,12.600859
-0.017815-0.000621j,4.373975+0.750747j,-1.345336+1.043517j,12.702220
-0.017508-0.000594j,4.391416+0.751630j,-1.351136+1.043395j,12.803576
-0.017206-0.000569j,4.408788+0.752504j,-1.356912+1.043274j,12.904926
-0.016901-0.000544j,4.426689+0.753397j,-1.362865+1.043149j,13.009819
-0.016603-0.000519j,4.444517+0.754280j,-1.368793+1.043026j,13.114705
-0.016311-0.000496j,4.462274+0.755154j,-1.374697+1.042903j,13.219586
-0.016026-0.000473j,4.479961+0.756017j,-1.380577+1.042781j,13.324462
-0.015746-0.000451j,4.497577+0.756871j,-1.386434+1.042659j,13.429332
-0.015472-0.000430j,4.515124+0.757715j,-1.392268+1.042538j,13.534198
-0.015204-0.000410j,4.532603+0.758551j,-1.398078+1.042418j,13.639057
-0.014933-0.000390j,4.550602+0.759404j,-1.404062+1.042295j,13.747502
-0.014668-0.000371j,4.568531+0.760249j,-1.410022+1.042172j,13.855941
-0.014409-0.000352j,4.586389+0.761083j,-1.415958+1.042050j,13.964375
-0.014155-0.000334j,4.604177+0.761909j,-1.421872+1.041929j,14.072803
-0.013907-0.000317j,4.621896+0.762726j,-1.427762+1.041808j,14.181226
-0.013663-0.000300j,4.639547+0.763533j,-1.433629+1.041689j,14.289644
-0.013425-0.000284j,4.657131+0.764332j,-1.439474+1.041569j,14.398056
-0.013192-0.000269j,4.674648+0.765123j,-1.445296+1.041451j,14.506463
-0.012956-0.000253j,4.692759+0.765934j,-1.451316+1.041328j,14.619014
-0.012724-0.000239j,4.710800+0.766737j,-1.457312+1.041207j,14.731560
-0.012498-0.000224j,4.728771+0.767530j,-1.463285+1.041086j,14.844100
-0.012276-0.000211j,4.746674+0.768315j,-1.469236+1.040966j,14.956635
-0.012059-0.000198j,4.764509+0.769092j,-1.475163+1.040846j,15.069164
-0.011875-0.000187j,4.779892+0.769758j,-1.480276+1.040743j,15.166416
-0.011875-0.000187j,4.779892+0.769758j,-1.480276+1.040743j,15.166416
-0.011875-0.000187j,4.779892+0.769758j,-1.480276+1.040743j,15.166416
-0.011875-0.000187j,4.779892+0.769758j,-1.480276+1.040743j,15.166417
-0.011875-0.000187j,4.779892+0.769758j,-1.480276+1.040743j,15.166419
-0.011875-0.000187j,4.779894+0.769758j,-1.480277+1.040743j,15.166428
-0.011875-0.000187j,4.779900+0.769758j,-1.480279+1.040743j,15.166469
-0.011875-0.000187j,4.779930+0.769759j,-1.480289+1.040743j,15.166653
-0.011873-0.000187j,4.780062+0.769765j,-1.480333+1.040742j,15.167484
-0.011866-0.000186j,4.780657+0.769791j,-1.480531+1.040738j,15.171222
-0.011834-0.000184j,4.783337+0.769906j,-1.481421+1.040720j,15.188064
-0.011693-0.000176j,4.795374+0.770424j,-1.485422+1.040640j,15.264287
-0.011481-0.000164j,4.813622+0.771203j,-1.491487+1.040518j,15.380644
-0.011275-0.000152j,4.831801+0.771974j,-1.497528+1.040397j,15.496995
-0.011072-0.000141j,4.849911+0.772737j,-1.503547+1.040276j,15.613341
-0.010874-0.000130j,4.867954+0.773492j,-1.509544+1.040157j,15.729681
-0.010681-0.000120j,4.885929+0.774239j,-1.515518+1.040038j,15.846015
-0.010491-0.000110j,4.903837+0.774978j,-1.521470+1.039919j,15.962344
-0.010306-0.000100j,4.921680+0.775709j,-1.527400+1.039802j,16.078668
-0.010124-0.000091j,4.939458+0.776433j,-1.533308+1.039684j,16.194986
-0.009946-0.000083j,4.957172+0.777149j,-1.539195+1.039568j,16.311299
-0.009766-0.000074j,4.975494+0.777885j,-1.545285+1.039448j,16.432094
-0.009589-0.000066j,4.993749+0.778612j,-1.551351+1.039328j,16.552883
-0.009416-0.000058j,5.011936+0.779333j,-1.557396+1.039209j,16.673666
-0.009247-0.000050j,5.030058+0.780046j,-1.563418+1.039091j,16.794444
-0.009082-0.000043j,5.048113+0.780751j,-1.569419+1.038973j,16.915216
-0.008920-0.000036j,5.066104+0.781449j,-1.575398+1.038856j,17.035982
-0.008762-0.000029j,5.084030+0.782140j,-1.581356+1.038740j,17.156744
-0.008606-0.000022j,5.101893+0.782824j,-1.587293+1.038624j,17.277499
-0.008449-0.000016j,5.120319+0.783525j,-1.593417+1.038505j,17.402554
-0.008296-0.000010j,5.138679+0.784219j,-1.599519+1.038386j,17.527603
-0.008145-0.000004j,5.156972+0.784905j,-1.605599+1.038268j,17.652647
-0.007998+0.000001j,5.175201+0.785584j,-1.611657+1.038151j,17.777684
-0.007854+0.000007j,5.193365+0.786257j,-1.617694+1.038034j,17.902716
-0.007713+0.000012j,5.211464+0.786923j,-1.623710+1.037918j,18.027742
-0.007575+0.000016j,5.229501+0.787582j,-1.629705+1.037803j,18.152763
-0.007440+0.000021j,5.247475+0.788234j,-1.635679+1.037688j,18.277779
-0.007304+0.000025j,5.266004+0.788903j,-1.641837+1.037570j,18.407147
-0.007170+0.000030j,5.284467+0.789564j,-1.647974+1.037452j,18.536510
-0.007039+0.000034j,5.302865+0.790219j,-1.654089+1.037335j,18.665867
-0.006911+0.000038j,5.321199+0.790867j,-1.660183+1.037219j,18.795219
-0.006786+0.000041j,5.339470+0.791509j,-1.666256+1.037103j,18.924564
-0.006664+0.000045j,5.357677+0.792144j,-1.672308+1.036988j,19.053904
-0.006544+0.000048j,5.375823+0.792773j,-1.678339+1.036874j,19.183239
-0.006427+0.000051j,5.393906+0.793396j,-1.684350+1.036760j,19.312568
-0.006312+0.000054j,5.411929+0.794013j,-1.690341+1.036647j,19.441891
-0.006195+0.000057j,5.430571+0.794648j,-1.696538+1.036530j,19.576169
-0.006081+0.000060j,5.449149+0.795275j,-1.702714+1.036414j,19.710440
-0.005969+0.000063j,5.467663+0.795897j,-1.708868+1.036298j,19.844705
-0.005860+0.000065j,5.486114+0.796512j,-1.715001+1.036183j,19.978965
-0.005753+0.000067j,5.504503+0.797122j,-1.721114+1.036069j,20.113219
-0.005670+0.000069j,5.519183+0.797606j,-1.725994+1.035978j,20.220485
-0.005670+0.000069j,5.519183+0.797606j,-1.725994+1.035978j,20.220485
-0.005670+0.000069j,5.519183+0.797606j,-1.725994+1.035978j,20.220485
-0.005670+0.000069j,5.519183+0.797606j,-1.725994+1.035978j,20.220485
-0.005670+0.000069j,5.519183+0.797606j,-1.725994+1.035978j,20.220487
-0.005670+0.000069j,5.519184+0.797606j,-1.725995+1.035978j,20.220496
-0.005669+0.000069j,5.519190+0.797606j,-1.725997+1.035978j,20.220537
-0.005669+0.000069j,5.519215+0.797607j,-1.726005+1.035978j,20.220722
-0.005669+0.000069j,5.519330+0.797610j,-1.726043+1.035977j,20.221552
-0.005666+0.000069j,5.519845+0.797627j,-1.726215+1.035974j,20.225290
-0.005653+0.000069j,5.522162+0.797703j,-1.726985+1.035959j,20.242128
-0.005594+0.000071j,5.532579+0.798045j,-1.730448+1.035895j,20.318264
-0.005490+0.000073j,5.551364+0.798658j,-1.736693+1.035778j,20.456624
-0.005388+0.000075j,5.570086+0.799264j,-1.742917+1.035663j,20.594978
-0.005288+0.000076j,5.588744+0.799865j,-1.749119+1.035548j,20.733326
-0.005191+0.000078j,5.607340+0.800460j,-1.755302+1.035434j,20.871668
-0.005096+0.000080j,5.625873+0.801049j,-1.761463+1.035320j,21.010004
-0.005002+0.000081j,5.644345+0.801632j,-1.767605+1.035207j,21.148334
-0.004911+0.000083j,5.662756+0.802210j,-1.773726+1.035094j,21.286659
-0.004822+0.000084j,5.681107+0.802783j,-1.779827+1.034982j,21.424978
-0.004734+0.000085j,5.699398+0.803350j,-1.785908+1.034871j,21.563291
-0.004649+0.000086j,5.717630+0.803912j,-1.791970+1.034760j,21.701599
-0.004562+0.000087j,5.736475+0.804489j,-1.798236+1.034646j,21.845078
-0.004477+0.000088j,5.755258+0.805060j,-1.804481+1.034532j,21.988551
-0.004394+0.000089j,5.773979+0.805627j,-1.810706+1.034419j,22.132018
-0.004312+0.000090j,5.792639+0.806187j,-1.816911+1.034307j,22.275479
-0.004233+0.000090j,5.811238+0.806743j,-1.823095+1.034195j,22.418935
-0.004155+0.000091j,5.829777+0.807293j,-1.829260+1.034084j,22.562384
-0.004079+0.000092j,5.848257+0.807839j,-1.835405+1.033973j,22.705828
-0.004004+0.000092j,5.866679+0.808379j,-1.841530+1.033863j,22.849266
-0.003932+0.000092j,5.885042+0.808914j,-1.847637+1.033754j,22.992699
-0.003858+0.000093j,5.903994+0.809463j,-1.853939+1.033641j,23.141261
-0.003785+0.000093j,5.922885+0.810007j,-1.860221+1.033529j,23.289817
-0.003715+0.000093j,5.941715+0.810546j,-1.866484+1.033417j,23.438367
-0.003646+0.000094j,5.960486+0.811080j,-1.872726+1.033307j,23.586911
-0.003578+0.000094j,5.979196+0.811609j,-1.878948+1.033196j,23.735449
-0.003512+0.000094j,5.997848+0.812133j,-1.885151+1.033087j,23.883981
-0.003447+0.000094j,6.016441+0.812652j,-1.891335+1.032978j,24.032507
-0.003384+0.000094j,6.034977+0.813167j,-1.897500+1.032869j,24.181028
-0.003322+0.000094j,6.053455+0.813677j,-1.903645+1.032761j,24.329542
-0.003259+0.000094j,6.072513+0.814200j,-1.909984+1.032650j,24.483250
-0.003198+0.000094j,6.091510+0.814718j,-1.916302+1.032540j,24.636951
-0.003138+0.000094j,6.110448+0.815232j,-1.922601+1.032430j,24.790646
-0.003079+0.000093j,6.129327+0.815741j,-1.928881+1.032321j,24.944335
-0.003021+0.000093j,6.148147+0.816245j,-1.935141+1.032212j,25.098018
-0.002965+0.000093j,6.166910+0.816744j,-1.941381+1.032104j,25.251695
-0.002957+0.000093j,6.169750+0.816820j,-1.942326+1.032088j,25.274788
-0.002957+0.000093j,6.169750+0.816820j,-1.942326+1.032088j,25.274788
-0.002957+0.000093j,6.169750+0.816820j,-1.942326+1.032088j,25.274788
-0.002957+0.000093j,6.169750+0.816820j,-1.942326+1.032088j,25.274788
-0.002957+0.000093j,6.169751+0.816820j,-1.942326+1.032088j,25.274790
-0.002957+0.000093j,6.169752+0.816820j,-1.942327+1.032088j,25.274799
-0.002957+0.000093j,6.169757+0.816820j,-1.942328+1.032088j,25.274840
-0.002957+0.000093j,6.169779+0.816821j,-1.942336+1.032087j,25.275025
-0.002956+0.000093j,6.169882+0.816823j,-1.942370+1.032087j,25.275855
-0.002955+0.000093j,6.170342+0.816835j,-1.942523+1.032084j,25.279593
-0.002949+0.000093j,6.172413+0.816890j,-1.943212+1.032072j,25.296428
-0.002922+0.000093j,6.181723+0.817137j,-1.946309+1.032019j,25.372508
-0.002866+0.000092j,6.200934+0.817643j,-1.952699+1.031909j,25.530771
-0.002811+0.000092j,6.220084+0.818145j,-1.959069+1.031799j,25.689029
-0.002758+0.000092j,6.239176+0.818642j,-1.965420+1.031690j,25.847280
-0.002706+0.000091j,6.258208+0.819134j,-1.971751+1.031582j,26.005525
-0.002655+0.000091j,6.277182+0.819623j,-1.978063+1.031474j,26.163764
-0.002606+0.000090j,6.296099+0.820106j,-1.984356+1.031367j,26.321997
-0.002557+0.000090j,6.314958+0.820586j,-1.990630+1.031260j,26.480224
-0.002509+0.000090j,6.333760+0.821062j,-1.996885+1.031154j,26.638445
-0.002462+0.000089j,6.352507+0.821533j,-2.003121+1.031049j,26.796660
-0.002417+0.000088j,6.371197+0.822000j,-2.009339+1.030944j,26.954869
-0.002372+0.000088j,6.389832+0.822463j,-2.015539+1.030840j,27.113073
-0.002327+0.000087j,6.409095+0.822939j,-2.021948+1.030732j,27.277152
-0.002283+0.000087j,6.428299+0.823411j,-2.028337+1.030625j,27.441224
-0.002239+0.000086j,6.447445+0.823879j,-2.034707+1.030519j,27.605290
-0.002197+0.000086j,6.466534+0.824343j,-2.041059+1.030413j,27.769350
-0.002155+0.000085j,6.485566+0.824802j,-2.047391+1.030308j,27.933403
-0.002115+0.000084j,6.504542+0.825258j,-2.053705+1.030203j,28.097451
-0.002075+0.000084j,6.523463+0.825710j,-2.060000+1.030099j,28.261493
-0.002036+0.000083j,6.542327+0.826157j,-2.066277+1.029996j,28.425528
-0.001998+0.000082j,6.561138+0.826602j,-2.072536+1.029893j,28.589558
-0.001961+0.000082j,6.579893+0.827042j,-2.078777+1.029791j,28.753582
-0.001924+0.000081j,6.599267+0.827494j,-2.085224+1.029685j,28.923570
-0.001887+0.000080j,6.618584+0.827943j,-2.091652+1.029580j,29.093551
-0.001851+0.000080j,6.637844+0.828387j,-2.098061+1.029476j,29.263526
-0.001815+0.000079j,6.657047+0.828828j,-2.104451+1.029372j,29.433494
-0.001781+0.000078j,6.676195+0.829265j,-2.110823+1.029269j,29.603457
-0.001747+0.000077j,6.695288+0.829698j,-2.117177+1.029167j,29.773413
-0.001714+0.000077j,6.714325+0.830128j,-2.123513+1.029065j,29.943363
-0.001682+0.000076j,6.733308+0.830554j,-2.129830+1.028963j,30.113307
-0.001650+0.000075j,6.752238+0.830976j,-2.136130+1.028863j,30.283245
-0.001642+0.000075j,6.757381+0.831091j,-2.137841+1.028835j,30.329136
-0.001642+0.000075j,6.757381+0.831091j,-2.137841+1.028835j,30.329136
-0.001642+0.000075j,6.757381+0.831091j,-2.137841+1.028835j,30.329136
-0.001642+0.000075j,6.757381+0.831091j,-2.137841+1.028835j,30.329136
-0.001642+0.000075j,6.757381+0.831091j,-2.137841+1.028835j,30.329138
-0.001642+0.000075j,6.757382+0.831091j,-2.137842+1.028835j,30.329147
-0.001642+0.000075j,6.757387+0.831091j,-2.137843+1.028835j,30.329188
-0.001642+0.000075j,6.757408+0.831091j,-2.137850+1.028835j,30.329373
-0.001642+0.000075j,6.757501+0.831094j,-2.137881+1.028835j,30.330203
-0.001641+0.000075j,6.757921+0.831103j,-2.138021+1.028832j,30.333941
-0.001638+0.000075j,6.759810+0.831145j,-2.138650+1.028822j,30.350774
-0.001624+0.000075j,6.768304+0.831333j,-2.141476+1.028777j,30.426813
-0.001593+0.000074j,6.787868+0.831766j,-2.147988+1.028673j,30.603447
-0.001562+0.000073j,6.807376+0.832194j,-2.154480+1.028570j,30.780074
-0.001532+0.000072j,6.826827+0.832619j,-2.160954+1.028468j,30.956695
-0.001502+0.000072j,6.846223+0.833041j,-2.167409+1.028366j,31.133310
-0.001473+0.000071j,6.865563+0.833459j,-2.173846+1.028264j,31.309918
-0.001445+0.000070j,6.884848+0.833873j,-2.180265+1.028163j,31.486520
-0.001418+0.000069j,6.904079+0.834284j,-2.186666+1.028063j,31.663116
-0.001391+0.000069j,6.923256+0.834692j,-2.193049+1.027963j,31.839706
-0.001364+0.000068j,6.942379+0.835096j,-2.199414+1.027864j,32.016289
-0.001339+0.000067j,6.961450+0.835497j,-2.205761+1.027766j,32.192867
-0.001313+0.000066j,6.980467+0.835895j,-2.212092+1.027668j,32.369438
-0.001289+0.000066j,6.999433+0.836289j,-2.218405+1.027570j,32.546004
-0.001264+0.000065j,7.019045+0.836695j,-2.224933+1.027469j,32.729164
-0.001239+0.000064j,7.038601+0.837098j,-2.231443+1.027369j,32.912318
-0.001215+0.000063j,7.058103+0.837497j,-2.237934+1.027270j,33.095465
-0.001192+0.000063j,7.077551+0.837893j,-2.244408+1.027171j,33.278606
-0.001169+0.000062j,7.096945+0.838285j,-2.250864+1.027073j,33.461740
-0.001146+0.000061j,7.116285+0.838675j,-2.257303+1.026975j,33.644868
-0.001124+0.000060j,7.135573+0.839061j,-2.263723+1.026878j,33.827990
-0.001103+0.000060j,7.154807+0.839445j,-2.270127+1.026781j,34.011106
-0.001082+0.000059j,7.173990+0.839825j,-2.276513+1.026685j,34.194216
-0.001062+0.000058j,7.193121+0.840202j,-2.282882+1.026589j,34.377319
-0.001041+0.000058j,7.212201+0.840577j,-2.289234+1.026494j,34.560417
-0.001021+0.000057j,7.231930+0.840961j,-2.295802+1.026396j,34.750320
-0.001001+0.000056j,7.251604+0.841343j,-2.302351+1.026299j,34.940218
-0.000982+0.000055j,7.271224+0.841722j,-2.308884+1.026202j,35.130108
-0.000963+0.000055j,7.290791+0.842098j,-2.315398+1.026105j,35.319992
-0.000956+0.000054j,7.297392+0.842224j,-2.317596+1.026073j,35.383701
-0.000956+0.000054j,7.297392+0.842224j,-2.317596+1.026073j,35.383701
-0.000956+0.000054j,7.297392+0.842224j,-2.317596+1.026073j,35.383701
-0.000956+0.000054j,7.297392+0.842224j,-2.317596+1.026073j,35.383701
-0.000956+0.000054j,7.297392+0.842224j,-2.317596+1.026073j,35.383703
-0.000956+0.000054j,7.297393+0.842224j,-2.317596+1.026073j,35.383712
-0.000956+0.000054j,7.297398+0.842224j,-2.317598+1.026073j,35.383753
-0.000956+0.000054j,7.297417+0.842225j,-2.317604+1.026073j,35.383938
-0.000956+0.000054j,7.297503+0.842226j,-2.317633+1.026072j,35.384768
-0.000956+0.000054j,7.297892+0.842234j,-2.317762+1.026070j,35.388506
-0.000954+0.000054j,7.299640+0.842267j,-2.318344+1.026062j,35.405338
-0.000947+0.000054j,7.307500+0.842417j,-2.320961+1.026023j,35.481345
-0.000928+0.000053j,7.327368+0.842795j,-2.327576+1.025926j,35.675163
-0.000910+0.000053j,7.347182+0.843170j,-2.334173+1.025829j,35.868974
-0.000892+0.000052j,7.366943+0.843542j,-2.340752+1.025733j,36.062778
-0.000875+0.000051j,7.386650+0.843911j,-2.347314+1.025637j,36.256576
-0.000858+0.000051j,7.406304+0.844277j,-2.353858+1.025542j,36.450367
-0.000841+0.000050j,7.425905+0.844640j,-2.360384+1.025447j,36.644151
-0.000825+0.000049j,7.445455+0.845000j,-2.366894+1.025353j,36.837930
-0.000809+0.000049j,7.464952+0.845357j,-2.373386+1.025260j,37.031701
-0.000793+0.000048j,7.484399+0.845712j,-2.379861+1.025167j,37.225467
-0.000778+0.000047j,7.503794+0.846064j,-2.386319+1.025074j,37.419226
-0.000763+0.000047j,7.523139+0.846413j,-2.392761+1.024982j,37.612979
-0.000748+0.000046j,7.542434+0.846760j,-2.399186+1.024891j,37.806726
-0.000734+0.000045j,7.562337+0.847115j,-2.405813+1.024797j,38.007175
-0.000719+0.000045j,7.582187+0.847468j,-2.412423+1.024703j,38.207617
-0.000705+0.000044j,7.601985+0.847819j,-2.419016+1.024610j,38.408052
-0.000691+0.000043j,7.621731+0.848166j,-2.425591+1.024518j,38.608481
-0.000678+0.000043j,7.641426+0.848511j,-2.432150+1.024426j,38.808903
-0.000664+0.000042j,7.661069+0.848853j,-2.438691+1.024335j,39.009318
-0.000652+0.000042j,7.680662+0.849193j,-2.445216+1.024244j,39.209728
-0.000639+0.000041j,7.700204+0.849530j,-2.451724+1.024153j,39.410130
-0.000627+0.000040j,7.719696+0.849864j,-2.458215+1.024063j,39.610527
-0.000615+0.000040j,7.739139+0.850196j,-2.464690+1.023974j,39.810917
-0.000603+0.000039j,7.758533+0.850525j,-2.471148+1.023885j,40.011301
-0.000591+0.000039j,7.778547+0.850864j,-2.477814+1.023794j,40.218706
-0.000579+0.000038j,7.798510+0.851199j,-2.484462+1.023703j,40.426103
-0.000578+0.000038j,7.799753+0.851220j,-2.484876+1.023697j,40.438897
-0.000578+0.000038j,7.799753+0.851220j,-2.484876+1.023697j,40.438897
-0.000578+0.000038j,7.799753+0.851220j,-2.484876+1.023697j,40.438897
-0.000578+0.000038j,7.799753+0.851220j,-2.484876+1.023697j,40.438898
-0.000578+0.000038j,7.799753+0.851220j,-2.484876+1.023697j,40.438900
-0.000578+0.000038j,7.799754+0.851220j,-2.484876+1.023697j,40.438909
-0.000578+0.000038j,7.799758+0.851220j,-2.484878+1.023697j,40.438950
-0.000578+0.000038j,7.799776+0.851221j,-2.484884+1.023697j,40.439135
-0.000578+0.000038j,7.799857+0.851222j,-2.484911+1.023697j,40.439965
-0.000578+0.000038j,7.800220+0.851228j,-2.485032+1.023695j,40.443702
-0.000577+0.000038j,7.801854+0.851256j,-2.485576+1.023687j,40.460533
-0.000573+0.000038j,7.809204+0.851379j,-2.488024+1.023654j,40.536516
-0.000561+0.000037j,7.829339+0.851715j,-2.494730+1.023563j,40.746562
-0.000550+0.000037j,7.849423+0.852048j,-2.501418+1.023472j,40.956601
-0.000539+0.000036j,7.869454+0.852379j,-2.508090+1.023382j,41.166632
-0.000529+0.000036j,7.889435+0.852707j,-2.514744+1.023292j,41.376658
-0.000518+0.000035j,7.909364+0.853033j,-2.521381+1.023203j,41.586676
-0.000508+0.000035j,7.929243+0.853357j,-2.528002+1.023114j,41.796688
-0.000498+0.000034j,7.949071+0.853678j,-2.534606+1.023026j,42.006693
-0.000488+0.000034j,7.968850+0.853997j,-2.541194+1.022938j,42.216691
-0.000479+0.000033j,7.988579+0.854313j,-2.547765+1.022851j,42.426683
-0.000469+0.000033j,8.008259+0.854627j,-2.554320+1.022765j,42.636669
-0.000460+0.000032j,8.027891+0.854939j,-2.560858+1.022678j,42.846648
-0.000451+0.000032j,8.047474+0.855248j,-2.567381+1.022593j,43.056621
-0.000443+0.000031j,8.067009+0.855555j,-2.573888+1.022507j,43.266587
-0.000434+0.000031j,8.087178+0.855871j,-2.580606+1.022420j,43.483990
-0.000425+0.000030j,8.107297+0.856184j,-2.587307+1.022332j,43.701386
-0.000417+0.000030j,8.127366+0.856495j,-2.593992+1.022246j,43.918775
-0.000408+0.000029j,8.147385+0.856804j,-2.600660+1.022159j,44.136157
-0.000400+0.000029j,8.167354+0.857111j,-2.607311+1.022074j,44.353533
-0.000392+0.000028j,8.187274+0.857415j,-2.613947+1.021988j,44.570902
-0.000385+0.000028j,8.207145+0.857717j,-2.620566+1.021904j,44.788264
-0.000377+0.000027j,8.226968+0.858017j,-2.627169+1.021819j,45.005620
-0.000370+0.000027j,8.246743+0.858315j,-2.633756+1.021735j,45.222969
-0.000362+0.000027j,8.266470+0.858610j,-2.640327+1.021652j,45.440312
-0.000361+0.000026j,8.271378+0.858683j,-2.641962+1.021631j,45.494022
-0.000361+0.000026j,8.271378+0.858683j,-2.641962+1.021631j,45.494022
-0.000361+0.000026j,8.271378+0.858683j,-2.641962+1.021631j,45.494022
-0.000361+0.000026j,8.271378+0.858683j,-2.641962+1.021631j,45.494023
-0.000361+0.000026j,8.271378+0.858683j,-2.641962+1.021631j,45.494025
-0.000361+0.000026j,8.271379+0.858683j,-2.641962+1.021631j,45.494034
-0.000361+0.000026j,8.271383+0.858684j,-2.641963+1.021631j,45.494075
-0.000361+0.000026j,8.271400+0.858684j,-2.641969+1.021631j,45.494259
-0.000361+0.000026j,8.271476+0.858685j,-2.641994+1.021631j,45.495090
-0.000361+0.000026j,8.271818+0.858690j,-2.642108+1.021629j,45.498827
-0.000360+0.000026j,8.273358+0.858713j,-2.642621+1.021623j,45.515657
-0.000357+0.000026j,8.280286+0.858816j,-2.644929+1.021594j,45.591620
-0.000350+0.000026j,8.300660+0.859119j,-2.651716+1.021508j,45.817102
-0.000343+0.000025j,8.320983+0.859420j,-2.658486+1.021423j,46.042577
-0.000336+0.000025j,8.341257+0.859718j,-2.665239+1.021338j,46.268045
-0.000330+0.000025j,8.361481+0.860014j,-2.671976+1.021254j,46.493506
-0.000323+0.000024j,8.381656+0.860309j,-2.678697+1.021171j,46.718960
-0.000317+0.000024j,8.401782+0.860601j,-2.685401+1.021087j,46.944407
-0.000310+0.000023j,8.421859+0.860890j,-2.692090+1.021005j,47.169848
-0.000304+0.000023j,8.441888+0.861178j,-2.698762+1.020922j,47.395282
-0.000298+0.000023j,8.461870+0.861464j,-2.705418+1.020841j,47.620709
-0.000292+0.000022j,8.481803+0.861748j,-2.712059+1.020759j,47.846129
-0.000286+0.000022j,8.501690+0.862030j,-2.718684+1.020678j,48.071543
-0.000281+0.000022j,8.521530+0.862310j,-2.725293+1.020598j,48.296950
-0.000275+0.000021j,8.541323+0.862588j,-2.731887+1.020518j,48.522351
-0.000270+0.000021j,8.561070+0.862864j,-2.738466+1.020438j,48.747745
-0.000264+0.000021j,8.581478+0.863148j,-2.745265+1.020356j,48.981327
-0.000259+0.000020j,8.601838+0.863429j,-2.752048+1.020275j,49.214901
-0.000254+0.000020j,8.622149+0.863709j,-2.758814+1.020194j,49.448468
-0.000249+0.000020j,8.642412+0.863987j,-2.765565+1.020113j,49.682029
-0.000244+0.000019j,8.662627+0.864263j,-2.772300+1.020033j,49.915582
-0.000239+0.000019j,8.682795+0.864537j,-2.779019+1.019954j,50.149129
-0.000234+0.000019j,8.702915+0.864810j,-2.785722+1.019875j,50.382669
-0.000231+0.000018j,8.717296+0.865003j,-2.790513+1.019818j,50.549388
