0.861948-0.172371j,0.444534-3.193861j,0.444534+9.372510j,0.000000
0.861948-0.172371j,0.444534-3.193861j,0.444534+9.372510j,0.000000
0.861948-0.172371j,0.444534-3.193861j,0.444534+9.372510j,0.000000
0.861948-0.172371j,0.444534-3.193861j,0.444534+9.372510j,0.000000
0.861948-0.172371j,0.444534-3.193861j,0.444534+9.372510j,0.000000
0.861948-0.172371j,0.444534-3.193861j,0.444534+9.372510j,0.000001
0.861948-0.172372j,0.444534-3.193861j,0.444534+9.372510j,0.000005
0.861948-0.172373j,0.444534-3.193861j,0.444534+9.372509j,0.000024
0.861947-0.172378j,0.444534-3.193863j,0.444534+9.372507j,0.000107
0.861941-0.172404j,0.444534-3.193871j,0.444534+9.372500j,0.000480
0.861918-0.172519j,0.444531-3.193907j,0.444531+9.372464j,0.002162
0.861810-0.173038j,0.444519-3.194066j,0.444519+9.372305j,0.009729
0.861324-0.175369j,0.444465-3.194784j,0.444465+9.371587j,0.043780
0.859055-0.185844j,0.444213-3.198014j,0.444213+9.368357j,0.197012
0.856268-0.197945j,0.443904-3.201758j,0.443904+9.364613j,0.374571
0.853310-0.210004j,0.443577-3.205502j,0.443577+9.360869j,0.552129
0.850182-0.222019j,0.443231-3.209246j,0.443231+9.357125j,0.729688
0.846885-0.233988j,0.442867-3.212991j,0.442867+9.353380j,0.907246
0.843419-0.245908j,0.442484-3.216737j,0.442484+9.349634j,1.084805
0.839786-0.257776j,0.442083-3.220483j,0.442083+9.345888j,1.262363
0.835986-0.269591j,0.441663-3.224230j,0.441663+9.342141j,1.439922
0.832019-0.281351j,0.441225-3.227978j,0.441225+9.338393j,1.617481
0.827887-0.293052j,0.440768-3.231726j,0.440768+9.334644j,1.795039
0.823591-0.304692j,0.440293-3.235476j,0.440293+9.330895j,1.972598
0.819131-0.316269j,0.439799-3.239226j,0.439799+9.327145j,2.150156
0.814508-0.327782j,0.439287-3.242977j,0.439287+9.323394j,2.327715
0.809724-0.339226j,0.438756-3.246729j,0.438756+9.319641j,2.505273
0.804779-0.350601j,0.438206-3.250482j,0.438206+9.315888j,2.682832
0.799674-0.361904j,0.437638-3.254237j,0.437638+9.312134j,2.860390
0.794410-0.373133j,0.437051-3.257992j,0.437051+9.308378j,3.037949
0.788989-0.384285j,0.436445-3.261749j,0.436445+9.304622j,3.215507
0.783411-0.395359j,0.435821-3.265507j,0.435821+9.300864j,3.393066
0.777678-0.406352j,0.435178-3.269266j,0.435178+9.297105j,3.570624
0.771790-0.417261j,0.434516-3.273026j,0.434516+9.293344j,3.748183
0.765750-0.428086j,0.433835-3.276788j,0.433835+9.289583j,3.925741
0.759558-0.438823j,0.433135-3.280551j,0.433135+9.285819j,4.103300
0.753215-0.449470j,0.432417-3.284316j,0.432417+9.282054j,4.280858
0.746723-0.460026j,0.431679-3.288082j,0.431679+9.278288j,4.458417
0.740083-0.470488j,0.430923-3.291850j,0.430923+9.274520j,4.635975
0.733297-0.480855j,0.430147-3.295620j,0.430147+9.270751j,4.813534
0.726365-0.491123j,0.429353-3.299391j,0.429353+9.266979j,4.991092
0.726006-0.491646j,0.429311-3.299584j,0.429311+9.266786j,5.000179
0.726006-0.491646j,0.429311-3.299584j,0.429311+9.266786j,5.000179
0.726006-0.491646j,0.429311-3.299584j,0.429311+9.266786j,5.000179
0.726006-0.491646j,0.429311-3.299584j,0.429311+9.266786j,5.000179
0.726006-0.491646j,0.429311-3.299584j,0.429311+9.266786j,5.000179
0.726006-0.491646j,0.429311-3.299584j,0.429311+9.266786j,5.000180
0.726006-0.491646j,0.429311-3.299584j,0.429311+9.266786j,5.000184
0.726005-0.491647j,0.429311-3.299585j,0.429311+9.266786j,5.000203
0.726002-0.491652j,0.429311-3.299586j,0.429311+9.266784j,5.000286
0.725987-0.491674j,0.429309-3.299594j,0.429309+9.266776j,5.000659
0.725921-0.491770j,0.429302-3.299630j,0.429302+9.266740j,5.002341
0.725622-0.492206j,0.429267-3.299791j,0.429267+9.266580j,5.009908
0.724273-0.494161j,0.429112-3.300514j,0.429112+9.265856j,5.043959
0.718139-0.502917j,0.428407-3.303771j,0.428407+9.262600j,5.197191
0.710897-0.512970j,0.427571-3.307547j,0.427571+9.258824j,5.374797
0.703514-0.522919j,0.426715-3.311325j,0.426715+9.255046j,5.552403
0.695991-0.532761j,0.425841-3.315105j,0.425841+9.251266j,5.730009
0.688331-0.542496j,0.424947-3.318887j,0.424947+9.247484j,5.907614
0.680535-0.552120j,0.424035-3.322671j,0.424035+9.243700j,6.085220
0.672605-0.561632j,0.423102-3.326457j,0.423102+9.239914j,6.262826
0.664541-0.571030j,0.422151-3.330245j,0.422151+9.236125j,6.440432
0.656347-0.580313j,0.421180-3.334036j,0.421180+9.232335j,6.618038
0.648022-0.589478j,0.420189-3.337829j,0.420189+9.228542j,6.795643
0.639570-0.598524j,0.419180-3.341624j,0.419180+9.224747j,6.973249
0.630992-0.607449j,0.418150-3.345421j,0.418150+9.220949j,7.150855
0.622289-0.616250j,0.417101-3.349222j,0.417101+9.217149j,7.328461
0.613463-0.624927j,0.416032-3.353024j,0.416032+9.213346j,7.506066
0.604516-0.633478j,0.414944-3.356830j,0.414944+9.209541j,7.683672
0.595450-0.641901j,0.413836-3.360637j,0.413836+9.205733j,7.861278
0.586267-0.650194j,0.412708-3.364448j,0.412708+9.201922j,8.038884
0.576969-0.658355j,0.411560-3.368262j,0.411560+9.198109j,8.216490
0.567556-0.666384j,0.410392-3.372078j,0.410392+9.194292j,8.394095
0.558033-0.674278j,0.409205-3.375898j,0.409205+9.190473j,8.571701
0.548399-0.682036j,0.407997-3.379720j,0.407997+9.186650j,8.749307
0.538658-0.689657j,0.406769-3.383546j,0.406769+9.182825j,8.926913
0.528810-0.697138j,0.405521-3.387375j,0.405521+9.178996j,9.104519
0.518859-0.704479j,0.404253-3.391207j,0.404253+9.175164j,9.282124
0.508806-0.711678j,0.402965-3.395042j,0.402965+9.171328j,9.459730
0.498654-0.718734j,0.401656-3.398881j,0.401656+9.167490j,9.637336
0.488403-0.725644j,0.400327-3.402723j,0.400327+9.163647j,9.814942
0.478057-0.732409j,0.398978-3.406569j,0.398978+9.159801j,9.992547
0.477600-0.732703j,0.398918-3.406739j,0.398918+9.159632j,10.000358
0.477600-0.732703j,0.398918-3.406739j,0.398918+9.159632j,10.000358
0.477600-0.732703j,0.398918-3.406739j,0.398918+9.159632j,10.000358
0.477600-0.732703j,0.398918-3.406739j,0.398918+9.159632j,10.000358
0.477600-0.732703j,0.398918-3.406739j,0.398918+9.159632j,10.000358
0.477600-0.732703j,0.398918-3.406739j,0.398918+9.159632j,10.000359
0.477599-0.732703j,0.398918-3.406739j,0.398918+9.159632j,10.000363
0.477598-0.732704j,0.398918-3.406739j,0.398918+9.159632j,10.000381
0.477593-0.732707j,0.398917-3.406741j,0.398917+9.159630j,10.000465
0.477571-0.732721j,0.398915-3.406749j,0.398915+9.159622j,10.000838
0.477473-0.732784j,0.398902-3.406785j,0.398902+9.159585j,10.002520
0.477030-0.733069j,0.398844-3.406949j,0.398844+9.159421j,10.010087
0.475034-0.734346j,0.398582-3.407687j,0.398582+9.158683j,10.044137
0.466009-0.740027j,0.397396-3.411009j,0.397396+9.155361j,10.197370
0.455461-0.746474j,0.396003-3.414864j,0.396003+9.151506j,10.375023
0.444823-0.752770j,0.394588-3.418723j,0.394588+9.147647j,10.552676
0.434099-0.758915j,0.393153-3.422586j,0.393153+9.143785j,10.730329
0.423290-0.764908j,0.391697-3.426453j,0.391697+9.139918j,10.907983
0.412398-0.770746j,0.390220-3.430324j,0.390220+9.136047j,11.085636
0.401426-0.776430j,0.388722-3.434199j,0.388722+9.132172j,11.263289
0.390376-0.781957j,0.387204-3.438078j,0.387204+9.128292j,11.440942
0.379249-0.787327j,0.385664-3.441962j,0.385664+9.124408j,11.618595
0.368049-0.792539j,0.384103-3.445851j,0.384103+9.120520j,11.796248
0.356777-0.797591j,0.382521-3.449744j,0.382521+9.116627j,11.973901
0.345436-0.802483j,0.380918-3.453641j,0.380918+9.112729j,12.151554
0.334028-0.807214j,0.379293-3.457544j,0.379293+9.108827j,12.329207
0.322555-0.811783j,0.377648-3.461451j,0.377648+9.104919j,12.506860
0.311020-0.816189j,0.375980-3.465364j,0.375980+9.101007j,12.684513
0.299425-0.820431j,0.374291-3.469281j,0.374291+9.097089j,12.862166
0.287771-0.824508j,0.372581-3.473204j,0.372581+9.093166j,13.039820
0.276063-0.828420j,0.370849-3.477132j,0.370849+9.089238j,13.217473
0.264301-0.832165j,0.369095-3.481066j,0.369095+9.085305j,13.395126
0.252489-0.835744j,0.367319-3.485005j,0.367319+9.081365j,13.572779
0.240628-0.839155j,0.365521-3.488950j,0.365521+9.077421j,13.750432
0.228722-0.842397j,0.363701-3.492901j,0.363701+9.073470j,13.928085
0.216771-0.845471j,0.361859-3.496857j,0.361859+9.069513j,14.105738
0.204780-0.848375j,0.359996-3.500820j,0.359996+9.065551j,14.283391
0.192750-0.851109j,0.358109-3.504789j,0.358109+9.061582j,14.461044
0.180683-0.853673j,0.356201-3.508764j,0.356201+9.057606j,14.638697
0.168583-0.856065j,0.354270-3.512746j,0.354270+9.053625j,14.816350
0.156451-0.858287j,0.352316-3.516734j,0.352316+9.049637j,14.994003
0.156004-0.858365j,0.352244-3.516881j,0.352244+9.049490j,15.000537
0.156004-0.858365j,0.352244-3.516881j,0.352244+9.049490j,15.000537
0.156004-0.858365j,0.352244-3.516881j,0.352244+9.049490j,15.000537
0.156004-0.858365j,0.352244-3.516881j,0.352244+9.049490j,15.000537
0.156004-0.858365j,0.352244-3.516881j,0.352244+9.049490j,15.000537
0.156004-0.858365j,0.352244-3.516881j,0.352244+9.049490j,15.000538
0.156004-0.858365j,0.352244-3.516881j,0.352244+9.049490j,15.000542
0.156002-0.858365j,0.352244-3.516881j,0.352244+9.049489j,15.000560
0.155997-0.858366j,0.352243-3.516883j,0.352243+9.049487j,15.000644
0.155971-0.858371j,0.352239-3.516892j,0.352239+9.049479j,15.001017
0.155856-0.858391j,0.352220-3.516929j,0.352220+9.049441j,15.002699
0.155339-0.858481j,0.352136-3.517100j,0.352136+9.049271j,15.010266
0.153009-0.858884j,0.351759-3.517865j,0.351759+9.048506j,15.044316
0.142515-0.860620j,0.350051-3.521312j,0.350051+9.045059j,15.197549
0.130320-0.862472j,0.348048-3.525316j,0.348048+9.041055j,15.375249
0.118101-0.864152j,0.346023-3.529327j,0.346023+9.037044j,15.552950
0.105861-0.865658j,0.343975-3.533345j,0.343975+9.033026j,15.730650
0.093602-0.866991j,0.341904-3.537370j,0.341904+9.029000j,15.908350
0.081326-0.868150j,0.339810-3.541403j,0.339810+9.024967j,16.086051
0.069037-0.869136j,0.337693-3.545444j,0.337693+9.020927j,16.263751
0.056736-0.869948j,0.335552-3.549492j,0.335552+9.016878j,16.441451
0.044425-0.870586j,0.333389-3.553549j,0.333389+9.012822j,16.619151
0.032108-0.871049j,0.331202-3.557613j,0.331202+9.008757j,16.796852
0.019787-0.871338j,0.328991-3.561686j,0.328991+9.004685j,16.974552
0.007464-0.871453j,0.326757-3.565767j,0.326757+9.000603j,17.152252
-0.004859-0.871394j,0.324500-3.569857j,0.324500+8.996514j,17.329952
-0.017178-0.871161j,0.322219-3.573956j,0.322219+8.992415j,17.507653
-0.029491-0.870753j,0.319914-3.578063j,0.319914+8.988307j,17.685353
-0.041797-0.870171j,0.317585-3.582180j,0.317585+8.984190j,17.863053
-0.054092-0.869416j,0.315232-3.586306j,0.315232+8.980064j,18.040754
-0.066374-0.868487j,0.312855-3.590442j,0.312855+8.975929j,18.218454
-0.078640-0.867384j,0.310454-3.594588j,0.310454+8.971783j,18.396154
-0.090889-0.866108j,0.308029-3.598743j,0.308029+8.967628j,18.573854
-0.103117-0.864659j,0.305579-3.602909j,0.305579+8.963462j,18.751555
-0.115323-0.863038j,0.303105-3.607085j,0.303105+8.959286j,18.929255
-0.127503-0.861244j,0.300607-3.611271j,0.300607+8.955099j,19.106955
-0.139655-0.859279j,0.298084-3.615468j,0.298084+8.950902j,19.284656
-0.151778-0.857142j,0.295536-3.619677j,0.295536+8.946694j,19.462356
-0.163868-0.854834j,0.292964-3.623896j,0.292964+8.942474j,19.640056
-0.175923-0.852356j,0.290366-3.628127j,0.290366+8.938243j,19.817756
-0.187940-0.849707j,0.287744-3.632370j,0.287744+8.934001j,19.995457
-0.188295-0.849626j,0.287666-3.632496j,0.287666+8.933875j,20.000716
-0.188295-0.849626j,0.287666-3.632496j,0.287666+8.933875j,20.000716
-0.188295-0.849626j,0.287666-3.632496j,0.287666+8.933875j,20.000716
-0.188295-0.849626j,0.287666-3.632496j,0.287666+8.933875j,20.000716
-0.188295-0.849626j,0.287666-3.632496j,0.287666+8.933875j,20.000716
-0.188295-0.849626j,0.287666-3.632496j,0.287666+8.933875j,20.000717
-0.188296-0.849626j,0.287666-3.632496j,0.287666+8.933875j,20.000721
-0.188297-0.849626j,0.287666-3.632496j,0.287666+8.933874j,20.000740
-0.188303-0.849624j,0.287665-3.632498j,0.287665+8.933872j,20.000823
-0.188328-0.849619j,0.287659-3.632507j,0.287659+8.933863j,20.001196
-0.188441-0.849593j,0.287634-3.632548j,0.287634+8.933823j,20.002878
-0.188952-0.849476j,0.287522-3.632728j,0.287522+8.933642j,20.010445
-0.191250-0.848946j,0.287016-3.633543j,0.287016+8.932828j,20.044495
-0.201571-0.846486j,0.284729-3.637214j,0.284729+8.929157j,20.197728
-0.213504-0.843475j,0.282053-3.641484j,0.282053+8.924887j,20.375476
-0.225393-0.840297j,0.279352-3.645766j,0.279352+8.920605j,20.553224
-0.237234-0.836950j,0.276625-3.650061j,0.276625+8.916310j,20.730971
-0.249025-0.833437j,0.273873-3.654368j,0.273873+8.912002j,20.908719
-0.260765-0.829757j,0.271096-3.658689j,0.271096+8.907681j,21.086467
-0.272450-0.825913j,0.268294-3.663024j,0.268294+8.903347j,21.264215
-0.284079-0.821903j,0.265466-3.667372j,0.265466+8.898999j,21.441962
-0.295648-0.817730j,0.262612-3.671734j,0.262612+8.894636j,21.619710
-0.307157-0.813395j,0.259733-3.676111j,0.259733+8.890260j,21.797458
-0.318602-0.808897j,0.256828-3.680502j,0.256828+8.885869j,21.975206
-0.329981-0.804238j,0.253897-3.684908j,0.253897+8.881463j,22.152953
-0.341293-0.799419j,0.250941-3.689329j,0.250941+8.877041j,22.330701
-0.352534-0.794441j,0.247959-3.693766j,0.247959+8.872605j,22.508449
-0.363702-0.789306j,0.244950-3.698218j,0.244950+8.868152j,22.686196
-0.374796-0.784013j,0.241916-3.702687j,0.241916+8.863684j,22.863944
-0.385812-0.778564j,0.238856-3.707172j,0.238856+8.859199j,23.041692
-0.396750-0.772960j,0.235770-3.711674j,0.235770+8.854697j,23.219440
-0.407606-0.767203j,0.232658-3.716192j,0.232658+8.850178j,23.397187
-0.418379-0.761294j,0.229520-3.720729j,0.229520+8.845642j,23.574935
-0.429066-0.755233j,0.226356-3.725282j,0.226356+8.841088j,23.752683
-0.439666-0.749022j,0.223165-3.729854j,0.223165+8.836516j,23.930431
-0.450176-0.742663j,0.219949-3.734445j,0.219949+8.831926j,24.108178
-0.460593-0.736156j,0.216706-3.739054j,0.216706+8.827317j,24.285926
-0.470917-0.729503j,0.213437-3.743682j,0.213437+8.822688j,24.463674
-0.481145-0.722705j,0.210142-3.748330j,0.210142+8.818040j,24.641422
-0.491274-0.715764j,0.206821-3.752998j,0.206821+8.813373j,24.819169
-0.501304-0.708681j,0.203474-3.757686j,0.203474+8.808685j,24.996917
-0.501527-0.708521j,0.203399-3.757791j,0.203399+8.808579j,25.000895
-0.501527-0.708521j,0.203399-3.757791j,0.203399+8.808579j,25.000895
-0.501527-0.708521j,0.203399-3.757791j,0.203399+8.808579j,25.000895
-0.501527-0.708521j,0.203399-3.757791j,0.203399+8.808579j,25.000895
-0.501527-0.708520j,0.203399-3.757791j,0.203399+8.808579j,25.000895
-0.501527-0.708520j,0.203399-3.757791j,0.203399+8.808579j,25.000896
-0.501527-0.708520j,0.203399-3.757791j,0.203399+8.808579j,25.000900
-0.501528-0.708520j,0.203398-3.757792j,0.203398+8.808579j,25.000919
-0.501533-0.708516j,0.203397-3.757794j,0.203397+8.808577j,25.001002
-0.501554-0.708501j,0.203390-3.757804j,0.203390+8.808567j,25.001375
-0.501648-0.708433j,0.203358-3.757848j,0.203358+8.808522j,25.003057
-0.502073-0.708129j,0.203215-3.758048j,0.203215+8.808322j,25.010624
-0.503981-0.706753j,0.202570-3.758949j,0.202570+8.807422j,25.044675
-0.512522-0.700502j,0.199658-3.763012j,0.199658+8.803359j,25.197907
-0.522334-0.693119j,0.196254-3.767746j,0.196254+8.798625j,25.375702
-0.532040-0.685599j,0.192824-3.772501j,0.192824+8.793870j,25.553498
-0.541638-0.677943j,0.189368-3.777278j,0.189368+8.789093j,25.731293
-0.551126-0.670153j,0.185886-3.782077j,0.185886+8.784294j,25.909088
-0.560501-0.662230j,0.182378-3.786899j,0.182378+8.779472j,26.086883
-0.569763-0.654176j,0.178844-3.791744j,0.178844+8.774627j,26.264678
-0.578909-0.645992j,0.175284-3.796612j,0.175284+8.769758j,26.442473
-0.587938-0.637681j,0.171699-3.801505j,0.171699+8.764866j,26.620268
-0.596847-0.629243j,0.168088-3.806422j,0.168088+8.759949j,26.798063
-0.605636-0.620681j,0.164451-3.811363j,0.164451+8.755007j,26.975858
-0.614301-0.611996j,0.160789-3.816330j,0.160789+8.750040j,27.153653
-0.622842-0.603191j,0.157101-3.821323j,0.157101+8.745048j,27.331448
-0.631257-0.594266j,0.153388-3.826341j,0.153388+8.740029j,27.509244
-0.639544-0.585224j,0.149650-3.831387j,0.149650+8.734984j,27.687039
-0.647701-0.576066j,0.145887-3.836459j,0.145887+8.729912j,27.864834
-0.655728-0.566795j,0.142099-3.841558j,0.142099+8.724812j,28.042629
-0.663622-0.557411j,0.138287-3.846686j,0.138287+8.719685j,28.220424
-0.671381-0.547918j,0.134450-3.851842j,0.134450+8.714529j,28.398219
-0.679005-0.538317j,0.130588-3.857027j,0.130588+8.709344j,28.576014
-0.686491-0.528610j,0.126703-3.862241j,0.126703+8.704130j,28.753809
-0.693839-0.518799j,0.122793-3.867485j,0.122793+8.698886j,28.931604
-0.701047-0.508886j,0.118860-3.872759j,0.118860+8.693612j,29.109399
-0.708113-0.498873j,0.114904-3.878063j,0.114904+8.688307j,29.287194
-0.715036-0.488761j,0.110924-3.883399j,0.110924+8.682971j,29.464989
-0.721815-0.478554j,0.106921-3.888767j,0.106921+8.677604j,29.642785
-0.728448-0.468253j,0.102895-3.894167j,0.102895+8.672204j,29.820580
-0.734934-0.457860j,0.098847-3.899599j,0.098847+8.666772j,29.998375
-0.735031-0.457701j,0.098785-3.899682j,0.098785+8.666689j,30.001074
-0.735031-0.457701j,0.098785-3.899682j,0.098785+8.666689j,30.001074
-0.735031-0.457701j,0.098785-3.899682j,0.098785+8.666689j,30.001074
-0.735031-0.457701j,0.098785-3.899682j,0.098785+8.666689j,30.001074
-0.735031-0.457701j,0.098785-3.899682j,0.098785+8.666689j,30.001074
-0.735031-0.457701j,0.098785-3.899682j,0.098785+8.666689j,30.001075
-0.735031-0.457701j,0.098785-3.899682j,0.098785+8.666689j,30.001079
-0.735032-0.457700j,0.098785-3.899682j,0.098785+8.666688j,30.001098
-0.735035-0.457695j,0.098783-3.899685j,0.098783+8.666686j,30.001181
-0.735048-0.457673j,0.098774-3.899696j,0.098774+8.666674j,30.001555
-0.735109-0.457574j,0.098736-3.899748j,0.098736+8.666623j,30.003236
-0.735382-0.457130j,0.098563-3.899980j,0.098563+8.666391j,30.010803
-0.736605-0.455128j,0.097785-3.901024j,0.097785+8.665346j,30.044854
-0.742042-0.446078j,0.094274-3.905740j,0.094274+8.660630j,30.198087
-0.748214-0.435494j,0.090178-3.911245j,0.090178+8.655126j,30.375929
-0.754234-0.424825j,0.086060-3.916783j,0.086060+8.649587j,30.553772
-0.760103-0.414072j,0.081922-3.922356j,0.081922+8.644014j,30.731614
-0.765818-0.403238j,0.077763-3.927964j,0.077763+8.638406j,30.909457
-0.771379-0.392326j,0.073583-3.933608j,0.073583+8.632763j,31.087299
-0.776784-0.381337j,0.069383-3.939287j,0.069383+8.627084j,31.265142
-0.782033-0.370273j,0.065164-3.945002j,0.065164+8.621368j,31.442985
-0.787124-0.359138j,0.060925-3.950755j,0.060925+8.615616j,31.620827
-0.792057-0.347932j,0.056668-3.956544j,0.056668+8.609826j,31.798670
-0.796830-0.336659j,0.052392-3.962372j,0.052392+8.603999j,31.976512
-0.801442-0.325320j,0.048098-3.968237j,0.048098+8.598134j,32.154355
-0.805894-0.313918j,0.043787-3.974141j,0.043787+8.592230j,32.332197
-0.810183-0.302456j,0.039459-3.980083j,0.039459+8.586287j,32.510040
-0.814310-0.290935j,0.035114-3.986065j,0.035114+8.580305j,32.687883
-0.818272-0.279357j,0.030753-3.992087j,0.030753+8.574284j,32.865725
-0.822070-0.267726j,0.026377-3.998148j,0.026377+8.568222j,33.043568
-0.825703-0.256043j,0.021985-4.004251j,0.021985+8.562120j,33.221410
-0.829169-0.244311j,0.017580-4.010393j,0.017580+8.555977j,33.399253
-0.832469-0.232533j,0.013160-4.016578j,0.013160+8.549793j,33.577095
-0.835602-0.220709j,0.008727-4.022803j,0.008727+8.543568j,33.754938
-0.838567-0.208844j,0.004282-4.029070j,0.004282+8.537300j,33.932781
-0.841363-0.196939j,-0.000176-4.035380j,-0.000176+8.530991j,34.110623
-0.843990-0.184997j,-0.004645-4.041732j,-0.004645+8.524639j,34.288466
-0.846448-0.173019j,-0.009125-4.048127j,-0.009125+8.518244j,34.466308
-0.848736-0.161010j,-0.013616-4.054564j,-0.013616+8.511806j,34.644151
-0.850854-0.148970j,-0.018116-4.061045j,-0.018116+8.505326j,34.821993
-0.852800-0.136902j,-0.022625-4.067569j,-0.022625+8.498801j,34.999836
-0.852815-0.136806j,-0.022660-4.067621j,-0.022660+8.498749j,35.001254
-0.852815-0.136806j,-0.022660-4.067621j,-0.022660+8.498749j,35.001254
-0.852815-0.136806j,-0.022660-4.067621j,-0.022660+8.498749j,35.001254
-0.852815-0.136806j,-0.022660-4.067621j,-0.022660+8.498749j,35.001254
-0.852815-0.136806j,-0.022661-4.067621j,-0.022661+8.498749j,35.001254
-0.852815-0.136806j,-0.022661-4.067622j,-0.022661+8.498749j,35.001255
-0.852815-0.136805j,-0.022661-4.067622j,-0.022661+8.498749j,35.001259
-0.852816-0.136804j,-0.022661-4.067622j,-0.022661+8.498748j,35.001277
-0.852816-0.136799j,-0.022663-4.067625j,-0.022663+8.498745j,35.001360
-0.852820-0.136773j,-0.022673-4.067639j,-0.022673+8.498731j,35.001734
-0.852838-0.136659j,-0.022715-4.067701j,-0.022715+8.498670j,35.003415
-0.852917-0.136145j,-0.022907-4.067980j,-0.022907+8.498391j,35.010982
-0.853268-0.133831j,-0.023772-4.069234j,-0.023772+8.497136j,35.045033
-0.854771-0.123408j,-0.027665-4.074901j,-0.027665+8.491470j,35.198266
-0.856355-0.111286j,-0.032192-4.081519j,-0.032192+8.484851j,35.376156
-0.857768-0.099145j,-0.036726-4.088182j,-0.036726+8.478188j,35.554046
-0.859009-0.086986j,-0.041266-4.094890j,-0.041266+8.471481j,35.731936
-0.860078-0.074811j,-0.045812-4.101641j,-0.045812+8.464729j,35.909827
-0.860974-0.062624j,-0.050363-4.108438j,-0.050363+8.457933j,36.087717
-0.861697-0.050426j,-0.054918-4.115279j,-0.054918+8.451092j,36.265607
-0.862247-0.038221j,-0.059476-4.122165j,-0.059476+8.444206j,36.443497
-0.862625-0.026010j,-0.064037-4.129095j,-0.064037+8.437275j,36.621387
-0.862830-0.013795j,-0.068600-4.136071j,-0.068600+8.430299j,36.799278
-0.862862-0.001581j,-0.073165-4.143092j,-0.073165+8.423279j,36.977168
-0.862721+0.010632j,-0.077730-4.150158j,-0.077730+8.416213j,37.155058
-0.862407+0.022841j,-0.082295-4.157269j,-0.082295+8.409102j,37.332948
-0.861920+0.035042j,-0.086859-4.164425j,-0.086859+8.401946j,37.510838
-0.861261+0.047235j,-0.091422-4.171626j,-0.091422+8.394745j,37.688728
-0.860429+0.059416j,-0.095983-4.178871j,-0.095983+8.387499j,37.866619
-0.859425+0.071583j,-0.100541-4.186162j,-0.100541+8.380208j,38.044509
-0.858249+0.083733j,-0.105095-4.193498j,-0.105095+8.372873j,38.222399
-0.856902+0.095864j,-0.109645-4.200878j,-0.109645+8.365493j,38.400289
-0.855383+0.107974j,-0.114190-4.208303j,-0.114190+8.358068j,38.578179
-0.853692+0.120061j,-0.118729-4.215772j,-0.118729+8.350599j,38.756070
-0.851831+0.132121j,-0.123262-4.223285j,-0.123262+8.343085j,38.933960
-0.849800+0.144152j,-0.127788-4.230843j,-0.127788+8.335528j,39.111850
-0.847599+0.156152j,-0.132307-4.238444j,-0.132307+8.327926j,39.289740
-0.845228+0.168119j,-0.136817-4.246090j,-0.136817+8.320281j,39.467630
-0.842689+0.180051j,-0.141318-4.253778j,-0.141318+8.312592j,39.645520
-0.839981+0.191943j,-0.145809-4.261510j,-0.145809+8.304861j,39.823411
-0.837105+0.203796j,-0.150290-4.269285j,-0.150290+8.297086j,40.001301
-0.837103+0.203805j,-0.150294-4.269291j,-0.150294+8.297080j,40.001433
-0.837103+0.203805j,-0.150294-4.269291j,-0.150294+8.297080j,40.001433
-0.837103+0.203805j,-0.150294-4.269291j,-0.150294+8.297080j,40.001433
-0.837103+0.203805j,-0.150294-4.269291j,-0.150294+8.297080j,40.001433
-0.837103+0.203805j,-0.150294-4.269291j,-0.150294+8.297080j,40.001433
-0.837103+0.203805j,-0.150294-4.269291j,-0.150294+8.297080j,40.001434
-0.837103+0.203805j,-0.150294-4.269291j,-0.150294+8.297080j,40.001438
-0.837102+0.203806j,-0.150294-4.269292j,-0.150294+8.297079j,40.001457
-0.837101+0.203812j,-0.150296-4.269295j,-0.150296+8.297075j,40.001540
-0.837095+0.203837j,-0.150306-4.269312j,-0.150306+8.297059j,40.001913
-0.837067+0.203948j,-0.150348-4.269385j,-0.150348+8.296985j,40.003595
-0.836941+0.204452j,-0.150539-4.269717j,-0.150539+8.296654j,40.011162
-0.836369+0.206715j,-0.151395-4.271211j,-0.151395+8.295160j,40.045213
-0.833723+0.216881j,-0.155244-4.277951j,-0.155244+8.288420j,40.198445
-0.830494+0.228643j,-0.159703-4.285817j,-0.159703+8.280553j,40.376383
-0.827100+0.240357j,-0.164149-4.293726j,-0.164149+8.272645j,40.554321
-0.823540+0.252021j,-0.168583-4.301676j,-0.168583+8.264694j,40.732259
-0.819816+0.263633j,-0.173003-4.309668j,-0.173003+8.256702j,40.910197
-0.815929+0.275189j,-0.177410-4.317701j,-0.177410+8.248670j,41.088135
-0.811878+0.286688j,-0.181802-4.325775j,-0.181802+8.240596j,41.266072
-0.807666+0.298128j,-0.186179-4.333889j,-0.186179+8.232482j,41.444010
-0.803292+0.309506j,-0.190540-4.342043j,-0.190540+8.224328j,41.621948
-0.798758+0.320820j,-0.194886-4.350236j,-0.194886+8.216134j,41.799886
-0.794065+0.332067j,-0.199215-4.358469j,-0.199215+8.207902j,41.977824
-0.789213+0.343246j,-0.203527-4.366741j,-0.203527+8.199630j,42.155762
-0.784204+0.354354j,-0.207821-4.375051j,-0.207821+8.191320j,42.333700
-0.779039+0.365389j,-0.212098-4.383399j,-0.212098+8.182972j,42.511637
-0.773718+0.376349j,-0.216356-4.391784j,-0.216356+8.174586j,42.689575
-0.768244+0.387232j,-0.220595-4.400207j,-0.220595+8.166163j,42.867513
-0.762616+0.398034j,-0.224815-4.408667j,-0.224815+8.157704j,43.045451
-0.756836+0.408756j,-0.229015-4.417162j,-0.229015+8.149208j,43.223389
-0.750906+0.419393j,-0.233196-4.425694j,-0.233196+8.140677j,43.401327
-0.744826+0.429944j,-0.237356-4.434261j,-0.237356+8.132110j,43.579264
-0.738598+0.440408j,-0.241495-4.442862j,-0.241495+8.123508j,43.757202
-0.732223+0.450781j,-0.245613-4.451498j,-0.245613+8.114872j,43.935140
-0.725703+0.461062j,-0.249709-4.460169j,-0.249709+8.106202j,44.113078
-0.719038+0.471248j,-0.253784-4.468872j,-0.253784+8.097498j,44.291016
-0.712230+0.481339j,-0.257837-4.477609j,-0.257837+8.088762j,44.468954
-0.705281+0.491331j,-0.261867-4.486378j,-0.261867+8.079992j,44.646892
-0.698191+0.501223j,-0.265875-4.495180j,-0.265875+8.071191j,44.824829
-0.691010+0.510949j,-0.269834-4.503955j,-0.269834+8.062415j,45.001612
-0.691010+0.510949j,-0.269834-4.503955j,-0.269834+8.062415j,45.001612
-0.691010+0.510949j,-0.269834-4.503955j,-0.269834+8.062415j,45.001612
-0.691010+0.510949j,-0.269834-4.503955j,-0.269834+8.062415j,45.001612
-0.691010+0.510949j,-0.269834-4.503955j,-0.269834+8.062415j,45.001613
-0.691010+0.510949j,-0.269834-4.503955j,-0.269834+8.062415j,45.001613
-0.691010+0.510949j,-0.269834-4.503955j,-0.269834+8.062415j,45.001618
-0.691009+0.510950j,-0.269835-4.503956j,-0.269835+8.062414j,45.001636
-0.691006+0.510955j,-0.269836-4.503960j,-0.269836+8.062410j,45.001719
-0.690991+0.510975j,-0.269845-4.503979j,-0.269845+8.062392j,45.002093
-0.690922+0.511067j,-0.269882-4.504063j,-0.269882+8.062308j,45.003774
-0.690611+0.511481j,-0.270051-4.504439j,-0.270051+8.061932j,45.011341
-0.689211+0.513342j,-0.270811-4.506133j,-0.270811+8.060237j,45.045392
-0.682848+0.521667j,-0.274219-4.513771j,-0.274219+8.052599j,45.198625
-0.675331+0.531238j,-0.278156-4.522672j,-0.278156+8.043699j,45.376610
-0.667680+0.540701j,-0.282070-4.531602j,-0.282070+8.034768j,45.554596
-0.659897+0.550053j,-0.285959-4.540563j,-0.285959+8.025808j,45.732582
-0.651982+0.559294j,-0.289824-4.549552j,-0.289824+8.016818j,45.910567
-0.643939+0.568421j,-0.293665-4.558571j,-0.293665+8.007800j,46.088553
-0.635767+0.577432j,-0.297482-4.567617j,-0.297482+7.998753j,46.266538
-0.627469+0.586326j,-0.301274-4.576692j,-0.301274+7.989678j,46.444524
-0.619048+0.595100j,-0.305041-4.585794j,-0.305041+7.980576j,46.622509
-0.610503+0.603754j,-0.308784-4.594924j,-0.308784+7.971447j,46.800495
-0.601837+0.612285j,-0.312501-4.604079j,-0.312501+7.962291j,46.978481
-0.593053+0.620691j,-0.316193-4.613261j,-0.316193+7.953109j,47.156466
-0.584151+0.628972j,-0.319860-4.622469j,-0.319860+7.943902j,47.334452
-0.575133+0.637125j,-0.323501-4.631701j,-0.323501+7.934669j,47.512437
-0.566001+0.645149j,-0.327117-4.640959j,-0.327117+7.925412j,47.690423
-0.556758+0.653042j,-0.330707-4.650241j,-0.330707+7.916130j,47.868409
-0.547405+0.660802j,-0.334272-4.659547j,-0.334272+7.906824j,48.046394
-0.537943+0.668429j,-0.337811-4.668876j,-0.337811+7.897494j,48.224380
-0.528376+0.675920j,-0.341324-4.678229j,-0.341324+7.888142j,48.402365
-0.518704+0.683274j,-0.344811-4.687604j,-0.344811+7.878767j,48.580351
-0.508930+0.690490j,-0.348273-4.697002j,-0.348273+7.869369j,48.758337
-0.499055+0.697566j,-0.351708-4.706421j,-0.351708+7.859949j,48.936322
-0.489082+0.704501j,-0.355117-4.715862j,-0.355117+7.850508j,49.114308
-0.479013+0.711294j,-0.358501-4.725324j,-0.358501+7.841046j,49.292293
-0.468849+0.717942j,-0.361858-4.734807j,-0.361858+7.831564j,49.470279
-0.458594+0.724446j,-0.365189-4.744310j,-0.365189+7.822060j,49.648264
-0.448248+0.730802j,-0.368494-4.753833j,-0.368494+7.812537j,49.826250
-0.437958+0.736927j,-0.371729-4.763245j,-0.371729+7.803125j,50.001792
-0.437958+0.736927j,-0.371729-4.763245j,-0.371729+7.803125j,50.001792
-0.437958+0.736927j,-0.371729-4.763245j,-0.371729+7.803125j,50.001792
-0.437958+0.736927j,-0.371729-4.763245j,-0.371729+7.803125j,50.001792
-0.437958+0.736927j,-0.371729-4.763245j,-0.371729+7.803125j,50.001792
-0.437958+0.736927j,-0.371729-4.763245j,-0.371729+7.803125j,50.001793
-0.437957+0.736928j,-0.371729-4.763245j,-0.371729+7.803125j,50.001797
-0.437956+0.736928j,-0.371729-4.763246j,-0.371729+7.803124j,50.001815
-0.437951+0.736931j,-0.371731-4.763251j,-0.371731+7.803120j,50.001898
-0.437929+0.736944j,-0.371737-4.763271j,-0.371737+7.803100j,50.002272
-0.437830+0.737002j,-0.371768-4.763361j,-0.371768+7.803009j,50.003954
-0.437385+0.737263j,-0.371907-4.763767j,-0.371907+7.802603j,50.011520
-0.435378+0.738432j,-0.372531-4.765595j,-0.372531+7.800775j,50.045571
-0.426309+0.743629j,-0.375328-4.773830j,-0.375328+7.792540j,50.198804
-0.415695+0.749527j,-0.378554-4.783416j,-0.378554+7.782955j,50.376837
-0.404999+0.755273j,-0.381753-4.793019j,-0.381753+7.773351j,50.554871
-0.394224+0.760866j,-0.384926-4.802641j,-0.384926+7.763729j,50.732904
-0.383372+0.766306j,-0.388074-4.812281j,-0.388074+7.754089j,50.910937
-0.372444+0.771591j,-0.391195-4.821939j,-0.391195+7.744432j,51.088971
-0.361444+0.776721j,-0.394290-4.831613j,-0.394290+7.734758j,51.267004
-0.350374+0.781693j,-0.397360-4.841304j,-0.397360+7.725066j,51.445037
-0.339235+0.786508j,-0.400403-4.851012j,-0.400403+7.715358j,51.623071
-0.328029+0.791164j,-0.403421-4.860736j,-0.403421+7.705634j,51.801104
-0.316760+0.795660j,-0.406413-4.870476j,-0.406413+7.695894j,51.979137
-0.305430+0.799996j,-0.409379-4.880232j,-0.409379+7.686139j,52.157170
-0.294040+0.804171j,-0.412320-4.890003j,-0.412320+7.676368j,52.335204
-0.282593+0.808184j,-0.415234-4.899789j,-0.415234+7.666582j,52.513237
-0.271092+0.812033j,-0.418124-4.909589j,-0.418124+7.656781j,52.691270
-0.259538+0.815719j,-0.420987-4.919404j,-0.420987+7.646966j,52.869304
-0.247934+0.819241j,-0.423825-4.929234j,-0.423825+7.637137j,53.047337
-0.236283+0.822598j,-0.426638-4.939077j,-0.426638+7.627294j,53.225370
-0.224586+0.825789j,-0.429426-4.948934j,-0.429426+7.617437j,53.403403
-0.212846+0.828813j,-0.432188-4.958804j,-0.432188+7.607567j,53.581437
-0.201066+0.831671j,-0.434925-4.968687j,-0.434925+7.597684j,53.759470
-0.189247+0.834361j,-0.437636-4.978583j,-0.437636+7.587788j,53.937503
-0.177393+0.836884j,-0.440323-4.988492j,-0.440323+7.577879j,54.115537
-0.165505+0.839238j,-0.442985-4.998413j,-0.442985+7.567958j,54.293570
-0.153585+0.841423j,-0.445622-5.008346j,-0.445622+7.558025j,54.471603
-0.141638+0.843439j,-0.448234-5.018291j,-0.448234+7.548080j,54.649637
-0.129664+0.845285j,-0.450821-5.028248j,-0.450821+7.538123j,54.827670
-0.117917+0.846928j,-0.453330-5.038007j,-0.453330+7.528364j,55.001971
-0.117917+0.846928j,-0.453330-5.038007j,-0.453330+7.528364j,55.001971
-0.117917+0.846928j,-0.453330-5.038007j,-0.453330+7.528364j,55.001971
-0.117917+0.846928j,-0.453330-5.038007j,-0.453330+7.528364j,55.001971
-0.117917+0.846928j,-0.453330-5.038007j,-0.453330+7.528364j,55.001971
-0.117917+0.846928j,-0.453330-5.038007j,-0.453330+7.528364j,55.001972
-0.117917+0.846929j,-0.453330-5.038007j,-0.453330+7.528364j,55.001976
-0.117916+0.846929j,-0.453331-5.038008j,-0.453331+7.528363j,55.001995
-0.117910+0.846929j,-0.453332-5.038013j,-0.453332+7.528358j,55.002078
-0.117885+0.846933j,-0.453337-5.038034j,-0.453337+7.528337j,55.002452
-0.117771+0.846948j,-0.453361-5.038128j,-0.453361+7.528243j,55.004133
-0.117261+0.847015j,-0.453470-5.038552j,-0.453470+7.527819j,55.011700
-0.114964+0.847316j,-0.453957-5.040460j,-0.453957+7.525911j,55.045751
-0.104616+0.848589j,-0.456138-5.049050j,-0.456138+7.517320j,55.198984
-0.092572+0.849910j,-0.458650-5.059044j,-0.458650+7.507326j,55.377065
-0.080513+0.851061j,-0.461138-5.069049j,-0.461138+7.497322j,55.555146
-0.068439+0.852040j,-0.463601-5.079064j,-0.463601+7.487306j,55.733227
-0.056354+0.852848j,-0.466040-5.089090j,-0.466040+7.477281j,55.911308
-0.044259+0.853485j,-0.468455-5.099126j,-0.468455+7.467245j,56.089389
-0.032158+0.853950j,-0.470845-5.109171j,-0.470845+7.457199j,56.267471
-0.020053+0.854244j,-0.473212-5.119227j,-0.473212+7.447144j,56.445552
-0.007945+0.854366j,-0.475555-5.129292j,-0.475555+7.437079j,56.623633
0.004161+0.854316j,-0.477874-5.139366j,-0.477874+7.427004j,56.801714
0.016265+0.854095j,-0.480169-5.149450j,-0.480169+7.416921j,56.979795
0.028364+0.853703j,-0.482440-5.159542j,-0.482440+7.406828j,57.157877
0.040454+0.853139j,-0.484688-5.169644j,-0.484688+7.396727j,57.335958
0.052534+0.852404j,-0.486912-5.179754j,-0.486912+7.386617j,57.514039
0.064602+0.851498j,-0.489113-5.189873j,-0.489113+7.376498j,57.692120
0.076654+0.850421j,-0.491291-5.200000j,-0.491291+7.366371j,57.870201
0.088689+0.849174j,-0.493445-5.210135j,-0.493445+7.356236j,58.048283
0.100704+0.847756j,-0.495576-5.220278j,-0.495576+7.346093j,58.226364
0.112696+0.846168j,-0.497684-5.230429j,-0.497684+7.335942j,58.404445
0.124664+0.844411j,-0.499769-5.240587j,-0.499769+7.325783j,58.582526
0.136605+0.842484j,-0.501831-5.250754j,-0.501831+7.315617j,58.760607
0.148516+0.840389j,-0.503871-5.260927j,-0.503871+7.305443j,58.938688
0.160395+0.838125j,-0.505887-5.271108j,-0.505887+7.295262j,59.116770
0.172239+0.835694j,-0.507881-5.281296j,-0.507881+7.285074j,59.294851
0.184048+0.833095j,-0.509852-5.291491j,-0.509852+7.274879j,59.472932
0.195816+0.830329j,-0.511801-5.301693j,-0.511801+7.264678j,59.651013
0.207544+0.827397j,-0.513727-5.311902j,-0.513727+7.254469j,59.829094
0.218899+0.824389j,-0.515578-5.321828j,-0.515578+7.244542j,60.002151
0.218899+0.824389j,-0.515578-5.321828j,-0.515578+7.244542j,60.002151
0.218899+0.824389j,-0.515578-5.321828j,-0.515578+7.244542j,60.002151
0.218899+0.824389j,-0.515578-5.321828j,-0.515578+7.244542j,60.002151
0.218899+0.824389j,-0.515578-5.321828j,-0.515578+7.244542j,60.002151
0.218899+0.824389j,-0.515578-5.321828j,-0.515578+7.244542j,60.002152
0.218899+0.824389j,-0.515578-5.321829j,-0.515578+7.244542j,60.002156
0.218900+0.824389j,-0.515578-5.321830j,-0.515578+7.244541j,60.002174
0.218906+0.824387j,-0.515579-5.321834j,-0.515579+7.244536j,60.002257
0.218930+0.824381j,-0.515583-5.321856j,-0.515583+7.244515j,60.002631
0.219040+0.824351j,-0.515601-5.321952j,-0.515601+7.244418j,60.004312
0.219536+0.824215j,-0.515681-5.322387j,-0.515681+7.243984j,60.011879
0.221765+0.823603j,-0.516043-5.324341j,-0.516043+7.242030j,60.045930
0.231772+0.820775j,-0.517659-5.333137j,-0.517659+7.233234j,60.199163
0.243361+0.817335j,-0.519517-5.343368j,-0.519517+7.223003j,60.377292
0.254898+0.813731j,-0.521353-5.353605j,-0.521353+7.212766j,60.555421
0.266383+0.809964j,-0.523168-5.363848j,-0.523168+7.202522j,60.733550
0.277811+0.806034j,-0.524960-5.374098j,-0.524960+7.192273j,60.911679
0.289182+0.801944j,-0.526730-5.384353j,-0.526730+7.182018j,61.089809
0.300493+0.797694j,-0.528479-5.394614j,-0.528479+7.171757j,61.267938
0.311741+0.793283j,-0.530206-5.404880j,-0.530206+7.161491j,61.446067
0.322925+0.788715j,-0.531911-5.415152j,-0.531911+7.151219j,61.624196
0.334042+0.783988j,-0.533594-5.425429j,-0.533594+7.140941j,61.802325
0.345089+0.779105j,-0.535256-5.435712j,-0.535256+7.130659j,61.980454
0.356066+0.774067j,-0.536897-5.446000j,-0.536897+7.120371j,62.158583
0.366969+0.768874j,-0.538516-5.456292j,-0.538516+7.110078j,62.336712
0.377796+0.763527j,-0.540114-5.466590j,-0.540114+7.099781j,62.514842
0.388545+0.758028j,-0.541691-5.476893j,-0.541691+7.089478j,62.692971
0.399215+0.752377j,-0.543247-5.487200j,-0.543247+7.079171j,62.871100
0.409802+0.746576j,-0.544781-5.497512j,-0.544781+7.068859j,63.049229
0.420305+0.740627j,-0.546295-5.507829j,-0.546295+7.058542j,63.227358
0.430722+0.734529j,-0.547787-5.518150j,-0.547787+7.048221j,63.405487
0.441050+0.728286j,-0.549259-5.528475j,-0.549259+7.037895j,63.583616
0.451288+0.721897j,-0.550710-5.538805j,-0.550710+7.027565j,63.761745
0.461434+0.715364j,-0.552140-5.549139j,-0.552140+7.017231j,63.939875
0.471485+0.708688j,-0.553549-5.559477j,-0.553549+7.006893j,64.118004
0.481439+0.701872j,-0.554938-5.569819j,-0.554938+6.996551j,64.296133
0.491295+0.694915j,-0.556306-5.580166j,-0.556306+6.986205j,64.474262
0.501050+0.687820j,-0.557654-5.590516j,-0.557654+6.975855j,64.652391
0.510704+0.680589j,-0.558981-5.600869j,-0.558981+6.965501j,64.830520
0.519915+0.673485j,-0.560242-5.610859j,-0.560242+6.955511j,65.002330
0.519915+0.673485j,-0.560242-5.610859j,-0.560242+6.955511j,65.002330
0.519915+0.673485j,-0.560242-5.610859j,-0.560242+6.955511j,65.002330
0.519915+0.673485j,-0.560242-5.610859j,-0.560242+6.955511j,65.002330
0.519915+0.673485j,-0.560242-5.610859j,-0.560242+6.955511j,65.002330
0.519915+0.673485j,-0.560242-5.610860j,-0.560242+6.955511j,65.002331
0.519916+0.673485j,-0.560242-5.610860j,-0.560242+6.955511j,65.002335
0.519917+0.673484j,-0.560242-5.610861j,-0.560242+6.955510j,65.002354
0.519921+0.673481j,-0.560243-5.610866j,-0.560243+6.955505j,65.002437
0.519941+0.673465j,-0.560246-5.610887j,-0.560246+6.955483j,65.002810
0.520031+0.673395j,-0.560258-5.610985j,-0.560258+6.955385j,65.004492
0.520434+0.673079j,-0.560313-5.611425j,-0.560313+6.954945j,65.012059
0.522247+0.671655j,-0.560560-5.613406j,-0.560560+6.952965j,65.046110
0.530357+0.665186j,-0.561665-5.622319j,-0.561665+6.944051j,65.199342
0.539686+0.657542j,-0.562930-5.632687j,-0.562930+6.933684j,65.377519
0.548905+0.649766j,-0.564175-5.643058j,-0.564175+6.923312j,65.555697
0.558012+0.641861j,-0.565400-5.653433j,-0.565400+6.912938j,65.733874
0.567006+0.633829j,-0.566604-5.663811j,-0.566604+6.902560j,65.912051
0.575883+0.625670j,-0.567789-5.674192j,-0.567789+6.892178j,66.090228
0.584644+0.617388j,-0.568954-5.684577j,-0.568954+6.881794j,66.268405
0.593285+0.608982j,-0.570098-5.694964j,-0.570098+6.871406j,66.446582
0.601805+0.600456j,-0.571223-5.705355j,-0.571223+6.861016j,66.624759
0.610203+0.591811j,-0.572328-5.715748j,-0.572328+6.850622j,66.802936
0.618477+0.583048j,-0.573413-5.726145j,-0.573413+6.840226j,66.981113
0.626625+0.574169j,-0.574478-5.736544j,-0.574478+6.829826j,67.159290
0.634646+0.565177j,-0.575524-5.746947j,-0.575524+6.819424j,67.337468
0.642538+0.556073j,-0.576550-5.757352j,-0.576550+6.809019j,67.515645
0.650299+0.546858j,-0.577556-5.767759j,-0.577556+6.798611j,67.693822
0.657928+0.537536j,-0.578543-5.778169j,-0.578543+6.788201j,67.871999
0.665423+0.528107j,-0.579510-5.788582j,-0.579510+6.777789j,68.050176
0.672783+0.518573j,-0.580458-5.798997j,-0.580458+6.767373j,68.228353
0.680007+0.508937j,-0.581387-5.809415j,-0.581387+6.756956j,68.406530
0.687093+0.499200j,-0.582295-5.819835j,-0.582295+6.746536j,68.584707
0.694039+0.489365j,-0.583185-5.830257j,-0.583185+6.736113j,68.762884
0.700845+0.479433j,-0.584055-5.840682j,-0.584055+6.725689j,68.941062
0.707509+0.469407j,-0.584906-5.851109j,-0.584906+6.715262j,69.119239
0.714029+0.459288j,-0.585738-5.861537j,-0.585738+6.704833j,69.297416
0.720404+0.449078j,-0.586550-5.871968j,-0.586550+6.694402j,69.475593
0.726634+0.438780j,-0.587343-5.882401j,-0.587343+6.683969j,69.653770
0.732716+0.428396j,-0.588117-5.892836j,-0.588117+6.673534j,69.831947
0.738399+0.418377j,-0.588841-5.902827j,-0.588841+6.663543j,70.002509
0.738399+0.418377j,-0.588841-5.902827j,-0.588841+6.663543j,70.002509
0.738399+0.418377j,-0.588841-5.902827j,-0.588841+6.663543j,70.002509
0.738399+0.418377j,-0.588841-5.902827j,-0.588841+6.663543j,70.002509
0.738399+0.418377j,-0.588841-5.902827j,-0.588841+6.663543j,70.002510
0.738399+0.418377j,-0.588841-5.902827j,-0.588841+6.663543j,70.002510
0.738400+0.418376j,-0.588841-5.902828j,-0.588841+6.663543j,70.002515
0.738400+0.418375j,-0.588841-5.902829j,-0.588841+6.663542j,70.002533
0.738403+0.418370j,-0.588841-5.902834j,-0.588841+6.663537j,70.002616
0.738415+0.418348j,-0.588843-5.902855j,-0.588843+6.663515j,70.002990
0.738471+0.418249j,-0.588850-5.902954j,-0.588850+6.663417j,70.004671
0.738719+0.417803j,-0.588881-5.903397j,-0.588881+6.662973j,70.012238
0.739836+0.415793j,-0.589023-5.905392j,-0.589023+6.660979j,70.046289
0.744794+0.406710j,-0.589654-5.914370j,-0.589654+6.652001j,70.199522
0.750419+0.396071j,-0.590370-5.924813j,-0.590370+6.641557j,70.377747
0.755893+0.385355j,-0.591067-5.935258j,-0.591067+6.631112j,70.555972
0.761214+0.374563j,-0.591744-5.945705j,-0.591744+6.620665j,70.734197
0.766381+0.363698j,-0.592403-5.956154j,-0.592403+6.610217j,70.912423
0.771393+0.352761j,-0.593043-5.966604j,-0.593043+6.599766j,71.090648
0.776248+0.341756j,-0.593664-5.977056j,-0.593664+6.589314j,71.268873
0.780947+0.330683j,-0.594266-5.987510j,-0.594266+6.578861j,71.447098
0.785488+0.319547j,-0.594849-5.997964j,-0.594849+6.568406j,71.625323
0.789870+0.308347j,-0.595414-6.008421j,-0.595414+6.557950j,71.803549
0.794092+0.297088j,-0.595959-6.018878j,-0.595959+6.547492j,71.981774
0.798154+0.285772j,-0.596486-6.029337j,-0.596486+6.537033j,72.159999
0.802055+0.274399j,-0.596994-6.039797j,-0.596994+6.526573j,72.338224
0.805794+0.262974j,-0.597483-6.050259j,-0.597483+6.516112j,72.516449
0.809370+0.251498j,-0.597953-6.060721j,-0.597953+6.505649j,72.694675
0.812782+0.239973j,-0.598405-6.071185j,-0.598405+6.495185j,72.872900
0.816031+0.228402j,-0.598838-6.081650j,-0.598838+6.484720j,73.051125
0.819114+0.216787j,-0.599252-6.092116j,-0.599252+6.474255j,73.229350
0.822033+0.205131j,-0.599648-6.102583j,-0.599648+6.463788j,73.407575
0.824786+0.193435j,-0.600025-6.113051j,-0.600025+6.453320j,73.585801
0.827372+0.181703j,-0.600383-6.123520j,-0.600383+6.442851j,73.764026
0.829791+0.169936j,-0.600723-6.133989j,-0.600723+6.432381j,73.942251
0.832043+0.158137j,-0.601044-6.144460j,-0.601044+6.421911j,74.120476
0.834128+0.146309j,-0.601347-6.154931j,-0.601347+6.411439j,74.298701
0.836044+0.134453j,-0.601630-6.165403j,-0.601630+6.400967j,74.476927
0.836101+0.134063j,-0.601642-6.165747j,-0.601642+6.400624j,74.482774
