-0.934315+0.727924j,-0.723725+3.047707j,0.216959+1.380604j,0.988793
-0.934315+0.727924j,-0.723725+3.047707j,0.216959+1.380604j,0.988793
-0.934315+0.727924j,-0.723725+3.047707j,0.216959+1.380604j,0.988793
-0.934315+0.727924j,-0.723725+3.047707j,0.216959+1.380604j,0.988793
-0.934315+0.727924j,-0.723725+3.047707j,0.216959+1.380604j,0.988794
-0.934316+0.727923j,-0.723725+3.047707j,0.216959+1.380604j,0.988795
-0.934317+0.727921j,-0.723725+3.047708j,0.216957+1.380603j,0.988799
-0.934325+0.727913j,-0.723724+3.047710j,0.216952+1.380599j,0.988817
-0.934359+0.727874j,-0.723722+3.047721j,0.216925+1.380580j,0.988900
-0.934510+0.727699j,-0.723711+3.047771j,0.216805+1.380495j,0.989274
-0.935191+0.726912j,-0.723664+3.047994j,0.216267+1.380112j,0.990955
-0.938240+0.723362j,-0.723445+3.048997j,0.213869+1.378382j,0.998524
-0.944153+0.716356j,-0.723002+3.050953j,0.209286+1.374963j,1.013358
-0.949982+0.709290j,-0.722541+3.052898j,0.204849+1.371512j,1.028194
-0.955984+0.701840j,-0.722038+3.054919j,0.200361+1.367877j,1.043704
-0.961891+0.694328j,-0.721514+3.056929j,0.196022+1.364222j,1.059215
-0.968005+0.686361j,-0.720941+3.059029j,0.191610+1.360361j,1.075534
-0.974014+0.678329j,-0.720346+3.061116j,0.187348+1.356489j,1.091854
-0.980229+0.669804j,-0.719695+3.063299j,0.183013+1.352406j,1.109044
-0.986326+0.661214j,-0.719020+3.065468j,0.178830+1.348324j,1.126235
-0.992627+0.652090j,-0.718282+3.067739j,0.174575+1.344024j,1.144359
-0.998798+0.642899j,-0.717517+3.069993j,0.170472+1.339733j,1.162484
-1.005166+0.633134j,-0.716681+3.072353j,0.166299+1.335221j,1.181606
-1.011387+0.623302j,-0.715817+3.074696j,0.162278+1.330726j,1.200729
-1.017796+0.612856j,-0.714873+3.077150j,0.158189+1.326005j,1.220913
-1.024042+0.602342j,-0.713898+3.079583j,0.154251+1.321310j,1.241098
-1.030460+0.591173j,-0.712834+3.082131j,0.150248+1.316384j,1.262409
-1.036698+0.579937j,-0.711737+3.084658j,0.146396+1.311491j,1.283721
-1.043087+0.568006j,-0.710541+3.087303j,0.142483+1.306363j,1.306224
-1.049277+0.556009j,-0.709308+3.089923j,0.138718+1.301276j,1.328727
-1.055595+0.543277j,-0.707966+3.092665j,0.134896+1.295950j,1.352487
-1.061691+0.530482j,-0.706585+3.095380j,0.131222+1.290671j,1.376247
-1.067885+0.516914j,-0.705084+3.098218j,0.127495+1.285150j,1.401329
-1.073835+0.503286j,-0.703540+3.101027j,0.123914+1.279681j,1.426412
-1.079848+0.488849j,-0.701865+3.103961j,0.120284+1.273968j,1.452882
-1.085592+0.474358j,-0.700143+3.106863j,0.116799+1.268313j,1.479352
-1.091359+0.459023j,-0.698279+3.109891j,0.113270+1.262410j,1.507276
-1.096829+0.443643j,-0.696365+3.112884j,0.109883+1.256570j,1.535199
-1.102277+0.427386j,-0.694296+3.116002j,0.106459+1.250481j,1.564641
-1.107400+0.411094j,-0.692175+3.119082j,0.103174+1.244459j,1.594083
-1.112449+0.393898j,-0.689885+3.122287j,0.099857+1.238185j,1.625107
-1.117144+0.376680j,-0.687541+3.125450j,0.096678+1.231983j,1.656132
-1.121708+0.358535j,-0.685015+3.128736j,0.093472+1.225527j,1.688802
-1.125886+0.340383j,-0.682432+3.131977j,0.090403+1.219147j,1.721473
-1.129871+0.321287j,-0.679655+3.135338j,0.087312+1.212513j,1.755851
-1.133439+0.302203j,-0.676819+3.138650j,0.084355+1.205957j,1.790231
-1.136745+0.282163j,-0.673776+3.142078j,0.081382+1.199146j,1.826378
-1.139602+0.262159j,-0.670673+3.145452j,0.078542+1.192417j,1.862526
-1.142125+0.241195j,-0.667351+3.148938j,0.075692+1.185433j,1.900501
-1.144167+0.220293j,-0.663968+3.152365j,0.072971+1.178532j,1.938477
-1.145799+0.198437j,-0.660356+3.155899j,0.070248+1.171377j,1.978334
-1.146916+0.176674j,-0.656683+3.159370j,0.067652+1.164308j,2.018193
-1.147546+0.153970j,-0.652770+3.162940j,0.065059+1.156986j,2.059986
-1.147630+0.131395j,-0.648798+3.166442j,0.062591+1.149751j,2.101779
-1.147144+0.107904j,-0.644578+3.170036j,0.060133+1.142264j,2.145556
-1.146084+0.084581j,-0.640301+3.173557j,0.057796+1.134867j,2.189334
-1.144372+0.060378j,-0.635770+3.177163j,0.055476+1.127220j,2.235138
-1.142059+0.036389j,-0.631186+3.180689j,0.053275+1.119663j,2.280943
-1.139014+0.011566j,-0.626344+3.184292j,0.051097+1.111860j,2.328815
-1.135343-0.012993j,-0.621454+3.187811j,0.049035+1.104148j,2.376686
-1.130862-0.038328j,-0.616306+3.191397j,0.047002+1.096193j,2.426657
-1.125736-0.063345j,-0.611116+3.194896j,0.045083+1.088330j,2.476629
-1.119726-0.089067j,-0.605669+3.198452j,0.043198+1.080228j,2.528726
-1.113056-0.114412j,-0.600190+3.201918j,0.041425+1.072219j,2.580823
-1.105435-0.140380j,-0.594458+3.205431j,0.039691+1.063976j,2.635066
-1.097146-0.165909j,-0.588704+3.208852j,0.038067+1.055826j,2.689309
-1.087846-0.191969j,-0.582706+3.212311j,0.036487+1.047448j,2.745708
-1.077876-0.217524j,-0.576698+3.215676j,0.035013+1.039162j,2.802108
-1.066846-0.243505j,-0.570457+3.219072j,0.033589+1.030656j,2.860665
-1.055153-0.268915j,-0.564218+3.222372j,0.032268+1.022243j,2.919223
-1.042364-0.294636j,-0.557762+3.225696j,0.031002+1.013617j,2.979928
