0.144676-0.000798j,-0.318067-0.000706j,-0.318067-0.000706j,0.000000
0.144676-0.000797j,-0.318083-0.000606j,-0.318050-0.000807j,0.000000
0.144735-0.000447j,-0.320858+0.016410j,-0.315243-0.017052j,0.000083
0.144736-0.000442j,-0.320857+0.016415j,-0.315242-0.017049j,0.000084
0.144737-0.000438j,-0.320857+0.016419j,-0.315242-0.017046j,0.000085
0.144737-0.000434j,-0.320856+0.016424j,-0.315241-0.017043j,0.000086
0.144738-0.000430j,-0.320855+0.016428j,-0.315241-0.017040j,0.000087
0.144739-0.000425j,-0.320855+0.016433j,-0.315240-0.017037j,0.000088
0.144740-0.000421j,-0.320854+0.016437j,-0.315240-0.017034j,0.000089
0.144740-0.000417j,-0.320853+0.016442j,-0.315239-0.017031j,0.000090
0.144741-0.000413j,-0.320853+0.016446j,-0.315239-0.017028j,0.000091
0.144742-0.000409j,-0.320852+0.016451j,-0.315238-0.017025j,0.000092
0.144742-0.000404j,-0.320851+0.016455j,-0.315238-0.017022j,0.000093
0.144743-0.000400j,-0.320851+0.016459j,-0.315237-0.017019j,0.000094
0.144744-0.000396j,-0.320850+0.016464j,-0.315237-0.017016j,0.000095
0.144745-0.000392j,-0.320850+0.016468j,-0.315236-0.017013j,0.000096
0.144745-0.000388j,-0.320849+0.016473j,-0.315235-0.017010j,0.000097
0.144746-0.000383j,-0.320848+0.016477j,-0.315235-0.017007j,0.000098
0.144747-0.000379j,-0.320848+0.016482j,-0.315234-0.017004j,0.000099
0.144747-0.000375j,-0.320847+0.016486j,-0.315234-0.017001j,0.000100
0.144748-0.000371j,-0.320846+0.016491j,-0.315233-0.016998j,0.000101
0.144749-0.000367j,-0.320846+0.016495j,-0.315233-0.016995j,0.000102
0.144750-0.000362j,-0.320845+0.016499j,-0.315232-0.016992j,0.000103
0.144750-0.000358j,-0.320844+0.016504j,-0.315231-0.016989j,0.000104
0.144751-0.000354j,-0.320844+0.016508j,-0.315231-0.016986j,0.000105
0.144752-0.000350j,-0.320843+0.016513j,-0.315230-0.016983j,0.000106
0.144752-0.000346j,-0.320842+0.016517j,-0.315230-0.016979j,0.000107
0.144753-0.000341j,-0.320842+0.016521j,-0.315229-0.016976j,0.000108
0.144754-0.000337j,-0.320841+0.016526j,-0.315229-0.016973j,0.000109
0.144755-0.000333j,-0.320841+0.016530j,-0.315228-0.016970j,0.000110
0.144755-0.000329j,-0.320840+0.016535j,-0.315227-0.016967j,0.000111
0.144756-0.000325j,-0.320839+0.016539j,-0.315227-0.016964j,0.000112
0.144757-0.000320j,-0.320839+0.016543j,-0.315226-0.016961j,0.000113
0.144757-0.000316j,-0.320838+0.016548j,-0.315226-0.016958j,0.000114
0.144758-0.000312j,-0.320838+0.016552j,-0.315225-0.016955j,0.000115
0.144759-0.000308j,-0.320837+0.016556j,-0.315224-0.016952j,0.000116
0.144760-0.000304j,-0.320836+0.016561j,-0.315224-0.016949j,0.000117
0.144760-0.000299j,-0.320836+0.016565j,-0.315223-0.016945j,0.000118
0.144761-0.000295j,-0.320835+0.016569j,-0.315223-0.016942j,0.000119
0.144762-0.000291j,-0.320835+0.016574j,-0.315222-0.016939j,0.000120
0.144762-0.000287j,-0.320834+0.016578j,-0.315221-0.016936j,0.000121
0.144763-0.000283j,-0.320833+0.016582j,-0.315221-0.016933j,0.000122
0.144764-0.000278j,-0.320833+0.016587j,-0.315220-0.016930j,0.000123
0.144765-0.000274j,-0.320832+0.016591j,-0.315219-0.016927j,0.000124
0.144765-0.000270j,-0.320832+0.016595j,-0.315219-0.016923j,0.000125
0.144766-0.000266j,-0.320831+0.016600j,-0.315218-0.016920j,0.000126
0.144767-0.000262j,-0.320831+0.016604j,-0.315218-0.016917j,0.000127
0.144767-0.000257j,-0.320830+0.016608j,-0.315217-0.016914j,0.000128
0.144768-0.000253j,-0.320829+0.016612j,-0.315216-0.016911j,0.000129
0.144769-0.000249j,-0.320829+0.016617j,-0.315216-0.016908j,0.000130
0.144770-0.000245j,-0.320828+0.016621j,-0.315215-0.016904j,0.000131
0.144770-0.000241j,-0.320828+0.016625j,-0.315214-0.016901j,0.000132
0.144771-0.000236j,-0.320827+0.016630j,-0.315214-0.016898j,0.000133
0.144772-0.000232j,-0.320827+0.016634j,-0.315213-0.016895j,0.000134
0.144772-0.000228j,-0.320826+0.016638j,-0.315212-0.016892j,0.000135
0.144773-0.000224j,-0.320825+0.016642j,-0.315212-0.016888j,0.000136
0.144774-0.000220j,-0.320825+0.016647j,-0.315211-0.016885j,0.000137
0.144774-0.000215j,-0.320824+0.016651j,-0.315210-0.016882j,0.000138
0.144775-0.000211j,-0.320824+0.016655j,-0.315210-0.016879j,0.000139
0.144776-0.000207j,-0.320823+0.016659j,-0.315209-0.016875j,0.000140
0.144777-0.000203j,-0.320823+0.016663j,-0.315208-0.016872j,0.000141
0.144777-0.000199j,-0.320822+0.016668j,-0.315208-0.016869j,0.000142
0.144778-0.000194j,-0.320822+0.016672j,-0.315207-0.016866j,0.000143
0.144779-0.000190j,-0.320821+0.016676j,-0.315206-0.016863j,0.000144
0.144779-0.000186j,-0.320821+0.016680j,-0.315205-0.016859j,0.000145
0.144780-0.000182j,-0.320820+0.016684j,-0.315205-0.016856j,0.000146
0.144781-0.000178j,-0.320820+0.016689j,-0.315204-0.016853j,0.000147
0.144782-0.000173j,-0.320819+0.016693j,-0.315203-0.016849j,0.000148
0.144782-0.000169j,-0.320818+0.016697j,-0.315203-0.016846j,0.000149
0.144783-0.000165j,-0.320818+0.016701j,-0.315202-0.016843j,0.000150
0.144784-0.000161j,-0.320817+0.016705j,-0.315201-0.016840j,0.000151
0.144784-0.000157j,-0.320817+0.016709j,-0.315201-0.016836j,0.000152
0.144785-0.000152j,-0.320816+0.016714j,-0.315200-0.016833j,0.000153
0.144786-0.000148j,-0.320816+0.016718j,-0.315199-0.016830j,0.000154
0.144787-0.000144j,-0.320815+0.016722j,-0.315198-0.016826j,0.000155
0.144787-0.000140j,-0.320815+0.016726j,-0.315198-0.016823j,0.000156
0.144788-0.000136j,-0.320814+0.016730j,-0.315197-0.016820j,0.000157
0.144789-0.000131j,-0.320814+0.016734j,-0.315196-0.016817j,0.000158
0.144789-0.000127j,-0.320813+0.016738j,-0.315195-0.016813j,0.000159
0.144790-0.000123j,-0.320813+0.016743j,-0.315195-0.016810j,0.000160
0.144791-0.000119j,-0.320812+0.016747j,-0.315194-0.016807j,0.000161
0.144791-0.000115j,-0.320812+0.016751j,-0.315193-0.016803j,0.000162
0.144792-0.000110j,-0.320811+0.016755j,-0.315192-0.016800j,0.000163
0.144793-0.000106j,-0.320811+0.016759j,-0.315192-0.016797j,0.000164
0.144794-0.000102j,-0.320810+0.016763j,-0.315191-0.016793j,0.000165
0.144794-0.000098j,-0.320810+0.016767j,-0.315190-0.016790j,0.000166
0.144795-0.000094j,-0.320809+0.016771j,-0.315189-0.016786j,0.000167
0.144796-0.000089j,-0.320809+0.016775j,-0.315189-0.016783j,0.000168
0.144796-0.000085j,-0.320809+0.016779j,-0.315188-0.016780j,0.000169
0.144797-0.000081j,-0.320808+0.016783j,-0.315187-0.016776j,0.000170
0.144798-0.000077j,-0.320808+0.016787j,-0.315186-0.016773j,0.000171
0.144799-0.000073j,-0.320807+0.016792j,-0.315186-0.016770j,0.000172
0.144799-0.000069j,-0.320807+0.016796j,-0.315185-0.016766j,0.000173
0.144800-0.000064j,-0.320806+0.016800j,-0.315184-0.016763j,0.000174
0.144801-0.000060j,-0.320806+0.016804j,-0.315183-0.016759j,0.000175
0.144801-0.000056j,-0.320805+0.016808j,-0.315182-0.016756j,0.000176
0.144802-0.000052j,-0.320805+0.016812j,-0.315182-0.016753j,0.000177
0.144803-0.000048j,-0.320804+0.016816j,-0.315181-0.016749j,0.000178
0.144803-0.000043j,-0.320804+0.016820j,-0.315180-0.016746j,0.000179
0.144804-0.000039j,-0.320803+0.016824j,-0.315179-0.016742j,0.000180
0.144805-0.000035j,-0.320803+0.016828j,-0.315178-0.016739j,0.000181
0.144806-0.000031j,-0.320803+0.016832j,-0.315178-0.016735j,0.000182
0.144806-0.000031j,-0.320803+0.016832j,-0.315178-0.016735j,0.000182
0.144806-0.000030j,-0.320803+0.016832j,-0.315178-0.016735j,0.000183
0.144806-0.000028j,-0.320802+0.016834j,-0.315177-0.016734j,0.000183
0.144807-0.000020j,-0.320801+0.016842j,-0.315176-0.016727j,0.000185
0.144814+0.000018j,-0.320798+0.016878j,-0.315168-0.016695j,0.000194
0.144843+0.000190j,-0.320783+0.017035j,-0.315131-0.016548j,0.000235
0.144881+0.000421j,-0.320769+0.017233j,-0.315073-0.016337j,0.000290
0.144920+0.000653j,-0.320762+0.017416j,-0.315005-0.016111j,0.000345
0.144959+0.000884j,-0.320763+0.017583j,-0.314927-0.015871j,0.000400
0.144998+0.001116j,-0.320771+0.017736j,-0.314838-0.015615j,0.000455
0.145038+0.001349j,-0.320787+0.017874j,-0.314737-0.015344j,0.000510
0.145072+0.001547j,-0.320808+0.017979j,-0.314643-0.015103j,0.000557
0.145107+0.001746j,-0.320835+0.018074j,-0.314538-0.014851j,0.000603
0.145143+0.001945j,-0.320869+0.018158j,-0.314423-0.014587j,0.000650
0.145180+0.002145j,-0.320910+0.018232j,-0.314298-0.014313j,0.000696
0.145219+0.002346j,-0.320959+0.018296j,-0.314159-0.014027j,0.000743
0.145253+0.002521j,-0.321009+0.018342j,-0.314029-0.013771j,0.000783
0.145288+0.002696j,-0.321066+0.018381j,-0.313888-0.013506j,0.000824
0.145325+0.002872j,-0.321131+0.018413j,-0.313736-0.013234j,0.000864
0.145364+0.003050j,-0.321204+0.018438j,-0.313571-0.012954j,0.000904
0.145404+0.003227j,-0.321286+0.018456j,-0.313392-0.012666j,0.000944
0.145441+0.003385j,-0.321366+0.018466j,-0.313222-0.012407j,0.000980
0.145479+0.003543j,-0.321455+0.018472j,-0.313040-0.012143j,0.001015
0.145520+0.003702j,-0.321553+0.018473j,-0.312844-0.011874j,0.001051
0.145562+0.003861j,-0.321661+0.018471j,-0.312635-0.011602j,0.001086
0.145606+0.004021j,-0.321778+0.018466j,-0.312410-0.011327j,0.001122
0.145648+0.004164j,-0.321893+0.018459j,-0.312194-0.011079j,0.001154
0.145692+0.004308j,-0.322017+0.018451j,-0.311965-0.010829j,0.001186
0.145738+0.004452j,-0.322150+0.018443j,-0.311722-0.010581j,0.001218
0.145785+0.004596j,-0.322293+0.018435j,-0.311464-0.010334j,0.001250
0.145836+0.004740j,-0.322446+0.018429j,-0.311192-0.010091j,0.001282
0.145888+0.004883j,-0.322608+0.018426j,-0.310905-0.009852j,0.001314
0.145937+0.005011j,-0.322761+0.018426j,-0.310638-0.009645j,0.001342
0.145987+0.005137j,-0.322921+0.018429j,-0.310358-0.009443j,0.001371
0.146040+0.005263j,-0.323089+0.018437j,-0.310068-0.009249j,0.001399
0.146094+0.005388j,-0.323263+0.018450j,-0.309768-0.009063j,0.001428
0.146151+0.005511j,-0.323443+0.018469j,-0.309457-0.008886j,0.001456
0.146209+0.005634j,-0.323629+0.018495j,-0.309138-0.008719j,0.001485
0.146269+0.005755j,-0.323820+0.018527j,-0.308811-0.008562j,0.001514
0.146330+0.005874j,-0.324015+0.018567j,-0.308477-0.008417j,0.001542
0.146393+0.005992j,-0.324212+0.018614j,-0.308138-0.008284j,0.001571
0.146457+0.006109j,-0.324412+0.018669j,-0.307794-0.008163j,0.001599
0.146523+0.006223j,-0.324614+0.018732j,-0.307446-0.008054j,0.001628
0.146590+0.006336j,-0.324816+0.018802j,-0.307097-0.007958j,0.001657
0.146657+0.006447j,-0.325018+0.018880j,-0.306747-0.007873j,0.001685
0.146726+0.006555j,-0.325219+0.018965j,-0.306396-0.007800j,0.001714
0.146795+0.006662j,-0.325419+0.019057j,-0.306047-0.007737j,0.001743
0.146868+0.006771j,-0.325624+0.019159j,-0.305685-0.007684j,0.001772
0.146941+0.006879j,-0.325827+0.019267j,-0.305326-0.007642j,0.001802
0.147017+0.006988j,-0.326035+0.019386j,-0.304956-0.007608j,0.001833
0.147094+0.007095j,-0.326240+0.019510j,-0.304589-0.007585j,0.001864
0.147174+0.007205j,-0.326450+0.019646j,-0.304210-0.007571j,0.001897
0.147254+0.007312j,-0.326655+0.019787j,-0.303837-0.007567j,0.001929
0.147339+0.007423j,-0.326867+0.019940j,-0.303450-0.007572j,0.001963
0.147423+0.007532j,-0.327073+0.020098j,-0.303070-0.007585j,0.001997
0.147512+0.007645j,-0.327286+0.020268j,-0.302675-0.007608j,0.002034
0.147600+0.007755j,-0.327493+0.020442j,-0.302287-0.007639j,0.002070
0.147693+0.007870j,-0.327707+0.020629j,-0.301884-0.007679j,0.002108
0.147786+0.007982j,-0.327914+0.020819j,-0.301488-0.007727j,0.002146
0.147884+0.008099j,-0.328129+0.021024j,-0.301077-0.007785j,0.002187
0.147981+0.008214j,-0.328337+0.021230j,-0.300674-0.007849j,0.002228
0.148083+0.008334j,-0.328552+0.021452j,-0.300254-0.007923j,0.002271
0.148185+0.008451j,-0.328761+0.021675j,-0.299844-0.008003j,0.002314
0.148292+0.008574j,-0.328977+0.021914j,-0.299415-0.008093j,0.002361
0.148398+0.008695j,-0.329186+0.022153j,-0.298997-0.008188j,0.002407
0.148511+0.008821j,-0.329403+0.022409j,-0.298559-0.008295j,0.002456
0.148626+0.008949j,-0.329620+0.022673j,-0.298118-0.008409j,0.002507
0.148743+0.009080j,-0.329838+0.022946j,-0.297671-0.008531j,0.002560
0.148863+0.009212j,-0.330056+0.023228j,-0.297220-0.008661j,0.002615
0.148986+0.009346j,-0.330274+0.023519j,-0.296764-0.008798j,0.002672
0.149111+0.009483j,-0.330494+0.023818j,-0.296303-0.008943j,0.002731
0.149239+0.009622j,-0.330714+0.024126j,-0.295837-0.009096j,0.002792
0.149370+0.009764j,-0.330935+0.024443j,-0.295366-0.009257j,0.002855
0.149503+0.009908j,-0.331156+0.024768j,-0.294890-0.009425j,0.002920
0.149640+0.010054j,-0.331379+0.025102j,-0.294408-0.009601j,0.002988
0.149779+0.010203j,-0.331603+0.025445j,-0.293921-0.009784j,0.003058
0.149921+0.010355j,-0.331827+0.025797j,-0.293429-0.009974j,0.003130
0.150066+0.010510j,-0.332053+0.026158j,-0.292930-0.010173j,0.003206
0.150213+0.010668j,-0.332280+0.026527j,-0.292426-0.010378j,0.003284
0.150364+0.010828j,-0.332508+0.026906j,-0.291916-0.010591j,0.003364
0.150517+0.010992j,-0.332738+0.027293j,-0.291401-0.010812j,0.003448
0.150674+0.011159j,-0.332969+0.027690j,-0.290879-0.011040j,0.003534
0.150833+0.011329j,-0.333202+0.028095j,-0.290351-0.011276j,0.003624
0.150995+0.011502j,-0.333436+0.028509j,-0.289817-0.011519j,0.003717
0.151161+0.011679j,-0.333672+0.028933j,-0.289276-0.011770j,0.003813
0.151329+0.011859j,-0.333910+0.029366j,-0.288729-0.012028j,0.003913
0.151501+0.012043j,-0.334150+0.029807j,-0.288176-0.012294j,0.004016
0.151675+0.012231j,-0.334392+0.030258j,-0.287615-0.012567j,0.004123
0.151853+0.012422j,-0.334636+0.030719j,-0.287048-0.012848j,0.004233
0.152034+0.012617j,-0.334882+0.031188j,-0.286474-0.013137j,0.004348
0.152218+0.012816j,-0.335130+0.031667j,-0.285894-0.013433j,0.004466
0.152405+0.013020j,-0.335381+0.032155j,-0.285306-0.013738j,0.004589
0.152595+0.013227j,-0.335635+0.032653j,-0.284710-0.014050j,0.004716
0.152789+0.013438j,-0.335890+0.033160j,-0.284108-0.014370j,0.004847
0.152986+0.013654j,-0.336149+0.033677j,-0.283498-0.014697j,0.004983
0.153186+0.013874j,-0.336410+0.034203j,-0.282881-0.015033j,0.005124
0.153389+0.014099j,-0.336674+0.034739j,-0.282256-0.015377j,0.005269
0.153596+0.014328j,-0.336942+0.035285j,-0.281624-0.015729j,0.005420
0.153806+0.014562j,-0.337212+0.035840j,-0.280983-0.016089j,0.005576
0.154019+0.014801j,-0.337485+0.036405j,-0.280335-0.016457j,0.005737
0.154236+0.015044j,-0.337762+0.036980j,-0.279679-0.016833j,0.005903
0.154457+0.015293j,-0.338042+0.037565j,-0.279015-0.017218j,0.006076
0.154680+0.015546j,-0.338325+0.038160j,-0.278343-0.017611j,0.006254
0.154908+0.015805j,-0.338612+0.038765j,-0.277663-0.018012j,0.006438
0.155138+0.016070j,-0.338903+0.039380j,-0.276974-0.018422j,0.006629
0.155365+0.016330j,-0.339188+0.039985j,-0.276300-0.018827j,0.006819
0.155603+0.016606j,-0.339486+0.040620j,-0.275595-0.019254j,0.007023
0.155836+0.016877j,-0.339778+0.041244j,-0.274904-0.019676j,0.007226
0.156081+0.017163j,-0.340084+0.041899j,-0.274182-0.020120j,0.007443
0.156322+0.017446j,-0.340384+0.042543j,-0.273475-0.020558j,0.007660
0.156574+0.017744j,-0.340698+0.043219j,-0.272736-0.021020j,0.007892
0.156821+0.018038j,-0.341006+0.043882j,-0.272012-0.021475j,0.008123
0.157080+0.018348j,-0.341328+0.044578j,-0.271256-0.021954j,0.008370
0.157335+0.018654j,-0.341644+0.045262j,-0.270515-0.022427j,0.008617
0.157601+0.018977j,-0.341975+0.045978j,-0.269742-0.022924j,0.008880
0.157863+0.019295j,-0.342300+0.046682j,-0.268985-0.023414j,0.009143
0.158137+0.019630j,-0.342640+0.047419j,-0.268194-0.023929j,0.009423
0.158406+0.019962j,-0.342974+0.048143j,-0.267419-0.024437j,0.009703
0.158687+0.020311j,-0.343324+0.048901j,-0.266611-0.024970j,0.010001
0.158963+0.020655j,-0.343667+0.049646j,-0.265819-0.025496j,0.010299
0.159251+0.021018j,-0.344026+0.050424j,-0.264994-0.026048j,0.010616
0.159535+0.021376j,-0.344379+0.051189j,-0.264185-0.026592j,0.010934
0.159831+0.021753j,-0.344748+0.051989j,-0.263342-0.027162j,0.011271
0.160122+0.022126j,-0.345111+0.052774j,-0.262516-0.027725j,0.011608
0.160425+0.022518j,-0.345490+0.053595j,-0.261655-0.028314j,0.011967
0.160723+0.022905j,-0.345863+0.054401j,-0.260812-0.028895j,0.012325
0.161034+0.023312j,-0.346252+0.055242j,-0.259934-0.029503j,0.012706
0.161340+0.023715j,-0.346635+0.056069j,-0.259073-0.030102j,0.013087
0.161658+0.024137j,-0.347036+0.056931j,-0.258178-0.030729j,0.013491
0.161971+0.024556j,-0.347429+0.057779j,-0.257301-0.031347j,0.013895
0.162297+0.024995j,-0.347841+0.058662j,-0.256388-0.031993j,0.014324
0.162618+0.025429j,-0.348245+0.059530j,-0.255494-0.032630j,0.014753
0.162951+0.025885j,-0.348668+0.060435j,-0.254564-0.033295j,0.015207
0.163279+0.026336j,-0.349083+0.061324j,-0.253653-0.033950j,0.015662
0.163620+0.026809j,-0.349517+0.062249j,-0.252707-0.034634j,0.016144
0.163955+0.027278j,-0.349944+0.063159j,-0.251780-0.035309j,0.016625
0.164303+0.027769j,-0.350389+0.064105j,-0.250817-0.036012j,0.017136
0.164645+0.028255j,-0.350828+0.065035j,-0.249873-0.036705j,0.017646
0.165001+0.028764j,-0.351285+0.066003j,-0.248894-0.037427j,0.018186
0.165351+0.029269j,-0.351735+0.066954j,-0.247934-0.038139j,0.018726
0.165714+0.029797j,-0.352204+0.067942j,-0.246938-0.038880j,0.019297
0.166070+0.030320j,-0.352666+0.068913j,-0.245962-0.039610j,0.019868
0.166441+0.030868j,-0.353148+0.069922j,-0.244951-0.040370j,0.020471
0.166805+0.031411j,-0.353622+0.070914j,-0.243960-0.041119j,0.021075
0.167182+0.031979j,-0.354116+0.071944j,-0.242933-0.041898j,0.021712
0.167553+0.032542j,-0.354603+0.072957j,-0.241926-0.042664j,0.022350
0.167938+0.033131j,-0.355109+0.074008j,-0.240884-0.043462j,0.023023
0.168315+0.033714j,-0.355609+0.075041j,-0.239862-0.044247j,0.023696
0.168707+0.034325j,-0.356128+0.076113j,-0.238805-0.045063j,0.024407
0.169092+0.034929j,-0.356640+0.077166j,-0.237768-0.045866j,0.025117
0.169490+0.035562j,-0.357173+0.078259j,-0.236696-0.046700j,0.025866
0.169882+0.036188j,-0.357698+0.079333j,-0.235645-0.047520j,0.026615
0.170287+0.036843j,-0.358244+0.080446j,-0.234558-0.048372j,0.027404
0.170685+0.037493j,-0.358783+0.081541j,-0.233492-0.049211j,0.028194
0.171097+0.038171j,-0.359342+0.082675j,-0.232391-0.050080j,0.029025
0.171502+0.038844j,-0.359895+0.083790j,-0.231311-0.050936j,0.029857
0.171920+0.039547j,-0.360468+0.084945j,-0.230196-0.051822j,0.030733
0.172331+0.040244j,-0.361034+0.086081j,-0.229102-0.052695j,0.031608
0.172756+0.040971j,-0.361622+0.087257j,-0.227972-0.053599j,0.032530
0.173174+0.041693j,-0.362202+0.088413j,-0.226865-0.054488j,0.033451
0.173605+0.042447j,-0.362805+0.089610j,-0.225722-0.055409j,0.034420
0.174028+0.043194j,-0.363399+0.090787j,-0.224600-0.056315j,0.035389
0.174465+0.043975j,-0.364016+0.092005j,-0.223443-0.057252j,0.036409
0.174895+0.044749j,-0.364625+0.093203j,-0.222308-0.058174j,0.037428
0.175338+0.045557j,-0.365258+0.094442j,-0.221138-0.059127j,0.038499
0.175773+0.046358j,-0.365882+0.095662j,-0.219990-0.060065j,0.039569
0.176222+0.047195j,-0.366530+0.096922j,-0.218806-0.061033j,0.040694
0.176662+0.048025j,-0.367169+0.098162j,-0.217644-0.061986j,0.041819
0.177117+0.048891j,-0.367833+0.099444j,-0.216447-0.062970j,0.043001
0.177563+0.049750j,-0.368488+0.100705j,-0.215272-0.063938j,0.044182
0.178022+0.050646j,-0.369168+0.102009j,-0.214061-0.064937j,0.045422
0.178473+0.051536j,-0.369840+0.103292j,-0.212873-0.065920j,0.046662
0.178938+0.052464j,-0.370536+0.104617j,-0.211649-0.066933j,0.047963
0.179394+0.053385j,-0.371224+0.105921j,-0.210447-0.067930j,0.049263
0.179863+0.054346j,-0.371937+0.107269j,-0.209210-0.068957j,0.050628
0.180324+0.055300j,-0.372642+0.108595j,-0.207995-0.069968j,0.051992
0.180798+0.056294j,-0.373373+0.109964j,-0.206744-0.071009j,0.053423
0.181262+0.057282j,-0.374095+0.111312j,-0.205516-0.072032j,0.054853
0.181740+0.058311j,-0.374844+0.112704j,-0.204252-0.073086j,0.056352
0.182209+0.059333j,-0.375584+0.114075j,-0.203010-0.074122j,0.057851
0.182691+0.060398j,-0.376351+0.115489j,-0.201732-0.075189j,0.059422
0.183163+0.061457j,-0.377110+0.116882j,-0.200477-0.076238j,0.060993
0.183648+0.062560j,-0.377895+0.118319j,-0.199185-0.077316j,0.062638
0.184124+0.063656j,-0.378672+0.119735j,-0.197916-0.078376j,0.064283
0.184612+0.064797j,-0.379477+0.121195j,-0.196611-0.079467j,0.066005
0.185090+0.065932j,-0.380274+0.122633j,-0.195328-0.080538j,0.067727
0.185581+0.067113j,-0.381099+0.124116j,-0.194009-0.081639j,0.069529
0.186061+0.068288j,-0.381915+0.125578j,-0.192712-0.082721j,0.071332
0.186554+0.069511j,-0.382760+0.127085j,-0.191379-0.083832j,0.073217
0.187036+0.070727j,-0.383597+0.128570j,-0.190068-0.084924j,0.075103
0.187530+0.071992j,-0.384463+0.130100j,-0.188720-0.086045j,0.077075
0.188014+0.073251j,-0.385320+0.131609j,-0.187395-0.087146j,0.079046
0.188508+0.074561j,-0.386207+0.133163j,-0.186032-0.088276j,0.081108
0.188992+0.075864j,-0.387086+0.134695j,-0.184693-0.089385j,0.083169
0.189487+0.077220j,-0.387995+0.136273j,-0.183316-0.090523j,0.085323
0.189971+0.078569j,-0.388896+0.137829j,-0.181962-0.091641j,0.087477
0.190465+0.079971j,-0.389827+0.139432j,-0.180570-0.092787j,0.089728
0.190948+0.081367j,-0.390750+0.141012j,-0.179201-0.093911j,0.091977
0.191441+0.082818j,-0.391705+0.142638j,-0.177795-0.095064j,0.094327
0.191922+0.084263j,-0.392651+0.144242j,-0.176410-0.096195j,0.096676
0.192413+0.085764j,-0.393629+0.145893j,-0.174989-0.097353j,0.099127
0.192891+0.087258j,-0.394599+0.147522j,-0.173590-0.098489j,0.101579
0.193379+0.088811j,-0.395601+0.149197j,-0.172153-0.099653j,0.104136
0.193854+0.090357j,-0.396595+0.150849j,-0.170739-0.100794j,0.106693
0.194337+0.091962j,-0.397622+0.152549j,-0.169287-0.101961j,0.109359
0.194807+0.093561j,-0.398640+0.154225j,-0.167857-0.103106j,0.112025
0.195285+0.095220j,-0.399692+0.155949j,-0.166390-0.104277j,0.114803
0.195750+0.096873j,-0.400735+0.157649j,-0.164945-0.105425j,0.117581
0.196221+0.098588j,-0.401813+0.159397j,-0.163463-0.106598j,0.120474
0.196679+0.100297j,-0.402881+0.161121j,-0.162002-0.107747j,0.123366
0.197143+0.102069j,-0.403985+0.162893j,-0.160505-0.108921j,0.126377
0.197593+0.103835j,-0.405080+0.164641j,-0.159029-0.110072j,0.129387
0.198048+0.105665j,-0.406210+0.166436j,-0.157516-0.111246j,0.132519
0.198488+0.107489j,-0.407331+0.168207j,-0.156025-0.112397j,0.135650
0.198933+0.109378j,-0.408488+0.170025j,-0.154497-0.113569j,0.138905
0.199363+0.111261j,-0.409636+0.171820j,-0.152991-0.114719j,0.142159
0.199795+0.113211j,-0.410820+0.173661j,-0.151448-0.115890j,0.145540
0.200213+0.115154j,-0.411996+0.175479j,-0.149926-0.117037j,0.148920
0.200632+0.117166j,-0.413208+0.177342j,-0.148369-0.118204j,0.152430
0.201036+0.119171j,-0.414411+0.179182j,-0.146832-0.119349j,0.155938
0.201440+0.121245j,-0.415651+0.181068j,-0.145260-0.120512j,0.159578
0.201829+0.123312j,-0.416882+0.182930j,-0.143709-0.121651j,0.163217
0.202216+0.125449j,-0.418150+0.184837j,-0.142122-0.122809j,0.166990
0.202588+0.127580j,-0.419410+0.186720j,-0.140556-0.123943j,0.170762
0.202957+0.129781j,-0.420707+0.188648j,-0.138955-0.125094j,0.174668
0.203310+0.131977j,-0.421996+0.190553j,-0.137375-0.126222j,0.178575
0.203659+0.134243j,-0.423321+0.192501j,-0.135760-0.127366j,0.182618
0.203992+0.136503j,-0.424639+0.194426j,-0.134166-0.128486j,0.186661
0.204319+0.138835j,-0.425994+0.196394j,-0.132538-0.129621j,0.190842
0.204630+0.141161j,-0.427342+0.198339j,-0.130930-0.130733j,0.195023
0.204924+0.143482j,-0.428682+0.200262j,-0.129341-0.131822j,0.199204
0.205215+0.145913j,-0.430081+0.202259j,-0.127693-0.132942j,0.203594
0.205489+0.148339j,-0.431473+0.204233j,-0.126064-0.134039j,0.207983
0.205746+0.150759j,-0.432858+0.206185j,-0.124455-0.135114j,0.212373
0.205998+0.153291j,-0.434302+0.208209j,-0.122787-0.136217j,0.216974
0.206231+0.155817j,-0.435739+0.210211j,-0.121139-0.137298j,0.221574
0.206446+0.158338j,-0.437169+0.212191j,-0.119510-0.138356j,0.226175
0.206654+0.160971j,-0.438659+0.214241j,-0.117824-0.139441j,0.230990
0.206842+0.163599j,-0.440143+0.216269j,-0.116157-0.140503j,0.235804
0.207012+0.166221j,-0.441619+0.218276j,-0.114508-0.141543j,0.240619
0.207170+0.168957j,-0.443156+0.220351j,-0.112804-0.142607j,0.245650
0.207309+0.171688j,-0.444686+0.222405j,-0.111119-0.143649j,0.250681
0.207428+0.174414j,-0.446210+0.224437j,-0.109452-0.144669j,0.255711
0.207533+0.177254j,-0.447794+0.226537j,-0.107730-0.145711j,0.260961
0.207618+0.180089j,-0.449372+0.228615j,-0.106027-0.146730j,0.266210
0.207683+0.182919j,-0.450945+0.230672j,-0.104341-0.147729j,0.271460
0.207730+0.185864j,-0.452577+0.232795j,-0.102603-0.148747j,0.276930
0.207756+0.188804j,-0.454205+0.234897j,-0.100882-0.149743j,0.282400
0.207761+0.191739j,-0.455826+0.236978j,-0.099179-0.150719j,0.287870
0.207745+0.194790j,-0.457509+0.239124j,-0.097424-0.151712j,0.293562
0.207708+0.197836j,-0.459186+0.241249j,-0.095687-0.152684j,0.299255
0.207649+0.200878j,-0.460858+0.243353j,-0.093966-0.153635j,0.304947
0.207566+0.204035j,-0.462591+0.245521j,-0.092195-0.154602j,0.310864
0.207460+0.207189j,-0.464320+0.247668j,-0.090441-0.155548j,0.316781
0.207332+0.210337j,-0.466044+0.249795j,-0.088704-0.156473j,0.322698
0.207176+0.213603j,-0.467829+0.251984j,-0.086917-0.157413j,0.328841
0.206997+0.216864j,-0.469610+0.254153j,-0.085147-0.158332j,0.334984
0.206795+0.220121j,-0.471388+0.256302j,-0.083394-0.159231j,0.341126
0.206562+0.223495j,-0.473227+0.258512j,-0.081592-0.160143j,0.347497
0.206304+0.226864j,-0.475062+0.260702j,-0.079806-0.161035j,0.353867
0.206023+0.230230j,-0.476894+0.262873j,-0.078037-0.161907j,0.360237
0.205707+0.233714j,-0.478788+0.265104j,-0.076219-0.162790j,0.366837
0.205366+0.237193j,-0.480679+0.267315j,-0.074419-0.163653j,0.373437
0.205000+0.240668j,-0.482567+0.269507j,-0.072633-0.164496j,0.380036
0.204596+0.244262j,-0.484518+0.271758j,-0.070802-0.165350j,0.386866
0.204166+0.247851j,-0.486466+0.273989j,-0.068986-0.166184j,0.393697
0.203710+0.251437j,-0.488412+0.276203j,-0.067186-0.166999j,0.400526
0.203213+0.255142j,-0.490422+0.278473j,-0.065340-0.167822j,0.407589
0.202688+0.258842j,-0.492429+0.280725j,-0.063509-0.168626j,0.414651
0.202138+0.262539j,-0.494434+0.282959j,-0.061694-0.169412j,0.421713
0.201561+0.266232j,-0.496438+0.285176j,-0.059894-0.170179j,0.428774
0.200931+0.270085j,-0.498528+0.287473j,-0.058029-0.170962j,0.436147
0.200273+0.273933j,-0.500616+0.289752j,-0.056180-0.171726j,0.443519
0.199587+0.277779j,-0.502704+0.292013j,-0.054346-0.172472j,0.450891
0.198874+0.281620j,-0.504790+0.294258j,-0.052526-0.173200j,0.458262
0.198101+0.285621j,-0.506964+0.296581j,-0.050643-0.173942j,0.465947
0.197300+0.289619j,-0.509137+0.298886j,-0.048776-0.174665j,0.473630
0.196469+0.293613j,-0.511310+0.301174j,-0.046923-0.175370j,0.481314
0.195610+0.297604j,-0.513482+0.303446j,-0.045084-0.176059j,0.488998
0.194685+0.301754j,-0.515744+0.305794j,-0.043185-0.176758j,0.496995
0.193729+0.305901j,-0.518005+0.308125j,-0.041300-0.177440j,0.504993
0.192743+0.310045j,-0.520267+0.310440j,-0.039430-0.178105j,0.512990
0.191727+0.314185j,-0.522530+0.312739j,-0.037573-0.178753j,0.520987
0.190639+0.318485j,-0.524883+0.315113j,-0.035657-0.179410j,0.529301
0.189519+0.322782j,-0.527236+0.317470j,-0.033755-0.180050j,0.537614
0.188367+0.327076j,-0.529591+0.319811j,-0.031867-0.180673j,0.545926
0.187184+0.331365j,-0.531948+0.322137j,-0.029993-0.181281j,0.554239
0.185922+0.335816j,-0.534396+0.324536j,-0.028061-0.181895j,0.562869
0.184627+0.340263j,-0.536847+0.326919j,-0.026144-0.182493j,0.571500
0.183298+0.344706j,-0.539299+0.329286j,-0.024239-0.183074j,0.580129
0.181937+0.349146j,-0.541754+0.331638j,-0.022348-0.183641j,0.588759
0.180490+0.353746j,-0.544302+0.334062j,-0.020401-0.184212j,0.597708
0.179009+0.358343j,-0.546854+0.336471j,-0.018468-0.184768j,0.606657
0.177493+0.362936j,-0.549408+0.338864j,-0.016548-0.185308j,0.615606
0.175942+0.367526j,-0.551966+0.341243j,-0.014641-0.185834j,0.624554
0.174300+0.372276j,-0.554619+0.343692j,-0.012679-0.186362j,0.633824
0.172621+0.377023j,-0.557276+0.346126j,-0.010731-0.186876j,0.643093
0.170906+0.381765j,-0.559937+0.348545j,-0.008796-0.187374j,0.652362
0.169155+0.386504j,-0.562603+0.350949j,-0.006874-0.187858j,0.661631
0.167305+0.391404j,-0.565366+0.353423j,-0.004898-0.188345j,0.671221
0.165418+0.396300j,-0.568134+0.355882j,-0.002935-0.188816j,0.680812
0.163492+0.401191j,-0.570907+0.358327j,-0.000986-0.189273j,0.690403
0.161529+0.406079j,-0.573685+0.360757j,0.000951-0.189716j,0.699993
0.159529+0.410962j,-0.576469+0.363174j,0.002876-0.190146j,0.709584
0.157405+0.416047j,-0.579377+0.365678j,0.004868-0.190579j,0.719578
0.155241+0.421128j,-0.582290+0.368168j,0.006848-0.190999j,0.729571
0.153037+0.426204j,-0.585211+0.370644j,0.008815-0.191404j,0.739565
0.150794+0.431276j,-0.588137+0.373106j,0.010769-0.191797j,0.749558
0.148511+0.436344j,-0.591071+0.375554j,0.012711-0.192176j,0.759552
0.146095+0.441612j,-0.594132+0.378088j,0.014719-0.192557j,0.769951
0.143636+0.446876j,-0.597200+0.380608j,0.016715-0.192925j,0.780349
0.141135+0.452135j,-0.600277+0.383114j,0.018698-0.193280j,0.790748
0.138593+0.457390j,-0.603361+0.385607j,0.020668-0.193622j,0.801146
0.136010+0.462639j,-0.606454+0.388086j,0.022627-0.193952j,0.811545
0.133282+0.468090j,-0.609678+0.390649j,0.024650-0.194282j,0.822351
0.130509+0.473535j,-0.612910+0.393198j,0.026661-0.194599j,0.833157
0.127693+0.478976j,-0.616153+0.395733j,0.028659-0.194904j,0.843964
0.124833+0.484411j,-0.619405+0.398255j,0.030646-0.195196j,0.854770
0.121930+0.489840j,-0.622667+0.400764j,0.032620-0.195477j,0.865576
0.118871+0.495471j,-0.626064+0.403354j,0.034657-0.195757j,0.876793
0.115766+0.501096j,-0.629472+0.405931j,0.036682-0.196024j,0.888010
0.112614+0.506715j,-0.632892+0.408494j,0.038695-0.196280j,0.899227
0.109418+0.512328j,-0.636322+0.411043j,0.040696-0.196524j,0.910444
0.106175+0.517936j,-0.639764+0.413579j,0.042685-0.196756j,0.921660
0.102765+0.523745j,-0.643346+0.416195j,0.044736-0.196986j,0.933292
0.099307+0.529547j,-0.646941+0.418798j,0.046775-0.197205j,0.944923
0.095801+0.535343j,-0.650549+0.421386j,0.048801-0.197412j,0.956554
0.092247+0.541133j,-0.654170+0.423961j,0.050816-0.197609j,0.968185
0.088646+0.546916j,-0.657804+0.426522j,0.052820-0.197794j,0.979816
0.084865+0.552900j,-0.661583+0.429161j,0.054883-0.197976j,0.991866
0.081034+0.558878j,-0.665376+0.431786j,0.056935-0.198147j,1.003915
0.077153+0.564849j,-0.669185+0.434397j,0.058975-0.198307j,1.015965
0.073222+0.570812j,-0.673008+0.436993j,0.061004-0.198457j,1.028015
0.069242+0.576768j,-0.676847+0.439576j,0.063021-0.198597j,1.040064
0.065069+0.582927j,-0.680837+0.442235j,0.065097-0.198732j,1.052537
0.060844+0.589078j,-0.684843+0.444879j,0.067161-0.198857j,1.065011
0.056567+0.595221j,-0.688866+0.447509j,0.069214-0.198971j,1.077484
0.052238+0.601356j,-0.692905+0.450123j,0.071255-0.199076j,1.089957
0.047857+0.607484j,-0.696962+0.452723j,0.073286-0.199172j,1.102431
0.043271+0.613815j,-0.701176+0.455398j,0.075374-0.199261j,1.115334
0.038630+0.620137j,-0.705409+0.458057j,0.077451-0.199341j,1.128238
0.033935+0.626451j,-0.709661+0.460700j,0.079517-0.199411j,1.141141
0.029186+0.632757j,-0.713931+0.463327j,0.081571-0.199473j,1.154045
0.024383+0.639053j,-0.718220+0.465939j,0.083614-0.199525j,1.166949
0.019361+0.645556j,-0.722675+0.468623j,0.085715-0.199570j,1.180291
0.014282+0.652049j,-0.727151+0.471291j,0.087805-0.199607j,1.193633
0.009146+0.658533j,-0.731647+0.473941j,0.089883-0.199635j,1.206975
0.003955+0.665008j,-0.736163+0.476575j,0.091950-0.199654j,1.220317
-0.001293+0.671473j,-0.740701+0.479191j,0.094006-0.199665j,1.233660
-0.006595+0.677929j,-0.745259+0.481791j,0.096051-0.199668j,1.247002
-0.012172+0.684637j,-0.750023+0.484477j,0.098167-0.199663j,1.260883
-0.017807+0.691334j,-0.754811+0.487145j,0.100273-0.199650j,1.274765
-0.023502+0.698022j,-0.759621+0.489794j,0.102367-0.199629j,1.288647
-0.029255+0.704700j,-0.764454+0.492424j,0.104450-0.199600j,1.302528
-0.035066+0.711367j,-0.769310+0.495035j,0.106522-0.199563j,1.316410
-0.040936+0.718025j,-0.774189+0.497626j,0.108583-0.199520j,1.330292
-0.047104+0.724940j,-0.779289+0.500302j,0.110716-0.199467j,1.344733
-0.053334+0.731845j,-0.784415+0.502956j,0.112838-0.199406j,1.359175
-0.059625+0.738739j,-0.789565+0.505589j,0.114949-0.199339j,1.373616
-0.065978+0.745623j,-0.794740+0.508200j,0.117049-0.199264j,1.388058
-0.072392+0.752495j,-0.799940+0.510789j,0.119138-0.199183j,1.402500
-0.079087+0.759590j,-0.805343+0.513443j,0.121287-0.199092j,1.417430
-0.085847+0.766673j,-0.810772+0.516072j,0.123425-0.198994j,1.432361
-0.092671+0.773744j,-0.816227+0.518678j,0.125552-0.198889j,1.447292
-0.099558+0.780804j,-0.821709+0.521259j,0.127668-0.198778j,1.462222
-0.106509+0.787853j,-0.827218+0.523815j,0.129773-0.198661j,1.477153
-0.113765+0.795134j,-0.832943+0.526433j,0.131940-0.198533j,1.492598
-0.121089+0.802402j,-0.838697+0.529023j,0.134095-0.198400j,1.508043
-0.128479+0.809659j,-0.844479+0.531586j,0.136240-0.198260j,1.523488
-0.135936+0.816904j,-0.850287+0.534121j,0.138374-0.198114j,1.538934
-0.143458+0.824138j,-0.856124+0.536628j,0.140497-0.197963j,1.554379
-0.151314+0.831614j,-0.862194+0.539194j,0.142684-0.197801j,1.570369
-0.159240+0.839079j,-0.868294+0.541728j,0.144860-0.197633j,1.586358
-0.167236+0.846531j,-0.874421+0.544230j,0.147025-0.197460j,1.602348
-0.175300+0.853972j,-0.880577+0.546701j,0.149180-0.197282j,1.618338
-0.183433+0.861401j,-0.886761+0.549140j,0.151324-0.197098j,1.634328
-0.191933+0.869087j,-0.893197+0.551633j,0.153534-0.196903j,1.650896
-0.200505+0.876760j,-0.899663+0.554090j,0.155734-0.196703j,1.667464
-0.209149+0.884422j,-0.906157+0.556511j,0.157923-0.196498j,1.684032
-0.217866+0.892071j,-0.912679+0.558896j,0.160101-0.196289j,1.700600
-0.226654+0.899709j,-0.919228+0.561244j,0.162269-0.196075j,1.717169
-0.235842+0.907617j,-0.926048+0.563640j,0.164506-0.195848j,1.734348
-0.245106+0.915513j,-0.932896+0.565996j,0.166731-0.195617j,1.751528
-0.254446+0.923397j,-0.939771+0.568311j,0.168947-0.195382j,1.768708
-0.263861+0.931270j,-0.946674+0.570585j,0.171151-0.195143j,1.785888
-0.273351+0.939131j,-0.953603+0.572817j,0.173345-0.194901j,1.803068
-0.283271+0.947272j,-0.960815+0.575088j,0.175610-0.194645j,1.820883
-0.293271+0.955402j,-0.968054+0.577314j,0.177863-0.194386j,1.838699
-0.303351+0.963520j,-0.975319+0.579494j,0.180106-0.194123j,1.856514
-0.313509+0.971627j,-0.982608+0.581628j,0.182338-0.193856j,1.874329
-0.323746+0.979724j,-0.989921+0.583716j,0.184560-0.193586j,1.892145
-0.334432+0.988099j,-0.997520+0.585830j,0.186851-0.193304j,1.910596
-0.345201+0.996463j,-1.005142+0.587893j,0.189131-0.193018j,1.929046
-0.356053+1.004818j,-1.012787+0.589907j,0.191400-0.192730j,1.947497
-0.366989+1.013162j,-1.020453+0.591869j,0.193659-0.192438j,1.965948
-0.378007+1.021498j,-1.028139+0.593782j,0.195907-0.192144j,1.984399
-0.389107+1.029824j,-1.035844+0.595643j,0.198146-0.191848j,2.002850
-0.400289+1.038141j,-1.043568+0.597454j,0.200375-0.191549j,2.021301
-0.411553+1.046450j,-1.051308+0.599214j,0.202593-0.191248j,2.039752
-0.422899+1.054752j,-1.059063+0.600924j,0.204803-0.190945j,2.058203
-0.434326+1.063046j,-1.066834+0.602583j,0.207002-0.190640j,2.076654
-0.445834+1.071333j,-1.074617+0.604192j,0.209193-0.190333j,2.095105
-0.457422+1.079614j,-1.082414+0.605750j,0.211374-0.190024j,2.113556
-0.469091+1.087888j,-1.090221+0.607258j,0.213547-0.189714j,2.132007
-0.480841+1.096157j,-1.098038+0.608716j,0.215710-0.189403j,2.150458
-0.492671+1.104421j,-1.105865+0.610125j,0.217865-0.189090j,2.168909
-0.504581+1.112680j,-1.113699+0.611484j,0.220012-0.188776j,2.187360
-0.516570+1.120934j,-1.121540+0.612794j,0.222149-0.188460j,2.205811
-0.528640+1.129184j,-1.129387+0.614056j,0.224279-0.188144j,2.224262
-0.540789+1.137431j,-1.137239+0.615270j,0.226401-0.187827j,2.242713
-0.553018+1.145675j,-1.145094+0.616435j,0.228514-0.187509j,2.261164
-0.565326+1.153916j,-1.152952+0.617554j,0.230620-0.187190j,2.279615
-0.577714+1.162155j,-1.160812+0.618625j,0.232717-0.186871j,2.298066
-0.590181+1.170391j,-1.168672+0.619651j,0.234807-0.186551j,2.316517
-0.603177+1.178920j,-1.176813+0.620664j,0.236964-0.186219j,2.335624
-0.616257+1.187448j,-1.184953+0.621630j,0.239113-0.185886j,2.354731
-0.629422+1.195975j,-1.193090+0.622547j,0.241254-0.185554j,2.373839
-0.642672+1.204502j,-1.201225+0.623417j,0.243387-0.185220j,2.392946
-0.656007+1.213029j,-1.209355+0.624241j,0.245513-0.184887j,2.412053
-0.669427+1.221557j,-1.217481+0.625019j,0.247631-0.184553j,2.431160
-0.682932+1.230085j,-1.225601+0.625752j,0.249742-0.184220j,2.450267
-0.696522+1.238616j,-1.233715+0.626441j,0.251845-0.183886j,2.469375
-0.710197+1.247148j,-1.241821+0.627086j,0.253942-0.183552j,2.488482
-0.723957+1.255682j,-1.249920+0.627689j,0.256031-0.183219j,2.507589
-0.738297+1.264523j,-1.258297+0.628268j,0.258188-0.182873j,2.527375
-0.752728+1.273368j,-1.266664+0.628804j,0.260337-0.182528j,2.547160
-0.767250+1.282217j,-1.275021+0.629296j,0.262480-0.182183j,2.566946
-0.781864+1.291069j,-1.283366+0.629746j,0.264615-0.181839j,2.586732
-0.796570+1.299927j,-1.291699+0.630154j,0.266743-0.181494j,2.606518
-0.811367+1.308790j,-1.300019+0.630522j,0.268864-0.181151j,2.626304
-0.826256+1.317658j,-1.308326+0.630849j,0.270979-0.180807j,2.646089
-0.841760+1.326841j,-1.316907+0.631148j,0.273160-0.180452j,2.666561
-0.857362+1.336031j,-1.325472+0.631405j,0.275334-0.180098j,2.687033
-0.873064+1.345228j,-1.334022+0.631623j,0.277502-0.179745j,2.707505
-0.888864+1.354433j,-1.342555+0.631802j,0.279662-0.179392j,2.727977
-0.904763+1.363646j,-1.351071+0.631943j,0.281816-0.179039j,2.748449
-0.920762+1.372867j,-1.359569+0.632047j,0.283963-0.178688j,2.768921
-0.937420+1.382419j,-1.368344+0.632117j,0.286178-0.178325j,2.790102
-0.954186+1.391980j,-1.377100+0.632150j,0.288386-0.177963j,2.811283
-0.971059+1.401552j,-1.385835+0.632146j,0.290588-0.177602j,2.832464
-0.988038+1.411135j,-1.394550+0.632107j,0.292782-0.177242j,2.853645
-1.005126+1.420729j,-1.403245+0.632033j,0.294970-0.176883j,2.874826
-1.022321+1.430335j,-1.411918+0.631926j,0.297152-0.176524j,2.896007
-1.040285+1.440320j,-1.420900+0.631780j,0.299410-0.176154j,2.917992
-1.058366+1.450319j,-1.429859+0.631600j,0.301661-0.175784j,2.939978
-1.076564+1.460332j,-1.438794+0.631387j,0.303906-0.175415j,2.961964
-1.094879+1.470359j,-1.447706+0.631142j,0.306144-0.175048j,2.983950
-1.113312+1.480401j,-1.456594+0.630866j,0.308376-0.174682j,3.005935
-1.131862+1.490459j,-1.465459+0.630560j,0.310601-0.174317j,3.027921
-1.151288+1.500940j,-1.474656+0.630211j,0.312909-0.173939j,3.050793
-1.170843+1.511438j,-1.483827+0.629831j,0.315211-0.173562j,3.073666
-1.190526+1.521955j,-1.492972+0.629422j,0.317506-0.173187j,3.096538
-1.210338+1.532490j,-1.502091+0.628984j,0.319795-0.172813j,3.119410
-1.230280+1.543043j,-1.511183+0.628518j,0.322077-0.172440j,3.142283
-1.250352+1.553616j,-1.520249+0.628026j,0.324353-0.172069j,3.165155
-1.270553+1.564209j,-1.529288+0.627508j,0.326622-0.171699j,3.188027
-1.291621+1.575205j,-1.538626+0.626946j,0.328967-0.171318j,3.211722
-1.312830+1.586223j,-1.547935+0.626358j,0.331305-0.170938j,3.235417
-1.334180+1.597263j,-1.557215+0.625745j,0.333637-0.170559j,3.259112
-1.355671+1.608326j,-1.566467+0.625108j,0.335962-0.170183j,3.282806
-1.377304+1.619412j,-1.575691+0.624448j,0.338281-0.169808j,3.306501
-1.399080+1.630522j,-1.584887+0.623766j,0.340594-0.169434j,3.330196
-1.420999+1.641656j,-1.594054+0.623063j,0.342901-0.169063j,3.353891
-1.443061+1.652814j,-1.603194+0.622340j,0.345201-0.168693j,3.377586
-1.465268+1.663997j,-1.612305+0.621597j,0.347496-0.168324j,3.401281
-1.488438+1.675616j,-1.621720+0.620806j,0.349868-0.167944j,3.425840
-1.511764+1.687262j,-1.631106+0.619997j,0.352233-0.167566j,3.450399
-1.535247+1.698936j,-1.640461+0.619168j,0.354593-0.167190j,3.474958
-1.558886+1.710639j,-1.649787+0.618322j,0.356946-0.166815j,3.499517
-1.582683+1.722370j,-1.659084+0.617459j,0.359294-0.166442j,3.524076
-1.606638+1.734130j,-1.668351+0.616579j,0.361635-0.166071j,3.548636
-1.630751+1.745920j,-1.677590+0.615683j,0.363970-0.165702j,3.573195
-1.655023+1.757739j,-1.686799+0.614772j,0.366299-0.165335j,3.597755
-1.679454+1.769589j,-1.695980+0.613847j,0.368623-0.164969j,3.622314
-1.704937+1.781898j,-1.705462+0.612874j,0.371024-0.164592j,3.647758
-1.730593+1.794241j,-1.714914+0.611887j,0.373420-0.164217j,3.673202
-1.756421+1.806618j,-1.724336+0.610887j,0.375809-0.163844j,3.698647
-1.782424+1.819028j,-1.733727+0.609873j,0.378192-0.163473j,3.724091
-1.808600+1.831473j,-1.743089+0.608848j,0.380569-0.163104j,3.749536
-1.834952+1.843953j,-1.752421+0.607811j,0.382941-0.162737j,3.774980
-1.861480+1.856467j,-1.761724+0.606763j,0.385306-0.162372j,3.800425
-1.888184+1.869017j,-1.770998+0.605704j,0.387666-0.162009j,3.825870
-1.915064+1.881602j,-1.780242+0.604636j,0.390020-0.161647j,3.851315
-1.943083+1.894671j,-1.789784+0.603520j,0.392452-0.161275j,3.877657
-1.971293+1.907779j,-1.799294+0.602394j,0.394877-0.160905j,3.903999
-1.999695+1.920926j,-1.808775+0.601259j,0.397297-0.160537j,3.930342
-2.028289+1.934112j,-1.818225+0.600116j,0.399711-0.160171j,3.956685
-2.057076+1.947339j,-1.827646+0.598965j,0.402118-0.159807j,3.983027
-2.068429+1.952542j,-1.831335+0.598511j,0.403062-0.159665j,3.993387
-2.068429+1.952542j,-1.831324+0.598530j,0.403062-0.159665j,3.993387
-2.068429+1.952542j,-1.831324+0.598530j,0.403062-0.159665j,3.993387
-2.068430+1.952543j,-1.831325+0.598530j,0.403062-0.159665j,3.993387
-2.068432+1.952544j,-1.831325+0.598530j,0.403062-0.159665j,3.993389
-2.068442+1.952548j,-1.831328+0.598530j,0.403063-0.159665j,3.993398
-2.068487+1.952569j,-1.831343+0.598528j,0.403067-0.159665j,3.993439
-2.068689+1.952661j,-1.831409+0.598520j,0.403084-0.159662j,3.993624
-2.069600+1.953078j,-1.831704+0.598484j,0.403159-0.159651j,3.994454
-2.073698+1.954954j,-1.833032+0.598320j,0.403499-0.159599j,3.998189
-2.092190+1.963407j,-1.839001+0.597580j,0.405026-0.159370j,4.014972
-2.122142+1.977058j,-1.848590+0.596384j,0.407481-0.159001j,4.041972
-2.152299+1.990752j,-1.858149+0.595180j,0.409930-0.158635j,4.068973
-2.182663+2.004489j,-1.867677+0.593970j,0.412374-0.158270j,4.095974
-2.213234+2.018270j,-1.877176+0.592754j,0.414811-0.157908j,4.122975
-2.244013+2.032096j,-1.886644+0.591533j,0.417243-0.157548j,4.149976
-2.275001+2.045967j,-1.896083+0.590306j,0.419669-0.157190j,4.176977
-2.306198+2.059882j,-1.905493+0.589075j,0.422089-0.156834j,4.203979
-2.337606+2.073843j,-1.914874+0.587840j,0.424504-0.156480j,4.230980
-2.369225+2.087850j,-1.924226+0.586601j,0.426913-0.156128j,4.257982
-2.401056+2.101902j,-1.933549+0.585358j,0.429317-0.155778j,4.284984
-2.434276+2.116518j,-1.943183+0.584066j,0.431802-0.155417j,4.312970
-2.467726+2.131184j,-1.952787+0.582771j,0.434282-0.155058j,4.340957
-2.501406+2.145900j,-1.962362+0.581473j,0.436757-0.154702j,4.368944
-2.535318+2.160668j,-1.971906+0.580173j,0.439225-0.154347j,4.396931
-2.569462+2.175486j,-1.981421+0.578870j,0.441688-0.153995j,4.424919
-2.603839+2.190356j,-1.990907+0.577566j,0.444145-0.153645j,4.452906
-2.638451+2.205278j,-2.000364+0.576260j,0.446596-0.153297j,4.480894
-2.673298+2.220252j,-2.009792+0.574954j,0.449042-0.152951j,4.508881
-2.708381+2.235279j,-2.019192+0.573646j,0.451483-0.152607j,4.536869
-2.743701+2.250358j,-2.028564+0.572337j,0.453918-0.152265j,4.564857
-2.780569+2.266048j,-2.038250+0.570980j,0.456436-0.151913j,4.593870
-2.817694+2.281794j,-2.047906+0.569622j,0.458949-0.151563j,4.622883
-2.855077+2.297599j,-2.057532+0.568265j,0.461456-0.151215j,4.651896
-2.892719+2.313462j,-2.067130+0.566908j,0.463958-0.150869j,4.680909
-2.930620+2.329384j,-2.076698+0.565552j,0.466454-0.150525j,4.709922
-2.968783+2.345364j,-2.086237+0.564196j,0.468944-0.150183j,4.738936
-3.007208+2.361404j,-2.095748+0.562841j,0.471428-0.149843j,4.767950
-3.045896+2.377503j,-2.105230+0.561488j,0.473907-0.149506j,4.796964
-3.084848+2.393662j,-2.114684+0.560136j,0.476381-0.149170j,4.825978
-3.124066+2.409882j,-2.124110+0.558785j,0.478849-0.148837j,4.854992
-3.164971+2.426746j,-2.133845+0.557388j,0.481400-0.148493j,4.885043
-3.206163+2.443677j,-2.143550+0.555993j,0.483945-0.148152j,4.915095
-3.247643+2.460672j,-2.153226+0.554600j,0.486485-0.147813j,4.945146
-3.289412+2.477734j,-2.162873+0.553210j,0.489019-0.147476j,4.975198
-3.331472+2.494862j,-2.172491+0.551822j,0.491547-0.147141j,5.005250
-3.373824+2.512057j,-2.182081+0.550437j,0.494069-0.146808j,5.035303
-3.416470+2.529320j,-2.191643+0.549055j,0.496587-0.146477j,5.065355
-3.459409+2.546649j,-2.201176+0.547677j,0.499098-0.146149j,5.095408
-3.502645+2.564046j,-2.210681+0.546301j,0.501604-0.145822j,5.125461
-3.546177+2.581512j,-2.220159+0.544929j,0.504105-0.145497j,5.155514
-3.591550+2.599662j,-2.229940+0.543512j,0.506687-0.145163j,5.186618
-3.637244+2.617886j,-2.239692+0.542099j,0.509264-0.144831j,5.217722
-3.683260+2.636184j,-2.249416+0.540690j,0.511836-0.144501j,5.248826
-3.729599+2.654556j,-2.259110+0.539286j,0.514401-0.144174j,5.279931
-3.776264+2.673003j,-2.268776+0.537885j,0.516961-0.143848j,5.311036
-3.823254+2.691526j,-2.278414+0.536489j,0.519515-0.143524j,5.342141
-3.870573+2.710123j,-2.288023+0.535098j,0.522064-0.143203j,5.373246
-3.918221+2.728797j,-2.297605+0.533711j,0.524607-0.142883j,5.404352
-3.966199+2.747547j,-2.307159+0.532328j,0.527145-0.142565j,5.435457
-4.014509+2.766374j,-2.316686+0.530950j,0.529678-0.142250j,5.466563
-4.064830+2.785928j,-2.326511+0.529530j,0.532291-0.141925j,5.498735
-4.115509+2.805566j,-2.336308+0.528116j,0.534899-0.141603j,5.530906
-4.166549+2.825286j,-2.346076+0.526706j,0.537502-0.141283j,5.563078
-4.217949+2.845090j,-2.355815+0.525302j,0.540098-0.140964j,5.595251
-4.269713+2.864977j,-2.365527+0.523904j,0.542689-0.140648j,5.627423
-4.321842+2.884949j,-2.375210+0.522510j,0.545275-0.140334j,5.659596
-4.374336+2.905006j,-2.384865+0.521123j,0.547854-0.140021j,5.691769
-4.427199+2.925148j,-2.394493+0.519741j,0.550429-0.139711j,5.723942
-4.480431+2.945375j,-2.404093+0.518365j,0.552998-0.139402j,5.756115
-4.534034+2.965688j,-2.413666+0.516995j,0.555561-0.139096j,5.788289
-4.588011+2.986087j,-2.423212+0.515630j,0.558119-0.138791j,5.820462
-4.644382+3.007333j,-2.433084+0.514221j,0.560766-0.138477j,5.853824
-4.701158+3.028672j,-2.442927+0.512818j,0.563407-0.138166j,5.887187
-4.758340+3.050106j,-2.452741+0.511422j,0.566043-0.137856j,5.920549
-4.815931+3.071634j,-2.462528+0.510032j,0.568673-0.137548j,5.953912
-4.873931+3.093256j,-2.472286+0.508649j,0.571297-0.137242j,5.987275
-4.932344+3.114974j,-2.482016+0.507271j,0.573916-0.136938j,6.020638
-4.991170+3.136787j,-2.491719+0.505901j,0.576529-0.136636j,6.054002
-5.050412+3.158696j,-2.501395+0.504537j,0.579136-0.136335j,6.087366
-5.110071+3.180702j,-2.511043+0.503179j,0.581739-0.136037j,6.120730
-5.170150+3.202804j,-2.520664+0.501828j,0.584335-0.135740j,6.154094
-5.230650+3.225003j,-2.530258+0.500484j,0.586926-0.135446j,6.187458
-5.293793+3.248111j,-2.540173+0.499098j,0.589606-0.135142j,6.222030
-5.357392+3.271325j,-2.550059+0.497718j,0.592280-0.134841j,6.256602
-5.421450+3.294644j,-2.559917+0.496346j,0.594948-0.134541j,6.291174
-5.485969+3.318069j,-2.569747+0.494981j,0.597610-0.134244j,6.325746
-5.550950+3.341601j,-2.579549+0.493623j,0.600267-0.133948j,6.360318
-5.616397+3.365240j,-2.589324+0.492272j,0.602918-0.133654j,6.394891
-5.682312+3.388986j,-2.599071+0.490928j,0.605564-0.133362j,6.429464
-5.748696+3.412840j,-2.608791+0.489591j,0.608204-0.133072j,6.464038
-5.815551+3.436803j,-2.618484+0.488262j,0.610838-0.132783j,6.498611
-5.882881+3.460874j,-2.628151+0.486939j,0.613467-0.132497j,6.533185
-5.950686+3.485055j,-2.637790+0.485624j,0.616091-0.132212j,6.567759
-6.021409+3.510212j,-2.647745+0.484269j,0.618802-0.131919j,6.603559
-6.092646+3.535487j,-2.657671+0.482921j,0.621508-0.131628j,6.639360
-6.164402+3.560880j,-2.667570+0.481581j,0.624207-0.131338j,6.675160
-6.236678+3.586393j,-2.677441+0.480249j,0.626901-0.131051j,6.710962
-6.309477+3.612025j,-2.687284+0.478924j,0.629590-0.130765j,6.746763
-6.382801+3.637778j,-2.697100+0.477606j,0.632272-0.130481j,6.782564
-6.456653+3.663651j,-2.706888+0.476296j,0.634950-0.130199j,6.818366
-6.531035+3.689646j,-2.716650+0.474994j,0.637621-0.129918j,6.854168
-6.605950+3.715762j,-2.726384+0.473699j,0.640287-0.129640j,6.889971
-6.681401+3.742000j,-2.736093+0.472411j,0.642948-0.129363j,6.925773
-6.757389+3.768361j,-2.745774+0.471130j,0.645603-0.129087j,6.961576
-6.836599+3.795771j,-2.755766+0.469813j,0.648345-0.128804j,6.998624
-6.916390+3.823314j,-2.765730+0.468503j,0.651081-0.128523j,7.035673
-6.996766+3.850990j,-2.775666+0.467201j,0.653812-0.128244j,7.072722
-7.077729+3.878799j,-2.785575+0.465907j,0.656537-0.127966j,7.109771
-7.159282+3.906743j,-2.795456+0.464621j,0.659256-0.127690j,7.146820
-7.241429+3.934821j,-2.805310+0.463342j,0.661969-0.127416j,7.183870
-7.324171+3.963034j,-2.815137+0.462070j,0.664677-0.127143j,7.220920
-7.407513+3.991383j,-2.824937+0.460807j,0.667380-0.126872j,7.257970
-7.491457+4.019868j,-2.834710+0.459551j,0.670076-0.126603j,7.295020
-7.576005+4.048490j,-2.844457+0.458302j,0.672768-0.126335j,7.332071
-7.661161+4.077250j,-2.854178+0.457061j,0.675453-0.126069j,7.369122
-7.749875+4.107139j,-2.864204+0.455785j,0.678225-0.125796j,7.407437
-7.839246+4.137177j,-2.874203+0.454517j,0.680992-0.125525j,7.445752
-7.929276+4.167363j,-2.884174+0.453257j,0.683752-0.125255j,7.484068
-8.019970+4.197698j,-2.894117+0.452005j,0.686507-0.124986j,7.522384
-8.111330+4.228184j,-2.904033+0.450761j,0.689256-0.124720j,7.560701
-8.203360+4.258820j,-2.913923+0.449524j,0.692000-0.124455j,7.599018
-8.296063+4.289608j,-2.923785+0.448295j,0.694737-0.124192j,7.637335
-8.389442+4.320547j,-2.933621+0.447073j,0.697470-0.123930j,7.675652
-8.483502+4.351639j,-2.943431+0.445859j,0.700196-0.123670j,7.713969
-8.578244+4.382884j,-2.953214+0.444653j,0.702918-0.123412j,7.752287
-8.673673+4.414283j,-2.962971+0.443454j,0.705633-0.123155j,7.790605
-8.769792+4.445836j,-2.972702+0.442263j,0.708343-0.122899j,7.828924
-8.870164+4.478708j,-2.982763+0.441035j,0.711147-0.122636j,7.868641
-8.971285+4.511748j,-2.992796+0.439816j,0.713945-0.122375j,7.908358
-9.073159+4.544955j,-3.002801+0.438604j,0.716737-0.122115j,7.948076
-9.155705+4.571806j,-3.010835+0.437634j,0.718981-0.121907j,7.980067
-9.155705+4.571806j,-3.010835+0.437634j,0.718981-0.121907j,7.980067
-9.155705+4.571806j,-3.010835+0.437634j,0.718981-0.121907j,7.980067
-9.155706+4.571807j,-3.010835+0.437634j,0.718981-0.121907j,7.980067
-9.155711+4.571808j,-3.010836+0.437634j,0.718981-0.121907j,7.980069
-9.155735+4.571816j,-3.010838+0.437634j,0.718981-0.121907j,7.980078
-9.155841+4.571850j,-3.010848+0.437633j,0.718984-0.121907j,7.980119
-9.156317+4.572005j,-3.010894+0.437627j,0.718997-0.121905j,7.980304
-9.158460+4.572702j,-3.011102+0.437602j,0.719055-0.121900j,7.981134
-9.168108+4.575836j,-3.012036+0.437489j,0.719316-0.121876j,7.984870
-9.211606+4.589962j,-3.016239+0.436984j,0.720490-0.121767j,8.001659
-9.316784+4.624059j,-3.026326+0.435773j,0.723310-0.121508j,8.041956
-9.422750+4.658331j,-3.036386+0.434569j,0.726123-0.121249j,8.082254
-9.529508+4.692779j,-3.046419+0.433374j,0.728931-0.120993j,8.122551
-9.637063+4.727405j,-3.056425+0.432186j,0.731733-0.120738j,8.162849
-9.745418+4.762207j,-3.066404+0.431006j,0.734530-0.120484j,8.203148
-9.854579+4.797188j,-3.076356+0.429834j,0.737320-0.120232j,8.243446
-9.964549+4.832348j,-3.086281+0.428669j,0.740105-0.119982j,8.283745
-10.075331+4.867688j,-3.096180+0.427512j,0.742885-0.119733j,8.324044
-10.186932+4.903208j,-3.106053+0.426362j,0.745659-0.119486j,8.364344
-10.299353+4.938909j,-3.115900+0.425219j,0.748427-0.119240j,8.404643
-10.412601+4.974792j,-3.125721+0.424084j,0.751190-0.118995j,8.444943
-10.526679+5.010858j,-3.135517+0.422956j,0.753947-0.118752j,8.485244
-10.645523+5.048347j,-3.145619+0.421797j,0.756793-0.118503j,8.526913
-10.765265+5.086032j,-3.155695+0.420646j,0.759632-0.118254j,8.568583
-10.885908+5.123915j,-3.165743+0.419503j,0.762466-0.118008j,8.610253
-11.007458+5.161997j,-3.175765+0.418367j,0.765295-0.117763j,8.651924
-11.129918+5.200279j,-3.185760+0.417238j,0.768117-0.117519j,8.693595
-11.253295+5.238761j,-3.195729+0.416117j,0.770934-0.117277j,8.735266
-11.377593+5.277444j,-3.205672+0.415003j,0.773745-0.117036j,8.776937
-11.502816+5.316329j,-3.215588+0.413896j,0.776551-0.116796j,8.818609
-11.628970+5.355417j,-3.225479+0.412797j,0.779351-0.116558j,8.860281
-11.756059+5.394709j,-3.235344+0.411704j,0.782146-0.116322j,8.901953
-11.884089+5.434205j,-3.245184+0.410619j,0.784935-0.116087j,8.943626
-12.013064+5.473907j,-3.254998+0.409541j,0.787718-0.115853j,8.985298
-12.147541+5.515212j,-3.265128+0.408433j,0.790593-0.115612j,9.028421
-12.283042+5.556738j,-3.275232+0.407331j,0.793463-0.115373j,9.071544
-12.419572+5.598488j,-3.285309+0.406238j,0.796326-0.115136j,9.114667
-12.557136+5.640461j,-3.295359+0.405151j,0.799184-0.114900j,9.157791
-12.695740+5.682659j,-3.305384+0.404072j,0.802036-0.114665j,9.200914
-12.835389+5.725083j,-3.315382+0.403000j,0.804882-0.114431j,9.244039
-12.976090+5.767734j,-3.325354+0.401935j,0.807723-0.114199j,9.287163
-13.117847+5.810612j,-3.335301+0.400877j,0.810558-0.113969j,9.330288
-13.260667+5.853719j,-3.345222+0.399826j,0.813388-0.113740j,9.373413
-13.404554+5.897055j,-3.355117+0.398782j,0.816212-0.113512j,9.416538
-13.549516+5.940622j,-3.364987+0.397744j,0.819030-0.113285j,9.459664
-13.695557+5.984420j,-3.374833+0.396714j,0.821843-0.113060j,9.502790
-13.847736+6.029962j,-3.384989+0.395655j,0.824747-0.112828j,9.547386
-14.001084+6.075753j,-3.395118+0.394603j,0.827645-0.112598j,9.591983
-14.155604+6.121796j,-3.405221+0.393559j,0.830537-0.112369j,9.636580
-14.311305+6.168090j,-3.415298+0.392521j,0.833423-0.112141j,9.681178
-14.468193+6.214637j,-3.425350+0.391490j,0.836304-0.111915j,9.725776
-14.626274+6.261438j,-3.435375+0.390466j,0.839179-0.111690j,9.770374
-14.785554+6.308495j,-3.445375+0.389449j,0.842048-0.111467j,9.814972
-14.946041+6.355808j,-3.455349+0.388439j,0.844912-0.111244j,9.859571
-15.107741+6.403379j,-3.465298+0.387435j,0.847770-0.111023j,9.904170
-15.270660+6.451208j,-3.475222+0.386438j,0.850622-0.110804j,9.948769
-15.434806+6.499297j,-3.485121+0.385448j,0.853469-0.110585j,9.993369
-15.600184+6.547646j,-3.494996+0.384463j,0.856311-0.110368j,10.037969
-15.766802+6.596258j,-3.504845+0.383486j,0.859147-0.110152j,10.082569
-15.940787+6.646913j,-3.515027+0.382479j,0.862081-0.109930j,10.128784
-16.116118+6.697851j,-3.525183+0.381480j,0.865008-0.109708j,10.174999
-16.292803+6.749075j,-3.535312+0.380487j,0.867930-0.109488j,10.221214
-16.470850+6.800585j,-3.545416+0.379500j,0.870847-0.109270j,10.267430
-16.650265+6.852383j,-3.555495+0.378521j,0.873757-0.109052j,10.313646
-16.831056+6.904469j,-3.565548+0.377548j,0.876662-0.108836j,10.359862
-17.013232+6.956846j,-3.575575+0.376581j,0.879561-0.108621j,10.406078
-17.196800+7.009514j,-3.585578+0.375620j,0.882455-0.108408j,10.452295
-17.381768+7.062475j,-3.595556+0.374666j,0.885343-0.108195j,10.498513
-17.568143+7.115729j,-3.605509+0.373719j,0.888225-0.107984j,10.544730
-17.755934+7.169279j,-3.615437+0.372777j,0.891102-0.107774j,10.590948
-17.945148+7.223126j,-3.625341+0.371842j,0.893974-0.107565j,10.637166
-18.135794+7.277270j,-3.635221+0.370912j,0.896840-0.107357j,10.683385
-18.334736+7.333656j,-3.645427+0.369956j,0.899803-0.107144j,10.731241
-18.535230+7.390363j,-3.655607+0.369007j,0.902759-0.106931j,10.779097
-18.737285+7.447395j,-3.665761+0.368064j,0.905710-0.106720j,10.826954
-18.940911+7.504751j,-3.675890+0.367127j,0.908655-0.106509j,10.874812
-19.146115+7.562435j,-3.685994+0.366196j,0.911595-0.106300j,10.922669
-19.352908+7.620446j,-3.696073+0.365272j,0.914528-0.106093j,10.970527
-19.561298+7.678788j,-3.706127+0.364353j,0.917457-0.105886j,11.018385
-19.771294+7.737460j,-3.716156+0.363441j,0.920379-0.105681j,11.066244
-19.982906+7.796465j,-3.726161+0.362535j,0.923296-0.105476j,11.114103
-20.196142+7.855804j,-3.736141+0.361634j,0.926208-0.105273j,11.161962
-20.411012+7.915479j,-3.746097+0.360740j,0.929114-0.105071j,11.209822
-20.627526+7.975491j,-3.756029+0.359851j,0.932014-0.104870j,11.257682
-20.845692+8.035842j,-3.765937+0.358968j,0.934910-0.104670j,11.305542
-21.073206+8.098653j,-3.776165+0.358060j,0.937900-0.104465j,11.355063
-21.302511+8.161830j,-3.786368+0.357159j,0.940884-0.104260j,11.404585
-21.533617+8.225375j,-3.796546+0.356263j,0.943863-0.104057j,11.454107
-21.766533+8.289289j,-3.806699+0.355373j,0.946836-0.103855j,11.503629
-22.001272+8.353575j,-3.816827+0.354490j,0.949804-0.103654j,11.553152
-22.237842+8.418233j,-3.826930+0.353612j,0.952765-0.103454j,11.602675
-22.476255+8.483266j,-3.837009+0.352739j,0.955722-0.103255j,11.652199
-22.716522+8.548675j,-3.847064+0.351873j,0.958672-0.103058j,11.701723
-22.958653+8.614462j,-3.857094+0.351012j,0.961617-0.102861j,11.751247
-23.202660+8.680628j,-3.867101+0.350157j,0.964557-0.102666j,11.800771
-23.448552+8.747177j,-3.877083+0.349307j,0.967491-0.102471j,11.850296
-23.696341+8.814108j,-3.887042+0.348463j,0.970420-0.102278j,11.899821
-23.946038+8.881424j,-3.896978+0.347624j,0.973343-0.102085j,11.949347
-24.027133+8.903259j,-3.900183+0.347354j,0.974286-0.102024j,11.965391
-24.027133+8.903259j,-3.900183+0.347354j,0.974286-0.102024j,11.965391
-24.027133+8.903259j,-3.900183+0.347354j,0.974286-0.102024j,11.965391
-24.027136+8.903260j,-3.900183+0.347354j,0.974286-0.102024j,11.965391
-24.027146+8.903263j,-3.900183+0.347354j,0.974287-0.102024j,11.965393
-24.027192+8.903275j,-3.900185+0.347354j,0.974287-0.102024j,11.965402
-24.027399+8.903331j,-3.900193+0.347353j,0.974289-0.102023j,11.965443
-24.028332+8.903582j,-3.900230+0.347350j,0.974300-0.102023j,11.965628
-24.032530+8.904712j,-3.900396+0.347336j,0.974349-0.102019j,11.966458
-24.051426+8.909797j,-3.901141+0.347274j,0.974568-0.102005j,11.970194
-24.136592+8.932709j,-3.904493+0.346992j,0.975555-0.101940j,11.986987
-24.399271+9.003284j,-3.914761+0.346131j,0.978579-0.101743j,12.038378
-24.664037+9.074278j,-3.925004+0.345277j,0.981597-0.101546j,12.089768
-24.930904+9.145694j,-3.935221+0.344427j,0.984609-0.101351j,12.141159
-25.199884+9.217535j,-3.945415+0.343584j,0.987616-0.101156j,12.192550
-25.470989+9.289801j,-3.955584+0.342746j,0.990617-0.100963j,12.243942
-25.744233+9.362495j,-3.965728+0.341913j,0.993612-0.100771j,12.295333
-26.019628+9.435619j,-3.975849+0.341086j,0.996602-0.100580j,12.346726
-26.297187+9.509175j,-3.985945+0.340264j,0.999586-0.100390j,12.398118
-26.576923+9.583166j,-3.996018+0.339447j,1.002564-0.100201j,12.449511
-26.858847+9.657592j,-4.006067+0.338636j,1.005537-0.100013j,12.500905
-27.142975+9.732457j,-4.016092+0.337830j,1.008505-0.099826j,12.552298
-27.429318+9.807761j,-4.026094+0.337029j,1.011467-0.099640j,12.603692
-27.717889+9.883508j,-4.036073+0.336234j,1.014423-0.099454j,12.655087
-28.008702+9.959700j,-4.046029+0.335443j,1.017375-0.099270j,12.706482
-28.311871+10.038977j,-4.056302+0.334630j,1.020422-0.099081j,12.759634
-28.617467+10.118733j,-4.066551+0.333823j,1.023463-0.098893j,12.812787
-28.925505+10.198972j,-4.076776+0.333021j,1.026498-0.098706j,12.865941
-29.236000+10.279696j,-4.086977+0.332225j,1.029528-0.098519j,12.919094
-29.548965+10.360907j,-4.097153+0.331433j,1.032552-0.098334j,12.972248
-29.864418+10.442606j,-4.107306+0.330646j,1.035571-0.098150j,13.025403
-30.182371+10.524798j,-4.117435+0.329865j,1.038584-0.097967j,13.078558
-30.502841+10.607483j,-4.127541+0.329089j,1.041592-0.097785j,13.131713
-30.825843+10.690665j,-4.137624+0.328317j,1.044594-0.097603j,13.184868
-31.151392+10.774346j,-4.147683+0.327551j,1.047590-0.097423j,13.238024
-31.479503+10.858528j,-4.157719+0.326789j,1.050581-0.097244j,13.291181
-31.810191+10.943213j,-4.167733+0.326032j,1.053567-0.097065j,13.344337
-32.143473+11.028404j,-4.177723+0.325280j,1.056547-0.096888j,13.397494
-32.479363+11.114104j,-4.187691+0.324533j,1.059522-0.096711j,13.450652
-32.829842+11.203359j,-4.197986+0.323764j,1.062596-0.096530j,13.505673
-33.183150+11.293164j,-4.208258+0.323000j,1.065664-0.096349j,13.560695
-33.539306+11.383521j,-4.218505+0.322241j,1.068727-0.096169j,13.615718
-33.898326+11.474435j,-4.228729+0.321487j,1.071784-0.095990j,13.670740
-34.260229+11.565906j,-4.238929+0.320738j,1.074835-0.095812j,13.725763
-34.625031+11.657939j,-4.249106+0.319994j,1.077881-0.095636j,13.780787
-34.992752+11.750536j,-4.259260+0.319254j,1.080922-0.095460j,13.835811
-35.363409+11.843699j,-4.269391+0.318519j,1.083956-0.095285j,13.890835
-35.737019+11.937432j,-4.279499+0.317788j,1.086986-0.095110j,13.945859
-36.113602+12.031737j,-4.289584+0.317063j,1.090010-0.094937j,14.000884
-36.493174+12.126617j,-4.299646+0.316341j,1.093028-0.094765j,14.055910
-36.875756+12.222075j,-4.309686+0.315625j,1.096041-0.094594j,14.110936
-37.261364+12.318113j,-4.319703+0.314912j,1.099049-0.094423j,14.165962
-37.650017+12.414735j,-4.329699+0.314204j,1.102051-0.094253j,14.220988
-38.055292+12.515305j,-4.340015+0.313477j,1.105151-0.094079j,14.277904
-38.463865+12.616505j,-4.350309+0.312754j,1.108246-0.093905j,14.334820
-38.875759+12.718340j,-4.360578+0.312035j,1.111334-0.093733j,14.391737
-39.290994+12.820811j,-4.370825+0.311321j,1.114418-0.093561j,14.448654
-39.709590+12.923922j,-4.381049+0.310612j,1.117495-0.093390j,14.505572
-40.131570+13.027677j,-4.391249+0.309907j,1.120567-0.093220j,14.562490
-40.556954+13.132079j,-4.401427+0.309206j,1.123634-0.093051j,14.619408
-40.985763+13.237131j,-4.411582+0.308510j,1.126695-0.092883j,14.676327
-41.418019+13.342836j,-4.421715+0.307818j,1.129751-0.092715j,14.733246
-41.853744+13.449197j,-4.431826+0.307131j,1.132801-0.092549j,14.790165
-42.292958+13.556219j,-4.441914+0.306447j,1.135846-0.092383j,14.847085
-42.735685+13.663904j,-4.451980+0.305768j,1.138885-0.092219j,14.904005
-43.181944+13.772255j,-4.462024+0.305093j,1.141919-0.092055j,14.960926
-43.631759+13.881275j,-4.472046+0.304422j,1.144948-0.091892j,15.017847
-44.085152+13.990969j,-4.482047+0.303755j,1.147972-0.091729j,15.074768
-44.558737+14.105344j,-4.492387+0.303069j,1.151099-0.091562j,15.133740
-45.036211+14.220448j,-4.502703+0.302387j,1.154221-0.091396j,15.192712
-45.517600+14.336286j,-4.512997+0.301708j,1.157337-0.091230j,15.251684
-46.002927+14.452862j,-4.523268+0.301035j,1.160447-0.091066j,15.310657
-46.492220+14.570180j,-4.533516+0.300365j,1.163552-0.090902j,15.369631
-46.985502+14.688242j,-4.543742+0.299699j,1.166651-0.090739j,15.428605
-47.482799+14.807054j,-4.553945+0.299038j,1.169745-0.090577j,15.487579
-47.984137+14.926618j,-4.564127+0.298380j,1.172834-0.090416j,15.546553
-48.489541+15.046940j,-4.574286+0.297727j,1.175917-0.090255j,15.605528
-48.999037+15.168022j,-4.584424+0.297078j,1.178994-0.090096j,15.664504
-49.512651+15.289869j,-4.594539+0.296432j,1.182066-0.089937j,15.723479
-50.030410+15.412484j,-4.604633+0.295791j,1.185133-0.089779j,15.782456
-50.552338+15.535871j,-4.614706+0.295153j,1.188195-0.089622j,15.841432
-51.078464+15.660035j,-4.624757+0.294519j,1.191251-0.089465j,15.900409
-51.522302+15.764614j,-4.633158+0.293991j,1.193806-0.089335j,15.949830
-51.522302+15.764614j,-4.633158+0.293991j,1.193806-0.089335j,15.949830
-51.522303+15.764614j,-4.633158+0.293991j,1.193806-0.089335j,15.949830
-51.522307+15.764615j,-4.633158+0.293991j,1.193806-0.089335j,15.949830
-51.522325+15.764619j,-4.633158+0.293991j,1.193806-0.089335j,15.949832
-51.522407+15.764638j,-4.633160+0.293991j,1.193807-0.089335j,15.949841
-51.522775+15.764725j,-4.633167+0.293991j,1.193809-0.089335j,15.949882
-51.524433+15.765115j,-4.633198+0.293989j,1.193818-0.089334j,15.950067
-51.531891+15.766871j,-4.633338+0.293980j,1.193861-0.089332j,15.950897
-51.565464+15.774776j,-4.633971+0.293940j,1.194054-0.089322j,15.954633
-51.716753+15.810383j,-4.636816+0.293762j,1.194919-0.089278j,15.971429
-52.272447+15.941023j,-4.647196+0.293113j,1.198078-0.089118j,16.032617
-52.832751+16.072514j,-4.657554+0.292468j,1.201232-0.088958j,16.093806
-53.397698+16.204858j,-4.667889+0.291827j,1.204380-0.088799j,16.154994
-53.967316+16.338061j,-4.678202+0.291190j,1.207522-0.088641j,16.216183
-54.541635+16.472128j,-4.688493+0.290556j,1.210659-0.088484j,16.277373
-55.120688+16.607063j,-4.698762+0.289927j,1.213790-0.088327j,16.338563
-55.704503+16.742870j,-4.709009+0.289301j,1.216916-0.088172j,16.399753
-56.293113+16.879554j,-4.719234+0.288679j,1.220036-0.088017j,16.460944
-56.886548+17.017120j,-4.729437+0.288061j,1.223151-0.087863j,16.522135
-57.484839+17.155572j,-4.739619+0.287447j,1.226261-0.087710j,16.583327
-58.088018+17.294915j,-4.749779+0.286836j,1.229365-0.087557j,16.644519
-58.696116+17.435154j,-4.759919+0.286229j,1.232464-0.087405j,16.705712
-59.309165+17.576293j,-4.770037+0.285626j,1.235557-0.087254j,16.766904
-59.927197+17.718337j,-4.780133+0.285026j,1.238645-0.087104j,16.828098
-60.550244+17.861292j,-4.790209+0.284429j,1.241728-0.086954j,16.889291
-61.178337+18.005160j,-4.800264+0.283837j,1.244806-0.086806j,16.950485
-61.833896+18.155063j,-4.810652+0.283226j,1.247987-0.086652j,17.013825
-62.494935+18.305956j,-4.821017+0.282620j,1.251162-0.086500j,17.077166
-63.161489+18.457845j,-4.831361+0.282017j,1.254331-0.086348j,17.140507
-63.833596+18.610735j,-4.841682+0.281418j,1.257495-0.086197j,17.203848
-64.511291+18.764632j,-4.851982+0.280823j,1.260654-0.086047j,17.267190
-65.194612+18.919541j,-4.862261+0.280230j,1.263807-0.085898j,17.330532
-65.883596+19.075467j,-4.872518+0.279642j,1.266955-0.085749j,17.393875
-66.578280+19.232417j,-4.882754+0.279057j,1.270097-0.085601j,17.457218
-67.278701+19.390395j,-4.892969+0.278475j,1.273234-0.085454j,17.520562
-67.984898+19.549407j,-4.903162+0.277897j,1.276365-0.085307j,17.583906
-68.696908+19.709458j,-4.913335+0.277322j,1.279492-0.085162j,17.647250
-69.414769+19.870555j,-4.923487+0.276751j,1.282613-0.085017j,17.710595
-70.138520+20.032702j,-4.933618+0.276183j,1.285728-0.084872j,17.773940
-70.868198+20.195905j,-4.943729+0.275618j,1.288839-0.084729j,17.837286
-71.603844+20.360171j,-4.953820+0.275056j,1.291944-0.084586j,17.900632
-72.370720+20.531122j,-4.964230+0.274479j,1.295149-0.084439j,17.966115
-73.144059+20.703221j,-4.974620+0.273905j,1.298348-0.084292j,18.031598
-73.923904+20.876474j,-4.984987+0.273335j,1.301542-0.084147j,18.097082
-74.710299+21.050887j,-4.995334+0.272768j,1.304731-0.084002j,18.162567
-75.503287+21.226467j,-5.005659+0.272204j,1.307914-0.083858j,18.228051
-76.302913+21.403219j,-5.015963+0.271644j,1.311091-0.083714j,18.293537
-77.109222+21.581151j,-5.026246+0.271086j,1.314264-0.083572j,18.359022
-77.922257+21.760268j,-5.036509+0.270532j,1.317430-0.083430j,18.424508
-78.742065+21.940578j,-5.046750+0.269982j,1.320592-0.083288j,18.489995
-79.568689+22.122086j,-5.056971+0.269434j,1.323748-0.083148j,18.555482
-80.402176+22.304800j,-5.067172+0.268890j,1.326899-0.083008j,18.620969
-81.242571+22.488726j,-5.077352+0.268348j,1.330045-0.082868j,18.686457
-82.089921+22.673870j,-5.087512+0.267810j,1.333185-0.082730j,18.751945
-82.944270+22.860240j,-5.097651+0.267275j,1.336320-0.082592j,18.817434
-83.805666+23.047842j,-5.107771+0.266743j,1.339451-0.082455j,18.882923
-84.674155+23.236682j,-5.117871+0.266214j,1.342575-0.082318j,18.948413
-85.580896+23.433515j,-5.128307+0.265669j,1.345806-0.082177j,19.016210
-86.495344+23.631691j,-5.138722+0.265128j,1.349030-0.082037j,19.084008
-87.417552+23.831218j,-5.149116+0.264589j,1.352249-0.081898j,19.151806
-88.347571+24.032102j,-5.159489+0.264054j,1.355463-0.081759j,19.219604
-89.285457+24.234351j,-5.169842+0.263522j,1.358671-0.081621j,19.287403
-90.231261+24.437973j,-5.180173+0.262992j,1.361874-0.081483j,19.355203
-91.185039+24.642976j,-5.190485+0.262466j,1.365072-0.081347j,19.423003
-92.146844+24.849367j,-5.200776+0.261943j,1.368264-0.081211j,19.490803
-93.116731+25.057154j,-5.211046+0.261423j,1.371451-0.081075j,19.558604
-94.094754+25.266345j,-5.221296+0.260906j,1.374633-0.080940j,19.626405
-95.080969+25.476948j,-5.231527+0.260391j,1.377809-0.080806j,19.694207
-96.075431+25.688971j,-5.241737+0.259880j,1.380980-0.080673j,19.762009
-97.078195+25.902421j,-5.251928+0.259371j,1.384146-0.080540j,19.829812
-98.089319+26.117306j,-5.262098+0.258865j,1.387307-0.080408j,19.897615
-98.628907+26.231841j,-5.267484+0.258598j,1.388981-0.080338j,19.933639
-98.628907+26.231841j,-5.267484+0.258598j,1.388981-0.080338j,19.933639
-98.628909+26.231841j,-5.267484+0.258598j,1.388981-0.080338j,19.933639
-98.628916+26.231843j,-5.267484+0.258598j,1.388981-0.080338j,19.933639
-98.628946+26.231849j,-5.267484+0.258598j,1.388981-0.080338j,19.933641
-98.629082+26.231878j,-5.267486+0.258598j,1.388982-0.080338j,19.933650
-98.629697+26.232008j,-5.267492+0.258598j,1.388984-0.080338j,19.933691
-98.632461+26.232595j,-5.267519+0.258597j,1.388992-0.080337j,19.933876
-98.644900+26.235234j,-5.267643+0.258590j,1.389031-0.080336j,19.934706
-98.700891+26.247113j,-5.268200+0.258563j,1.389204-0.080329j,19.938442
-98.953167+26.300623j,-5.270706+0.258439j,1.389983-0.080296j,19.955240
-100.014764+26.525567j,-5.281183+0.257921j,1.393241-0.080161j,20.025328
-101.085469+26.752070j,-5.291639+0.257407j,1.396493-0.080026j,20.095416
-102.165346+26.980141j,-5.302075+0.256895j,1.399740-0.079892j,20.165505
-103.254457+27.209789j,-5.312490+0.256386j,1.402982-0.079758j,20.235594
-104.352867+27.441023j,-5.322885+0.255881j,1.406218-0.079625j,20.305684
-105.460641+27.673852j,-5.333259+0.255378j,1.409449-0.079493j,20.375774
-106.577842+27.908284j,-5.343614+0.254877j,1.412674-0.079361j,20.445864
-107.704537+28.144331j,-5.353948+0.254380j,1.415895-0.079230j,20.515955
-108.840790+28.381999j,-5.364262+0.253885j,1.419110-0.079100j,20.586046
-109.986667+28.621300j,-5.374556+0.253394j,1.422319-0.078970j,20.656138
-111.142235+28.862241j,-5.384831+0.252904j,1.425524-0.078841j,20.726231
-112.307560+29.104833j,-5.395086+0.252418j,1.428723-0.078712j,20.796323
-113.482709+29.349085j,-5.405321+0.251934j,1.431917-0.078585j,20.866417
-114.667749+29.595006j,-5.415537+0.251453j,1.435106-0.078457j,20.936510
-115.862748+29.842605j,-5.425733+0.250975j,1.438290-0.078330j,21.006604
-117.067775+30.091893j,-5.435911+0.250499j,1.441469-0.078204j,21.076699
-118.282897+30.342878j,-5.446069+0.250025j,1.444642-0.078079j,21.146794
-119.550567+30.604305j,-5.456557+0.249539j,1.447920-0.077949j,21.219293
-120.829190+30.867569j,-5.467025+0.249054j,1.451192-0.077821j,21.291793
-122.118844+31.132682j,-5.477473+0.248573j,1.454459-0.077693j,21.364293
-123.419605+31.399654j,-5.487901+0.248094j,1.457721-0.077565j,21.436794
-124.731553+31.668496j,-5.498309+0.247618j,1.460977-0.077438j,21.509295
-126.054766+31.939219j,-5.508697+0.247144j,1.464228-0.077312j,21.581797
-127.389322+32.211834j,-5.519065+0.246673j,1.467473-0.077186j,21.654299
-128.735302+32.486352j,-5.529414+0.246205j,1.470714-0.077061j,21.726801
-130.092784+32.762784j,-5.539743+0.245739j,1.473949-0.076937j,21.799304
-131.461849+33.041142j,-5.550053+0.245276j,1.477179-0.076813j,21.871808
-132.842579+33.321435j,-5.560344+0.244815j,1.480404-0.076690j,21.944312
-134.235053+33.603677j,-5.570615+0.244357j,1.483624-0.076567j,22.016816
-135.639355+33.887877j,-5.580868+0.243901j,1.486838-0.076445j,22.089321
-137.055566+34.174047j,-5.591101+0.243447j,1.490048-0.076323j,22.161827
-138.483769+34.462199j,-5.601316+0.242996j,1.493252-0.076202j,22.234332
-139.924047+34.752344j,-5.611512+0.242548j,1.496451-0.076081j,22.306839
-141.376484+35.044494j,-5.621689+0.242101j,1.499646-0.075961j,22.379345
-142.893059+35.349074j,-5.632206+0.241642j,1.502947-0.075838j,22.454399
-144.422850+35.655829j,-5.642703+0.241185j,1.506244-0.075715j,22.529454
-145.965952+35.964770j,-5.653180+0.240731j,1.509535-0.075592j,22.604509
-147.522459+36.275910j,-5.663637+0.240278j,1.512821-0.075470j,22.679564
-149.092466+36.589264j,-5.674075+0.239829j,1.516101-0.075349j,22.754620
-150.676071+36.904844j,-5.684494+0.239382j,1.519377-0.075228j,22.829677
-152.273370+37.222663j,-5.694894+0.238937j,1.522647-0.075108j,22.904734
-153.884460+37.542735j,-5.705274+0.238495j,1.525911-0.074988j,22.979791
-155.509440+37.865072j,-5.715635+0.238055j,1.529171-0.074869j,23.054849
-157.148407+38.189690j,-5.725978+0.237617j,1.532426-0.074750j,23.129907
-158.801460+38.516600j,-5.736301+0.237182j,1.535675-0.074632j,23.204966
-160.468700+38.845816j,-5.746606+0.236748j,1.538920-0.074515j,23.280025
-162.150227+39.177353j,-5.756892+0.236318j,1.542159-0.074398j,23.355085
-163.846141+39.511223j,-5.767159+0.235889j,1.545393-0.074281j,23.430145
-165.556544+39.847442j,-5.777408+0.235463j,1.548622-0.074165j,23.505206
-167.281537+40.186021j,-5.787639+0.235039j,1.551846-0.074050j,23.580267
-169.021224+40.526976j,-5.797851+0.234617j,1.555066-0.073935j,23.655329
-170.836546+40.882217j,-5.808397+0.234183j,1.558391-0.073817j,23.732971
-172.667819+41.240030j,-5.818924+0.233751j,1.561710-0.073699j,23.810614
-174.515158+41.600432j,-5.829431+0.233321j,1.565025-0.073582j,23.888257
-175.199242+41.733753j,-5.833294+0.233164j,1.566244-0.073539j,23.916916
-175.199242+41.733753j,-5.833294+0.233164j,1.566244-0.073539j,23.916916
-175.199245+41.733754j,-5.833294+0.233164j,1.566244-0.073539j,23.916916
-175.199255+41.733756j,-5.833294+0.233164j,1.566244-0.073539j,23.916917
-175.199304+41.733765j,-5.833294+0.233164j,1.566244-0.073539j,23.916919
-175.199521+41.733807j,-5.833295+0.233164j,1.566244-0.073539j,23.916928
-175.200500+41.733998j,-5.833301+0.233164j,1.566246-0.073538j,23.916969
-175.204905+41.734856j,-5.833326+0.233163j,1.566254-0.073538j,23.917153
-175.224727+41.738718j,-5.833437+0.233158j,1.566289-0.073537j,23.917984
-175.313951+41.756101j,-5.833940+0.233137j,1.566448-0.073531j,23.921720
-175.715918+41.834398j,-5.836201+0.233045j,1.567161-0.073506j,23.938519
-177.534142+42.188242j,-5.846367+0.232632j,1.570369-0.073393j,24.013870
-179.441637+42.558901j,-5.856921+0.232205j,1.573701-0.073276j,24.092231
-181.365931+42.932256j,-5.867455+0.231779j,1.577027-0.073160j,24.170592
-183.307145+43.308323j,-5.877971+0.231356j,1.580348-0.073044j,24.248953
-185.265404+43.687117j,-5.888468+0.230936j,1.583663-0.072929j,24.327315
-187.240832+44.068656j,-5.898945+0.230517j,1.586974-0.072814j,24.405677
-189.233552+44.452956j,-5.909404+0.230101j,1.590279-0.072700j,24.484040
-191.243690+44.840035j,-5.919844+0.229687j,1.593579-0.072586j,24.562404
-193.271372+45.229909j,-5.930265+0.229275j,1.596874-0.072473j,24.640768
-195.316725+45.622595j,-5.940668+0.228865j,1.600164-0.072360j,24.719132
-197.379877+46.018110j,-5.951052+0.228457j,1.603449-0.072248j,24.797497
-199.460955+46.416471j,-5.961418+0.228051j,1.606729-0.072136j,24.875862
-201.560090+46.817696j,-5.971766+0.227648j,1.610003-0.072025j,24.954228
-203.677412+47.221802j,-5.982095+0.227246j,1.613273-0.071914j,25.032594
-205.813050+47.628807j,-5.992407+0.226847j,1.616538-0.071804j,25.110961
-207.967137+48.038727j,-6.002700+0.226449j,1.619797-0.071694j,25.189328
-210.139804+48.451581j,-6.012976+0.226054j,1.623052-0.071585j,25.267696
-212.331186+48.867386j,-6.023233+0.225660j,1.626302-0.071476j,25.346064
-214.541416+49.286160j,-6.033473+0.225269j,1.629547-0.071368j,25.424433
-216.850241+49.722973j,-6.044059+0.224866j,1.632902-0.071256j,25.505576
-219.179574+50.163008j,-6.054626+0.224464j,1.636252-0.071145j,25.586720
-221.529566+50.606287j,-6.065173+0.224065j,1.639596-0.071034j,25.667864
-223.900369+51.052829j,-6.075703+0.223668j,1.642936-0.070924j,25.749009
-226.292136+51.502655j,-6.086213+0.223273j,1.646270-0.070814j,25.830155
-228.705022+51.955785j,-6.096706+0.222880j,1.649600-0.070705j,25.911301
-231.139183+52.412239j,-6.107180+0.222489j,1.652924-0.070596j,25.992447
-233.594775+52.872039j,-6.117635+0.222100j,1.656243-0.070488j,26.073594
-236.071954+53.335205j,-6.128073+0.221713j,1.659557-0.070381j,26.154742
-238.570880+53.801757j,-6.138492+0.221328j,1.662866-0.070273j,26.235890
-241.091711+54.271718j,-6.148894+0.220945j,1.666170-0.070166j,26.317038
-243.634607+54.745107j,-6.159278+0.220564j,1.669469-0.070060j,26.398187
-246.199731+55.221946j,-6.169643+0.220184j,1.672762-0.069954j,26.479336
-248.787243+55.702256j,-6.179992+0.219807j,1.676051-0.069849j,26.560486
-251.397308+56.186059j,-6.190322+0.219431j,1.679336-0.069744j,26.641637
-254.030089+56.673376j,-6.200635+0.219058j,1.682615-0.069639j,26.722788
-256.685751+57.164229j,-6.210931+0.218686j,1.685889-0.069535j,26.803939
-259.364462+57.658640j,-6.221209+0.218316j,1.689158-0.069432j,26.885091
-262.160822+58.174023j,-6.231826+0.217935j,1.692537-0.069325j,26.969054
-264.982227+58.693262j,-6.242425+0.217556j,1.695909-0.069219j,27.053018
-267.828865+59.216384j,-6.253006+0.217179j,1.699277-0.069113j,27.136983
-270.700925+59.743412j,-6.263569+0.216804j,1.702640-0.069008j,27.220948
-273.598597+60.274371j,-6.274113+0.216430j,1.705997-0.068903j,27.304914
-276.522072+60.809286j,-6.284640+0.216059j,1.709350-0.068798j,27.388880
-279.471543+61.348181j,-6.295148+0.215689j,1.712697-0.068695j,27.472847
-282.447203+61.891083j,-6.305639+0.215322j,1.716040-0.068591j,27.556814
-285.449247+62.438017j,-6.316112+0.214956j,1.719377-0.068488j,27.640782
-288.477872+62.989007j,-6.326567+0.214592j,1.722709-0.068385j,27.724750
-291.533274+63.544080j,-6.337005+0.214229j,1.726037-0.068283j,27.808719
-294.615653+64.103261j,-6.347425+0.213869j,1.729359-0.068182j,27.892688
-294.873289+64.149963j,-6.348291+0.213839j,1.729635-0.068173j,27.899701
-294.873289+64.149963j,-6.348291+0.213839j,1.729635-0.068173j,27.899701
-294.873292+64.149964j,-6.348291+0.213839j,1.729635-0.068173j,27.899701
-294.873309+64.149967j,-6.348291+0.213839j,1.729635-0.068173j,27.899702
-294.873383+64.149980j,-6.348291+0.213839j,1.729636-0.068173j,27.899704
-294.873718+64.150041j,-6.348292+0.213839j,1.729636-0.068173j,27.899713
-294.875224+64.150314j,-6.348297+0.213839j,1.729638-0.068173j,27.899754
-294.882003+64.151543j,-6.348320+0.213838j,1.729645-0.068173j,27.899938
-294.912510+64.157072j,-6.348422+0.213834j,1.729677-0.068172j,27.900769
-295.049824+64.181961j,-6.348884+0.213818j,1.729825-0.068167j,27.904505
-295.668395+64.294060j,-6.350959+0.213747j,1.730486-0.068147j,27.921305
-298.465392+64.800548j,-6.360288+0.213425j,1.733462-0.068056j,27.996678
-301.688784+65.383459j,-6.370931+0.213060j,1.736857-0.067953j,28.082765
-304.941227+65.970778j,-6.381557+0.212696j,1.740247-0.067850j,28.168853
-308.222940+66.562533j,-6.392165+0.212334j,1.743632-0.067748j,28.254941
-311.534145+67.158754j,-6.402754+0.211974j,1.747012-0.067646j,28.341029
-314.875064+67.759468j,-6.413326+0.211615j,1.750387-0.067545j,28.427118
-318.245921+68.364704j,-6.423880+0.211259j,1.753757-0.067444j,28.513208
-321.646943+68.974492j,-6.434417+0.210904j,1.757122-0.067343j,28.599298
-325.078355+69.588861j,-6.444936+0.210551j,1.760481-0.067243j,28.685389
-328.540388+70.207839j,-6.455437+0.210199j,1.763836-0.067143j,28.771480
-332.033270+70.831456j,-6.465921+0.209850j,1.767186-0.067044j,28.857572
-335.557233+71.459743j,-6.476387+0.209502j,1.770531-0.066945j,28.943664
-339.112511+72.092728j,-6.486836+0.209155j,1.773871-0.066846j,29.029757
-342.699337+72.730442j,-6.497268+0.208811j,1.777206-0.066748j,29.115851
-346.317948+73.372915j,-6.507683+0.208468j,1.780537-0.066651j,29.201944
-349.968582+74.020177j,-6.518081+0.208126j,1.783862-0.066553j,29.288039
-353.651476+74.672259j,-6.528462+0.207787j,1.787183-0.066457j,29.374134
-357.366872+75.329191j,-6.538827+0.207448j,1.790499-0.066360j,29.460229
-361.115011+75.991005j,-6.549174+0.207112j,1.793810-0.066264j,29.546325
-364.896137+76.657730j,-6.559505+0.206777j,1.797116-0.066169j,29.632421
-368.845266+77.353113j,-6.570181+0.206432j,1.800533-0.066070j,29.721533
-372.830279+78.053828j,-6.580840+0.206089j,1.803946-0.065972j,29.810645
-376.851452+78.759910j,-6.591481+0.205747j,1.807353-0.065874j,29.899757
-380.909062+79.471394j,-6.602105+0.205407j,1.810756-0.065777j,29.988870
-385.003390+80.188314j,-6.612711+0.205069j,1.814153-0.065680j,30.077984
-389.134714+80.910708j,-6.623300+0.204732j,1.817546-0.065584j,30.167098
-393.303319+81.638610j,-6.633872+0.204397j,1.820933-0.065488j,30.256213
-397.509488+82.372056j,-6.644426+0.204063j,1.824316-0.065392j,30.345329
-401.753508+83.111083j,-6.654963+0.203731j,1.827693-0.065297j,30.434444
-406.035668+83.855727j,-6.665483+0.203401j,1.831066-0.065202j,30.523561
-410.356257+84.606024j,-6.675987+0.203072j,1.834434-0.065108j,30.612678
-414.715568+85.362011j,-6.686473+0.202745j,1.837797-0.065014j,30.701795
-419.113894+86.123725j,-6.696942+0.202419j,1.841155-0.064920j,30.790913
-423.551532+86.891204j,-6.707395+0.202095j,1.844508-0.064827j,30.880032
-428.028780+87.664484j,-6.717831+0.201772j,1.847857-0.064734j,30.969151
-432.545936+88.443604j,-6.728251+0.201451j,1.851201-0.064641j,31.058270
-437.103303+89.228600j,-6.738654+0.201132j,1.854540-0.064549j,31.147390
-441.701184+90.019512j,-6.749040+0.200813j,1.857874-0.064458j,31.236511
-446.339885+90.816376j,-6.759411+0.200497j,1.861203-0.064366j,31.325632
-451.182395+91.647123j,-6.770123+0.200171j,1.864643-0.064272j,31.417823
-456.069271+92.484326j,-6.780817+0.199846j,1.868078-0.064178j,31.510016
-461.000857+93.328028j,-6.791495+0.199523j,1.871508-0.064085j,31.602208
-465.977503+94.178273j,-6.802155+0.199202j,1.874933-0.063992j,31.694402
-470.999557+95.035104j,-6.812798+0.198882j,1.878353-0.063900j,31.786595
-476.067371+95.898565j,-6.823424+0.198563j,1.881768-0.063808j,31.878790
-476.250056+95.929669j,-6.823805+0.198552j,1.881890-0.063804j,31.882112
-476.250056+95.929669j,-6.823805+0.198552j,1.881890-0.063804j,31.882112
-476.250061+95.929670j,-6.823805+0.198552j,1.881890-0.063804j,31.882112
-476.250086+95.929675j,-6.823805+0.198552j,1.881890-0.063804j,31.882113
-476.250197+95.929693j,-6.823805+0.198552j,1.881890-0.063804j,31.882115
-476.250698+95.929779j,-6.823806+0.198552j,1.881890-0.063804j,31.882124
-476.252953+95.930163j,-6.823811+0.198552j,1.881892-0.063804j,31.882165
-476.263100+95.931890j,-6.823832+0.198551j,1.881899-0.063804j,31.882349
-476.308764+95.939665j,-6.823927+0.198548j,1.881929-0.063803j,31.883180
-476.514295+95.974656j,-6.824356+0.198535j,1.882067-0.063800j,31.886916
-477.440116+96.132254j,-6.826283+0.198478j,1.882686-0.063783j,31.903717
-481.625192+96.844173j,-6.834949+0.198219j,1.885472-0.063708j,31.979107
-486.857405+97.733118j,-6.845678+0.197899j,1.888921-0.063615j,32.072502
-492.137717+98.629008j,-6.856390+0.197582j,1.892365-0.063523j,32.165897
-497.466504+99.531890j,-6.867085+0.197265j,1.895805-0.063432j,32.259293
-502.844146+100.441811j,-6.877762+0.196950j,1.899239-0.063340j,32.352689
-508.271022+101.358818j,-6.888423+0.196637j,1.902668-0.063249j,32.446086
-513.747518+102.282959j,-6.899067+0.196325j,1.906093-0.063159j,32.539483
-519.274019+103.214281j,-6.909694+0.196014j,1.909513-0.063068j,32.632881
-524.850915+104.152833j,-6.920304+0.195705j,1.912927-0.062978j,32.726280
-530.478596+105.098662j,-6.930898+0.195397j,1.916337-0.062889j,32.819679
-536.157458+106.051817j,-6.941475+0.195091j,1.919742-0.062800j,32.913078
-541.887896+107.012348j,-6.952036+0.194786j,1.923143-0.062711j,33.006478
-547.670311+107.980303j,-6.962580+0.194482j,1.926538-0.062623j,33.099879
-553.505104+108.955732j,-6.973108+0.194180j,1.929929-0.062535j,33.193280
-559.392681+109.938683j,-6.983619+0.193880j,1.933315-0.062447j,33.286682
-565.333448+110.929209j,-6.994115+0.193580j,1.936696-0.062360j,33.380085
-571.327817+111.927358j,-7.004594+0.193282j,1.940072-0.062273j,33.473487
-577.376199+112.933181j,-7.015057+0.192986j,1.943444-0.062186j,33.566891
-583.479010+113.946729j,-7.025504+0.192690j,1.946811-0.062100j,33.660295
-589.636670+114.968053j,-7.035935+0.192396j,1.950174-0.062014j,33.753699
-595.849599+115.997206j,-7.046351+0.192104j,1.953532-0.061928j,33.847104
-602.338650+117.070679j,-7.057114+0.191802j,1.957002-0.061840j,33.943764
-608.887836+118.152651j,-7.067861+0.191502j,1.960468-0.061752j,34.040425
-615.497631+119.243179j,-7.078591+0.191203j,1.963929-0.061665j,34.137086
-622.168515+120.342323j,-7.089304+0.190906j,1.967384-0.061578j,34.233747
-628.900973+121.450140j,-7.100000+0.190610j,1.970835-0.061491j,34.330410
-635.695489+122.566689j,-7.110680+0.190315j,1.974282-0.061405j,34.427072
-642.552553+123.692031j,-7.121344+0.190022j,1.977723-0.061319j,34.523736
-649.472659+124.826225j,-7.131991+0.189730j,1.981159-0.061233j,34.620400
-656.456303+125.969331j,-7.142622+0.189439j,1.984591-0.061148j,34.717064
-663.503985+127.121410j,-7.153237+0.189149j,1.988018-0.061063j,34.813729
-670.616206+128.282523j,-7.163835+0.188861j,1.991440-0.060978j,34.910395
-677.793475+129.452730j,-7.174418+0.188575j,1.994858-0.060894j,35.007061
-685.036301+130.632094j,-7.184984+0.188289j,1.998270-0.060810j,35.103728
-692.345198+131.820676j,-7.195535+0.188005j,2.001678-0.060726j,35.200395
-699.720681+133.018538j,-7.206069+0.187722j,2.005082-0.060643j,35.297063
-707.163272+134.225745j,-7.216588+0.187440j,2.008481-0.060560j,35.393731
-714.673495+135.442357j,-7.227092+0.187160j,2.011875-0.060477j,35.490400
-722.251877+136.668440j,-7.237579+0.186880j,2.015264-0.060395j,35.587070
-729.898948+137.904056j,-7.248051+0.186602j,2.018649-0.060313j,35.683740
-737.615244+139.149271j,-7.258507+0.186325j,2.022029-0.060231j,35.780410
-744.362197+140.236767j,-7.267561+0.186086j,2.024957-0.060160j,35.864280
-744.362197+140.236767j,-7.267561+0.186086j,2.024957-0.060160j,35.864280
-744.362205+140.236768j,-7.267561+0.186086j,2.024957-0.060160j,35.864280
-744.362241+140.236774j,-7.267561+0.186086j,2.024957-0.060160j,35.864281
-744.362404+140.236800j,-7.267562+0.186086j,2.024957-0.060160j,35.864283
-744.363137+140.236919j,-7.267563+0.186086j,2.024957-0.060160j,35.864292
-744.366436+140.237450j,-7.267567+0.186086j,2.024958-0.060160j,35.864333
-744.381281+140.239841j,-7.267587+0.186086j,2.024965-0.060160j,35.864517
-744.448086+140.250603j,-7.267676+0.186083j,2.024994-0.060160j,35.865348
-744.748773+140.299041j,-7.268078+0.186073j,2.025123-0.060156j,35.869084
-746.103152+140.517186j,-7.269884+0.186025j,2.025708-0.060142j,35.885886
-752.224004+141.502459j,-7.278009+0.185811j,2.028335-0.060079j,35.961291
-760.446079+142.824446j,-7.288819+0.185527j,2.031831-0.059995j,36.061642
-768.745064+144.157053j,-7.299612+0.185245j,2.035322-0.059912j,36.161994
-777.121575+145.500354j,-7.310390+0.184964j,2.038808-0.059829j,36.262347
-785.576235+146.854424j,-7.321151+0.184684j,2.042289-0.059746j,36.362701
-794.109672+148.219337j,-7.331895+0.184405j,2.045766-0.059663j,36.463055
-802.722517+149.595170j,-7.342624+0.184127j,2.049238-0.059581j,36.563409
-811.415406+150.981996j,-7.353337+0.183851j,2.052705-0.059499j,36.663764
-820.188978+152.379894j,-7.364033+0.183576j,2.056167-0.059418j,36.764120
-829.043879+153.788939j,-7.374714+0.183302j,2.059625-0.059337j,36.864476
-837.980757+155.209209j,-7.385379+0.183029j,2.063078-0.059256j,36.964833
-847.000266+156.640780j,-7.396027+0.182758j,2.066526-0.059175j,37.065191
-856.103064+158.083733j,-7.406661+0.182488j,2.069969-0.059095j,37.165549
-865.289814+159.538144j,-7.417278+0.182219j,2.073408-0.059015j,37.265907
-874.561182+161.004093j,-7.427880+0.181951j,2.076842-0.058936j,37.366266
-883.917841+162.481659j,-7.438467+0.181684j,2.080272-0.058856j,37.466626
-893.360467+163.970923j,-7.449037+0.181418j,2.083697-0.058777j,37.566986
-902.889741+165.471965j,-7.459593+0.181154j,2.087118-0.058699j,37.667347
-912.506349+166.984866j,-7.470133+0.180890j,2.090533-0.058620j,37.767709
-922.210981+168.509707j,-7.480658+0.180628j,2.093945-0.058542j,37.868071
-932.004333+170.046570j,-7.491168+0.180367j,2.097352-0.058465j,37.968433
-941.887104+171.595538j,-7.501663+0.180107j,2.100754-0.058387j,38.068796
-952.210468+173.211521j,-7.512508+0.179839j,2.104270-0.058307j,38.172654
-962.631157+174.840651j,-7.523338+0.179573j,2.107782-0.058228j,38.276512
-973.149965+176.483023j,-7.534152+0.179307j,2.111289-0.058148j,38.380371
-983.767690+178.138728j,-7.544950+0.179043j,2.114791-0.058070j,38.484231
-994.485136+179.807862j,-7.555732+0.178779j,2.118289-0.057991j,38.588091
-1005.303110+181.490520j,-7.566498+0.178517j,2.121782-0.057913j,38.691952
-1016.222430+183.186797j,-7.577248+0.178256j,2.125270-0.057835j,38.795813
-1027.243915+184.896788j,-7.587983+0.177996j,2.128753-0.057757j,38.899675
-1038.368393+186.620591j,-7.598702+0.177738j,2.132232-0.057680j,39.003538
-1049.596695+188.358303j,-7.609406+0.177480j,2.135706-0.057603j,39.107401
-1060.929660+190.110021j,-7.620094+0.177223j,2.139175-0.057526j,39.211265
-1072.368133+191.875844j,-7.630767+0.176968j,2.142640-0.057449j,39.315129
-1083.912962+193.655871j,-7.641424+0.176714j,2.146101-0.057373j,39.418994
-1095.565005+195.450202j,-7.652067+0.176460j,2.149556-0.057297j,39.522859
-1107.325124+197.258936j,-7.662694+0.176208j,2.153007-0.057222j,39.626725
-1119.194186+199.082175j,-7.673306+0.175957j,2.156454-0.057147j,39.730592
-1131.173066+200.920020j,-7.683902+0.175707j,2.159896-0.057072j,39.834459
-1132.520772+201.126649j,-7.685088+0.175679j,2.160281-0.057063j,39.846133
