0.144252+0.000000j,-0.318454+0.000000j,-0.318454+0.000000j,0.000000
0.144252-0.000000j,-0.318454+0.000000j,-0.318454-0.000000j,0.000000
0.144252+0.000000j,-0.318454+0.000000j,-0.318454-0.000000j,0.000000
0.144252+0.000000j,-0.318454+0.000000j,-0.318454-0.000000j,0.000000
0.144252+0.000000j,-0.318454+0.000000j,-0.318454-0.000000j,0.000000
0.144252+0.000000j,-0.318454+0.000000j,-0.318454-0.000000j,0.000000
0.144252+0.000000j,-0.318454+0.000000j,-0.318454-0.000000j,0.000000
0.144252+0.000000j,-0.318454+0.000000j,-0.318454-0.000000j,0.000000
0.144252+0.000000j,-0.318454+0.000000j,-0.318454-0.000000j,0.000000
0.144252+0.000000j,-0.318454+0.000000j,-0.318454-0.000000j,0.000000
0.144252+0.000000j,-0.318454+0.000000j,-0.318454-0.000000j,0.000000
0.144252+0.000000j,-0.318454+0.000000j,-0.318454-0.000000j,0.000000
0.144252+0.000000j,-0.318454+0.000000j,-0.318454-0.000000j,0.000000
0.144252+0.000000j,-0.318454+0.000000j,-0.318454-0.000000j,0.000000
0.144252+0.000000j,-0.318454+0.000000j,-0.318454-0.000000j,0.000000
0.144252+0.000000j,-0.318454+0.000000j,-0.318454-0.000000j,0.000000
0.144252+0.000000j,-0.318454+0.000000j,-0.318454-0.000000j,0.000000
0.144252+0.000000j,-0.318454+0.000000j,-0.318454-0.000000j,0.000000
0.144252+0.000000j,-0.318454+0.000000j,-0.318454-0.000000j,0.000000
0.144252+0.000000j,-0.318454+0.000000j,-0.318454-0.000000j,0.000000
0.144252+0.000000j,-0.318454+0.000000j,-0.318454-0.000000j,0.000000
0.144252+0.000000j,-0.318454+0.000000j,-0.318454-0.000000j,0.000000
0.144252+0.000000j,-0.318454+0.000000j,-0.318454-0.000000j,0.000000
0.144252+0.000000j,-0.318454+0.000000j,-0.318454-0.000000j,0.000000
0.144252+0.000000j,-0.318454+0.000000j,-0.318454-0.000000j,0.000000
0.144252+0.000000j,-0.318454+0.000000j,-0.318454-0.000000j,0.000000
0.144252+0.000000j,-0.318454+0.000000j,-0.318454-0.000000j,0.000000
0.144252+0.000000j,-0.318454+0.000000j,-0.318454-0.000000j,0.000000
0.144252+0.000000j,-0.318454+0.000000j,-0.318454-0.000000j,0.000000
0.144252+0.000000j,-0.318454+0.000000j,-0.318454-0.000000j,0.000000
0.144252+0.000000j,-0.318454+0.000000j,-0.318454-0.000000j,0.000000
0.144252+0.000000j,-0.318454+0.000000j,-0.318454-0.000000j,0.000000
0.144252+0.000000j,-0.318454+0.000000j,-0.318454-0.000000j,0.000000
0.144252+0.000000j,-0.318454+0.000000j,-0.318454-0.000000j,0.000000
0.144252+0.000000j,-0.318454+0.000000j,-0.318454-0.000000j,0.000000
0.144252+0.000000j,-0.318454+0.000000j,-0.318454-0.000000j,0.000000
0.144252+0.000000j,-0.318454+0.000000j,-0.318454-0.000000j,0.000000
0.144252+0.000000j,-0.318454+0.000000j,-0.318454-0.000000j,0.000000
0.144252+0.000000j,-0.318454+0.000000j,-0.318454-0.000000j,0.000000
0.144252+0.000000j,-0.318454+0.000000j,-0.318454-0.000000j,0.000000
0.144252+0.000000j,-0.318454+0.000000j,-0.318454-0.000000j,0.000000
0.144252+0.000000j,-0.318454+0.000000j,-0.318454-0.000000j,0.000000
0.144252+0.000000j,-0.318454+0.000000j,-0.318454-0.000000j,0.000000
0.144252+0.000000j,-0.318454+0.000000j,-0.318454-0.000000j,0.000000
0.144252+0.000000j,-0.318454+0.000000j,-0.318454-0.000000j,0.000000
0.144252+0.000000j,-0.318454+0.000000j,-0.318454-0.000000j,0.000000
0.144252+0.000000j,-0.318454+0.000000j,-0.318454-0.000000j,0.000000
0.144252+0.000000j,-0.318454+0.000000j,-0.318454-0.000000j,0.000000
0.144252+0.000000j,-0.318454+0.000000j,-0.318454-0.000000j,0.000000
0.144252+0.000000j,-0.318454+0.000000j,-0.318454-0.000000j,0.000000
0.144252+0.000000j,-0.318454+0.000000j,-0.318454-0.000000j,0.000000
0.144252+0.000000j,-0.318454+0.000000j,-0.318454-0.000000j,0.000000
0.144252+0.000000j,-0.318454+0.000000j,-0.318454-0.000000j,0.000000
0.144252+0.000000j,-0.318454+0.000000j,-0.318454-0.000000j,0.000000
0.144252+0.000000j,-0.318454+0.000000j,-0.318454-0.000000j,0.000000
0.144252+0.000000j,-0.318454+0.000000j,-0.318454-0.000000j,0.000000
0.144252+0.000000j,-0.318454+0.000000j,-0.318454-0.000000j,0.000000
0.144252+0.000000j,-0.318454+0.000000j,-0.318454-0.000000j,0.000000
0.144252+0.000000j,-0.318454+0.000000j,-0.318454-0.000000j,0.000000
0.144252+0.000000j,-0.318454+0.000000j,-0.318454-0.000000j,0.000000
0.144252+0.000000j,-0.318454+0.000000j,-0.318454-0.000000j,0.000000
0.144252+0.000000j,-0.318454+0.000000j,-0.318454-0.000000j,0.000000
0.144252+0.000000j,-0.318454+0.000000j,-0.318454-0.000000j,0.000000
0.144252+0.000000j,-0.318454+0.000000j,-0.318454-0.000000j,0.000000
0.144252+0.000000j,-0.318454+0.000000j,-0.318454-0.000000j,0.000000
0.144252+0.000000j,-0.318454+0.000000j,-0.318454-0.000000j,0.000000
0.144252+0.000000j,-0.318454+0.000000j,-0.318454-0.000000j,0.000000
0.144252+0.000000j,-0.318454+0.000000j,-0.318454-0.000000j,0.000000
0.144252+0.000000j,-0.318454+0.000000j,-0.318454-0.000000j,0.000000
0.144252+0.000000j,-0.318454+0.000000j,-0.318454-0.000000j,0.000000
0.144252+0.000000j,-0.318454+0.000000j,-0.318454-0.000000j,0.000000
0.144252+0.000000j,-0.318454+0.000000j,-0.318454-0.000000j,0.000000
0.144252+0.000000j,-0.318454+0.000000j,-0.318454-0.000000j,0.000000
0.144252+0.000000j,-0.318454+0.000000j,-0.318454-0.000000j,0.000000
0.144252+0.000000j,-0.318454+0.000000j,-0.318454-0.000000j,0.000000
0.144252+0.000000j,-0.318454+0.000000j,-0.318454-0.000000j,0.000000
0.144252+0.000000j,-0.318454+0.000000j,-0.318454-0.000000j,0.000000
0.144252+0.000000j,-0.318454+0.000000j,-0.318454-0.000000j,0.000000
0.144252+0.000000j,-0.318454+0.000000j,-0.318454-0.000000j,0.000000
0.144252+0.000000j,-0.318454+0.000000j,-0.318454-0.000000j,0.000000
0.144252+0.000000j,-0.318454+0.000000j,-0.318454-0.000000j,0.000000
0.144252+0.000000j,-0.318454+0.000000j,-0.318454-0.000000j,0.000000
0.144252+0.000000j,-0.318454+0.000000j,-0.318454-0.000000j,0.000000
0.144252+0.000000j,-0.318454+0.000000j,-0.318454-0.000000j,0.000000
0.144252+0.000000j,-0.318454+0.000000j,-0.318454-0.000000j,0.000000
0.144252+0.000000j,-0.318454+0.000000j,-0.318454-0.000000j,0.000000
0.144252+0.000000j,-0.318454+0.000000j,-0.318454-0.000000j,0.000000
0.144252+0.000000j,-0.318454+0.000000j,-0.318454-0.000000j,0.000000
0.144252+0.000000j,-0.318454+0.000000j,-0.318454-0.000000j,0.000000
0.144252+0.000000j,-0.318454+0.000000j,-0.318454-0.000000j,0.000000
0.144252+0.000000j,-0.318454+0.000000j,-0.318454-0.000000j,0.000000
0.144252+0.000000j,-0.318454+0.000000j,-0.318454-0.000000j,0.000000
0.144252+0.000000j,-0.318454+0.000000j,-0.318454-0.000000j,0.000000
0.144252+0.000000j,-0.318454+0.000000j,-0.318454-0.000000j,0.000000
0.144252+0.000000j,-0.318454+0.000000j,-0.318454-0.000000j,0.000000
0.144252+0.000000j,-0.318454+0.000000j,-0.318454-0.000000j,0.000000
0.144252+0.000000j,-0.318454+0.000000j,-0.318454-0.000000j,0.000000
0.144252+0.000000j,-0.318454+0.000000j,-0.318454-0.000000j,0.000000
0.144252+0.000000j,-0.318454+0.000000j,-0.318454-0.000000j,0.000000
0.144252+0.000000j,-0.318454+0.000000j,-0.318454-0.000000j,0.000000
0.144252+0.000000j,-0.318454+0.000000j,-0.318454-0.000000j,0.000000
0.144252+0.000000j,-0.318454+0.000000j,-0.318454-0.000000j,0.000000
0.144252+0.000000j,-0.318454+0.000000j,-0.318454-0.000000j,0.000000
0.144252+0.000000j,-0.318454+0.000000j,-0.318454-0.000000j,0.000000
0.144252+0.000000j,-0.318454+0.000000j,-0.318454-0.000000j,0.000000
0.144252+0.000000j,-0.318454+0.000000j,-0.318454-0.000000j,0.000000
0.144252+0.000000j,-0.318454+0.000000j,-0.318454-0.000000j,0.000000
0.144252+0.000000j,-0.318454+0.000000j,-0.318454-0.000000j,0.000000
0.144252+0.000000j,-0.318454+0.000000j,-0.318454-0.000000j,0.000000
0.144252+0.000000j,-0.318454+0.000000j,-0.318454-0.000000j,0.000000
0.144252+0.000000j,-0.318454+0.000000j,-0.318454-0.000000j,0.000000
0.144252+0.000000j,-0.318454+0.000000j,-0.318454-0.000000j,0.000000
0.144252+0.000000j,-0.318454+0.000000j,-0.318454-0.000000j,0.000000
0.144252+0.000000j,-0.318454+0.000000j,-0.318454-0.000000j,0.000000
0.144252+0.000000j,-0.318454+0.000000j,-0.318454-0.000000j,0.000000
0.144252+0.000000j,-0.318454+0.000000j,-0.318454-0.000000j,0.000000
0.144252+0.000000j,-0.318454+0.000000j,-0.318454-0.000000j,0.000000
0.144252+0.000000j,-0.318454+0.000000j,-0.318454-0.000000j,0.000000
0.144252+0.000000j,-0.318454+0.000000j,-0.318454-0.000000j,0.000000
0.144252+0.000000j,-0.318454+0.000000j,-0.318454-0.000000j,0.000000
0.144252+0.000000j,-0.318454+0.000000j,-0.318454-0.000000j,0.000000
0.144252+0.000000j,-0.318454+0.000000j,-0.318454-0.000000j,0.000000
0.144252+0.000000j,-0.318454+0.000000j,-0.318454-0.000000j,0.000000
0.144252+0.000000j,-0.318454+0.000000j,-0.318454-0.000000j,0.000000
0.144252+0.000000j,-0.318454+0.000000j,-0.318454-0.000000j,0.000000
0.144252+0.000000j,-0.318454+0.000000j,-0.318454-0.000000j,0.000000
0.144252+0.000000j,-0.318454+0.000000j,-0.318454-0.000000j,0.000000
0.144252+0.000000j,-0.318454+0.000000j,-0.318454-0.000000j,0.000000
0.144252+0.000000j,-0.318454+0.000000j,-0.318454-0.000000j,0.000000
0.144252+0.000000j,-0.318454+0.000000j,-0.318454-0.000000j,0.000000
0.144252+0.000000j,-0.318454+0.000000j,-0.318454-0.000000j,0.000000
0.144252+0.000000j,-0.318454+0.000000j,-0.318454+0.000000j,0.000000
0.144252+0.000000j,-0.318454+0.000000j,-0.318454+0.000000j,0.000000
0.144252+0.000000j,-0.318454+0.000000j,-0.318454+0.000000j,0.000000
0.144252+0.000000j,-0.318454+0.000000j,-0.318454+0.000000j,0.000000
0.144252+0.000000j,-0.318454+0.000000j,-0.318454+0.000000j,0.000000
0.144252+0.000000j,-0.318454+0.000000j,-0.318454+0.000000j,0.000000
0.144252+0.000000j,-0.318454+0.000000j,-0.318454+0.000000j,0.000000
0.144252+0.000000j,-0.318454+0.000000j,-0.318454+0.000000j,0.000000
0.144252+0.000000j,-0.318454+0.000000j,-0.318454+0.000000j,0.000000
0.144252+0.000000j,-0.318454+0.000000j,-0.318454+0.000000j,0.000000
0.144252+0.000000j,-0.318454+0.000000j,-0.318454+0.000000j,0.000000
0.144252+0.000000j,-0.318454+0.000000j,-0.318454+0.000000j,0.000000
0.144252+0.000000j,-0.318454+0.000000j,-0.318454+0.000000j,0.000000
0.144252+0.000000j,-0.318454+0.000000j,-0.318454+0.000000j,0.000000
0.144252+0.000000j,-0.318454+0.000000j,-0.318454+0.000000j,0.000000
0.144252+0.000000j,-0.318454+0.000000j,-0.318454+0.000000j,0.000000
0.144252+0.000000j,-0.318454+0.000000j,-0.318454+0.000000j,0.000000
0.144252+0.000000j,-0.318454+0.000000j,-0.318454+0.000000j,0.000000
0.144252+0.000000j,-0.318454+0.000000j,-0.318454+0.000000j,0.000000
0.144252+0.000000j,-0.318453+0.000000j,-0.318454+0.000000j,0.000000
0.144252+0.000000j,-0.318453+0.000000j,-0.318454+0.000000j,0.000000
0.144252+0.000000j,-0.318453+0.000000j,-0.318454+0.000000j,0.000000
0.144252+0.000000j,-0.318453+0.000000j,-0.318454+0.000000j,0.000000
0.144252+0.000000j,-0.318453+0.000000j,-0.318454+0.000000j,0.000000
0.144252+0.000000j,-0.318453+0.000000j,-0.318454+0.000000j,0.000000
0.144252+0.000000j,-0.318453+0.000000j,-0.318454+0.000000j,0.000000
0.144252+0.000000j,-0.318453+0.000000j,-0.318454+0.000000j,0.000000
0.144252+0.000000j,-0.318453+0.000000j,-0.318454+0.000000j,0.000000
0.144252+0.000000j,-0.318453+0.000000j,-0.318454+0.000000j,0.000000
0.144252+0.000000j,-0.318453+0.000000j,-0.318454+0.000000j,0.000000
0.144252+0.000000j,-0.318453+0.000000j,-0.318454+0.000000j,0.000000
0.144252+0.000000j,-0.318453+0.000000j,-0.318454+0.000000j,0.000000
0.144252+0.000000j,-0.318453+0.000000j,-0.318454+0.000000j,0.000000
0.144252+0.000000j,-0.318453+0.000000j,-0.318454+0.000000j,0.000000
0.144252+0.000000j,-0.318453+0.000000j,-0.318454+0.000000j,0.000000
0.144252+0.000000j,-0.318453+0.000000j,-0.318454+0.000000j,0.000000
0.144252+0.000000j,-0.318453+0.000000j,-0.318454+0.000000j,0.000000
0.144252+0.000000j,-0.318453+0.000000j,-0.318454+0.000000j,0.000000
0.144252+0.000000j,-0.318453+0.000000j,-0.318454+0.000000j,0.000000
0.144252+0.000000j,-0.318453+0.000000j,-0.318454+0.000000j,0.000000
0.144252+0.000000j,-0.318453+0.000000j,-0.318454+0.000000j,0.000000
0.144252+0.000000j,-0.318453+0.000000j,-0.318454+0.000000j,0.000000
0.144252+0.000000j,-0.318453+0.000000j,-0.318454+0.000000j,0.000000
0.144252+0.000000j,-0.318453+0.000000j,-0.318454+0.000000j,0.000000
0.144252+0.000000j,-0.318453+0.000000j,-0.318454+0.000000j,0.000000
0.144252+0.000000j,-0.318453+0.000000j,-0.318454+0.000000j,0.000000
0.144252+0.000000j,-0.318453+0.000000j,-0.318454+0.000000j,0.000000
0.144252+0.000000j,-0.318453+0.000000j,-0.318454+0.000000j,0.000000
0.144252+0.000000j,-0.318453+0.000000j,-0.318454+0.000000j,0.000000
0.144252+0.000000j,-0.318453+0.000000j,-0.318454+0.000000j,0.000000
0.144252+0.000000j,-0.318453+0.000000j,-0.318454+0.000000j,0.000000
0.144252+0.000000j,-0.318453+0.000000j,-0.318454+0.000000j,0.000000
0.144252+0.000000j,-0.318453+0.000000j,-0.318454+0.000000j,0.000000
0.144252+0.000000j,-0.318453+0.000000j,-0.318454+0.000000j,0.000000
0.144252+0.000000j,-0.318453+0.000000j,-0.318454+0.000000j,0.000000
0.144252+0.000000j,-0.318453+0.000000j,-0.318454+0.000000j,0.000000
0.144252+0.000000j,-0.318453+0.000000j,-0.318454+0.000000j,0.000000
0.144252+0.000000j,-0.318453+0.000000j,-0.318454+0.000000j,0.000000
0.144252+0.000000j,-0.318453+0.000000j,-0.318454+0.000000j,0.000000
0.144252+0.000000j,-0.318453+0.000000j,-0.318454+0.000000j,0.000000
0.144252+0.000000j,-0.318453+0.000000j,-0.318454+0.000000j,0.000000
0.144252+0.000000j,-0.318453+0.000000j,-0.318454+0.000000j,0.000000
0.144252+0.000000j,-0.318453+0.000000j,-0.318454+0.000000j,0.000000
0.144252+0.000000j,-0.318453+0.000000j,-0.318454+0.000000j,0.000000
0.144252+0.000000j,-0.318453+0.000000j,-0.318454+0.000000j,0.000000
0.144252+0.000000j,-0.318453+0.000000j,-0.318454+0.000000j,0.000000
0.144252+0.000000j,-0.318453+0.000000j,-0.318454+0.000000j,0.000000
0.144252+0.000000j,-0.318453+0.000000j,-0.318454+0.000000j,0.000000
0.144252+0.000000j,-0.318453+0.000000j,-0.318454+0.000000j,0.000000
0.144252+0.000000j,-0.318453+0.000000j,-0.318454+0.000000j,0.000000
0.144252+0.000000j,-0.318453+0.000000j,-0.318454+0.000000j,0.000000
0.144252+0.000000j,-0.318453+0.000000j,-0.318454+0.000000j,0.000000
0.144252+0.000000j,-0.318453+0.000000j,-0.318454+0.000000j,0.000000
0.144252+0.000000j,-0.318453+0.000000j,-0.318455+0.000000j,0.000000
0.144252+0.000000j,-0.318453+0.000000j,-0.318455+0.000000j,0.000000
0.144252+0.000001j,-0.318452+0.000001j,-0.318455+0.000001j,0.000000
0.144252+0.000001j,-0.318452+0.000001j,-0.318455+0.000001j,0.000000
0.144252+0.000001j,-0.318452+0.000001j,-0.318456+0.000001j,0.000000
0.144252+0.000001j,-0.318451+0.000001j,-0.318456+0.000001j,0.000000
0.144252+0.000001j,-0.318451+0.000001j,-0.318457+0.000001j,0.000000
0.144252+0.000002j,-0.318450+0.000001j,-0.318458+0.000001j,0.000000
0.144252+0.000002j,-0.318449+0.000002j,-0.318458+0.000002j,0.000000
0.144252+0.000002j,-0.318448+0.000002j,-0.318459+0.000002j,0.000000
0.144252+0.000003j,-0.318447+0.000003j,-0.318460+0.000003j,0.000000
0.144252+0.000003j,-0.318446+0.000003j,-0.318462+0.000003j,0.000000
0.144252+0.000004j,-0.318444+0.000004j,-0.318463+0.000004j,0.000000
0.144252+0.000005j,-0.318443+0.000004j,-0.318465+0.000004j,0.000000
0.144252+0.000006j,-0.318441+0.000005j,-0.318467+0.000005j,0.000000
0.144252+0.000007j,-0.318438+0.000006j,-0.318469+0.000006j,0.000000
0.144252+0.000008j,-0.318436+0.000007j,-0.318472+0.000007j,0.000000
0.144252+0.000009j,-0.318433+0.000008j,-0.318474+0.000008j,0.000000
0.144252+0.000010j,-0.318430+0.000009j,-0.318478+0.000009j,0.000000
0.144252+0.000012j,-0.318426+0.000011j,-0.318481+0.000011j,0.000000
0.144252+0.000014j,-0.318422+0.000012j,-0.318485+0.000012j,0.000000
0.144252+0.000016j,-0.318417+0.000014j,-0.318490+0.000014j,0.000000
0.144252+0.000018j,-0.318412+0.000016j,-0.318495+0.000016j,0.000000
0.144252+0.000020j,-0.318406+0.000018j,-0.318501+0.000018j,0.000000
0.144252+0.000023j,-0.318400+0.000021j,-0.318507+0.000021j,0.000000
0.144252+0.000026j,-0.318393+0.000023j,-0.318515+0.000023j,0.000000
0.144252+0.000030j,-0.318385+0.000026j,-0.318522+0.000027j,0.000000
0.144252+0.000033j,-0.318376+0.000030j,-0.318531+0.000030j,0.000000
0.144252+0.000037j,-0.318367+0.000034j,-0.318541+0.000034j,0.000000
0.144252+0.000042j,-0.318356+0.000038j,-0.318551+0.000038j,0.000000
0.144252+0.000047j,-0.318344+0.000042j,-0.318563+0.000042j,0.000000
0.144252+0.000052j,-0.318332+0.000047j,-0.318576+0.000047j,0.000000
0.144252+0.000058j,-0.318318+0.000052j,-0.318590+0.000052j,0.000000
0.144252+0.000065j,-0.318303+0.000058j,-0.318605+0.000058j,0.000000
0.144252+0.000072j,-0.318286+0.000065j,-0.318622+0.000065j,0.000000
0.144252+0.000080j,-0.318268+0.000072j,-0.318640+0.000072j,0.000000
0.144252+0.000088j,-0.318248+0.000079j,-0.318659+0.000079j,0.000000
0.144252+0.000098j,-0.318227+0.000088j,-0.318681+0.000088j,0.000000
0.144252+0.000108j,-0.318203+0.000097j,-0.318704+0.000097j,0.000000
0.144252+0.000118j,-0.318178+0.000106j,-0.318729+0.000106j,0.000000
0.144252+0.000130j,-0.318151+0.000117j,-0.318756+0.000117j,0.000000
0.144252+0.000143j,-0.318121+0.000128j,-0.318786+0.000128j,0.000000
0.144252+0.000156j,-0.318090+0.000140j,-0.318817+0.000140j,0.000000
0.144252+0.000171j,-0.318055+0.000153j,-0.318851+0.000154j,0.000000
0.144252+0.000187j,-0.318019+0.000168j,-0.318888+0.000168j,0.000001
0.144252+0.000204j,-0.317979+0.000183j,-0.318928+0.000183j,0.000001
0.144252+0.000222j,-0.317937+0.000199j,-0.318970+0.000199j,0.000001
0.144252+0.000242j,-0.317891+0.000217j,-0.319015+0.000217j,0.000001
0.144252+0.000262j,-0.317842+0.000235j,-0.319064+0.000236j,0.000001
0.144252+0.000285j,-0.317790+0.000255j,-0.319116+0.000256j,0.000001
0.144252+0.000309j,-0.317734+0.000277j,-0.319172+0.000278j,0.000002
0.144252+0.000334j,-0.317674+0.000300j,-0.319231+0.000301j,0.000002
0.144252+0.000362j,-0.317611+0.000324j,-0.319294+0.000325j,0.000002
0.144252+0.000391j,-0.317543+0.000350j,-0.319362+0.000351j,0.000003
0.144252+0.000422j,-0.317470+0.000378j,-0.319434+0.000379j,0.000003
0.144252+0.000455j,-0.317394+0.000408j,-0.319510+0.000409j,0.000003
0.144251+0.000490j,-0.317312+0.000439j,-0.319591+0.000440j,0.000004
0.144251+0.000527j,-0.317225+0.000472j,-0.319678+0.000474j,0.000005
0.144251+0.000566j,-0.317132+0.000507j,-0.319769+0.000510j,0.000005
0.144251+0.000608j,-0.317034+0.000545j,-0.319866+0.000547j,0.000006
0.144251+0.000653j,-0.316931+0.000585j,-0.319969+0.000587j,0.000007
0.144250+0.000700j,-0.316821+0.000627j,-0.320078+0.000630j,0.000008
0.144250+0.000749j,-0.316704+0.000671j,-0.320193+0.000675j,0.000009
0.144250+0.000802j,-0.316581+0.000718j,-0.320315+0.000722j,0.000011
0.144249+0.000858j,-0.316451+0.000767j,-0.320443+0.000772j,0.000012
0.144249+0.000916j,-0.316314+0.000820j,-0.320578+0.000825j,0.000014
0.144248+0.000978j,-0.316169+0.000875j,-0.320721+0.000881j,0.000016
0.144248+0.001043j,-0.316016+0.000933j,-0.320872+0.000940j,0.000018
0.144247+0.001112j,-0.315855+0.000994j,-0.321030+0.001002j,0.000021
0.144247+0.001184j,-0.315685+0.001058j,-0.321197+0.001067j,0.000023
0.144246+0.001260j,-0.315506+0.001126j,-0.321372+0.001136j,0.000026
0.144245+0.001340j,-0.315318+0.001197j,-0.321557+0.001209j,0.000030
0.144244+0.001424j,-0.315120+0.001272j,-0.321750+0.001285j,0.000034
0.144243+0.001512j,-0.314912+0.001350j,-0.321953+0.001365j,0.000038
0.144242+0.001605j,-0.314694+0.001432j,-0.322166+0.001449j,0.000043
0.144240+0.001702j,-0.314465+0.001518j,-0.322389+0.001537j,0.000048
0.144239+0.001804j,-0.314225+0.001608j,-0.322623+0.001630j,0.000054
0.144237+0.001911j,-0.313973+0.001703j,-0.322868+0.001727j,0.000061
0.144235+0.002022j,-0.313709+0.001801j,-0.323124+0.001828j,0.000068
0.144233+0.002139j,-0.313432+0.001905j,-0.323392+0.001935j,0.000076
0.144231+0.002261j,-0.313143+0.002012j,-0.323671+0.002046j,0.000085
0.144229+0.002389j,-0.312840+0.002125j,-0.323963+0.002162j,0.000095
0.144226+0.002523j,-0.312523+0.002242j,-0.324268+0.002284j,0.000106
0.144223+0.002662j,-0.312192+0.002365j,-0.324586+0.002412j,0.000118
0.144220+0.002808j,-0.311846+0.002493j,-0.324918+0.002544j,0.000131
0.144216+0.002959j,-0.311484+0.002626j,-0.325263+0.002683j,0.000145
0.144212+0.003118j,-0.311107+0.002764j,-0.325623+0.002828j,0.000161
0.144207+0.003282j,-0.310713+0.002908j,-0.325997+0.002979j,0.000179
0.144203+0.003454j,-0.310303+0.003058j,-0.326386+0.003136j,0.000198
0.144197+0.003633j,-0.309875+0.003213j,-0.326791+0.003300j,0.000219
0.144192+0.003819j,-0.309429+0.003375j,-0.327211+0.003471j,0.000242
0.144185+0.004012j,-0.308965+0.003543j,-0.327648+0.003649j,0.000267
0.144178+0.004213j,-0.308482+0.003717j,-0.328101+0.003834j,0.000294
0.144171+0.004421j,-0.307979+0.003897j,-0.328571+0.004026j,0.000324
0.144163+0.004638j,-0.307456+0.004084j,-0.329058+0.004226j,0.000357
0.144154+0.004863j,-0.306912+0.004277j,-0.329563+0.004434j,0.000392
0.144144+0.005096j,-0.306347+0.004478j,-0.330086+0.004649j,0.000430
0.144133+0.005338j,-0.305760+0.004684j,-0.330627+0.004873j,0.000472
0.144122+0.005589j,-0.305150+0.004898j,-0.331186+0.005105j,0.000517
0.144110+0.005848j,-0.304518+0.005119j,-0.331765+0.005346j,0.000566
0.144096+0.006117j,-0.303861+0.005347j,-0.332362+0.005595j,0.000620
0.144082+0.006395j,-0.303180+0.005582j,-0.332980+0.005854j,0.000677
0.144066+0.006682j,-0.302475+0.005824j,-0.333617+0.006121j,0.000739
0.144049+0.006979j,-0.301744+0.006074j,-0.334274+0.006398j,0.000806
0.144031+0.007286j,-0.300986+0.006331j,-0.334951+0.006684j,0.000879
0.144011+0.007604j,-0.300202+0.006595j,-0.335649+0.006980j,0.000957
0.143989+0.007931j,-0.299390+0.006866j,-0.336368+0.007286j,0.001041
0.143967+0.008268j,-0.298551+0.007145j,-0.337108+0.007602j,0.001132
0.143942+0.008617j,-0.297682+0.007430j,-0.337869+0.007928j,0.001229
0.143915+0.008975j,-0.296785+0.007724j,-0.338652+0.008264j,0.001333
0.143887+0.009345j,-0.295857+0.008024j,-0.339456+0.008611j,0.001445
0.143856+0.009725j,-0.294899+0.008331j,-0.340282+0.008968j,0.001566
0.143824+0.010117j,-0.293910+0.008646j,-0.341129+0.009337j,0.001694
0.143789+0.010520j,-0.292890+0.008967j,-0.341999+0.009716j,0.001832
0.143752+0.010934j,-0.291837+0.009295j,-0.342890+0.010106j,0.001979
0.143712+0.011359j,-0.290751+0.009630j,-0.343803+0.010507j,0.002136
0.143669+0.011796j,-0.289631+0.009971j,-0.344739+0.010919j,0.002304
0.143623+0.012245j,-0.288478+0.010318j,-0.345696+0.011343j,0.002483
0.143575+0.012705j,-0.287290+0.010671j,-0.346676+0.011778j,0.002674
0.143523+0.013177j,-0.286067+0.011030j,-0.347677+0.012224j,0.002877
0.143468+0.013660j,-0.284808+0.011394j,-0.348701+0.012682j,0.003093
0.143410+0.014156j,-0.283514+0.011763j,-0.349746+0.013151j,0.003322
0.143348+0.014663j,-0.282182+0.012136j,-0.350813+0.013631j,0.003566
0.143282+0.015182j,-0.280813+0.012514j,-0.351902+0.014123j,0.003824
0.143213+0.015714j,-0.279407+0.012895j,-0.353012+0.014627j,0.004098
0.143139+0.016257j,-0.277962+0.013280j,-0.354143+0.015142j,0.004388
0.143061+0.016811j,-0.276479+0.013668j,-0.355295+0.015668j,0.004694
0.142978+0.017378j,-0.274957+0.014058j,-0.356469+0.016206j,0.005019
0.142891+0.017957j,-0.273396+0.014449j,-0.357663+0.016755j,0.005361
0.142798+0.018547j,-0.271794+0.014841j,-0.358877+0.017315j,0.005723
0.142701+0.019150j,-0.270153+0.015234j,-0.360112+0.017886j,0.006104
0.142599+0.019764j,-0.268471+0.015626j,-0.361367+0.018468j,0.006506
0.142490+0.020389j,-0.266748+0.016017j,-0.362641+0.019061j,0.006929
0.142377+0.021026j,-0.264985+0.016406j,-0.363935+0.019665j,0.007374
0.142257+0.021675j,-0.263179+0.016792j,-0.365248+0.020279j,0.007842
0.142131+0.022335j,-0.261333+0.017174j,-0.366579+0.020903j,0.008334
0.141999+0.023007j,-0.259444+0.017551j,-0.367930+0.021538j,0.008851
0.141860+0.023690j,-0.257513+0.017923j,-0.369299+0.022183j,0.009393
0.141715+0.024384j,-0.255541+0.018288j,-0.370685+0.022837j,0.009961
0.141562+0.025089j,-0.253525+0.018644j,-0.372090+0.023502j,0.010557
0.141402+0.025805j,-0.251468+0.018992j,-0.373512+0.024175j,0.011180
0.141235+0.026532j,-0.249368+0.019329j,-0.374952+0.024858j,0.011833
0.141060+0.027270j,-0.247225+0.019655j,-0.376408+0.025550j,0.012516
0.140876+0.028019j,-0.245039+0.019968j,-0.377882+0.026251j,0.013229
0.140685+0.028778j,-0.242811+0.020267j,-0.379372+0.026961j,0.013975
0.140484+0.029548j,-0.240540+0.020549j,-0.380880+0.027679j,0.014754
0.140275+0.030329j,-0.238227+0.020815j,-0.382403+0.028405j,0.015567
0.140057+0.031120j,-0.235870+0.021062j,-0.383944+0.029139j,0.016415
0.139829+0.031921j,-0.233472+0.021289j,-0.385500+0.029881j,0.017300
0.139591+0.032733j,-0.231031+0.021494j,-0.387074+0.030631j,0.018222
0.139343+0.033556j,-0.228548+0.021676j,-0.388664+0.031389j,0.019184
0.139085+0.034389j,-0.226023+0.021832j,-0.390271+0.032154j,0.020186
0.138815+0.035233j,-0.223456+0.021961j,-0.391895+0.032926j,0.021230
0.138534+0.036087j,-0.220848+0.022061j,-0.393537+0.033705j,0.022317
0.138241+0.036952j,-0.218198+0.022131j,-0.395196+0.034491j,0.023449
0.137936+0.037828j,-0.215509+0.022168j,-0.396873+0.035284j,0.024629
0.137618+0.038715j,-0.212779+0.022170j,-0.398568+0.036084j,0.025856
0.137286+0.039612j,-0.210011+0.022137j,-0.400282+0.036891j,0.027134
0.136941+0.040521j,-0.207205+0.022064j,-0.402015+0.037704j,0.028464
0.136582+0.041440j,-0.204362+0.021952j,-0.403767+0.038523j,0.029848
0.136207+0.042371j,-0.201486+0.021797j,-0.405538+0.039348j,0.031288
0.135818+0.043312j,-0.198577+0.021598j,-0.407328+0.040179j,0.032785
0.135413+0.044263j,-0.195640+0.021355j,-0.409137+0.041014j,0.034341
0.134992+0.045223j,-0.192679+0.021064j,-0.410963+0.041854j,0.035956
0.134555+0.046192j,-0.189698+0.020726j,-0.412806+0.042697j,0.037631
0.134102+0.047169j,-0.186703+0.020341j,-0.414664+0.043542j,0.039367
0.133633+0.048152j,-0.183701+0.019907j,-0.416535+0.044387j,0.041161
0.133164+0.049109j,-0.180793+0.019441j,-0.418357+0.045206j,0.042956
0.132664+0.050100j,-0.177796+0.018915j,-0.420246+0.046049j,0.044865
0.132165+0.051064j,-0.174897+0.018360j,-0.422087+0.046865j,0.046773
0.131636+0.052058j,-0.171933+0.017747j,-0.423985+0.047701j,0.048791
0.131107+0.053025j,-0.169068+0.017109j,-0.425836+0.048510j,0.050808
0.130550+0.054016j,-0.166156+0.016417j,-0.427737+0.049334j,0.052929
0.129993+0.054982j,-0.163345+0.015705j,-0.429592+0.050132j,0.055050
0.129409+0.055970j,-0.160499+0.014941j,-0.431494+0.050943j,0.057275
0.128824+0.056932j,-0.157753+0.014164j,-0.433351+0.051729j,0.059498
0.128211+0.057915j,-0.154978+0.013338j,-0.435254+0.052528j,0.061829
0.127598+0.058874j,-0.152302+0.012503j,-0.437115+0.053301j,0.064158
0.126956+0.059853j,-0.149599+0.011622j,-0.439022+0.054088j,0.066600
0.126313+0.060809j,-0.146994+0.010738j,-0.440889+0.054850j,0.069042
0.125639+0.061787j,-0.144362+0.009810j,-0.442806+0.055625j,0.071603
0.124965+0.062741j,-0.141826+0.008884j,-0.444683+0.056377j,0.074164
0.124257+0.063719j,-0.139260+0.007914j,-0.446615+0.057143j,0.076856
0.123549+0.064673j,-0.136790+0.006952j,-0.448507+0.057886j,0.079547
0.122804+0.065653j,-0.134288+0.005948j,-0.450458+0.058645j,0.082379
0.122059+0.066608j,-0.131880+0.004956j,-0.452370+0.059381j,0.085211
0.121275+0.067591j,-0.129437+0.003923j,-0.454345+0.060133j,0.088198
0.120491+0.068549j,-0.127086+0.002906j,-0.456282+0.060862j,0.091183
0.119663+0.069536j,-0.124698+0.001850j,-0.458287+0.061609j,0.094337
0.118837+0.070499j,-0.122401+0.000814j,-0.460253+0.062333j,0.097490
0.117963+0.071491j,-0.120064-0.000260j,-0.462291+0.063076j,0.100826
0.117091+0.072459j,-0.117816-0.001310j,-0.464290+0.063795j,0.104161
0.116167+0.073457j,-0.115526-0.002397j,-0.466367+0.064534j,0.107695
0.115246+0.074430j,-0.113323-0.003456j,-0.468404+0.065249j,0.111229
0.114269+0.075435j,-0.111075-0.004551j,-0.470522+0.065984j,0.114978
0.113294+0.076414j,-0.108914-0.005615j,-0.472600+0.066695j,0.118726
0.112261+0.077426j,-0.106706-0.006712j,-0.474765+0.067426j,0.122708
0.111229+0.078410j,-0.104582-0.007776j,-0.476887+0.068134j,0.126689
0.110134+0.079428j,-0.102410-0.008872j,-0.479100+0.068861j,0.130924
0.109042+0.080418j,-0.100320-0.009931j,-0.481271+0.069564j,0.135158
0.107881+0.081441j,-0.098180-0.011021j,-0.483537+0.070287j,0.139666
0.106724+0.082436j,-0.096122-0.012071j,-0.485758+0.070985j,0.144174
0.105494+0.083464j,-0.094011-0.013150j,-0.488079+0.071702j,0.148979
0.104267+0.084461j,-0.091979-0.014188j,-0.490354+0.072394j,0.153782
0.102962+0.085493j,-0.089895-0.015252j,-0.492733+0.073105j,0.158907
0.101662+0.086492j,-0.087888-0.016272j,-0.495065+0.073789j,0.164031
0.100278+0.087524j,-0.085826-0.017316j,-0.497505+0.074492j,0.169502
0.098899+0.088523j,-0.083841-0.018316j,-0.499895+0.075167j,0.174972
0.097431+0.089554j,-0.081800-0.019336j,-0.502397+0.075859j,0.180818
0.095919+0.090582j,-0.079768-0.020342j,-0.504931+0.076544j,0.186862
0.094361+0.091608j,-0.077746-0.021334j,-0.507498+0.077223j,0.193115
0.092756+0.092630j,-0.075731-0.022309j,-0.510098+0.077894j,0.199586
0.091102+0.093648j,-0.073724-0.023268j,-0.512733+0.078557j,0.206283
0.089399+0.094659j,-0.071724-0.024208j,-0.515401+0.079210j,0.213215
0.087644+0.095663j,-0.069731-0.025129j,-0.518105+0.079852j,0.220392
0.085836+0.096659j,-0.067743-0.026030j,-0.520843+0.080483j,0.227822
0.083975+0.097644j,-0.065761-0.026909j,-0.523616+0.081102j,0.235515
0.082058+0.098618j,-0.063784-0.027766j,-0.526424+0.081706j,0.243483
0.080085+0.099579j,-0.061811-0.028599j,-0.529268+0.082295j,0.251734
0.078053+0.100524j,-0.059843-0.029408j,-0.532148+0.082867j,0.260281
0.075963+0.101453j,-0.057879-0.030190j,-0.535063+0.083422j,0.269135
0.073811+0.102362j,-0.055919-0.030945j,-0.538013+0.083956j,0.278307
0.071598+0.103250j,-0.053962-0.031672j,-0.540999+0.084468j,0.287808
0.069322+0.104114j,-0.052008-0.032370j,-0.544020+0.084957j,0.297653
0.066982+0.104951j,-0.050057-0.033037j,-0.547075+0.085421j,0.307852
0.064577+0.105760j,-0.048109-0.033673j,-0.550166+0.085858j,0.318421
0.062106+0.106536j,-0.046165-0.034276j,-0.553290+0.086265j,0.329371
0.059567+0.107278j,-0.044223-0.034844j,-0.556449+0.086640j,0.340718
0.056960+0.107981j,-0.042284-0.035378j,-0.559640+0.086981j,0.352475
0.054284+0.108643j,-0.040347-0.035875j,-0.562865+0.087285j,0.364659
0.051539+0.109260j,-0.038414-0.036335j,-0.566121+0.087550j,0.377285
0.048723+0.109828j,-0.036483-0.036756j,-0.569410+0.087773j,0.390370
0.045836+0.110344j,-0.034556-0.037137j,-0.572729+0.087951j,0.403931
0.042877+0.110802j,-0.032632-0.037478j,-0.576078+0.088081j,0.417988
0.039846+0.111199j,-0.030711-0.037776j,-0.579457+0.088160j,0.432558
0.036742+0.111531j,-0.028793-0.038031j,-0.582865+0.088185j,0.447665
0.033565+0.111792j,-0.026879-0.038241j,-0.586301+0.088152j,0.463331
0.030313+0.111977j,-0.024968-0.038405j,-0.589765+0.088058j,0.479580
0.026986+0.112080j,-0.023060-0.038522j,-0.593258+0.087899j,0.496442
0.023584+0.112096j,-0.021155-0.038591j,-0.596777+0.087670j,0.513947
0.020104+0.112019j,-0.019254-0.038609j,-0.600325+0.087368j,0.532131
0.016546+0.111841j,-0.017354-0.038576j,-0.603901+0.086986j,0.551033
0.012907+0.111555j,-0.015456-0.038489j,-0.607507+0.086521j,0.570702
0.009189+0.111153j,-0.013562-0.038346j,-0.611139+0.085966j,0.591164
0.005541+0.110649j,-0.011744-0.038155j,-0.614654+0.085343j,0.611620
0.001963+0.110047j,-0.009997-0.037919j,-0.618059+0.084655j,0.632071
-0.001547+0.109352j,-0.008319-0.037642j,-0.621357+0.083905j,0.652517
-0.005129+0.108533j,-0.006639-0.037313j,-0.624683+0.083063j,0.673812
-0.008637+0.107622j,-0.005025-0.036945j,-0.627902+0.082159j,0.695101
-0.012071+0.106621j,-0.003473-0.036543j,-0.631019+0.081198j,0.716385
-0.015431+0.105535j,-0.001981-0.036107j,-0.634037+0.080183j,0.737664
-0.018833+0.104324j,-0.000496-0.035625j,-0.637061+0.079077j,0.759694
-0.022156+0.103029j,0.000932-0.035112j,-0.639986+0.077918j,0.781719
-0.025401+0.101653j,0.002305-0.034571j,-0.642816+0.076709j,0.803740
-0.028568+0.100200j,0.003625-0.034005j,-0.645552+0.075451j,0.825756
-0.031657+0.098672j,0.004894-0.033414j,-0.648199+0.074148j,0.847767
-0.034779+0.097012j,0.006159-0.032778j,-0.650852+0.072751j,0.870599
-0.037818+0.095279j,0.007375-0.032119j,-0.653413+0.071308j,0.893426
-0.040774+0.093476j,0.008542-0.031440j,-0.655886+0.069824j,0.916249
-0.043648+0.091604j,0.009662-0.030741j,-0.658271+0.068299j,0.939067
-0.046439+0.089668j,0.010738-0.030024j,-0.660572+0.066735j,0.961881
-0.049148+0.087671j,0.011770-0.029290j,-0.662791+0.065135j,0.984692
-0.051868+0.085537j,0.012796-0.028512j,-0.665004+0.063441j,1.008331
-0.054501+0.083343j,0.013778-0.027719j,-0.667133+0.061710j,1.031965
-0.057046+0.081091j,0.014718-0.026911j,-0.669178+0.059947j,1.055596
-0.059503+0.078783j,0.015617-0.026089j,-0.671142+0.058151j,1.079222
-0.061873+0.076421j,0.016476-0.025255j,-0.673026+0.056325j,1.102845
-0.064155+0.074009j,0.017297-0.024408j,-0.674831+0.054470j,1.126464
-0.066350+0.071549j,0.018079-0.023551j,-0.676559+0.052587j,1.150079
-0.068459+0.069042j,0.018825-0.022683j,-0.678211+0.050679j,1.173690
-0.070553+0.066397j,0.019560-0.021773j,-0.679844+0.048676j,1.198165
-0.072554+0.063708j,0.020257-0.020853j,-0.681398+0.046647j,1.222636
-0.074462+0.060977j,0.020917-0.019924j,-0.682874+0.044596j,1.247103
-0.076277+0.058205j,0.021541-0.018987j,-0.684273+0.042522j,1.271566
-0.077999+0.055396j,0.022130-0.018041j,-0.685595+0.040427j,1.296026
-0.079629+0.052551j,0.022683-0.017089j,-0.686842+0.038314j,1.320481
-0.081166+0.049673j,0.023203-0.016130j,-0.688015+0.036182j,1.344933
-0.082611+0.046764j,0.023689-0.015165j,-0.689114+0.034034j,1.369382
-0.083964+0.043826j,0.024141-0.014194j,-0.690140+0.031870j,1.393827
-0.085224+0.040861j,0.024561-0.013218j,-0.691094+0.029691j,1.418268
-0.086393+0.037870j,0.024949-0.012237j,-0.691976+0.027499j,1.442706
-0.087469+0.034857j,0.025305-0.011252j,-0.692786+0.025295j,1.467141
-0.088453+0.031822j,0.025629-0.010263j,-0.693526+0.023079j,1.491572
