132,1,655,13,376
133,1,655,13,376
134,1,655,13,376
135,1,655,13,376
136,1,655,13,376
137,1,655,13,376
138,1,655,13,376
139,1,655,13,376
140,1,655,13,376
141,1,655,13,376
142,1,655,13,376
143,1,655,13,376
144,1,655,13,376
145,1,655,13,376
146,1,655,18,377
147,1,655,18,377
148,1,655,18,377
149,1,655,18,377
150,1,655,18,377
151,1,655,18,377
152,1,655,18,377
153,1,655,18,377
154,1,655,18,377
155,1,655,18,377
156,1,655,18,377
157,1,655,18,377
158,1,655,18,377
159,1,655,18,377
160,1,655,30,362
161,1,655,30,362
162,1,655,30,362
163,1,655,30,362
164,1,655,30,362
165,1,655,30,362
166,1,655,30,362
167,1,655,30,362
168,1,655,30,362
169,1,655,30,362
170,1,655,30,362
171,1,655,30,362
172,1,655,30,362
173,1,655,30,362
174,1,655,32,362
175,1,655,32,362
176,1,655,32,362
177,1,655,32,362
178,1,655,32,362
179,1,655,32,362
180,1,655,32,362
181,1,655,32,362
182,1,655,32,362
183,1,655,32,362
184,1,655,32,362
185,1,655,32,362
186,1,655,32,362
187,1,655,32,362
188,1,655,35,362
189,1,655,35,362
190,1,655,35,362
191,1,655,35,362
192,1,655,35,362
193,1,655,35,362
194,1,655,35,362
195,1,655,35,362
196,1,655,35,362
197,1,655,35,362
198,1,655,35,362
199,1,655,35,362
200,1,655,35,362
201,1,655,35,362
202,1,655,48,365
203,1,655,48,365
204,1,655,48,365
205,1,655,48,365
206,1,655,48,365
207,1,655,48,365
208,1,655,48,365
209,1,655,48,365
210,1,655,48,365
211,1,655,48,365
212,1,655,48,365
213,1,655,48,365
214,1,655,48,365
215,1,655,48,365
216,1,655,50,365
217,1,655,50,365
218,1,655,50,365
219,1,655,50,365
220,1,655,50,365
221,1,655,50,365
222,1,655,50,365
223,1,655,50,365
224,1,655,50,365
225,1,655,50,365
226,1,655,50,365
227,1,655,50,365
228,1,655,50,365
229,1,655,50,365
230,1,641,67,598
231,1,641,67,598
232,1,641,67,598
233,1,641,67,598
234,1,641,67,598
235,1,641,67,598
236,1,641,67,598
237,1,641,67,598
238,1,641,67,598
239,1,641,67,598
240,1,641,67,598
241,1,641,67,598
242,1,641,67,598
243,1,641,67,598
244,1,641,68,598
245,1,641,68,598
246,1,641,68,598
247,1,641,68,598
248,1,641,68,598
249,1,641,68,598
250,1,641,68,598
251,1,641,68,598
252,1,641,68,598
253,1,641,68,598
254,1,641,68,598
255,1,641,68,598
256,1,641,68,598
257,1,641,68,598
258,1,641,74,593
259,1,641,74,593
260,1,641,74,593
261,1,641,74,593
262,1,641,74,593
263,1,641,74,593
264,1,641,74,593
265,1,641,74,593
266,1,641,74,593
267,1,641,74,593
268,1,641,74,593
269,1,641,74,593
270,1,641,74,593
271,1,641,74,593
272,1,641,79,598
273,1,641,79,598
274,1,641,79,598
275,1,641,79,598
276,1,641,79,598
277,1,641,79,598
278,1,641,79,598
279,1,641,79,598
280,1,641,79,598
281,1,641,79,598
282,1,641,79,598
283,1,641,79,598
284,1,641,79,598
285,1,641,79,598
286,1,641,82,602
287,1,641,82,602
288,1,641,82,602
289,1,641,82,602
290,1,641,82,602
291,1,641,82,602
292,1,641,82,602
293,1,641,82,602
294,1,641,82,602
295,1,641,82,602
296,1,641,82,602
297,1,641,82,602
298,1,641,82,602
299,1,641,82,602
300,1,641,84,608
301,1,641,84,608
302,1,641,84,608
303,1,641,84,608
304,1,641,84,608
305,1,641,84,608
306,1,641,84,608
307,1,641,84,608
308,1,641,84,608
309,1,641,84,608
310,1,641,84,608
311,1,641,84,608
312,1,641,84,608
313,1,641,84,608
314,1,641,87,608
315,1,641,87,608
316,1,641,87,608
317,1,641,87,608
318,1,641,87,608
319,1,641,87,608
320,1,641,87,608
321,1,641,87,608
322,1,641,87,608
323,1,641,87,608
324,1,641,87,608
325,1,641,87,608
326,1,641,87,608
327,1,641,87,608
328,1,620,130,591
329,2,396,6,642
330,2,670,42,606
331,2,670,42,606
332,2,670,42,606
333,2,670,42,606
334,2,670,42,606
335,2,670,42,606
336,2,670,42,606
337,2,670,42,606
338,2,670,42,606
339,2,670,42,606
340,2,670,42,606
341,2,670,42,606
342,2,670,42,606
343,2,670,42,606
344,2,670,45,606
345,2,670,45,606
346,2,670,45,606
347,2,670,45,606
348,2,670,45,606
349,2,670,45,606
350,2,670,45,606
351,2,670,45,606
352,2,670,45,606
353,2,670,45,606
354,2,670,45,606
355,2,670,45,606
356,2,670,45,606
357,2,670,45,606
358,2,670,49,597
359,2,670,49,597
360,2,670,49,597
361,2,670,49,597
362,2,670,49,597
363,2,670,49,597
364,2,670,49,597
365,2,670,49,597
366,2,670,49,597
367,2,670,49,597
368,2,670,49,597
369,2,670,49,597
370,2,670,49,597
371,2,670,49,597
372,2,670,52,600
373,2,670,52,600
374,2,670,52,600
375,2,670,52,600
376,2,670,52,600
377,2,670,52,600
378,2,670,52,600
379,2,670,52,600
380,2,670,52,600
381,2,670,52,600
382,2,670,52,600
383,2,670,52,600
384,2,670,52,600
385,2,670,52,600
386,2,670,58,596
387,2,670,58,596
388,2,670,58,596
389,2,670,58,596
390,2,670,58,596
391,2,670,58,596
392,2,670,58,596
393,2,670,58,596
394,2,670,58,596
395,2,670,58,596
396,2,670,58,596
397,2,670,58,596
398,2,670,58,596
399,2,670,58,596
400,2,670,63,593
401,2,670,63,593
402,2,670,63,593
403,2,670,63,593
404,2,670,63,593
405,2,670,63,593
406,2,670,63,593
407,2,670,63,593
408,2,670,63,593
409,2,670,63,593
410,2,670,63,593
411,2,670,63,593
412,2,670,63,593
413,2,670,63,593
414,2,670,64,593
415,2,670,64,593
416,2,670,64,593
417,2,670,64,593
418,2,670,64,593
419,2,670,64,593
420,2,670,64,593
421,2,670,64,593
422,2,670,64,593
423,2,670,64,593
424,2,670,64,593
425,2,670,64,593
426,2,670,64,593
427,2,670,64,593
428,2,654,66,374
429,2,654,66,374
430,2,654,66,374
431,2,654,66,374
432,2,654,66,374
433,2,654,66,374
434,2,654,66,374
435,2,654,66,374
436,2,654,66,374
437,2,654,66,374
438,2,654,66,374
439,2,654,66,374
440,2,654,66,374
441,2,654,66,374
442,2,654,73,374
443,2,654,73,374
444,2,654,73,374
445,2,654,73,374
446,2,654,73,374
447,2,654,73,374
448,2,654,73,374
449,2,654,73,374
450,2,654,73,374
451,2,654,73,374
452,2,654,73,374
453,2,654,73,374
454,2,654,73,374
455,2,654,73,374
456,2,654,85,355
457,2,654,85,355
458,2,654,85,355
459,2,654,85,355
460,2,654,85,355
461,2,654,85,355
462,2,654,85,355
463,2,654,85,355
464,2,654,85,355
465,2,654,85,355
466,2,654,85,355
467,2,654,85,355
468,2,654,85,355
469,2,654,85,355
470,2,654,86,355
471,2,654,86,355
472,2,654,86,355
473,2,654,86,355
474,2,654,86,355
475,2,654,86,355
476,2,654,86,355
477,2,654,86,355
478,2,654,86,355
479,2,654,86,355
480,2,654,86,355
481,2,654,86,355
482,2,654,86,355
483,2,654,86,355
484,2,654,89,355
485,2,654,89,355
486,2,654,89,355
487,2,654,89,355
488,2,654,89,355
489,2,654,89,355
490,2,654,89,355
491,2,654,89,355
492,2,654,89,355
493,2,654,89,355
494,2,654,89,355
495,2,654,89,355
496,2,654,89,355
497,2,654,89,355
498,2,654,103,357
499,2,654,103,357
500,2,654,103,357
501,2,654,103,357
502,2,654,103,357
503,2,654,103,357
504,2,654,103,357
505,2,654,103,357
506,2,654,103,357
507,2,654,103,357
508,2,654,103,357
509,2,654,103,357
510,2,654,103,357
511,2,654,103,357
512,2,654,104,357
513,2,654,104,357
514,2,654,104,357
515,2,654,104,357
516,2,654,104,357
517,2,654,104,357
518,2,654,104,357
519,2,654,104,357
520,2,654,104,357
521,2,654,104,357
522,2,654,104,357
523,2,654,104,357
524,2,654,104,357
525,2,654,104,357
526,2,654,106,357
527,2,654,106,357
528,2,654,106,357
529,2,654,106,357
530,2,654,106,357
531,2,654,106,357
532,2,654,106,357
533,2,654,106,357
534,2,654,106,357
535,2,654,106,357
536,2,654,106,357
537,2,654,106,357
538,2,654,106,357
539,2,654,106,357
540,2,590,129,650
541,3,605,10,343
542,3,459,16,447
543,3,459,17,447
544,3,459,19,447
545,3,459,22,444
546,3,459,23,444
547,3,459,26,444
548,3,459,39,423
549,4,445,12,387
550,4,445,14,387
551,4,445,20,388
552,4,445,24,391
553,4,445,27,391
554,4,445,31,399
555,4,445,34,399
556,5,610,13,250
557,5,606,15,240
558,5,610,18,250
559,5,610,30,236
560,5,610,32,236
561,5,606,33,236
562,5,610,35,236
563,5,606,36,236
564,5,606,38,236
565,5,610,48,239
566,5,610,50,239
567,5,606,53,248
568,5,606,56,248
569,5,505,69,690
570,5,505,71,690
571,5,505,72,690
572,5,505,75,687
573,5,505,77,687
574,5,709,90,632
575,5,505,94,588
576,5,709,108,760
577,5,709,109,760
578,5,709,112,762
579,5,709,114,762
580,5,709,115,762
581,6,457,67,386
582,6,457,68,386
583,6,457,74,390
584,6,457,79,395
585,6,457,82,391
586,6,457,84,396
587,6,457,87,396
588,7,455,69,454
589,7,455,71,454
590,7,455,72,454
591,7,455,75,451
592,7,455,77,451
593,7,455,94,431
594,8,487,12,531
595,8,487,14,531
596,8,487,20,543
597,8,487,24,546
598,8,487,27,536
599,8,487,31,545
600,8,487,34,545
601,8,700,42,530
602,8,700,45,530
603,8,700,49,520
604,8,700,52,525
605,8,700,58,521
606,8,700,63,517
607,8,700,64,517
608,8,596,76,267
609,8,596,78,267
610,8,591,80,258
611,8,591,81,258
612,8,591,83,258
613,8,596,93,257
614,8,596,95,257
615,8,591,96,256
616,8,596,98,257
617,8,591,99,256
618,8,591,101,256
619,8,591,113,275
620,8,596,116,262
621,8,591,119,275
622,9,512,16,722
623,9,512,16,722
624,9,512,16,722
625,9,512,16,722
626,9,512,16,722
627,9,512,16,722
628,9,512,16,722
629,9,512,16,722
630,9,512,16,722
631,9,512,16,722
632,9,512,16,722
633,9,512,16,722
634,9,512,16,722
635,9,512,16,722
636,9,512,17,722
637,9,512,17,722
638,9,512,17,722
639,9,512,17,722
640,9,512,17,722
641,9,512,17,722
642,9,512,17,722
643,9,512,17,722
644,9,512,17,722
645,9,512,17,722
646,9,512,17,722
647,9,512,17,722
648,9,512,17,722
649,9,512,17,722
650,9,512,19,722
651,9,512,19,722
652,9,512,19,722
653,9,512,19,722
654,9,512,19,722
655,9,512,19,722
656,9,512,19,722
657,9,512,19,722
658,9,512,19,722
659,9,512,19,722
660,9,512,19,722
661,9,512,19,722
662,9,512,19,722
663,9,512,19,722
664,9,512,22,719
665,9,512,22,719
666,9,512,22,719
667,9,512,22,719
668,9,512,22,719
669,9,512,22,719
670,9,512,22,719
671,9,512,22,719
672,9,512,22,719
673,9,512,22,719
674,9,512,22,719
675,9,512,22,719
676,9,512,22,719
677,9,512,22,719
678,9,512,23,719
679,9,512,23,719
680,9,512,23,719
681,9,512,23,719
682,9,512,23,719
683,9,512,23,719
684,9,512,23,719
685,9,512,23,719
686,9,512,23,719
687,9,512,23,719
688,9,512,23,719
689,9,512,23,719
690,9,512,23,719
691,9,512,23,719
692,9,512,26,719
693,9,512,26,719
694,9,512,26,719
695,9,512,26,719
696,9,512,26,719
697,9,512,26,719
698,9,512,26,719
699,9,512,26,719
700,9,512,26,719
701,9,512,26,719
702,9,512,26,719
703,9,512,26,719
704,9,512,26,719
705,9,512,26,719
706,9,512,39,629
707,9,512,39,629
708,9,512,39,629
709,9,512,39,629
710,9,512,39,629
711,9,512,39,629
712,9,512,39,629
713,9,512,39,629
714,9,512,39,629
715,9,512,39,629
716,9,512,39,629
717,9,512,39,629
718,9,512,39,629
719,9,512,39,629
720,9,517,76,374
721,9,517,76,374
722,9,517,76,374
723,9,517,76,374
724,9,517,76,374
725,9,517,76,374
726,9,517,76,374
727,9,517,76,374
728,9,517,76,374
729,9,517,76,374
730,9,517,76,374
731,9,517,76,374
732,9,517,76,374
733,9,517,76,374
734,9,517,78,374
735,9,517,78,374
736,9,517,78,374
737,9,517,78,374
738,9,517,78,374
739,9,517,78,374
740,9,517,78,374
741,9,517,78,374
742,9,517,78,374
743,9,517,78,374
744,9,517,78,374
745,9,517,78,374
746,9,517,78,374
747,9,517,78,374
748,9,517,93,366
749,9,517,93,366
750,9,517,93,366
751,9,517,93,366
752,9,517,93,366
753,9,517,93,366
754,9,517,93,366
755,9,517,93,366
756,9,517,93,366
757,9,517,93,366
758,9,517,93,366
759,9,517,93,366
760,9,517,93,366
761,9,517,93,366
762,9,517,95,366
763,9,517,95,366
764,9,517,95,366
765,9,517,95,366
766,9,517,95,366
767,9,517,95,366
768,9,517,95,366
769,9,517,95,366
770,9,517,95,366
771,9,517,95,366
772,9,517,95,366
773,9,517,95,366
774,9,517,95,366
775,9,517,95,366
776,9,517,98,364
777,9,517,98,364
778,9,517,98,364
779,9,517,98,364
780,9,517,98,364
781,9,517,98,364
782,9,517,98,364
783,9,517,98,364
784,9,517,98,364
785,9,517,98,364
786,9,517,98,364
787,9,517,98,364
788,9,517,98,364
789,9,517,98,364
790,9,517,116,371
791,9,517,116,371
792,9,517,116,371
793,9,517,116,371
794,9,517,116,371
795,9,517,116,371
796,9,517,116,371
797,9,517,116,371
798,9,517,116,371
799,9,517,116,371
800,9,517,116,371
801,9,517,116,371
802,9,517,116,371
803,9,517,116,371
804,9,529,122,579
805,10,502,21,369
806,10,502,21,369
807,10,502,21,369
808,10,502,21,369
809,10,502,21,369
810,10,502,21,369
811,10,502,21,369
812,10,502,21,369
813,10,502,21,369
814,10,502,21,369
815,10,502,21,369
816,10,502,21,369
817,10,502,21,369
818,10,502,21,369
819,10,502,25,369
820,10,502,25,369
821,10,502,25,369
822,10,502,25,369
823,10,502,25,369
824,10,502,25,369
825,10,502,25,369
826,10,502,25,369
827,10,502,25,369
828,10,502,25,369
829,10,502,25,369
830,10,502,25,369
831,10,502,25,369
832,10,502,25,369
833,10,502,40,358
834,10,502,40,358
835,10,502,40,358
836,10,502,40,358
837,10,502,40,358
838,10,502,40,358
839,10,502,40,358
840,10,502,40,358
841,10,502,40,358
842,10,502,40,358
843,10,502,40,358
844,10,502,40,358
845,10,502,40,358
846,10,502,40,358
847,10,502,41,358
848,10,502,41,358
849,10,502,41,358
850,10,502,41,358
851,10,502,41,358
852,10,502,41,358
853,10,502,41,358
854,10,502,41,358
855,10,502,41,358
856,10,502,41,358
857,10,502,41,358
858,10,502,41,358
859,10,502,41,358
860,10,502,41,358
861,10,502,44,357
862,10,502,44,357
863,10,502,44,357
864,10,502,44,357
865,10,502,44,357
866,10,502,44,357
867,10,502,44,357
868,10,502,44,357
869,10,502,44,357
870,10,502,44,357
871,10,502,44,357
872,10,502,44,357
873,10,502,44,357
874,10,502,44,357
875,10,502,62,363
876,10,502,62,363
877,10,502,62,363
878,10,502,62,363
879,10,502,62,363
880,10,502,62,363
881,10,502,62,363
882,10,502,62,363
883,10,502,62,363
884,10,502,62,363
885,10,502,62,363
886,10,502,62,363
887,10,502,62,363
888,10,502,62,363
889,10,507,90,712
890,10,507,90,712
891,10,507,90,712
892,10,507,90,712
893,10,507,90,712
894,10,507,90,712
895,10,507,90,712
896,10,507,90,712
897,10,507,90,712
898,10,507,90,712
899,10,507,90,712
900,10,507,90,712
901,10,507,90,712
902,10,507,90,712
903,10,507,108,859
904,10,507,108,859
905,10,507,108,859
906,10,507,108,859
907,10,507,108,859
908,10,507,108,859
909,10,507,108,859
910,10,507,108,859
911,10,507,108,859
912,10,507,108,859
913,10,507,108,859
914,10,507,108,859
915,10,507,108,859
916,10,507,108,859
917,10,507,109,859
918,10,507,109,859
919,10,507,109,859
920,10,507,109,859
921,10,507,109,859
922,10,507,109,859
923,10,507,109,859
924,10,507,109,859
925,10,507,109,859
926,10,507,109,859
927,10,507,109,859
928,10,507,109,859
929,10,507,109,859
930,10,507,109,859
931,10,507,112,861
932,10,507,112,861
933,10,507,112,861
934,10,507,112,861
935,10,507,112,861
936,10,507,112,861
937,10,507,112,861
938,10,507,112,861
939,10,507,112,861
940,10,507,112,861
941,10,507,112,861
942,10,507,112,861
943,10,507,112,861
944,10,507,112,861
945,10,507,114,861
946,10,507,114,861
947,10,507,114,861
948,10,507,114,861
949,10,507,114,861
950,10,507,114,861
951,10,507,114,861
952,10,507,114,861
953,10,507,114,861
954,10,507,114,861
955,10,507,114,861
956,10,507,114,861
957,10,507,114,861
958,10,507,114,861
959,10,507,115,861
960,10,507,115,861
961,10,507,115,861
962,10,507,115,861
963,10,507,115,861
964,10,507,115,861
965,10,507,115,861
966,10,507,115,861
967,10,507,115,861
968,10,507,115,861
969,10,507,115,861
970,10,507,115,861
971,10,507,115,861
972,10,507,115,861
973,10,497,121,595
974,60,809,66,346
975,60,809,73,346
976,60,809,85,327
977,60,809,86,327
978,60,809,89,327
979,60,809,103,329
980,60,809,104,329
981,60,809,106,329
982,60,490,125,449
983,60,908,129,615
984,60,908,129,615
985,60,908,129,615
986,60,908,129,615
987,60,908,129,615
988,60,908,129,615
989,60,908,129,615
990,60,908,129,615
991,60,908,129,615
992,60,908,129,615
993,60,908,129,615
994,60,908,129,615
995,60,908,129,615
996,60,908,129,615
997,61,809,66,346
998,61,809,73,346
999,61,809,85,327
1000,61,809,86,327
1001,61,809,89,327
1002,61,809,103,329
1003,61,809,104,329
1004,61,809,106,329
1005,61,490,125,449
1006,61,908,129,615
1007,61,908,129,615
1008,61,908,129,615
1009,61,908,129,615
1010,61,908,129,615
1011,61,908,129,615
1012,61,908,129,615
1013,61,908,129,615
1014,61,908,129,615
1015,61,908,129,615
1016,61,908,129,615
1017,61,908,129,615
1018,61,908,129,615
1019,61,908,129,615
1020,62,340,97,548
1021,62,340,100,548
1022,62,340,102,543
1023,62,340,105,538
1024,62,340,111,533
1025,62,340,117,538
1026,62,340,118,538
1027,62,240,124,582
1028,63,389,123,432
1029,63,529,126,474
1030,64,389,123,432
1031,64,529,126,474
1032,65,356,121,614
1033,65,356,121,614
1034,65,356,121,614
1035,65,356,121,614
1036,65,356,121,614
1037,65,356,121,614
1038,65,356,121,614
1039,65,356,121,614
1040,65,356,121,614
1041,65,356,121,614
1042,65,356,121,614
1043,65,356,121,614
1044,65,356,121,614
1045,65,356,121,614
1046,65,250,124,586
1047,66,275,126,581
1048,69,683,124,686
1049,69,834,130,611
1050,69,834,130,611
1051,69,834,130,611
1052,69,834,130,611
1053,69,834,130,611
1054,69,834,130,611
1055,69,834,130,611
1056,69,834,130,611
1057,69,834,130,611
1058,69,834,130,611
1059,69,834,130,611
1060,69,834,130,611
1061,69,834,130,611
1062,69,834,130,611
1063,70,262,126,588
1064,70,434,129,626
1065,70,434,129,626
1066,70,434,129,626
1067,70,434,129,626
1068,70,434,129,626
1069,70,434,129,626
1070,70,434,129,626
1071,70,434,129,626
1072,70,434,129,626
1073,70,434,129,626
1074,70,434,129,626
1075,70,434,129,626
1076,70,434,129,626
1077,70,434,129,626
1078,71,683,124,686
1079,71,834,130,611
1080,71,834,130,611
1081,71,834,130,611
1082,71,834,130,611
1083,71,834,130,611
1084,71,834,130,611
1085,71,834,130,611
1086,71,834,130,611
1087,71,834,130,611
1088,71,834,130,611
1089,71,834,130,611
1090,71,834,130,611
1091,71,834,130,611
1092,71,834,130,611
1093,72,683,124,686
1094,72,834,130,611
1095,72,834,130,611
1096,72,834,130,611
1097,72,834,130,611
1098,72,834,130,611
1099,72,834,130,611
1100,72,834,130,611
1101,72,834,130,611
1102,72,834,130,611
1103,72,834,130,611
1104,72,834,130,611
1105,72,834,130,611
1106,72,834,130,611
1107,72,834,130,611
1108,73,275,126,581
1109,75,680,124,686
1110,75,831,130,611
1111,75,831,130,611
1112,75,831,130,611
1113,75,831,130,611
1114,75,831,130,611
1115,75,831,130,611
1116,75,831,130,611
1117,75,831,130,611
1118,75,831,130,611
1119,75,831,130,611
1120,75,831,130,611
1121,75,831,130,611
1122,75,831,130,611
1123,75,831,130,611
1124,77,680,124,686
1125,77,831,130,611
1126,77,831,130,611
1127,77,831,130,611
1128,77,831,130,611
1129,77,831,130,611
1130,77,831,130,611
1131,77,831,130,611
1132,77,831,130,611
1133,77,831,130,611
1134,77,831,130,611
1135,77,831,130,611
1136,77,831,130,611
1137,77,831,130,611
1138,77,831,130,611
1139,80,341,122,615
1140,80,341,122,615
1141,80,341,122,615
1142,80,341,122,615
1143,80,341,122,615
1144,80,341,122,615
1145,80,341,122,615
1146,80,341,122,615
1147,80,341,122,615
1148,80,341,122,615
1149,80,341,122,615
1150,80,341,122,615
1151,80,341,122,615
1152,80,341,122,615
1153,81,340,122,615
1154,81,340,122,615
1155,81,340,122,615
1156,81,340,122,615
1157,81,340,122,615
1158,81,340,122,615
1159,81,340,122,615
1160,81,340,122,615
1161,81,340,122,615
1162,81,340,122,615
1163,81,340,122,615
1164,81,340,122,615
1165,81,340,122,615
1166,81,340,122,615
1167,83,340,122,615
1168,83,340,122,615
1169,83,340,122,615
1170,83,340,122,615
1171,83,340,122,615
1172,83,340,122,615
1173,83,340,122,615
1174,83,340,122,615
1175,83,340,122,615
1176,83,340,122,615
1177,83,340,122,615
1178,83,340,122,615
1179,83,340,122,615
1180,83,340,122,615
1181,85,256,126,581
1182,86,256,126,581
1183,88,257,126,588
1184,88,428,129,626
1185,88,428,129,626
1186,88,428,129,626
1187,88,428,129,626
1188,88,428,129,626
1189,88,428,129,626
1190,88,428,129,626
1191,88,428,129,626
1192,88,428,129,626
1193,88,428,129,626
1194,88,428,129,626
1195,88,428,129,626
1196,88,428,129,626
1197,88,428,129,626
1198,89,256,126,581
1199,90,637,124,490
1200,90,455,128,444
1201,91,257,126,588
1202,91,429,129,626
1203,91,429,129,626
1204,91,429,129,626
1205,91,429,129,626
1206,91,429,129,626
1207,91,429,129,626
1208,91,429,129,626
1209,91,429,129,626
1210,91,429,129,626
1211,91,429,129,626
1212,91,429,129,626
1213,91,429,129,626
1214,91,429,129,626
1215,91,429,129,626
1216,92,257,126,588
1217,92,429,129,626
1218,92,429,129,626
1219,92,429,129,626
1220,92,429,129,626
1221,92,429,129,626
1222,92,429,129,626
1223,92,429,129,626
1224,92,429,129,626
1225,92,429,129,626
1226,92,429,129,626
1227,92,429,129,626
1228,92,429,129,626
1229,92,429,129,626
1230,92,429,129,626
1231,94,583,124,686
1232,94,702,130,611
1233,94,702,130,611
1234,94,702,130,611
1235,94,702,130,611
1236,94,702,130,611
1237,94,702,130,611
1238,94,702,130,611
1239,94,702,130,611
1240,94,702,130,611
1241,94,702,130,611
1242,94,702,130,611
1243,94,702,130,611
1244,94,702,130,611
1245,94,702,130,611
1246,96,339,122,615
1247,96,339,122,615
1248,96,339,122,615
1249,96,339,122,615
1250,96,339,122,615
1251,96,339,122,615
1252,96,339,122,615
1253,96,339,122,615
1254,96,339,122,615
1255,96,339,122,615
1256,96,339,122,615
1257,96,339,122,615
1258,96,339,122,615
1259,96,339,122,615
1260,97,568,121,606
1261,97,568,121,606
1262,97,568,121,606
1263,97,568,121,606
1264,97,568,121,606
1265,97,568,121,606
1266,97,568,121,606
1267,97,568,121,606
1268,97,568,121,606
1269,97,568,121,606
1270,97,568,121,606
1271,97,568,121,606
1272,97,568,121,606
1273,97,568,121,606
1274,97,396,127,440
1275,99,339,122,615
1276,99,339,122,615
1277,99,339,122,615
1278,99,339,122,615
1279,99,339,122,615
1280,99,339,122,615
1281,99,339,122,615
1282,99,339,122,615
1283,99,339,122,615
1284,99,339,122,615
1285,99,339,122,615
1286,99,339,122,615
1287,99,339,122,615
1288,99,339,122,615
1289,100,568,121,606
1290,100,568,121,606
1291,100,568,121,606
1292,100,568,121,606
1293,100,568,121,606
1294,100,568,121,606
1295,100,568,121,606
1296,100,568,121,606
1297,100,568,121,606
1298,100,568,121,606
1299,100,568,121,606
1300,100,568,121,606
1301,100,568,121,606
1302,100,568,121,606
1303,100,396,127,440
1304,101,339,122,615
1305,101,339,122,615
1306,101,339,122,615
1307,101,339,122,615
1308,101,339,122,615
1309,101,339,122,615
1310,101,339,122,615
1311,101,339,122,615
1312,101,339,122,615
1313,101,339,122,615
1314,101,339,122,615
1315,101,339,122,615
1316,101,339,122,615
1317,101,339,122,615
1318,102,563,121,606
1319,102,563,121,606
1320,102,563,121,606
1321,102,563,121,606
1322,102,563,121,606
1323,102,563,121,606
1324,102,563,121,606
1325,102,563,121,606
1326,102,563,121,606
1327,102,563,121,606
1328,102,563,121,606
1329,102,563,121,606
1330,102,563,121,606
1331,102,563,121,606
1332,102,391,127,440
1333,103,258,126,581
1334,104,258,126,581
1335,105,559,121,606
1336,105,559,121,606
1337,105,559,121,606
1338,105,559,121,606
1339,105,559,121,606
1340,105,559,121,606
1341,105,559,121,606
1342,105,559,121,606
1343,105,559,121,606
1344,105,559,121,606
1345,105,559,121,606
1346,105,559,121,606
1347,105,559,121,606
1348,105,559,121,606
1349,105,389,127,440
1350,106,258,126,581
1351,107,266,126,588
1352,107,438,129,626
1353,107,438,129,626
1354,107,438,129,626
1355,107,438,129,626
1356,107,438,129,626
1357,107,438,129,626
1358,107,438,129,626
1359,107,438,129,626
1360,107,438,129,626
1361,107,438,129,626
1362,107,438,129,626
1363,107,438,129,626
1364,107,438,129,626
1365,107,438,129,626
1366,108,767,124,490
1367,108,489,128,444
1368,109,767,124,490
1369,109,489,128,444
1370,110,266,126,588
1371,110,438,129,626
1372,110,438,129,626
1373,110,438,129,626
1374,110,438,129,626
1375,110,438,129,626
1376,110,438,129,626
1377,110,438,129,626
1378,110,438,129,626
1379,110,438,129,626
1380,110,438,129,626
1381,110,438,129,626
1382,110,438,129,626
1383,110,438,129,626
1384,110,438,129,626
1385,111,554,121,606
1386,111,554,121,606
1387,111,554,121,606
1388,111,554,121,606
1389,111,554,121,606
1390,111,554,121,606
1391,111,554,121,606
1392,111,554,121,606
1393,111,554,121,606
1394,111,554,121,606
1395,111,554,121,606
1396,111,554,121,606
1397,111,554,121,606
1398,111,554,121,606
1399,111,385,127,440
1400,112,769,124,490
1401,112,491,128,444
1402,113,357,122,615
1403,113,357,122,615
1404,113,357,122,615
1405,113,357,122,615
1406,113,357,122,615
1407,113,357,122,615
1408,113,357,122,615
1409,113,357,122,615
1410,113,357,122,615
1411,113,357,122,615
1412,113,357,122,615
1413,113,357,122,615
1414,113,357,122,615
1415,113,357,122,615
1416,114,769,124,490
1417,114,491,128,444
1418,115,769,124,490
1419,115,491,128,444
1420,117,559,121,606
1421,117,559,121,606
1422,117,559,121,606
1423,117,559,121,606
1424,117,559,121,606
1425,117,559,121,606
1426,117,559,121,606
1427,117,559,121,606
1428,117,559,121,606
1429,117,559,121,606
1430,117,559,121,606
1431,117,559,121,606
1432,117,559,121,606
1433,117,559,121,606
1434,117,387,127,440
1435,118,559,121,606
1436,118,559,121,606
1437,118,559,121,606
1438,118,559,121,606
1439,118,559,121,606
1440,118,559,121,606
1441,118,559,121,606
1442,118,559,121,606
1443,118,559,121,606
1444,118,559,121,606
1445,118,559,121,606
1446,118,559,121,606
1447,118,559,121,606
1448,118,559,121,606
1449,118,387,127,440
1450,119,358,122,615
1451,119,358,122,615
1452,119,358,122,615
1453,119,358,122,615
1454,119,358,122,615
1455,119,358,122,615
1456,119,358,122,615
1457,119,358,122,615
1458,119,358,122,615
1459,119,358,122,615
1460,119,358,122,615
1461,119,358,122,615
1462,119,358,122,615
1463,119,358,122,615
1464,122,400,127,586
1465,125,646,130,360
1466,2,642,974,60
1467,2,642,975,60
1468,2,642,976,60
1469,2,642,977,60
1470,2,642,978,60
1471,2,642,979,60
1472,2,642,980,60
1473,2,642,981,60
1474,2,642,997,60
1475,2,642,998,60
1476,2,642,999,60
1477,2,642,1000,60
1478,2,642,1001,60
1479,2,642,1002,60
1480,2,642,1003,60
1481,2,642,1004,60
1482,10,493,1020,34
1483,10,493,1021,34
1484,10,493,1022,34
1485,10,493,1023,34
1486,10,493,1024,34
1487,10,493,1025,34
1488,10,493,1026,34
1489,60,266,557,31
1490,60,266,561,31
1491,60,266,563,31
1492,60,266,564,31
1493,60,266,567,31
1494,60,266,568,31
1495,60,610,1200,24
1496,60,610,1367,27
1497,60,610,1369,27
1498,60,610,1401,27
1499,60,610,1417,27
1500,60,610,1419,27
1501,61,266,557,31
1502,61,266,561,31
1503,61,266,563,31
1504,61,266,564,31
1505,61,266,567,31
1506,61,266,568,31
1507,61,610,1200,24
1508,61,610,1367,27
1509,61,610,1369,27
1510,61,610,1401,27
1511,61,610,1417,27
1512,61,610,1419,27
1513,63,598,428,26
1514,63,598,428,26
1515,63,598,428,26
1516,63,598,429,27
1517,63,598,429,27
1518,63,598,429,27
1519,63,598,442,26
1520,63,598,442,26
1521,63,598,442,26
1522,63,598,443,27
1523,63,598,443,27
1524,63,598,443,27
1525,63,598,456,26
1526,63,598,456,26
1527,63,598,456,26
1528,63,598,457,27
1529,63,598,457,27
1530,63,598,457,27
1531,63,598,470,26
1532,63,598,470,26
1533,63,598,470,26
1534,63,598,471,27
1535,63,598,471,27
1536,63,598,471,27
1537,63,598,484,26
1538,63,598,484,26
1539,63,598,484,26
1540,63,598,485,27
1541,63,598,485,27
1542,63,598,485,27
1543,63,598,498,26
1544,63,598,498,26
1545,63,598,498,26
1546,63,598,499,27
1547,63,598,499,27
1548,63,598,499,27
1549,63,598,512,26
1550,63,598,512,26
1551,63,598,512,26
1552,63,598,513,27
1553,63,598,513,27
1554,63,598,513,27
1555,63,598,526,26
1556,63,598,526,26
1557,63,598,526,26
1558,63,598,527,27
1559,63,598,527,27
1560,63,598,527,27
1561,64,598,428,26
1562,64,598,428,26
1563,64,598,428,26
1564,64,598,429,27
1565,64,598,429,27
1566,64,598,429,27
1567,64,598,442,26
1568,64,598,442,26
1569,64,598,442,26
1570,64,598,443,27
1571,64,598,443,27
1572,64,598,443,27
1573,64,598,456,26
1574,64,598,456,26
1575,64,598,456,26
1576,64,598,457,27
1577,64,598,457,27
1578,64,598,457,27
1579,64,598,470,26
1580,64,598,470,26
1581,64,598,470,26
1582,64,598,471,27
1583,64,598,471,27
1584,64,598,471,27
1585,64,598,484,26
1586,64,598,484,26
1587,64,598,484,26
1588,64,598,485,27
1589,64,598,485,27
1590,64,598,485,27
1591,64,598,498,26
1592,64,598,498,26
1593,64,598,498,26
1594,64,598,499,27
1595,64,598,499,27
1596,64,598,499,27
1597,64,598,512,26
1598,64,598,512,26
1599,64,598,512,26
1600,64,598,513,27
1601,64,598,513,27
1602,64,598,513,27
1603,64,598,526,26
1604,64,598,526,26
1605,64,598,526,26
1606,64,598,527,27
1607,64,598,527,27
1608,64,598,527,27
1609,65,250,1027,14
1610,65,250,1027,14
1611,65,250,1027,14
1612,65,250,1027,14
1613,65,250,1027,14
1614,65,250,1027,14
1615,65,250,1027,14
1616,65,250,1027,14
1617,65,250,1027,14
1618,65,250,1027,14
1619,65,250,1027,14
1620,65,250,1027,14
1621,65,250,1027,14
1622,65,250,1027,14
1623,65,273,1199,76
1624,65,273,1199,76
1625,65,273,1199,76
1626,65,273,1199,76
1627,65,273,1199,76
1628,65,273,1199,76
1629,65,273,1199,76
1630,65,273,1199,76
1631,65,273,1199,76
1632,65,273,1199,76
1633,65,273,1199,76
1634,65,273,1199,76
1635,65,273,1199,76
1636,65,273,1199,76
1637,65,273,1366,76
1638,65,273,1366,76
1639,65,273,1366,76
1640,65,273,1366,76
1641,65,273,1366,76
1642,65,273,1366,76
1643,65,273,1366,76
1644,65,273,1366,76
1645,65,273,1366,76
1646,65,273,1366,76
1647,65,273,1366,76
1648,65,273,1366,76
1649,65,273,1366,76
1650,65,273,1366,76
1651,65,273,1368,76
1652,65,273,1368,76
1653,65,273,1368,76
1654,65,273,1368,76
1655,65,273,1368,76
1656,65,273,1368,76
1657,65,273,1368,76
1658,65,273,1368,76
1659,65,273,1368,76
1660,65,273,1368,76
1661,65,273,1368,76
1662,65,273,1368,76
1663,65,273,1368,76
1664,65,273,1368,76
1665,65,273,1400,76
1666,65,273,1400,76
1667,65,273,1400,76
1668,65,273,1400,76
1669,65,273,1400,76
1670,65,273,1400,76
1671,65,273,1400,76
1672,65,273,1400,76
1673,65,273,1400,76
1674,65,273,1400,76
1675,65,273,1400,76
1676,65,273,1400,76
1677,65,273,1400,76
1678,65,273,1400,76
1679,65,273,1416,76
1680,65,273,1416,76
1681,65,273,1416,76
1682,65,273,1416,76
1683,65,273,1416,76
1684,65,273,1416,76
1685,65,273,1416,76
1686,65,273,1416,76
1687,65,273,1416,76
1688,65,273,1416,76
1689,65,273,1416,76
1690,65,273,1416,76
1691,65,273,1416,76
1692,65,273,1416,76
1693,65,273,1418,76
1694,65,273,1418,76
1695,65,273,1418,76
1696,65,273,1418,76
1697,65,273,1418,76
1698,65,273,1418,76
1699,65,273,1418,76
1700,65,273,1418,76
1701,65,273,1418,76
1702,65,273,1418,76
1703,65,273,1418,76
1704,65,273,1418,76
1705,65,273,1418,76
1706,65,273,1418,76
1707,67,459,549,42
1708,67,459,550,42
1709,67,459,551,42
1710,67,459,552,42
1711,67,459,553,42
1712,67,459,554,42
1713,67,459,555,42
1714,67,288,1047,45
1715,67,288,1108,52
1716,67,288,1181,45
1717,67,288,1182,45
1718,67,288,1198,45
1719,67,288,1333,52
1720,67,288,1334,52
1721,67,288,1350,45
1722,68,459,549,42
1723,68,459,550,42
1724,68,459,551,42
1725,68,459,552,42
1726,68,459,553,42
1727,68,459,554,42
1728,68,459,555,42
1729,68,288,1047,45
1730,68,288,1108,52
1731,68,288,1181,45
1732,68,288,1182,45
1733,68,288,1198,45
1734,68,288,1333,52
1735,68,288,1334,52
1736,68,288,1350,45
1737,69,670,1046,118
1738,69,670,1046,118
1739,69,670,1046,118
1740,69,670,1046,118
1741,69,670,1046,118
1742,69,670,1046,118
1743,69,670,1046,118
1744,69,670,1046,118
1745,69,670,1046,118
1746,69,670,1046,118
1747,69,670,1046,118
1748,69,670,1046,118
1749,69,670,1046,118
1750,69,670,1046,118
1751,70,262,1047,17
1752,70,262,1047,17
1753,70,262,1047,17
1754,70,262,1047,17
1755,70,262,1047,17
1756,70,262,1047,17
1757,70,262,1047,17
1758,70,262,1047,17
1759,70,262,1047,17
1760,70,262,1047,17
1761,70,262,1047,17
1762,70,262,1047,17
1763,70,262,1047,17
1764,70,262,1047,17
1765,70,262,1108,18
1766,70,262,1108,18
1767,70,262,1108,18
1768,70,262,1108,18
1769,70,262,1108,18
1770,70,262,1108,18
1771,70,262,1108,18
1772,70,262,1108,18
1773,70,262,1108,18
1774,70,262,1108,18
1775,70,262,1108,18
1776,70,262,1108,18
1777,70,262,1108,18
1778,70,262,1108,18
1779,70,262,1181,17
1780,70,262,1181,17
1781,70,262,1181,17
1782,70,262,1181,17
1783,70,262,1181,17
1784,70,262,1181,17
1785,70,262,1181,17
1786,70,262,1181,17
1787,70,262,1181,17
1788,70,262,1181,17
1789,70,262,1181,17
1790,70,262,1181,17
1791,70,262,1181,17
1792,70,262,1181,17
1793,70,262,1182,17
1794,70,262,1182,17
1795,70,262,1182,17
1796,70,262,1182,17
1797,70,262,1182,17
1798,70,262,1182,17
1799,70,262,1182,17
1800,70,262,1182,17
1801,70,262,1182,17
1802,70,262,1182,17
1803,70,262,1182,17
1804,70,262,1182,17
1805,70,262,1182,17
1806,70,262,1182,17
1807,70,262,1198,17
1808,70,262,1198,17
1809,70,262,1198,17
1810,70,262,1198,17
1811,70,262,1198,17
1812,70,262,1198,17
1813,70,262,1198,17
1814,70,262,1198,17
1815,70,262,1198,17
1816,70,262,1198,17
1817,70,262,1198,17
1818,70,262,1198,17
1819,70,262,1198,17
1820,70,262,1198,17
1821,70,262,1333,18
1822,70,262,1333,18
1823,70,262,1333,18
1824,70,262,1333,18
1825,70,262,1333,18
1826,70,262,1333,18
1827,70,262,1333,18
1828,70,262,1333,18
1829,70,262,1333,18
1830,70,262,1333,18
1831,70,262,1333,18
1832,70,262,1333,18
1833,70,262,1333,18
1834,70,262,1333,18
1835,70,262,1334,18
1836,70,262,1334,18
1837,70,262,1334,18
1838,70,262,1334,18
1839,70,262,1334,18
1840,70,262,1334,18
1841,70,262,1334,18
1842,70,262,1334,18
1843,70,262,1334,18
1844,70,262,1334,18
1845,70,262,1334,18
1846,70,262,1334,18
1847,70,262,1334,18
1848,70,262,1334,18
1849,70,262,1350,17
1850,70,262,1350,17
1851,70,262,1350,17
1852,70,262,1350,17
1853,70,262,1350,17
1854,70,262,1350,17
1855,70,262,1350,17
1856,70,262,1350,17
1857,70,262,1350,17
1858,70,262,1350,17
1859,70,262,1350,17
1860,70,262,1350,17
1861,70,262,1350,17
1862,70,262,1350,17
1863,71,670,1046,118
1864,71,670,1046,118
1865,71,670,1046,118
1866,71,670,1046,118
1867,71,670,1046,118
1868,71,670,1046,118
1869,71,670,1046,118
1870,71,670,1046,118
1871,71,670,1046,118
1872,71,670,1046,118
1873,71,670,1046,118
1874,71,670,1046,118
1875,71,670,1046,118
1876,71,670,1046,118
1877,72,670,1046,118
1878,72,670,1046,118
1879,72,670,1046,118
1880,72,670,1046,118
1881,72,670,1046,118
1882,72,670,1046,118
1883,72,670,1046,118
1884,72,670,1046,118
1885,72,670,1046,118
1886,72,670,1046,118
1887,72,670,1046,118
1888,72,670,1046,118
1889,72,670,1046,118
1890,72,670,1046,118
1891,74,460,549,42
1892,74,460,550,42
1893,74,460,551,42
1894,74,460,552,42
1895,74,460,553,42
1896,74,460,554,42
1897,74,460,555,42
1898,74,288,1047,45
1899,74,288,1108,52
1900,74,288,1181,45
1901,74,288,1182,45
1902,74,288,1198,45
1903,74,288,1333,52
1904,74,288,1334,52
1905,74,288,1350,45
1906,75,667,1046,118
1907,75,667,1046,118
1908,75,667,1046,118
1909,75,667,1046,118
1910,75,667,1046,118
1911,75,667,1046,118
1912,75,667,1046,118
1913,75,667,1046,118
1914,75,667,1046,118
1915,75,667,1046,118
1916,75,667,1046,118
1917,75,667,1046,118
1918,75,667,1046,118
1919,75,667,1046,118
1920,76,267,610,16
1921,76,267,610,16
1922,76,267,610,16
1923,76,267,610,16
1924,76,267,610,16
1925,76,267,610,16
1926,76,267,610,16
1927,76,267,610,16
1928,76,267,610,16
1929,76,267,610,16
1930,76,267,610,16
1931,76,267,610,16
1932,76,267,610,16
1933,76,267,610,16
1934,76,267,611,17
1935,76,267,611,17
1936,76,267,611,17
1937,76,267,611,17
1938,76,267,611,17
1939,76,267,611,17
1940,76,267,611,17
1941,76,267,611,17
1942,76,267,611,17
1943,76,267,611,17
1944,76,267,611,17
1945,76,267,611,17
1946,76,267,611,17
1947,76,267,611,17
1948,76,267,612,17
1949,76,267,612,17
1950,76,267,612,17
1951,76,267,612,17
1952,76,267,612,17
1953,76,267,612,17
1954,76,267,612,17
1955,76,267,612,17
1956,76,267,612,17
1957,76,267,612,17
1958,76,267,612,17
1959,76,267,612,17
1960,76,267,612,17
1961,76,267,612,17
1962,76,267,615,16
1963,76,267,615,16
1964,76,267,615,16
1965,76,267,615,16
1966,76,267,615,16
1967,76,267,615,16
1968,76,267,615,16
1969,76,267,615,16
1970,76,267,615,16
1971,76,267,615,16
1972,76,267,615,16
1973,76,267,615,16
1974,76,267,615,16
1975,76,267,615,16
1976,76,267,617,16
1977,76,267,617,16
1978,76,267,617,16
1979,76,267,617,16
1980,76,267,617,16
1981,76,267,617,16
1982,76,267,617,16
1983,76,267,617,16
1984,76,267,617,16
1985,76,267,617,16
1986,76,267,617,16
1987,76,267,617,16
1988,76,267,617,16
1989,76,267,617,16
1990,76,267,618,16
1991,76,267,618,16
1992,76,267,618,16
1993,76,267,618,16
1994,76,267,618,16
1995,76,267,618,16
1996,76,267,618,16
1997,76,267,618,16
1998,76,267,618,16
1999,76,267,618,16
2000,76,267,618,16
2001,76,267,618,16
2002,76,267,618,16
2003,76,267,618,16
2004,76,267,619,17
2005,76,267,619,17
2006,76,267,619,17
2007,76,267,619,17
2008,76,267,619,17
2009,76,267,619,17
2010,76,267,619,17
2011,76,267,619,17
2012,76,267,619,17
2013,76,267,619,17
2014,76,267,619,17
2015,76,267,619,17
2016,76,267,619,17
2017,76,267,619,17
2018,76,267,621,16
2019,76,267,621,16
2020,76,267,621,16
2021,76,267,621,16
2022,76,267,621,16
2023,76,267,621,16
2024,76,267,621,16
2025,76,267,621,16
2026,76,267,621,16
2027,76,267,621,16
2028,76,267,621,16
2029,76,267,621,16
2030,76,267,621,16
2031,76,267,621,16
2032,77,667,1046,118
2033,77,667,1046,118
2034,77,667,1046,118
2035,77,667,1046,118
2036,77,667,1046,118
2037,77,667,1046,118
2038,77,667,1046,118
2039,77,667,1046,118
2040,77,667,1046,118
2041,77,667,1046,118
2042,77,667,1046,118
2043,77,667,1046,118
2044,77,667,1046,118
2045,77,667,1046,118
2046,78,267,610,16
2047,78,267,610,16
2048,78,267,610,16
2049,78,267,610,16
2050,78,267,610,16
2051,78,267,610,16
2052,78,267,610,16
2053,78,267,610,16
2054,78,267,610,16
2055,78,267,610,16
2056,78,267,610,16
2057,78,267,610,16
2058,78,267,610,16
2059,78,267,610,16
2060,78,267,611,17
2061,78,267,611,17
2062,78,267,611,17
2063,78,267,611,17
2064,78,267,611,17
2065,78,267,611,17
2066,78,267,611,17
2067,78,267,611,17
2068,78,267,611,17
2069,78,267,611,17
2070,78,267,611,17
2071,78,267,611,17
2072,78,267,611,17
2073,78,267,611,17
2074,78,267,612,17
2075,78,267,612,17
2076,78,267,612,17
2077,78,267,612,17
2078,78,267,612,17
2079,78,267,612,17
2080,78,267,612,17
2081,78,267,612,17
2082,78,267,612,17
2083,78,267,612,17
2084,78,267,612,17
2085,78,267,612,17
2086,78,267,612,17
2087,78,267,612,17
2088,78,267,615,16
2089,78,267,615,16
2090,78,267,615,16
2091,78,267,615,16
2092,78,267,615,16
2093,78,267,615,16
2094,78,267,615,16
2095,78,267,615,16
2096,78,267,615,16
2097,78,267,615,16
2098,78,267,615,16
2099,78,267,615,16
2100,78,267,615,16
2101,78,267,615,16
2102,78,267,617,16
2103,78,267,617,16
2104,78,267,617,16
2105,78,267,617,16
2106,78,267,617,16
2107,78,267,617,16
2108,78,267,617,16
2109,78,267,617,16
2110,78,267,617,16
2111,78,267,617,16
2112,78,267,617,16
2113,78,267,617,16
2114,78,267,617,16
2115,78,267,617,16
2116,78,267,618,16
2117,78,267,618,16
2118,78,267,618,16
2119,78,267,618,16
2120,78,267,618,16
2121,78,267,618,16
2122,78,267,618,16
2123,78,267,618,16
2124,78,267,618,16
2125,78,267,618,16
2126,78,267,618,16
2127,78,267,618,16
2128,78,267,618,16
2129,78,267,618,16
2130,78,267,619,17
2131,78,267,619,17
2132,78,267,619,17
2133,78,267,619,17
2134,78,267,619,17
2135,78,267,619,17
2136,78,267,619,17
2137,78,267,619,17
2138,78,267,619,17
2139,78,267,619,17
2140,78,267,619,17
2141,78,267,619,17
2142,78,267,619,17
2143,78,267,619,17
2144,78,267,621,16
2145,78,267,621,16
2146,78,267,621,16
2147,78,267,621,16
2148,78,267,621,16
2149,78,267,621,16
2150,78,267,621,16
2151,78,267,621,16
2152,78,267,621,16
2153,78,267,621,16
2154,78,267,621,16
2155,78,267,621,16
2156,78,267,621,16
2157,78,267,621,16
2158,79,465,549,42
2159,79,465,550,42
2160,79,465,551,42
2161,79,465,552,42
2162,79,465,553,42
2163,79,465,554,42
2164,79,465,555,42
2165,79,293,1047,45
2166,79,293,1108,52
2167,79,293,1181,45
2168,79,293,1182,45
2169,79,293,1198,45
2170,79,293,1333,52
2171,79,293,1334,52
2172,79,293,1350,45
2173,82,464,549,42
2174,82,464,550,42
2175,82,464,551,42
2176,82,464,552,42
2177,82,464,553,42
2178,82,464,554,42
2179,82,464,555,42
2180,82,293,1047,45
2181,82,293,1108,52
2182,82,293,1181,45
2183,82,293,1182,45
2184,82,293,1198,45
2185,82,293,1333,52
2186,82,293,1334,52
2187,82,293,1350,45
2188,84,470,549,42
2189,84,470,550,42
2190,84,470,551,42
2191,84,470,552,42
2192,84,470,553,42
2193,84,470,554,42
2194,84,470,555,42
2195,84,298,1047,45
2196,84,298,1108,52
2197,84,298,1181,45
2198,84,298,1182,45
2199,84,298,1198,45
2200,84,298,1333,52
2201,84,298,1334,52
2202,84,298,1350,45
2203,87,470,549,42
2204,87,470,550,42
2205,87,470,551,42
2206,87,470,552,42
2207,87,470,553,42
2208,87,470,554,42
2209,87,470,555,42
2210,87,298,1047,45
2211,87,298,1108,52
2212,87,298,1181,45
2213,87,298,1182,45
2214,87,298,1198,45
2215,87,298,1333,52
2216,87,298,1334,52
2217,87,298,1350,45
2218,88,257,1047,17
2219,88,257,1047,17
2220,88,257,1047,17
2221,88,257,1047,17
2222,88,257,1047,17
2223,88,257,1047,17
2224,88,257,1047,17
2225,88,257,1047,17
2226,88,257,1047,17
2227,88,257,1047,17
2228,88,257,1047,17
2229,88,257,1047,17
2230,88,257,1047,17
2231,88,257,1047,17
2232,88,257,1108,18
2233,88,257,1108,18
2234,88,257,1108,18
2235,88,257,1108,18
2236,88,257,1108,18
2237,88,257,1108,18
2238,88,257,1108,18
2239,88,257,1108,18
2240,88,257,1108,18
2241,88,257,1108,18
2242,88,257,1108,18
2243,88,257,1108,18
2244,88,257,1108,18
2245,88,257,1108,18
2246,88,257,1181,17
2247,88,257,1181,17
2248,88,257,1181,17
2249,88,257,1181,17
2250,88,257,1181,17
2251,88,257,1181,17
2252,88,257,1181,17
2253,88,257,1181,17
2254,88,257,1181,17
2255,88,257,1181,17
2256,88,257,1181,17
2257,88,257,1181,17
2258,88,257,1181,17
2259,88,257,1181,17
2260,88,257,1182,17
2261,88,257,1182,17
2262,88,257,1182,17
2263,88,257,1182,17
2264,88,257,1182,17
2265,88,257,1182,17
2266,88,257,1182,17
2267,88,257,1182,17
2268,88,257,1182,17
2269,88,257,1182,17
2270,88,257,1182,17
2271,88,257,1182,17
2272,88,257,1182,17
2273,88,257,1182,17
2274,88,257,1198,17
2275,88,257,1198,17
2276,88,257,1198,17
2277,88,257,1198,17
2278,88,257,1198,17
2279,88,257,1198,17
2280,88,257,1198,17
2281,88,257,1198,17
2282,88,257,1198,17
2283,88,257,1198,17
2284,88,257,1198,17
2285,88,257,1198,17
2286,88,257,1198,17
2287,88,257,1198,17
2288,88,257,1333,18
2289,88,257,1333,18
2290,88,257,1333,18
2291,88,257,1333,18
2292,88,257,1333,18
2293,88,257,1333,18
2294,88,257,1333,18
2295,88,257,1333,18
2296,88,257,1333,18
2297,88,257,1333,18
2298,88,257,1333,18
2299,88,257,1333,18
2300,88,257,1333,18
2301,88,257,1333,18
2302,88,257,1334,18
2303,88,257,1334,18
2304,88,257,1334,18
2305,88,257,1334,18
2306,88,257,1334,18
2307,88,257,1334,18
2308,88,257,1334,18
2309,88,257,1334,18
2310,88,257,1334,18
2311,88,257,1334,18
2312,88,257,1334,18
2313,88,257,1334,18
2314,88,257,1334,18
2315,88,257,1334,18
2316,88,257,1350,17
2317,88,257,1350,17
2318,88,257,1350,17
2319,88,257,1350,17
2320,88,257,1350,17
2321,88,257,1350,17
2322,88,257,1350,17
2323,88,257,1350,17
2324,88,257,1350,17
2325,88,257,1350,17
2326,88,257,1350,17
2327,88,257,1350,17
2328,88,257,1350,17
2329,88,257,1350,17
2330,90,623,556,119
2331,90,623,556,119
2332,90,623,556,119
2333,90,623,556,119
2334,90,623,556,119
2335,90,623,556,119
2336,90,623,556,119
2337,90,623,556,119
2338,90,623,556,119
2339,90,623,556,119
2340,90,623,556,119
2341,90,623,556,119
2342,90,623,556,119
2343,90,623,556,119
2344,90,623,558,101
2345,90,623,558,101
2346,90,623,558,101
2347,90,623,558,101
2348,90,623,558,101
2349,90,623,558,101
2350,90,623,558,101
2351,90,623,558,101
2352,90,623,558,101
2353,90,623,558,101
2354,90,623,558,101
2355,90,623,558,101
2356,90,623,558,101
2357,90,623,558,101
2358,90,623,559,119
2359,90,623,559,119
2360,90,623,559,119
2361,90,623,559,119
2362,90,623,559,119
2363,90,623,559,119
2364,90,623,559,119
2365,90,623,559,119
2366,90,623,559,119
2367,90,623,559,119
2368,90,623,559,119
2369,90,623,559,119
2370,90,623,559,119
2371,90,623,559,119
2372,90,623,560,119
2373,90,623,560,119
2374,90,623,560,119
2375,90,623,560,119
2376,90,623,560,119
2377,90,623,560,119
2378,90,623,560,119
2379,90,623,560,119
2380,90,623,560,119
2381,90,623,560,119
2382,90,623,560,119
2383,90,623,560,119
2384,90,623,560,119
2385,90,623,560,119
2386,90,623,562,119
2387,90,623,562,119
2388,90,623,562,119
2389,90,623,562,119
2390,90,623,562,119
2391,90,623,562,119
2392,90,623,562,119
2393,90,623,562,119
2394,90,623,562,119
2395,90,623,562,119
2396,90,623,562,119
2397,90,623,562,119
2398,90,623,562,119
2399,90,623,562,119
2400,90,623,565,101
2401,90,623,565,101
2402,90,623,565,101
2403,90,623,565,101
2404,90,623,565,101
2405,90,623,565,101
2406,90,623,565,101
2407,90,623,565,101
2408,90,623,565,101
2409,90,623,565,101
2410,90,623,565,101
2411,90,623,565,101
2412,90,623,565,101
2413,90,623,565,101
2414,90,623,566,101
2415,90,623,566,101
2416,90,623,566,101
2417,90,623,566,101
2418,90,623,566,101
2419,90,623,566,101
2420,90,623,566,101
2421,90,623,566,101
2422,90,623,566,101
2423,90,623,566,101
2424,90,623,566,101
2425,90,623,566,101
2426,90,623,566,101
2427,90,623,566,101
2428,90,713,806,18
2429,90,713,806,18
2430,90,713,806,18
2431,90,713,820,18
2432,90,713,820,18
2433,90,713,820,18
2434,90,713,834,18
2435,90,713,834,18
2436,90,713,834,18
2437,90,713,848,18
2438,90,713,848,18
2439,90,713,848,18
2440,90,713,862,18
2441,90,713,862,18
2442,90,713,862,18
2443,90,713,876,18
2444,90,713,876,18
2445,90,713,876,18
2446,91,257,1047,17
2447,91,257,1047,17
2448,91,257,1047,17
2449,91,257,1047,17
2450,91,257,1047,17
2451,91,257,1047,17
2452,91,257,1047,17
2453,91,257,1047,17
2454,91,257,1047,17
2455,91,257,1047,17
2456,91,257,1047,17
2457,91,257,1047,17
2458,91,257,1047,17
2459,91,257,1047,17
2460,91,257,1108,18
2461,91,257,1108,18
2462,91,257,1108,18
2463,91,257,1108,18
2464,91,257,1108,18
2465,91,257,1108,18
2466,91,257,1108,18
2467,91,257,1108,18
2468,91,257,1108,18
2469,91,257,1108,18
2470,91,257,1108,18
2471,91,257,1108,18
2472,91,257,1108,18
2473,91,257,1108,18
2474,91,257,1181,17
2475,91,257,1181,17
2476,91,257,1181,17
2477,91,257,1181,17
2478,91,257,1181,17
2479,91,257,1181,17
2480,91,257,1181,17
2481,91,257,1181,17
2482,91,257,1181,17
2483,91,257,1181,17
2484,91,257,1181,17
2485,91,257,1181,17
2486,91,257,1181,17
2487,91,257,1181,17
2488,91,257,1182,17
2489,91,257,1182,17
2490,91,257,1182,17
2491,91,257,1182,17
2492,91,257,1182,17
2493,91,257,1182,17
2494,91,257,1182,17
2495,91,257,1182,17
2496,91,257,1182,17
2497,91,257,1182,17
2498,91,257,1182,17
2499,91,257,1182,17
2500,91,257,1182,17
2501,91,257,1182,17
2502,91,257,1198,17
2503,91,257,1198,17
2504,91,257,1198,17
2505,91,257,1198,17
2506,91,257,1198,17
2507,91,257,1198,17
2508,91,257,1198,17
2509,91,257,1198,17
2510,91,257,1198,17
2511,91,257,1198,17
2512,91,257,1198,17
2513,91,257,1198,17
2514,91,257,1198,17
2515,91,257,1198,17
2516,91,257,1333,18
2517,91,257,1333,18
2518,91,257,1333,18
2519,91,257,1333,18
2520,91,257,1333,18
2521,91,257,1333,18
2522,91,257,1333,18
2523,91,257,1333,18
2524,91,257,1333,18
2525,91,257,1333,18
2526,91,257,1333,18
2527,91,257,1333,18
2528,91,257,1333,18
2529,91,257,1333,18
2530,91,257,1334,18
2531,91,257,1334,18
2532,91,257,1334,18
2533,91,257,1334,18
2534,91,257,1334,18
2535,91,257,1334,18
2536,91,257,1334,18
2537,91,257,1334,18
2538,91,257,1334,18
2539,91,257,1334,18
2540,91,257,1334,18
2541,91,257,1334,18
2542,91,257,1334,18
2543,91,257,1334,18
2544,91,257,1350,17
2545,91,257,1350,17
2546,91,257,1350,17
2547,91,257,1350,17
2548,91,257,1350,17
2549,91,257,1350,17
2550,91,257,1350,17
2551,91,257,1350,17
2552,91,257,1350,17
2553,91,257,1350,17
2554,91,257,1350,17
2555,91,257,1350,17
2556,91,257,1350,17
2557,91,257,1350,17
2558,92,257,1047,17
2559,92,257,1047,17
2560,92,257,1047,17
2561,92,257,1047,17
2562,92,257,1047,17
2563,92,257,1047,17
2564,92,257,1047,17
2565,92,257,1047,17
2566,92,257,1047,17
2567,92,257,1047,17
2568,92,257,1047,17
2569,92,257,1047,17
2570,92,257,1047,17
2571,92,257,1047,17
2572,92,257,1108,18
2573,92,257,1108,18
2574,92,257,1108,18
2575,92,257,1108,18
2576,92,257,1108,18
2577,92,257,1108,18
2578,92,257,1108,18
2579,92,257,1108,18
2580,92,257,1108,18
2581,92,257,1108,18
2582,92,257,1108,18
2583,92,257,1108,18
2584,92,257,1108,18
2585,92,257,1108,18
2586,92,257,1181,17
2587,92,257,1181,17
2588,92,257,1181,17
2589,92,257,1181,17
2590,92,257,1181,17
2591,92,257,1181,17
2592,92,257,1181,17
2593,92,257,1181,17
2594,92,257,1181,17
2595,92,257,1181,17
2596,92,257,1181,17
2597,92,257,1181,17
2598,92,257,1181,17
2599,92,257,1181,17
2600,92,257,1182,17
2601,92,257,1182,17
2602,92,257,1182,17
2603,92,257,1182,17
2604,92,257,1182,17
2605,92,257,1182,17
2606,92,257,1182,17
2607,92,257,1182,17
2608,92,257,1182,17
2609,92,257,1182,17
2610,92,257,1182,17
2611,92,257,1182,17
2612,92,257,1182,17
2613,92,257,1182,17
2614,92,257,1198,17
2615,92,257,1198,17
2616,92,257,1198,17
2617,92,257,1198,17
2618,92,257,1198,17
2619,92,257,1198,17
2620,92,257,1198,17
2621,92,257,1198,17
2622,92,257,1198,17
2623,92,257,1198,17
2624,92,257,1198,17
2625,92,257,1198,17
2626,92,257,1198,17
2627,92,257,1198,17
2628,92,257,1333,18
2629,92,257,1333,18
2630,92,257,1333,18
2631,92,257,1333,18
2632,92,257,1333,18
2633,92,257,1333,18
2634,92,257,1333,18
2635,92,257,1333,18
2636,92,257,1333,18
2637,92,257,1333,18
2638,92,257,1333,18
2639,92,257,1333,18
2640,92,257,1333,18
2641,92,257,1333,18
2642,92,257,1334,18
2643,92,257,1334,18
2644,92,257,1334,18
2645,92,257,1334,18
2646,92,257,1334,18
2647,92,257,1334,18
2648,92,257,1334,18
2649,92,257,1334,18
2650,92,257,1334,18
2651,92,257,1334,18
2652,92,257,1334,18
2653,92,257,1334,18
2654,92,257,1334,18
2655,92,257,1334,18
2656,92,257,1350,17
2657,92,257,1350,17
2658,92,257,1350,17
2659,92,257,1350,17
2660,92,257,1350,17
2661,92,257,1350,17
2662,92,257,1350,17
2663,92,257,1350,17
2664,92,257,1350,17
2665,92,257,1350,17
2666,92,257,1350,17
2667,92,257,1350,17
2668,92,257,1350,17
2669,92,257,1350,17
2670,93,257,610,16
2671,93,257,610,16
2672,93,257,610,16
2673,93,257,610,16
2674,93,257,610,16
2675,93,257,610,16
2676,93,257,610,16
2677,93,257,610,16
2678,93,257,610,16
2679,93,257,610,16
2680,93,257,610,16
2681,93,257,610,16
2682,93,257,610,16
2683,93,257,610,16
2684,93,257,611,17
2685,93,257,611,17
2686,93,257,611,17
2687,93,257,611,17
2688,93,257,611,17
2689,93,257,611,17
2690,93,257,611,17
2691,93,257,611,17
2692,93,257,611,17
2693,93,257,611,17
2694,93,257,611,17
2695,93,257,611,17
2696,93,257,611,17
2697,93,257,611,17
2698,93,257,612,17
2699,93,257,612,17
2700,93,257,612,17
2701,93,257,612,17
2702,93,257,612,17
2703,93,257,612,17
2704,93,257,612,17
2705,93,257,612,17
2706,93,257,612,17
2707,93,257,612,17
2708,93,257,612,17
2709,93,257,612,17
2710,93,257,612,17
2711,93,257,612,17
2712,93,257,615,16
2713,93,257,615,16
2714,93,257,615,16
2715,93,257,615,16
2716,93,257,615,16
2717,93,257,615,16
2718,93,257,615,16
2719,93,257,615,16
2720,93,257,615,16
2721,93,257,615,16
2722,93,257,615,16
2723,93,257,615,16
2724,93,257,615,16
2725,93,257,615,16
2726,93,257,617,16
2727,93,257,617,16
2728,93,257,617,16
2729,93,257,617,16
2730,93,257,617,16
2731,93,257,617,16
2732,93,257,617,16
2733,93,257,617,16
2734,93,257,617,16
2735,93,257,617,16
2736,93,257,617,16
2737,93,257,617,16
2738,93,257,617,16
2739,93,257,617,16
2740,93,257,618,16
2741,93,257,618,16
2742,93,257,618,16
2743,93,257,618,16
2744,93,257,618,16
2745,93,257,618,16
2746,93,257,618,16
2747,93,257,618,16
2748,93,257,618,16
2749,93,257,618,16
2750,93,257,618,16
2751,93,257,618,16
2752,93,257,618,16
2753,93,257,618,16
2754,93,257,619,17
2755,93,257,619,17
2756,93,257,619,17
2757,93,257,619,17
2758,93,257,619,17
2759,93,257,619,17
2760,93,257,619,17
2761,93,257,619,17
2762,93,257,619,17
2763,93,257,619,17
2764,93,257,619,17
2765,93,257,619,17
2766,93,257,619,17
2767,93,257,619,17
2768,93,257,621,16
2769,93,257,621,16
2770,93,257,621,16
2771,93,257,621,16
2772,93,257,621,16
2773,93,257,621,16
2774,93,257,621,16
2775,93,257,621,16
2776,93,257,621,16
2777,93,257,621,16
2778,93,257,621,16
2779,93,257,621,16
2780,93,257,621,16
2781,93,257,621,16
2782,94,574,1046,118
2783,94,574,1046,118
2784,94,574,1046,118
2785,94,574,1046,118
2786,94,574,1046,118
2787,94,574,1046,118
2788,94,574,1046,118
2789,94,574,1046,118
2790,94,574,1046,118
2791,94,574,1046,118
2792,94,574,1046,118
2793,94,574,1046,118
2794,94,574,1046,118
2795,94,574,1046,118
2796,95,257,610,16
2797,95,257,610,16
2798,95,257,610,16
2799,95,257,610,16
2800,95,257,610,16
2801,95,257,610,16
2802,95,257,610,16
2803,95,257,610,16
2804,95,257,610,16
2805,95,257,610,16
2806,95,257,610,16
2807,95,257,610,16
2808,95,257,610,16
2809,95,257,610,16
2810,95,257,611,17
2811,95,257,611,17
2812,95,257,611,17
2813,95,257,611,17
2814,95,257,611,17
2815,95,257,611,17
2816,95,257,611,17
2817,95,257,611,17
2818,95,257,611,17
2819,95,257,611,17
2820,95,257,611,17
2821,95,257,611,17
2822,95,257,611,17
2823,95,257,611,17
2824,95,257,612,17
2825,95,257,612,17
2826,95,257,612,17
2827,95,257,612,17
2828,95,257,612,17
2829,95,257,612,17
2830,95,257,612,17
2831,95,257,612,17
2832,95,257,612,17
2833,95,257,612,17
2834,95,257,612,17
2835,95,257,612,17
2836,95,257,612,17
2837,95,257,612,17
2838,95,257,615,16
2839,95,257,615,16
2840,95,257,615,16
2841,95,257,615,16
2842,95,257,615,16
2843,95,257,615,16
2844,95,257,615,16
2845,95,257,615,16
2846,95,257,615,16
2847,95,257,615,16
2848,95,257,615,16
2849,95,257,615,16
2850,95,257,615,16
2851,95,257,615,16
2852,95,257,617,16
2853,95,257,617,16
2854,95,257,617,16
2855,95,257,617,16
2856,95,257,617,16
2857,95,257,617,16
2858,95,257,617,16
2859,95,257,617,16
2860,95,257,617,16
2861,95,257,617,16
2862,95,257,617,16
2863,95,257,617,16
2864,95,257,617,16
2865,95,257,617,16
2866,95,257,618,16
2867,95,257,618,16
2868,95,257,618,16
2869,95,257,618,16
2870,95,257,618,16
2871,95,257,618,16
2872,95,257,618,16
2873,95,257,618,16
2874,95,257,618,16
2875,95,257,618,16
2876,95,257,618,16
2877,95,257,618,16
2878,95,257,618,16
2879,95,257,618,16
2880,95,257,619,17
2881,95,257,619,17
2882,95,257,619,17
2883,95,257,619,17
2884,95,257,619,17
2885,95,257,619,17
2886,95,257,619,17
2887,95,257,619,17
2888,95,257,619,17
2889,95,257,619,17
2890,95,257,619,17
2891,95,257,619,17
2892,95,257,619,17
2893,95,257,619,17
2894,95,257,621,16
2895,95,257,621,16
2896,95,257,621,16
2897,95,257,621,16
2898,95,257,621,16
2899,95,257,621,16
2900,95,257,621,16
2901,95,257,621,16
2902,95,257,621,16
2903,95,257,621,16
2904,95,257,621,16
2905,95,257,621,16
2906,95,257,621,16
2907,95,257,621,16
2908,97,297,610,39
2909,97,297,611,43
2910,97,297,612,43
2911,97,297,615,39
2912,97,297,617,39
2913,97,297,618,39
2914,97,297,619,43
2915,97,297,621,39
2916,97,461,1028,29
2917,97,461,1030,29
2918,98,257,610,16
2919,98,257,610,16
2920,98,257,610,16
2921,98,257,610,16
2922,98,257,610,16
2923,98,257,610,16
2924,98,257,610,16
2925,98,257,610,16
2926,98,257,610,16
2927,98,257,610,16
2928,98,257,610,16
2929,98,257,610,16
2930,98,257,610,16
2931,98,257,610,16
2932,98,257,611,17
2933,98,257,611,17
2934,98,257,611,17
2935,98,257,611,17
2936,98,257,611,17
2937,98,257,611,17
2938,98,257,611,17
2939,98,257,611,17
2940,98,257,611,17
2941,98,257,611,17
2942,98,257,611,17
2943,98,257,611,17
2944,98,257,611,17
2945,98,257,611,17
2946,98,257,612,17
2947,98,257,612,17
2948,98,257,612,17
2949,98,257,612,17
2950,98,257,612,17
2951,98,257,612,17
2952,98,257,612,17
2953,98,257,612,17
2954,98,257,612,17
2955,98,257,612,17
2956,98,257,612,17
2957,98,257,612,17
2958,98,257,612,17
2959,98,257,612,17
2960,98,257,615,16
2961,98,257,615,16
2962,98,257,615,16
2963,98,257,615,16
2964,98,257,615,16
2965,98,257,615,16
2966,98,257,615,16
2967,98,257,615,16
2968,98,257,615,16
2969,98,257,615,16
2970,98,257,615,16
2971,98,257,615,16
2972,98,257,615,16
2973,98,257,615,16
2974,98,257,617,16
2975,98,257,617,16
2976,98,257,617,16
2977,98,257,617,16
2978,98,257,617,16
2979,98,257,617,16
2980,98,257,617,16
2981,98,257,617,16
2982,98,257,617,16
2983,98,257,617,16
2984,98,257,617,16
2985,98,257,617,16
2986,98,257,617,16
2987,98,257,617,16
2988,98,257,618,16
2989,98,257,618,16
2990,98,257,618,16
2991,98,257,618,16
2992,98,257,618,16
2993,98,257,618,16
2994,98,257,618,16
2995,98,257,618,16
2996,98,257,618,16
2997,98,257,618,16
2998,98,257,618,16
2999,98,257,618,16
3000,98,257,618,16
3001,98,257,618,16
3002,98,257,619,17
3003,98,257,619,17
3004,98,257,619,17
3005,98,257,619,17
3006,98,257,619,17
3007,98,257,619,17
3008,98,257,619,17
3009,98,257,619,17
3010,98,257,619,17
3011,98,257,619,17
3012,98,257,619,17
3013,98,257,619,17
3014,98,257,619,17
3015,98,257,619,17
3016,98,257,621,16
3017,98,257,621,16
3018,98,257,621,16
3019,98,257,621,16
3020,98,257,621,16
3021,98,257,621,16
3022,98,257,621,16
3023,98,257,621,16
3024,98,257,621,16
3025,98,257,621,16
3026,98,257,621,16
3027,98,257,621,16
3028,98,257,621,16
3029,98,257,621,16
3030,100,297,610,39
3031,100,297,611,43
3032,100,297,612,43
3033,100,297,615,39
3034,100,297,617,39
3035,100,297,618,39
3036,100,297,619,43
3037,100,297,621,39
3038,100,461,1028,29
3039,100,461,1030,29
3040,102,293,610,39
3041,102,293,611,43
3042,102,293,612,43
3043,102,293,615,39
3044,102,293,617,39
3045,102,293,618,39
3046,102,293,619,43
3047,102,293,621,39
3048,102,456,1028,29
3049,102,456,1030,29
3050,105,293,610,39
3051,105,293,611,43
3052,105,293,612,43
3053,105,293,615,39
3054,105,293,617,39
3055,105,293,618,39
3056,105,293,619,43
3057,105,293,621,39
3058,105,449,1028,29
3059,105,449,1030,29
3060,107,267,1047,17
3061,107,267,1047,17
3062,107,267,1047,17
3063,107,267,1047,17
3064,107,267,1047,17
3065,107,267,1047,17
3066,107,267,1047,17
3067,107,267,1047,17
3068,107,267,1047,17
3069,107,267,1047,17
3070,107,267,1047,17
3071,107,267,1047,17
3072,107,267,1047,17
3073,107,267,1047,17
3074,107,267,1108,18
3075,107,267,1108,18
3076,107,267,1108,18
3077,107,267,1108,18
3078,107,267,1108,18
3079,107,267,1108,18
3080,107,267,1108,18
3081,107,267,1108,18
3082,107,267,1108,18
3083,107,267,1108,18
3084,107,267,1108,18
3085,107,267,1108,18
3086,107,267,1108,18
3087,107,267,1108,18
3088,107,267,1181,17
3089,107,267,1181,17
3090,107,267,1181,17
3091,107,267,1181,17
3092,107,267,1181,17
3093,107,267,1181,17
3094,107,267,1181,17
3095,107,267,1181,17
3096,107,267,1181,17
3097,107,267,1181,17
3098,107,267,1181,17
3099,107,267,1181,17
3100,107,267,1181,17
3101,107,267,1181,17
3102,107,267,1182,17
3103,107,267,1182,17
3104,107,267,1182,17
3105,107,267,1182,17
3106,107,267,1182,17
3107,107,267,1182,17
3108,107,267,1182,17
3109,107,267,1182,17
3110,107,267,1182,17
3111,107,267,1182,17
3112,107,267,1182,17
3113,107,267,1182,17
3114,107,267,1182,17
3115,107,267,1182,17
3116,107,267,1198,17
3117,107,267,1198,17
3118,107,267,1198,17
3119,107,267,1198,17
3120,107,267,1198,17
3121,107,267,1198,17
3122,107,267,1198,17
3123,107,267,1198,17
3124,107,267,1198,17
3125,107,267,1198,17
3126,107,267,1198,17
3127,107,267,1198,17
3128,107,267,1198,17
3129,107,267,1198,17
3130,107,267,1333,18
3131,107,267,1333,18
3132,107,267,1333,18
3133,107,267,1333,18
3134,107,267,1333,18
3135,107,267,1333,18
3136,107,267,1333,18
3137,107,267,1333,18
3138,107,267,1333,18
3139,107,267,1333,18
3140,107,267,1333,18
3141,107,267,1333,18
3142,107,267,1333,18
3143,107,267,1333,18
3144,107,267,1334,18
3145,107,267,1334,18
3146,107,267,1334,18
3147,107,267,1334,18
3148,107,267,1334,18
3149,107,267,1334,18
3150,107,267,1334,18
3151,107,267,1334,18
3152,107,267,1334,18
3153,107,267,1334,18
3154,107,267,1334,18
3155,107,267,1334,18
3156,107,267,1334,18
3157,107,267,1334,18
3158,107,267,1350,17
3159,107,267,1350,17
3160,107,267,1350,17
3161,107,267,1350,17
3162,107,267,1350,17
3163,107,267,1350,17
3164,107,267,1350,17
3165,107,267,1350,17
3166,107,267,1350,17
3167,107,267,1350,17
3168,107,267,1350,17
3169,107,267,1350,17
3170,107,267,1350,17
3171,107,267,1350,17
3172,108,747,556,119
3173,108,747,556,119
3174,108,747,556,119
3175,108,747,556,119
3176,108,747,556,119
3177,108,747,556,119
3178,108,747,556,119
3179,108,747,556,119
3180,108,747,556,119
3181,108,747,556,119
3182,108,747,556,119
3183,108,747,556,119
3184,108,747,556,119
3185,108,747,556,119
3186,108,747,558,101
3187,108,747,558,101
3188,108,747,558,101
3189,108,747,558,101
3190,108,747,558,101
3191,108,747,558,101
3192,108,747,558,101
3193,108,747,558,101
3194,108,747,558,101
3195,108,747,558,101
3196,108,747,558,101
3197,108,747,558,101
3198,108,747,558,101
3199,108,747,558,101
3200,108,747,559,119
3201,108,747,559,119
3202,108,747,559,119
3203,108,747,559,119
3204,108,747,559,119
3205,108,747,559,119
3206,108,747,559,119
3207,108,747,559,119
3208,108,747,559,119
3209,108,747,559,119
3210,108,747,559,119
3211,108,747,559,119
3212,108,747,559,119
3213,108,747,559,119
3214,108,747,560,119
3215,108,747,560,119
3216,108,747,560,119
3217,108,747,560,119
3218,108,747,560,119
3219,108,747,560,119
3220,108,747,560,119
3221,108,747,560,119
3222,108,747,560,119
3223,108,747,560,119
3224,108,747,560,119
3225,108,747,560,119
3226,108,747,560,119
3227,108,747,560,119
3228,108,747,562,119
3229,108,747,562,119
3230,108,747,562,119
3231,108,747,562,119
3232,108,747,562,119
3233,108,747,562,119
3234,108,747,562,119
3235,108,747,562,119
3236,108,747,562,119
3237,108,747,562,119
3238,108,747,562,119
3239,108,747,562,119
3240,108,747,562,119
3241,108,747,562,119
3242,108,747,565,101
3243,108,747,565,101
3244,108,747,565,101
3245,108,747,565,101
3246,108,747,565,101
3247,108,747,565,101
3248,108,747,565,101
3249,108,747,565,101
3250,108,747,565,101
3251,108,747,565,101
3252,108,747,565,101
3253,108,747,565,101
3254,108,747,565,101
3255,108,747,565,101
3256,108,747,566,101
3257,108,747,566,101
3258,108,747,566,101
3259,108,747,566,101
3260,108,747,566,101
3261,108,747,566,101
3262,108,747,566,101
3263,108,747,566,101
3264,108,747,566,101
3265,108,747,566,101
3266,108,747,566,101
3267,108,747,566,101
3268,108,747,566,101
3269,108,747,566,101
3270,108,861,806,18
3271,108,861,806,18
3272,108,861,806,18
3273,108,861,820,18
3274,108,861,820,18
3275,108,861,820,18
3276,108,861,834,18
3277,108,861,834,18
3278,108,861,834,18
3279,108,861,848,18
3280,108,861,848,18
3281,108,861,848,18
3282,108,861,862,18
3283,108,861,862,18
3284,108,861,862,18
3285,108,861,876,18
3286,108,861,876,18
3287,108,861,876,18
3288,109,747,556,119
3289,109,747,556,119
3290,109,747,556,119
3291,109,747,556,119
3292,109,747,556,119
3293,109,747,556,119
3294,109,747,556,119
3295,109,747,556,119
3296,109,747,556,119
3297,109,747,556,119
3298,109,747,556,119
3299,109,747,556,119
3300,109,747,556,119
3301,109,747,556,119
3302,109,747,558,101
3303,109,747,558,101
3304,109,747,558,101
3305,109,747,558,101
3306,109,747,558,101
3307,109,747,558,101
3308,109,747,558,101
3309,109,747,558,101
3310,109,747,558,101
3311,109,747,558,101
3312,109,747,558,101
3313,109,747,558,101
3314,109,747,558,101
3315,109,747,558,101
3316,109,747,559,119
3317,109,747,559,119
3318,109,747,559,119
3319,109,747,559,119
3320,109,747,559,119
3321,109,747,559,119
3322,109,747,559,119
3323,109,747,559,119
3324,109,747,559,119
3325,109,747,559,119
3326,109,747,559,119
3327,109,747,559,119
3328,109,747,559,119
3329,109,747,559,119
3330,109,747,560,119
3331,109,747,560,119
3332,109,747,560,119
3333,109,747,560,119
3334,109,747,560,119
3335,109,747,560,119
3336,109,747,560,119
3337,109,747,560,119
3338,109,747,560,119
3339,109,747,560,119
3340,109,747,560,119
3341,109,747,560,119
3342,109,747,560,119
3343,109,747,560,119
3344,109,747,562,119
3345,109,747,562,119
3346,109,747,562,119
3347,109,747,562,119
3348,109,747,562,119
3349,109,747,562,119
3350,109,747,562,119
3351,109,747,562,119
3352,109,747,562,119
3353,109,747,562,119
3354,109,747,562,119
3355,109,747,562,119
3356,109,747,562,119
3357,109,747,562,119
3358,109,747,565,101
3359,109,747,565,101
3360,109,747,565,101
3361,109,747,565,101
3362,109,747,565,101
3363,109,747,565,101
3364,109,747,565,101
3365,109,747,565,101
3366,109,747,565,101
3367,109,747,565,101
3368,109,747,565,101
3369,109,747,565,101
3370,109,747,565,101
3371,109,747,565,101
3372,109,747,566,101
3373,109,747,566,101
3374,109,747,566,101
3375,109,747,566,101
3376,109,747,566,101
3377,109,747,566,101
3378,109,747,566,101
3379,109,747,566,101
3380,109,747,566,101
3381,109,747,566,101
3382,109,747,566,101
3383,109,747,566,101
3384,109,747,566,101
3385,109,747,566,101
3386,109,861,806,18
3387,109,861,806,18
3388,109,861,806,18
3389,109,861,820,18
3390,109,861,820,18
3391,109,861,820,18
3392,109,861,834,18
3393,109,861,834,18
3394,109,861,834,18
3395,109,861,848,18
3396,109,861,848,18
3397,109,861,848,18
3398,109,861,862,18
3399,109,861,862,18
3400,109,861,862,18
3401,109,861,876,18
3402,109,861,876,18
3403,109,861,876,18
3404,110,267,1047,17
3405,110,267,1047,17
3406,110,267,1047,17
3407,110,267,1047,17
3408,110,267,1047,17
3409,110,267,1047,17
3410,110,267,1047,17
3411,110,267,1047,17
3412,110,267,1047,17
3413,110,267,1047,17
3414,110,267,1047,17
3415,110,267,1047,17
3416,110,267,1047,17
3417,110,267,1047,17
3418,110,267,1108,18
3419,110,267,1108,18
3420,110,267,1108,18
3421,110,267,1108,18
3422,110,267,1108,18
3423,110,267,1108,18
3424,110,267,1108,18
3425,110,267,1108,18
3426,110,267,1108,18
3427,110,267,1108,18
3428,110,267,1108,18
3429,110,267,1108,18
3430,110,267,1108,18
3431,110,267,1108,18
3432,110,267,1181,17
3433,110,267,1181,17
3434,110,267,1181,17
3435,110,267,1181,17
3436,110,267,1181,17
3437,110,267,1181,17
3438,110,267,1181,17
3439,110,267,1181,17
3440,110,267,1181,17
3441,110,267,1181,17
3442,110,267,1181,17
3443,110,267,1181,17
3444,110,267,1181,17
3445,110,267,1181,17
3446,110,267,1182,17
3447,110,267,1182,17
3448,110,267,1182,17
3449,110,267,1182,17
3450,110,267,1182,17
3451,110,267,1182,17
3452,110,267,1182,17
3453,110,267,1182,17
3454,110,267,1182,17
3455,110,267,1182,17
3456,110,267,1182,17
3457,110,267,1182,17
3458,110,267,1182,17
3459,110,267,1182,17
3460,110,267,1198,17
3461,110,267,1198,17
3462,110,267,1198,17
3463,110,267,1198,17
3464,110,267,1198,17
3465,110,267,1198,17
3466,110,267,1198,17
3467,110,267,1198,17
3468,110,267,1198,17
3469,110,267,1198,17
3470,110,267,1198,17
3471,110,267,1198,17
3472,110,267,1198,17
3473,110,267,1198,17
3474,110,267,1333,18
3475,110,267,1333,18
3476,110,267,1333,18
3477,110,267,1333,18
3478,110,267,1333,18
3479,110,267,1333,18
3480,110,267,1333,18
3481,110,267,1333,18
3482,110,267,1333,18
3483,110,267,1333,18
3484,110,267,1333,18
3485,110,267,1333,18
3486,110,267,1333,18
3487,110,267,1333,18
3488,110,267,1334,18
3489,110,267,1334,18
3490,110,267,1334,18
3491,110,267,1334,18
3492,110,267,1334,18
3493,110,267,1334,18
3494,110,267,1334,18
3495,110,267,1334,18
3496,110,267,1334,18
3497,110,267,1334,18
3498,110,267,1334,18
3499,110,267,1334,18
3500,110,267,1334,18
3501,110,267,1334,18
3502,110,267,1350,17
3503,110,267,1350,17
3504,110,267,1350,17
3505,110,267,1350,17
3506,110,267,1350,17
3507,110,267,1350,17
3508,110,267,1350,17
3509,110,267,1350,17
3510,110,267,1350,17
3511,110,267,1350,17
3512,110,267,1350,17
3513,110,267,1350,17
3514,110,267,1350,17
3515,110,267,1350,17
3516,111,288,610,39
3517,111,288,611,43
3518,111,288,612,43
3519,111,288,615,39
3520,111,288,617,39
3521,111,288,618,39
3522,111,288,619,43
3523,111,288,621,39
3524,111,444,1028,29
3525,111,444,1030,29
3526,112,749,556,119
3527,112,749,556,119
3528,112,749,556,119
3529,112,749,556,119
3530,112,749,556,119
3531,112,749,556,119
3532,112,749,556,119
3533,112,749,556,119
3534,112,749,556,119
3535,112,749,556,119
3536,112,749,556,119
3537,112,749,556,119
3538,112,749,556,119
3539,112,749,556,119
3540,112,749,558,101
3541,112,749,558,101
3542,112,749,558,101
3543,112,749,558,101
3544,112,749,558,101
3545,112,749,558,101
3546,112,749,558,101
3547,112,749,558,101
3548,112,749,558,101
3549,112,749,558,101
3550,112,749,558,101
3551,112,749,558,101
3552,112,749,558,101
3553,112,749,558,101
3554,112,749,559,119
3555,112,749,559,119
3556,112,749,559,119
3557,112,749,559,119
3558,112,749,559,119
3559,112,749,559,119
3560,112,749,559,119
3561,112,749,559,119
3562,112,749,559,119
3563,112,749,559,119
3564,112,749,559,119
3565,112,749,559,119
3566,112,749,559,119
3567,112,749,559,119
3568,112,749,560,119
3569,112,749,560,119
3570,112,749,560,119
3571,112,749,560,119
3572,112,749,560,119
3573,112,749,560,119
3574,112,749,560,119
3575,112,749,560,119
3576,112,749,560,119
3577,112,749,560,119
3578,112,749,560,119
3579,112,749,560,119
3580,112,749,560,119
3581,112,749,560,119
3582,112,749,562,119
3583,112,749,562,119
3584,112,749,562,119
3585,112,749,562,119
3586,112,749,562,119
3587,112,749,562,119
3588,112,749,562,119
3589,112,749,562,119
3590,112,749,562,119
3591,112,749,562,119
3592,112,749,562,119
3593,112,749,562,119
3594,112,749,562,119
3595,112,749,562,119
3596,112,749,565,101
3597,112,749,565,101
3598,112,749,565,101
3599,112,749,565,101
3600,112,749,565,101
3601,112,749,565,101
3602,112,749,565,101
3603,112,749,565,101
3604,112,749,565,101
3605,112,749,565,101
3606,112,749,565,101
3607,112,749,565,101
3608,112,749,565,101
3609,112,749,565,101
3610,112,749,566,101
3611,112,749,566,101
3612,112,749,566,101
3613,112,749,566,101
3614,112,749,566,101
3615,112,749,566,101
3616,112,749,566,101
3617,112,749,566,101
3618,112,749,566,101
3619,112,749,566,101
3620,112,749,566,101
3621,112,749,566,101
3622,112,749,566,101
3623,112,749,566,101
3624,112,863,806,18
3625,112,863,806,18
3626,112,863,806,18
3627,112,863,820,18
3628,112,863,820,18
3629,112,863,820,18
3630,112,863,834,18
3631,112,863,834,18
3632,112,863,834,18
3633,112,863,848,18
3634,112,863,848,18
3635,112,863,848,18
3636,112,863,862,18
3637,112,863,862,18
3638,112,863,862,18
3639,112,863,876,18
3640,112,863,876,18
3641,112,863,876,18
3642,114,749,556,119
3643,114,749,556,119
3644,114,749,556,119
3645,114,749,556,119
3646,114,749,556,119
3647,114,749,556,119
3648,114,749,556,119
3649,114,749,556,119
3650,114,749,556,119
3651,114,749,556,119
3652,114,749,556,119
3653,114,749,556,119
3654,114,749,556,119
3655,114,749,556,119
3656,114,749,558,101
3657,114,749,558,101
3658,114,749,558,101
3659,114,749,558,101
3660,114,749,558,101
3661,114,749,558,101
3662,114,749,558,101
3663,114,749,558,101
3664,114,749,558,101
3665,114,749,558,101
3666,114,749,558,101
3667,114,749,558,101
3668,114,749,558,101
3669,114,749,558,101
3670,114,749,559,119
3671,114,749,559,119
3672,114,749,559,119
3673,114,749,559,119
3674,114,749,559,119
3675,114,749,559,119
3676,114,749,559,119
3677,114,749,559,119
3678,114,749,559,119
3679,114,749,559,119
3680,114,749,559,119
3681,114,749,559,119
3682,114,749,559,119
3683,114,749,559,119
3684,114,749,560,119
3685,114,749,560,119
3686,114,749,560,119
3687,114,749,560,119
3688,114,749,560,119
3689,114,749,560,119
3690,114,749,560,119
3691,114,749,560,119
3692,114,749,560,119
3693,114,749,560,119
3694,114,749,560,119
3695,114,749,560,119
3696,114,749,560,119
3697,114,749,560,119
3698,114,749,562,119
3699,114,749,562,119
3700,114,749,562,119
3701,114,749,562,119
3702,114,749,562,119
3703,114,749,562,119
3704,114,749,562,119
3705,114,749,562,119
3706,114,749,562,119
3707,114,749,562,119
3708,114,749,562,119
3709,114,749,562,119
3710,114,749,562,119
3711,114,749,562,119
3712,114,749,565,101
3713,114,749,565,101
3714,114,749,565,101
3715,114,749,565,101
3716,114,749,565,101
3717,114,749,565,101
3718,114,749,565,101
3719,114,749,565,101
3720,114,749,565,101
3721,114,749,565,101
3722,114,749,565,101
3723,114,749,565,101
3724,114,749,565,101
3725,114,749,565,101
3726,114,749,566,101
3727,114,749,566,101
3728,114,749,566,101
3729,114,749,566,101
3730,114,749,566,101
3731,114,749,566,101
3732,114,749,566,101
3733,114,749,566,101
3734,114,749,566,101
3735,114,749,566,101
3736,114,749,566,101
3737,114,749,566,101
3738,114,749,566,101
3739,114,749,566,101
3740,114,863,806,18
3741,114,863,806,18
3742,114,863,806,18
3743,114,863,820,18
3744,114,863,820,18
3745,114,863,820,18
3746,114,863,834,18
3747,114,863,834,18
3748,114,863,834,18
3749,114,863,848,18
3750,114,863,848,18
3751,114,863,848,18
3752,114,863,862,18
3753,114,863,862,18
3754,114,863,862,18
3755,114,863,876,18
3756,114,863,876,18
3757,114,863,876,18
3758,115,749,556,119
3759,115,749,556,119
3760,115,749,556,119
3761,115,749,556,119
3762,115,749,556,119
3763,115,749,556,119
3764,115,749,556,119
3765,115,749,556,119
3766,115,749,556,119
3767,115,749,556,119
3768,115,749,556,119
3769,115,749,556,119
3770,115,749,556,119
3771,115,749,556,119
3772,115,749,558,101
3773,115,749,558,101
3774,115,749,558,101
3775,115,749,558,101
3776,115,749,558,101
3777,115,749,558,101
3778,115,749,558,101
3779,115,749,558,101
3780,115,749,558,101
3781,115,749,558,101
3782,115,749,558,101
3783,115,749,558,101
3784,115,749,558,101
3785,115,749,558,101
3786,115,749,559,119
3787,115,749,559,119
3788,115,749,559,119
3789,115,749,559,119
3790,115,749,559,119
3791,115,749,559,119
3792,115,749,559,119
3793,115,749,559,119
3794,115,749,559,119
3795,115,749,559,119
3796,115,749,559,119
3797,115,749,559,119
3798,115,749,559,119
3799,115,749,559,119
3800,115,749,560,119
3801,115,749,560,119
3802,115,749,560,119
3803,115,749,560,119
3804,115,749,560,119
3805,115,749,560,119
3806,115,749,560,119
3807,115,749,560,119
3808,115,749,560,119
3809,115,749,560,119
3810,115,749,560,119
3811,115,749,560,119
3812,115,749,560,119
3813,115,749,560,119
3814,115,749,562,119
3815,115,749,562,119
3816,115,749,562,119
3817,115,749,562,119
3818,115,749,562,119
3819,115,749,562,119
3820,115,749,562,119
3821,115,749,562,119
3822,115,749,562,119
3823,115,749,562,119
3824,115,749,562,119
3825,115,749,562,119
3826,115,749,562,119
3827,115,749,562,119
3828,115,749,565,101
3829,115,749,565,101
3830,115,749,565,101
3831,115,749,565,101
3832,115,749,565,101
3833,115,749,565,101
3834,115,749,565,101
3835,115,749,565,101
3836,115,749,565,101
3837,115,749,565,101
3838,115,749,565,101
3839,115,749,565,101
3840,115,749,565,101
3841,115,749,565,101
3842,115,749,566,101
3843,115,749,566,101
3844,115,749,566,101
3845,115,749,566,101
3846,115,749,566,101
3847,115,749,566,101
3848,115,749,566,101
3849,115,749,566,101
3850,115,749,566,101
3851,115,749,566,101
3852,115,749,566,101
3853,115,749,566,101
3854,115,749,566,101
3855,115,749,566,101
3856,115,863,806,18
3857,115,863,806,18
3858,115,863,806,18
3859,115,863,820,18
3860,115,863,820,18
3861,115,863,820,18
3862,115,863,834,18
3863,115,863,834,18
3864,115,863,834,18
3865,115,863,848,18
3866,115,863,848,18
3867,115,863,848,18
3868,115,863,862,18
3869,115,863,862,18
3870,115,863,862,18
3871,115,863,876,18
3872,115,863,876,18
3873,115,863,876,18
3874,116,262,610,16
3875,116,262,610,16
3876,116,262,610,16
3877,116,262,610,16
3878,116,262,610,16
3879,116,262,610,16
3880,116,262,610,16
3881,116,262,610,16
3882,116,262,610,16
3883,116,262,610,16
3884,116,262,610,16
3885,116,262,610,16
3886,116,262,610,16
3887,116,262,610,16
3888,116,262,611,17
3889,116,262,611,17
3890,116,262,611,17
3891,116,262,611,17
3892,116,262,611,17
3893,116,262,611,17
3894,116,262,611,17
3895,116,262,611,17
3896,116,262,611,17
3897,116,262,611,17
3898,116,262,611,17
3899,116,262,611,17
3900,116,262,611,17
3901,116,262,611,17
3902,116,262,612,17
3903,116,262,612,17
3904,116,262,612,17
3905,116,262,612,17
3906,116,262,612,17
3907,116,262,612,17
3908,116,262,612,17
3909,116,262,612,17
3910,116,262,612,17
3911,116,262,612,17
3912,116,262,612,17
3913,116,262,612,17
3914,116,262,612,17
3915,116,262,612,17
3916,116,262,615,16
3917,116,262,615,16
3918,116,262,615,16
3919,116,262,615,16
3920,116,262,615,16
3921,116,262,615,16
3922,116,262,615,16
3923,116,262,615,16
3924,116,262,615,16
3925,116,262,615,16
3926,116,262,615,16
3927,116,262,615,16
3928,116,262,615,16
3929,116,262,615,16
3930,116,262,617,16
3931,116,262,617,16
3932,116,262,617,16
3933,116,262,617,16
3934,116,262,617,16
3935,116,262,617,16
3936,116,262,617,16
3937,116,262,617,16
3938,116,262,617,16
3939,116,262,617,16
3940,116,262,617,16
3941,116,262,617,16
3942,116,262,617,16
3943,116,262,617,16
3944,116,262,618,16
3945,116,262,618,16
3946,116,262,618,16
3947,116,262,618,16
3948,116,262,618,16
3949,116,262,618,16
3950,116,262,618,16
3951,116,262,618,16
3952,116,262,618,16
3953,116,262,618,16
3954,116,262,618,16
3955,116,262,618,16
3956,116,262,618,16
3957,116,262,618,16
3958,116,262,619,17
3959,116,262,619,17
3960,116,262,619,17
3961,116,262,619,17
3962,116,262,619,17
3963,116,262,619,17
3964,116,262,619,17
3965,116,262,619,17
3966,116,262,619,17
3967,116,262,619,17
3968,116,262,619,17
3969,116,262,619,17
3970,116,262,619,17
3971,116,262,619,17
3972,116,262,621,16
3973,116,262,621,16
3974,116,262,621,16
3975,116,262,621,16
3976,116,262,621,16
3977,116,262,621,16
3978,116,262,621,16
3979,116,262,621,16
3980,116,262,621,16
3981,116,262,621,16
3982,116,262,621,16
3983,116,262,621,16
3984,116,262,621,16
3985,116,262,621,16
3986,117,288,610,39
3987,117,288,611,43
3988,117,288,612,43
3989,117,288,615,39
3990,117,288,617,39
3991,117,288,618,39
3992,117,288,619,43
3993,117,288,621,39
3994,117,452,1028,29
3995,117,452,1030,29
3996,118,288,610,39
3997,118,288,611,43
3998,118,288,612,43
3999,118,288,615,39
4000,118,288,617,39
4001,118,288,618,39
4002,118,288,619,43
4003,118,288,621,39
4004,118,452,1028,29
4005,118,452,1030,29
4006,121,599,1020,31
4007,121,599,1021,31
4008,121,599,1022,31
4009,121,599,1023,31
4010,121,599,1024,31
4011,121,599,1025,31
4012,121,599,1026,31
4013,129,580,974,111
4014,129,580,975,111
4015,129,580,976,111
4016,129,580,977,111
4017,129,580,978,111
4018,129,580,979,111
4019,129,580,980,111
4020,129,580,981,111
4021,129,580,997,111
4022,129,580,998,111
4023,129,580,999,111
4024,129,580,1000,111
4025,129,580,1001,111
4026,129,580,1002,111
4027,129,580,1003,111
4028,129,580,1004,111
