0.526150+0.244596j,0.125674-1.376676j,0.125674-1.376676j,0.000000
0.526150+0.244596j,0.125681-1.376665j,0.125668-1.376687j,0.000000
0.526150+0.244596j,0.125676-1.376670j,0.125672-1.376683j,0.000000
0.526150+0.244596j,0.125671-1.376677j,0.125678-1.376675j,0.000000
0.526150+0.244596j,0.125714-1.376715j,0.125635-1.376638j,0.000000
0.526150+0.244596j,0.125714-1.376714j,0.125635-1.376638j,0.000000
0.526150+0.244596j,0.125714-1.376714j,0.125635-1.376639j,0.000000
0.526150+0.244596j,0.125714-1.376713j,0.125635-1.376639j,0.000000
0.526150+0.244596j,0.125714-1.376713j,0.125634-1.376640j,0.000000
0.526150+0.244596j,0.125715-1.376712j,0.125634-1.376640j,0.000000
0.526150+0.244596j,0.125715-1.376712j,0.125634-1.376640j,0.000000
0.526150+0.244596j,0.125715-1.376711j,0.125634-1.376641j,0.000000
0.526150+0.244596j,0.125715-1.376711j,0.125634-1.376641j,0.000000
0.526150+0.244596j,0.125715-1.376710j,0.125634-1.376642j,0.000000
0.526150+0.244596j,0.125715-1.376710j,0.125634-1.376642j,0.000000
0.526150+0.244596j,0.125715-1.376710j,0.125634-1.376643j,0.000000
0.526150+0.244596j,0.125716-1.376709j,0.125633-1.376643j,0.000000
0.526150+0.244596j,0.125716-1.376709j,0.125633-1.376644j,0.000000
0.526150+0.244596j,0.125716-1.376708j,0.125633-1.376644j,0.000000
0.526150+0.244596j,0.125716-1.376708j,0.125633-1.376645j,0.000000
0.526150+0.244596j,0.125716-1.376707j,0.125633-1.376645j,0.000000
0.526150+0.244596j,0.125717-1.376707j,0.125632-1.376646j,0.000000
0.526150+0.244596j,0.125717-1.376706j,0.125632-1.376646j,0.000000
0.526150+0.244596j,0.125717-1.376706j,0.125632-1.376647j,0.000000
0.526150+0.244596j,0.125717-1.376705j,0.125632-1.376647j,0.000000
0.526150+0.244596j,0.125718-1.376705j,0.125631-1.376648j,0.000000
0.526150+0.244596j,0.125718-1.376704j,0.125631-1.376648j,0.000000
0.526150+0.244596j,0.125718-1.376704j,0.125631-1.376649j,0.000000
0.526150+0.244596j,0.125718-1.376703j,0.125631-1.376649j,0.000000
0.526150+0.244596j,0.125719-1.376703j,0.125630-1.376649j,0.000000
0.526150+0.244596j,0.125719-1.376703j,0.125630-1.376650j,0.000000
0.526150+0.244596j,0.125719-1.376702j,0.125630-1.376650j,0.000000
0.526150+0.244596j,0.125720-1.376702j,0.125629-1.376651j,0.000000
0.526150+0.244596j,0.125720-1.376701j,0.125629-1.376651j,0.000000
0.526150+0.244596j,0.125720-1.376701j,0.125629-1.376652j,0.000000
0.526150+0.244596j,0.125721-1.376700j,0.125628-1.376652j,0.000000
0.526150+0.244596j,0.125721-1.376700j,0.125628-1.376652j,0.000000
0.526150+0.244596j,0.125721-1.376700j,0.125628-1.376653j,0.000000
0.526150+0.244596j,0.125722-1.376699j,0.125627-1.376653j,0.000000
0.526150+0.244596j,0.125722-1.376699j,0.125627-1.376653j,0.000000
0.526150+0.244596j,0.125722-1.376699j,0.125626-1.376654j,0.000000
0.526150+0.244596j,0.125723-1.376698j,0.125626-1.376654j,0.000000
0.526150+0.244596j,0.125723-1.376698j,0.125626-1.376654j,0.000000
0.526150+0.244596j,0.125724-1.376698j,0.125625-1.376655j,0.000000
0.526150+0.244596j,0.125724-1.376697j,0.125625-1.376655j,0.000000
0.526150+0.244596j,0.125724-1.376697j,0.125625-1.376655j,0.000000
0.526150+0.244596j,0.125725-1.376697j,0.125624-1.376656j,0.000000
0.526150+0.244596j,0.125725-1.376696j,0.125624-1.376656j,0.000000
0.526150+0.244596j,0.125725-1.376696j,0.125623-1.376656j,0.000000
0.526150+0.244596j,0.125726-1.376696j,0.125623-1.376657j,0.000000
0.526150+0.244596j,0.125726-1.376696j,0.125623-1.376657j,0.000000
0.526150+0.244596j,0.125727-1.376695j,0.125622-1.376657j,0.000000
0.526150+0.244596j,0.125720-1.376664j,0.125629-1.376688j,0.000000
0.526150+0.244596j,0.125721-1.376665j,0.125628-1.376688j,0.000000
0.526150+0.244596j,0.125722-1.376665j,0.125627-1.376687j,0.000000
0.526150+0.244596j,0.125723-1.376666j,0.125626-1.376686j,0.000000
0.526150+0.244596j,0.125724-1.376667j,0.125625-1.376686j,0.000000
0.526150+0.244596j,0.125725-1.376667j,0.125624-1.376685j,0.000000
0.526150+0.244596j,0.125726-1.376668j,0.125623-1.376685j,0.000000
0.526150+0.244596j,0.125727-1.376668j,0.125622-1.376684j,0.000000
0.526150+0.244596j,0.125728-1.376668j,0.125621-1.376684j,0.000000
0.526150+0.244596j,0.125729-1.376669j,0.125620-1.376684j,0.000000
0.526150+0.244596j,0.125729-1.376669j,0.125619-1.376683j,0.000000
0.526150+0.244596j,0.125730-1.376670j,0.125619-1.376683j,0.000000
0.526150+0.244596j,0.125731-1.376670j,0.125618-1.376683j,0.000000
0.526150+0.244596j,0.125732-1.376670j,0.125617-1.376682j,0.000000
0.526150+0.244596j,0.125733-1.376670j,0.125616-1.376682j,0.000000
0.526150+0.244596j,0.125734-1.376671j,0.125615-1.376682j,0.000000
0.526150+0.244596j,0.125734-1.376671j,0.125615-1.376682j,0.000000
0.526150+0.244596j,0.125735-1.376671j,0.125614-1.376681j,0.000000
0.526150+0.244596j,0.125736-1.376671j,0.125613-1.376681j,0.000000
0.526150+0.244596j,0.125736-1.376672j,0.125612-1.376681j,0.000000
0.526150+0.244596j,0.125737-1.376672j,0.125612-1.376681j,0.000000
0.526150+0.244596j,0.125738-1.376672j,0.125611-1.376680j,0.000000
0.526150+0.244596j,0.125739-1.376672j,0.125610-1.376680j,0.000000
0.526150+0.244596j,0.125739-1.376672j,0.125610-1.376680j,0.000000
0.526150+0.244596j,0.125740-1.376672j,0.125609-1.376680j,0.000000
0.526150+0.244596j,0.125741-1.376673j,0.125608-1.376680j,0.000000
0.526150+0.244596j,0.125741-1.376673j,0.125608-1.376680j,0.000000
0.526150+0.244596j,0.125742-1.376673j,0.125607-1.376680j,0.000000
0.526150+0.244596j,0.125742-1.376673j,0.125607-1.376679j,0.000000
0.526150+0.244596j,0.125743-1.376673j,0.125606-1.376679j,0.000000
0.526150+0.244596j,0.125744-1.376673j,0.125605-1.376679j,0.000000
0.526150+0.244596j,0.125744-1.376673j,0.125605-1.376679j,0.000000
0.526150+0.244596j,0.125745-1.376673j,0.125604-1.376679j,0.000000
0.526150+0.244596j,0.125745-1.376674j,0.125604-1.376679j,0.000000
0.526150+0.244596j,0.125746-1.376674j,0.125603-1.376679j,0.000000
0.526150+0.244596j,0.125746-1.376674j,0.125603-1.376679j,0.000000
0.526150+0.244596j,0.125747-1.376674j,0.125602-1.376678j,0.000000
0.526150+0.244596j,0.125747-1.376674j,0.125601-1.376678j,0.000000
0.526150+0.244596j,0.125748-1.376674j,0.125601-1.376678j,0.000000
0.526150+0.244596j,0.125748-1.376674j,0.125600-1.376678j,0.000000
0.526150+0.244596j,0.125749-1.376674j,0.125600-1.376678j,0.000000
0.526150+0.244596j,0.125750-1.376674j,0.125599-1.376678j,0.000000
0.526150+0.244596j,0.125750-1.376674j,0.125599-1.376678j,0.000000
0.526150+0.244596j,0.125750-1.376675j,0.125598-1.376678j,0.000000
0.526150+0.244596j,0.125751-1.376675j,0.125598-1.376678j,0.000000
0.526150+0.244596j,0.125751-1.376675j,0.125597-1.376678j,0.000000
0.526150+0.244596j,0.125752-1.376675j,0.125597-1.376678j,0.000000
0.526150+0.244596j,0.125752-1.376675j,0.125597-1.376678j,0.000000
0.526150+0.244596j,0.125753-1.376675j,0.125596-1.376677j,0.000000
0.526150+0.244596j,0.125753-1.376675j,0.125596-1.376677j,0.000000
0.526150+0.244596j,0.125754-1.376675j,0.125595-1.376677j,0.000000
0.526150+0.244596j,0.125755-1.376675j,0.125594-1.376677j,0.000000
0.526150+0.244596j,0.125755-1.376675j,0.125593-1.376677j,0.000000
0.526150+0.244596j,0.125756-1.376675j,0.125593-1.376677j,0.000000
0.526150+0.244596j,0.125757-1.376676j,0.125592-1.376677j,0.000000
0.526150+0.244596j,0.125758-1.376676j,0.125591-1.376677j,0.000000
0.526150+0.244596j,0.125759-1.376676j,0.125590-1.376677j,0.000000
0.526150+0.244596j,0.125760-1.376676j,0.125589-1.376676j,0.000000
0.526150+0.244596j,0.125760-1.376676j,0.125589-1.376676j,0.000000
0.526150+0.244596j,0.125761-1.376676j,0.125588-1.376676j,0.000000
0.526150+0.244596j,0.125762-1.376676j,0.125587-1.376676j,0.000000
0.526150+0.244596j,0.125763-1.376676j,0.125586-1.376676j,0.000000
0.526150+0.244596j,0.125763-1.376676j,0.125586-1.376676j,0.000000
0.526150+0.244596j,0.125764-1.376676j,0.125585-1.376676j,0.000000
0.526150+0.244596j,0.125765-1.376677j,0.125584-1.376676j,0.000000
0.526150+0.244596j,0.125765-1.376677j,0.125583-1.376676j,0.000000
0.526150+0.244596j,0.125766-1.376677j,0.125583-1.376676j,0.000000
0.526150+0.244596j,0.125767-1.376677j,0.125582-1.376676j,0.000000
0.526150+0.244596j,0.125767-1.376677j,0.125581-1.376676j,0.000000
0.526150+0.244596j,0.125768-1.376677j,0.125581-1.376675j,0.000000
0.526150+0.244596j,0.125769-1.376677j,0.125580-1.376675j,0.000000
0.526150+0.244596j,0.125769-1.376677j,0.125580-1.376675j,0.000000
0.526150+0.244596j,0.125770-1.376677j,0.125579-1.376675j,0.000000
0.526150+0.244596j,0.125771-1.376677j,0.125578-1.376675j,0.000000
0.526150+0.244596j,0.125771-1.376677j,0.125578-1.376675j,0.000000
0.526150+0.244596j,0.125772-1.376677j,0.125577-1.376675j,0.000000
0.526150+0.244596j,0.125772-1.376677j,0.125576-1.376675j,0.000000
0.526150+0.244596j,0.125773-1.376677j,0.125576-1.376675j,0.000000
0.526150+0.244596j,0.125774-1.376677j,0.125575-1.376675j,0.000000
0.526150+0.244596j,0.125774-1.376678j,0.125575-1.376675j,0.000000
0.526150+0.244596j,0.125775-1.376678j,0.125574-1.376675j,0.000000
0.526150+0.244596j,0.125775-1.376678j,0.125574-1.376675j,0.000000
0.526150+0.244596j,0.125776-1.376678j,0.125573-1.376675j,0.000000
0.526150+0.244596j,0.125776-1.376678j,0.125573-1.376675j,0.000000
0.526150+0.244596j,0.125777-1.376678j,0.125572-1.376675j,0.000000
0.526150+0.244596j,0.125777-1.376678j,0.125571-1.376675j,0.000000
0.526150+0.244596j,0.125778-1.376678j,0.125571-1.376674j,0.000000
0.526150+0.244596j,0.125779-1.376678j,0.125570-1.376674j,0.000000
0.526150+0.244596j,0.125779-1.376678j,0.125570-1.376674j,0.000000
0.526150+0.244596j,0.125780-1.376678j,0.125569-1.376674j,0.000000
0.526150+0.244596j,0.125780-1.376678j,0.125569-1.376674j,0.000000
0.526150+0.244596j,0.125781-1.376678j,0.125568-1.376674j,0.000000
0.526150+0.244596j,0.125781-1.376678j,0.125568-1.376674j,0.000000
0.526150+0.244596j,0.125782-1.376678j,0.125567-1.376674j,0.000000
0.526150+0.244596j,0.125782-1.376678j,0.125567-1.376674j,0.000000
0.526150+0.244596j,0.125783-1.376678j,0.125566-1.376674j,0.000000
0.526150+0.244596j,0.125783-1.376678j,0.125566-1.376674j,0.000000
0.526150+0.244596j,0.125784-1.376678j,0.125565-1.376674j,0.000000
0.526150+0.244596j,0.125784-1.376678j,0.125565-1.376674j,0.000000
0.526150+0.244596j,0.125784-1.376678j,0.125564-1.376674j,0.000000
0.526150+0.244596j,0.125785-1.376679j,0.125564-1.376674j,0.000000
0.526150+0.244596j,0.125786-1.376679j,0.125563-1.376674j,0.000000
0.526150+0.244596j,0.125786-1.376679j,0.125563-1.376674j,0.000000
0.526150+0.244596j,0.125787-1.376679j,0.125562-1.376674j,0.000000
0.526150+0.244596j,0.125787-1.376679j,0.125562-1.376674j,0.000000
0.526150+0.244596j,0.125788-1.376679j,0.125561-1.376674j,0.000000
0.526150+0.244596j,0.125788-1.376679j,0.125561-1.376674j,0.000000
0.526150+0.244596j,0.125789-1.376679j,0.125560-1.376674j,0.000000
0.526150+0.244596j,0.125789-1.376679j,0.125559-1.376674j,0.000000
0.526150+0.244596j,0.125790-1.376679j,0.125559-1.376673j,0.000000
0.526150+0.244596j,0.125790-1.376679j,0.125558-1.376673j,0.000000
0.526150+0.244596j,0.125791-1.376679j,0.125558-1.376673j,0.000000
0.526150+0.244596j,0.125792-1.376679j,0.125557-1.376673j,0.000000
0.526150+0.244596j,0.125792-1.376679j,0.125557-1.376673j,0.000000
0.526150+0.244596j,0.125793-1.376679j,0.125556-1.376673j,0.000000
0.526150+0.244596j,0.125793-1.376679j,0.125556-1.376673j,0.000000
0.526150+0.244596j,0.125794-1.376679j,0.125555-1.376673j,0.000000
0.526150+0.244596j,0.125794-1.376679j,0.125555-1.376673j,0.000000
0.526150+0.244596j,0.125795-1.376679j,0.125554-1.376673j,0.000000
0.526150+0.244596j,0.125795-1.376679j,0.125554-1.376673j,0.000000
0.526150+0.244596j,0.125796-1.376679j,0.125553-1.376673j,0.000000
0.526150+0.244596j,0.125796-1.376679j,0.125553-1.376673j,0.000000
0.526150+0.244596j,0.125797-1.376679j,0.125552-1.376673j,0.000000
0.526150+0.244596j,0.125797-1.376679j,0.125552-1.376673j,0.000000
0.526150+0.244596j,0.125797-1.376679j,0.125551-1.376673j,0.000000
0.526150+0.244596j,0.125798-1.376679j,0.125551-1.376673j,0.000000
0.526150+0.244596j,0.125798-1.376680j,0.125551-1.376673j,0.000000
0.526150+0.244596j,0.125799-1.376680j,0.125550-1.376673j,0.000000
0.526150+0.244596j,0.125799-1.376680j,0.125550-1.376673j,0.000000
0.526150+0.244596j,0.125800-1.376680j,0.125549-1.376673j,0.000000
0.526150+0.244596j,0.125800-1.376680j,0.125549-1.376673j,0.000000
0.526150+0.244596j,0.125801-1.376680j,0.125548-1.376673j,0.000000
0.526150+0.244596j,0.125801-1.376680j,0.125548-1.376673j,0.000000
0.526150+0.244596j,0.125802-1.376680j,0.125547-1.376673j,0.000000
0.526150+0.244596j,0.125802-1.376680j,0.125547-1.376673j,0.000000
0.526150+0.244596j,0.125802-1.376680j,0.125546-1.376673j,0.000000
0.526150+0.244596j,0.125803-1.376680j,0.125546-1.376673j,0.000000
0.526150+0.244596j,0.125803-1.376680j,0.125546-1.376673j,0.000000
0.526150+0.244596j,0.125804-1.376680j,0.125545-1.376672j,0.000000
0.526150+0.244596j,0.125804-1.376680j,0.125545-1.376672j,0.000000
0.526150+0.244596j,0.125805-1.376680j,0.125544-1.376672j,0.000000
0.526150+0.244596j,0.125805-1.376680j,0.125544-1.376672j,0.000000
0.526150+0.244596j,0.125805-1.376680j,0.125544-1.376672j,0.000000
0.526150+0.244596j,0.125806-1.376680j,0.125543-1.376672j,0.000000
0.526150+0.244596j,0.125806-1.376680j,0.125543-1.376672j,0.000000
0.526150+0.244596j,0.125807-1.376680j,0.125542-1.376672j,0.000000
0.526150+0.244596j,0.125807-1.376680j,0.125542-1.376672j,0.000000
0.526150+0.244596j,0.125807-1.376680j,0.125541-1.376672j,0.000000
0.526150+0.244596j,0.125808-1.376680j,0.125541-1.376672j,0.000000
0.526150+0.244596j,0.125808-1.376680j,0.125541-1.376672j,0.000000
0.526150+0.244596j,0.125808-1.376680j,0.125541-1.376672j,0.000000
0.526150+0.244596j,0.125830-1.376682j,0.125519-1.376671j,0.000000
0.526150+0.244596j,0.125847-1.376682j,0.125502-1.376670j,0.000000
0.526150+0.244596j,0.125866-1.376683j,0.125483-1.376669j,0.000000
0.526150+0.244596j,0.125887-1.376684j,0.125462-1.376668j,0.000000
0.526150+0.244596j,0.125910-1.376686j,0.125439-1.376667j,0.000000
0.526150+0.244596j,0.125935-1.376687j,0.125414-1.376666j,0.000000
0.526150+0.244596j,0.125962-1.376688j,0.125387-1.376665j,0.000000
0.526150+0.244596j,0.125992-1.376689j,0.125357-1.376663j,0.000000
0.526150+0.244596j,0.126024-1.376691j,0.125325-1.376662j,0.000000
0.526150+0.244596j,0.126059-1.376692j,0.125290-1.376660j,0.000000
0.526150+0.244596j,0.126097-1.376694j,0.125252-1.376659j,0.000000
0.526150+0.244596j,0.126138-1.376695j,0.125211-1.376657j,0.000000
0.526150+0.244596j,0.126183-1.376697j,0.125166-1.376655j,0.000000
0.526150+0.244596j,0.126231-1.376699j,0.125118-1.376653j,0.000000
0.526150+0.244596j,0.126282-1.376702j,0.125066-1.376651j,0.000000
0.526150+0.244596j,0.126338-1.376704j,0.125010-1.376649j,0.000000
0.526150+0.244596j,0.126398-1.376706j,0.124950-1.376646j,0.000000
0.526150+0.244596j,0.126463-1.376709j,0.124885-1.376643j,0.000000
0.526150+0.244596j,0.126533-1.376712j,0.124815-1.376640j,0.000000
0.526150+0.244595j,0.126607-1.376715j,0.124740-1.376637j,0.000000
0.526150+0.244595j,0.126687-1.376718j,0.124660-1.376634j,0.000000
0.526150+0.244595j,0.126773-1.376722j,0.124574-1.376630j,0.000000
0.526150+0.244595j,0.126865-1.376726j,0.124481-1.376626j,0.000000
0.526150+0.244595j,0.126964-1.376730j,0.124383-1.376622j,0.000000
0.526150+0.244595j,0.127069-1.376734j,0.124277-1.376618j,0.000000
0.526150+0.244595j,0.127182-1.376739j,0.124164-1.376613j,0.000000
0.526150+0.244595j,0.127301-1.376744j,0.124044-1.376608j,0.000000
0.526150+0.244595j,0.127429-1.376749j,0.123915-1.376603j,0.000000
0.526150+0.244595j,0.127566-1.376755j,0.123778-1.376597j,0.000000
0.526150+0.244595j,0.127711-1.376761j,0.123632-1.376591j,0.000000
0.526150+0.244595j,0.127865-1.376768j,0.123477-1.376584j,0.000000
0.526149+0.244595j,0.128029-1.376775j,0.123312-1.376577j,0.000000
0.526149+0.244595j,0.128203-1.376782j,0.123136-1.376570j,0.000000
0.526149+0.244594j,0.128388-1.376789j,0.122950-1.376562j,0.000000
0.526149+0.244594j,0.128584-1.376798j,0.122752-1.376554j,0.000000
0.526149+0.244594j,0.128792-1.376806j,0.122542-1.376545j,0.000000
0.526149+0.244594j,0.129012-1.376816j,0.122320-1.376536j,0.000000
0.526149+0.244594j,0.129245-1.376825j,0.122085-1.376526j,0.000000
0.526148+0.244593j,0.129492-1.376836j,0.121836-1.376516j,0.000000
0.526148+0.244593j,0.129752-1.376846j,0.121573-1.376505j,0.000000
0.526148+0.244593j,0.130027-1.376858j,0.121294-1.376493j,0.000000
0.526147+0.244592j,0.130318-1.376870j,0.121000-1.376481j,0.000000
0.526147+0.244592j,0.130624-1.376883j,0.120690-1.376468j,0.000000
0.526147+0.244591j,0.130946-1.376896j,0.120362-1.376454j,0.000000
0.526146+0.244590j,0.131286-1.376910j,0.120017-1.376440j,0.000000
0.526146+0.244590j,0.131644-1.376925j,0.119653-1.376424j,0.000000
0.526145+0.244589j,0.132021-1.376941j,0.119269-1.376408j,0.000000
0.526145+0.244588j,0.132417-1.376957j,0.118866-1.376392j,0.000000
0.526144+0.244587j,0.132833-1.376975j,0.118441-1.376374j,0.000000
0.526143+0.244586j,0.133270-1.376993j,0.117995-1.376355j,0.000000
0.526142+0.244585j,0.133728-1.377012j,0.117526-1.376335j,0.000000
0.526141+0.244584j,0.134209-1.377032j,0.117033-1.376315j,0.000000
0.526140+0.244582j,0.134713-1.377053j,0.116516-1.376293j,0.000000
0.526139+0.244580j,0.135241-1.377075j,0.115973-1.376270j,0.000000
0.526138+0.244579j,0.135795-1.377098j,0.115404-1.376247j,0.000001
0.526136+0.244577j,0.136373-1.377122j,0.114808-1.376222j,0.000001
0.526134+0.244574j,0.136979-1.377147j,0.114182-1.376196j,0.000001
0.526133+0.244572j,0.137611-1.377173j,0.113528-1.376168j,0.000001
0.526131+0.244569j,0.138273-1.377201j,0.112843-1.376139j,0.000001
0.526128+0.244566j,0.138963-1.377229j,0.112126-1.376109j,0.000001
0.526126+0.244563j,0.139683-1.377259j,0.111376-1.376078j,0.000001
0.526123+0.244559j,0.140434-1.377290j,0.110593-1.376045j,0.000002
0.526120+0.244555j,0.141218-1.377323j,0.109774-1.376011j,0.000002
0.526117+0.244551j,0.142034-1.377357j,0.108919-1.375975j,0.000002
0.526114+0.244546j,0.142883-1.377392j,0.108027-1.375938j,0.000003
0.526110+0.244540j,0.143768-1.377428j,0.107095-1.375899j,0.000003
0.526105+0.244535j,0.144687-1.377466j,0.106124-1.375858j,0.000003
0.526101+0.244528j,0.145644-1.377506j,0.105111-1.375816j,0.000004
0.526096+0.244521j,0.146638-1.377547j,0.104056-1.375772j,0.000005
0.526090+0.244514j,0.147670-1.377589j,0.102957-1.375726j,0.000005
0.526084+0.244505j,0.148741-1.377633j,0.101812-1.375678j,0.000006
0.526077+0.244496j,0.149852-1.377679j,0.100621-1.375628j,0.000007
0.526070+0.244486j,0.151005-1.377726j,0.099381-1.375576j,0.000008
0.526062+0.244475j,0.152200-1.377775j,0.098091-1.375523j,0.000010
0.526053+0.244464j,0.153437-1.377825j,0.096751-1.375467j,0.000011
0.526044+0.244451j,0.154719-1.377878j,0.095357-1.375408j,0.000013
0.526034+0.244437j,0.156045-1.377932j,0.093909-1.375348j,0.000014
0.526023+0.244422j,0.157416-1.377987j,0.092406-1.375285j,0.000016
0.526011+0.244406j,0.158834-1.378045j,0.090845-1.375220j,0.000019
0.525998+0.244388j,0.160299-1.378104j,0.089224-1.375153j,0.000022
0.525984+0.244369j,0.161813-1.378165j,0.087543-1.375083j,0.000025
0.525969+0.244349j,0.163375-1.378228j,0.085799-1.375011j,0.000028
0.525953+0.244326j,0.164987-1.378293j,0.083991-1.374936j,0.000032
0.525935+0.244302j,0.166650-1.378359j,0.082117-1.374858j,0.000036
0.525916+0.244276j,0.168364-1.378428j,0.080175-1.374777j,0.000041
0.525895+0.244248j,0.170130-1.378498j,0.078163-1.374694j,0.000047
0.525873+0.244218j,0.171949-1.378570j,0.076079-1.374608j,0.000053
0.525849+0.244186j,0.173822-1.378643j,0.073922-1.374519j,0.000060
0.525824+0.244151j,0.175748-1.378719j,0.071689-1.374427j,0.000067
0.525796+0.244114j,0.177730-1.378796j,0.069378-1.374332j,0.000076
0.525767+0.244073j,0.179767-1.378875j,0.066988-1.374234j,0.000086
0.525735+0.244030j,0.181860-1.378956j,0.064515-1.374133j,0.000097
0.525701+0.243984j,0.184009-1.379038j,0.061958-1.374028j,0.000109
0.525665+0.243935j,0.186216-1.379122j,0.059316-1.373921j,0.000122
0.525626+0.243881j,0.188481-1.379207j,0.056584-1.373810j,0.000137
0.525584+0.243825j,0.190804-1.379294j,0.053762-1.373695j,0.000154
0.525539+0.243764j,0.193185-1.379382j,0.050846-1.373577j,0.000172
0.525492+0.243699j,0.195626-1.379471j,0.047834-1.373456j,0.000193
0.525441+0.243630j,0.198126-1.379562j,0.044724-1.373331j,0.000216
0.525386+0.243556j,0.200685-1.379654j,0.041513-1.373202j,0.000241
0.525328+0.243477j,0.203305-1.379746j,0.038198-1.373070j,0.000269
0.525266+0.243393j,0.205986-1.379840j,0.034777-1.372934j,0.000300
0.525200+0.243303j,0.208727-1.379934j,0.031247-1.372794j,0.000334
0.525129+0.243208j,0.211529-1.380029j,0.027604-1.372650j,0.000372
0.525054+0.243106j,0.214391-1.380124j,0.023847-1.372502j,0.000414
0.524975+0.242998j,0.217315-1.380219j,0.019971-1.372351j,0.000459
0.524890+0.242883j,0.220301-1.380313j,0.015974-1.372195j,0.000510
0.524800+0.242761j,0.223347-1.380408j,0.011853-1.372036j,0.000565
0.524704+0.242631j,0.226454-1.380502j,0.007603-1.371872j,0.000627
0.524602+0.242494j,0.229623-1.380594j,0.003222-1.371704j,0.000694
0.524494+0.242348j,0.232853-1.380686j,-0.001294-1.371532j,0.000767
0.524379+0.242193j,0.236144-1.380775j,-0.005949-1.371356j,0.000848
0.524257+0.242029j,0.239495-1.380863j,-0.010747-1.371176j,0.000937
0.524128+0.241855j,0.242907-1.380948j,-0.015691-1.370991j,0.001034
0.523992+0.241671j,0.246379-1.381030j,-0.020786-1.370802j,0.001140
0.523847+0.241476j,0.249911-1.381109j,-0.026036-1.370609j,0.001256
0.523693+0.241270j,0.253502-1.381183j,-0.031446-1.370411j,0.001384
0.523531+0.241052j,0.257152-1.381253j,-0.037019-1.370209j,0.001522
0.523359+0.240821j,0.260861-1.381317j,-0.042762-1.370002j,0.001674
0.523177+0.240577j,0.264627-1.381375j,-0.048678-1.369791j,0.001840
0.522985+0.240320j,0.268451-1.381426j,-0.054773-1.369575j,0.002020
0.522781+0.240048j,0.272331-1.381470j,-0.061053-1.369355j,0.002217
0.522566+0.239761j,0.276268-1.381504j,-0.067522-1.369130j,0.002432
0.522339+0.239458j,0.280259-1.381529j,-0.074187-1.368900j,0.002665
0.522099+0.239139j,0.284305-1.381543j,-0.081054-1.368665j,0.002920
0.521847+0.238804j,0.288379-1.381545j,-0.088085-1.368427j,0.003195
0.521584+0.238454j,0.292465-1.381534j,-0.095260-1.368187j,0.003491
0.521308+0.238090j,0.296563-1.381509j,-0.102580-1.367944j,0.003809
0.521021+0.237709j,0.300672-1.381469j,-0.110049-1.367698j,0.004152
0.520721+0.237313j,0.304789-1.381412j,-0.117669-1.367450j,0.004519
0.520407+0.236901j,0.308914-1.381339j,-0.125443-1.367199j,0.004912
0.520081+0.236471j,0.313045-1.381246j,-0.133373-1.366945j,0.005334
0.519740+0.236024j,0.317179-1.381134j,-0.141461-1.366689j,0.005786
0.519385+0.235560j,0.321317-1.381001j,-0.149709-1.366430j,0.006269
0.519016+0.235077j,0.325455-1.380845j,-0.158122-1.366168j,0.006785
0.518631+0.234576j,0.329592-1.380666j,-0.166699-1.365904j,0.007336
0.518231+0.234055j,0.333727-1.380461j,-0.175445-1.365636j,0.007924
0.517815+0.233515j,0.337858-1.380228j,-0.184362-1.365365j,0.008552
0.517382+0.232955j,0.341983-1.379968j,-0.193452-1.365091j,0.009220
0.516932+0.232375j,0.346101-1.379676j,-0.202717-1.364814j,0.009931
0.516465+0.231773j,0.350210-1.379352j,-0.212161-1.364533j,0.010688
0.515980+0.231151j,0.354308-1.378994j,-0.221786-1.364248j,0.011492
0.515476+0.230506j,0.358393-1.378600j,-0.231594-1.363960j,0.012347
0.514953+0.229839j,0.362465-1.378168j,-0.241589-1.363667j,0.013255
0.514411+0.229150j,0.366521-1.377696j,-0.251772-1.363370j,0.014218
0.513849+0.228437j,0.370560-1.377180j,-0.262146-1.363069j,0.015240
0.513266+0.227701j,0.374580-1.376620j,-0.272715-1.362762j,0.016323
0.512662+0.226941j,0.378581-1.376013j,-0.283480-1.362451j,0.017469
0.512036+0.226156j,0.382559-1.375357j,-0.294445-1.362133j,0.018683
0.511388+0.225347j,0.386515-1.374648j,-0.305612-1.361810j,0.019968
0.510718+0.224512j,0.390446-1.373884j,-0.316985-1.361479j,0.021326
0.510024+0.223651j,0.394351-1.373063j,-0.328565-1.361143j,0.022762
0.509305+0.222764j,0.398230-1.372181j,-0.340357-1.360798j,0.024278
0.508563+0.221851j,0.402081-1.371237j,-0.352362-1.360446j,0.025879
0.507795+0.220911j,0.405902-1.370226j,-0.364584-1.360085j,0.027568
0.507001+0.219943j,0.409693-1.369146j,-0.377026-1.359715j,0.029350
0.506180+0.218947j,0.413453-1.367993j,-0.389690-1.359335j,0.031229
0.505333+0.217924j,0.417181-1.366765j,-0.402581-1.358944j,0.033209
0.504457+0.216872j,0.420876-1.365458j,-0.415700-1.358542j,0.035294
0.503554+0.215791j,0.424538-1.364069j,-0.429050-1.358128j,0.037489
0.502621+0.214681j,0.428166-1.362594j,-0.442636-1.357701j,0.039800
0.501658+0.213541j,0.431760-1.361030j,-0.456460-1.357260j,0.042230
0.500665+0.212372j,0.435318-1.359373j,-0.470525-1.356805j,0.044785
0.499641+0.211172j,0.438842-1.357620j,-0.484834-1.356333j,0.047471
0.498584+0.209943j,0.442331-1.355766j,-0.499391-1.355845j,0.050293
0.497496+0.208682j,0.445784-1.353809j,-0.514199-1.355339j,0.053257
0.496374+0.207391j,0.449203-1.351743j,-0.529261-1.354813j,0.056368
0.495218+0.206069j,0.452587-1.349566j,-0.544580-1.354268j,0.059633
0.494028+0.204715j,0.455937-1.347273j,-0.560160-1.353701j,0.063058
0.492802+0.203330j,0.459253-1.344861j,-0.576004-1.353111j,0.066649
0.491540+0.201914j,0.462537-1.342324j,-0.592115-1.352497j,0.070414
0.490242+0.200466j,0.465789-1.339660j,-0.608497-1.351857j,0.074360
0.488906+0.198986j,0.469009-1.336865j,-0.625153-1.351190j,0.078492
0.487532+0.197474j,0.472201-1.333933j,-0.642087-1.350494j,0.082820
0.486119+0.195931j,0.475363-1.330862j,-0.659302-1.349769j,0.087351
0.484667+0.194355j,0.478500-1.327646j,-0.676801-1.349011j,0.092092
0.483174+0.192748j,0.481611-1.324282j,-0.694588-1.348220j,0.097052
0.481641+0.191109j,0.484699-1.320766j,-0.712667-1.347393j,0.102240
0.480066+0.189438j,0.487765-1.317094j,-0.731042-1.346530j,0.107664
0.478449+0.187736j,0.490813-1.313261j,-0.749716-1.345627j,0.113333
0.476789+0.186002j,0.493844-1.309263j,-0.768692-1.344684j,0.119256
0.475086+0.184237j,0.496861-1.305097j,-0.787975-1.343698j,0.125444
0.473339+0.182441j,0.499867-1.300758j,-0.807569-1.342667j,0.131906
0.471547+0.180614j,0.502864-1.296242j,-0.827478-1.341590j,0.138652
0.469710+0.178756j,0.505856-1.291546j,-0.847705-1.340463j,0.145693
0.467827+0.176868j,0.508846-1.286665j,-0.868255-1.339286j,0.153041
0.465898+0.174950j,0.511836-1.281596j,-0.889133-1.338055j,0.160705
0.463921+0.173002j,0.514831-1.276334j,-0.910343-1.336769j,0.168699
0.461897+0.171025j,0.517834-1.270876j,-0.931889-1.335425j,0.177035
0.459826+0.169020j,0.520850-1.265217j,-0.953776-1.334022j,0.185724
0.457706+0.166985j,0.523881-1.259355j,-0.976010-1.332556j,0.194780
0.455537+0.164923j,0.526932-1.253285j,-0.998595-1.331025j,0.204216
0.453318+0.162834j,0.530008-1.247003j,-1.021536-1.329427j,0.214046
0.451050+0.160718j,0.533112-1.240506j,-1.044839-1.327760j,0.224284
0.448732+0.158575j,0.536249-1.233790j,-1.068509-1.326021j,0.234946
0.446363+0.156407j,0.539425-1.226852j,-1.092553-1.324208j,0.246045
0.443944+0.154214j,0.542643-1.219687j,-1.116975-1.322317j,0.257599
0.441473+0.151997j,0.545908-1.212293j,-1.141783-1.320348j,0.269622
0.438952+0.149756j,0.549227-1.204665j,-1.166981-1.318296j,0.282132
0.436379+0.147492j,0.552603-1.196801j,-1.192576-1.316160j,0.295146
0.433754+0.145207j,0.556042-1.188696j,-1.218574-1.313937j,0.308681
0.431078+0.142900j,0.559550-1.180348j,-1.244982-1.311625j,0.322756
0.428351+0.140574j,0.563133-1.171753j,-1.271804-1.309221j,0.337387
0.425572+0.138228j,0.566795-1.162908j,-1.299048-1.306723j,0.352595
0.422743+0.135865j,0.570542-1.153811j,-1.326720-1.304129j,0.368397
0.419862+0.133485j,0.574381-1.144458j,-1.354823-1.301436j,0.384813
0.416932+0.131089j,0.578318-1.134847j,-1.383364-1.298643j,0.401861
0.413952+0.128679j,0.582358-1.124977j,-1.412347-1.295747j,0.419562
0.410923+0.126256j,0.586507-1.114844j,-1.441776-1.292748j,0.437933
0.407846+0.123822j,0.590772-1.104448j,-1.471655-1.289643j,0.456994
0.404722+0.121378j,0.595160-1.093788j,-1.501986-1.286431j,0.476763
0.401552+0.118927j,0.599675-1.082862j,-1.532772-1.283112j,0.497257
0.398338+0.116469j,0.604325-1.071672j,-1.564011-1.279686j,0.518493
0.395082+0.114006j,0.609116-1.060218j,-1.595706-1.276150j,0.540488
0.391784+0.111542j,0.614053-1.048501j,-1.627854-1.272508j,0.563257
0.388448+0.109077j,0.619145-1.036523j,-1.660452-1.268758j,0.586814
0.385076+0.106614j,0.624396-1.024287j,-1.693499-1.264902j,0.611172
0.381777+0.104232j,0.629638-1.012196j,-1.725919-1.261069j,0.635522
0.378338+0.101778j,0.635224-0.999457j,-1.759846-1.257009j,0.661499
0.374976+0.099406j,0.640810-0.986871j,-1.793150-1.252978j,0.687468
0.371482+0.096971j,0.646753-0.973654j,-1.827918-1.248727j,0.715088
0.368068+0.094619j,0.652705-0.960599j,-1.862069-1.244512j,0.742699
0.364531+0.092210j,0.659029-0.946929j,-1.897645-1.240085j,0.771986
0.361075+0.089885j,0.665371-0.933428j,-1.932613-1.235703j,0.801262
0.357506+0.087513j,0.672099-0.919336j,-1.968959-1.231122j,0.832225
0.354021+0.085223j,0.678856-0.905423j,-2.004707-1.226596j,0.863177
0.350436+0.082897j,0.686005-0.890960j,-2.041746-1.221892j,0.895784
0.346936+0.080652j,0.693193-0.876684j,-2.078201-1.217254j,0.928380
0.343516+0.078485j,0.700422-0.862591j,-2.114107-1.212684j,0.960966
0.340035+0.076305j,0.708002-0.848097j,-2.150973-1.207998j,0.994932
0.336634+0.074200j,0.715633-0.833792j,-2.187308-1.203392j,1.028887
0.333310+0.072166j,0.723316-0.819675j,-2.223144-1.198869j,1.062834
0.329932+0.070122j,0.731364-0.805191j,-2.259905-1.194257j,1.098141
0.326631+0.068148j,0.739472-0.790903j,-2.296181-1.189740j,1.133439
0.323403+0.066240j,0.747641-0.776810j,-2.331996-1.185322j,1.168727
0.320127+0.064325j,0.756187-0.762386j,-2.368706-1.180844j,1.205360
0.316925+0.062474j,0.764800-0.748168j,-2.404966-1.176478j,1.241984
0.313793+0.060684j,0.773481-0.734153j,-2.440799-1.172227j,1.278600
0.310619+0.058889j,0.782550-0.719843j,-2.477503-1.167946j,1.316554
0.307514+0.057154j,0.791691-0.705750j,-2.513786-1.163795j,1.354500
0.304477+0.055474j,0.800903-0.691873j,-2.549666-1.159775j,1.392437
0.301400+0.053791j,0.810516-0.677729j,-2.586416-1.155754j,1.431733
0.298390+0.052163j,0.820203-0.663816j,-2.622766-1.151880j,1.471022
0.295444+0.050587j,0.829959-0.650133j,-2.658730-1.148154j,1.510302
0.292458+0.049006j,0.840138-0.636201j,-2.695594-1.144453j,1.551004
0.289536+0.047476j,0.850385-0.622515j,-2.732071-1.140915j,1.591698
0.286676+0.045994j,0.860698-0.609074j,-2.768172-1.137541j,1.632384
0.283771+0.044505j,0.871462-0.595389j,-2.805243-1.134215j,1.674607
0.280929+0.043064j,0.882287-0.581967j,-2.841931-1.131068j,1.716822
0.278146+0.041668j,0.893167-0.568807j,-2.878245-1.128099j,1.759030
0.275312+0.040262j,0.904537-0.555396j,-2.915629-1.125201j,1.802941
0.272539+0.038900j,0.915954-0.542266j,-2.952628-1.122496j,1.846844
0.269823+0.037581j,0.927413-0.529415j,-2.989250-1.119981j,1.890738
0.267050+0.036248j,0.939404-0.516302j,-3.027060-1.117560j,1.936543
0.264335+0.034958j,0.951426-0.503487j,-3.064476-1.115344j,1.982339
0.261676+0.033708j,0.963472-0.490966j,-3.101504-1.113328j,2.028127
0.258953+0.032441j,0.976093-0.478175j,-3.139843-1.111432j,2.076054
0.256287+0.031214j,0.988725-0.465697j,-3.177772-1.109748j,2.123971
0.253677+0.030026j,1.001358-0.453526j,-3.215299-1.108274j,2.171880
0.250996+0.028819j,1.014606-0.441081j,-3.254248-1.106946j,2.222164
0.248371+0.027650j,1.027840-0.428962j,-3.292769-1.105837j,2.272438
0.245716+0.026481j,1.041497-0.416767j,-3.332151-1.104914j,2.324423
0.243116+0.025349j,1.055123-0.404903j,-3.371092-1.104211j,2.376399
0.240483+0.024216j,1.069182-0.392965j,-3.410939-1.103709j,2.430204
0.237906+0.023119j,1.083191-0.381364j,-3.450329-1.103426j,2.483999
0.235293+0.022020j,1.097640-0.369692j,-3.490656-1.103357j,2.539730
0.232736+0.020957j,1.112019-0.358359j,-3.530512-1.103507j,2.595451
0.230142+0.019891j,1.126841-0.346959j,-3.571331-1.103883j,2.653214
0.227604+0.018860j,1.141574-0.335900j,-3.611665-1.104473j,2.710966
0.225029+0.017827j,1.156752-0.324777j,-3.652987-1.105302j,2.770870
0.222509+0.016827j,1.171823-0.313993j,-3.693809-1.106341j,2.830761
0.219951+0.015825j,1.187341-0.303149j,-3.735641-1.107629j,2.892912
0.217447+0.014857j,1.202733-0.292640j,-3.776959-1.109121j,2.955049
