0.005000+0.000000j,-2.231558+2.779909j,-2.197486-0.619579j,0.000000
0.005000+0.000000j,-2.231558+2.779909j,-2.197486-0.619579j,0.000000
0.005013-0.000029j,-2.229940+2.777311j,-2.196484-0.622657j,0.000000
0.005026-0.000059j,-2.228324+2.774712j,-2.195486-0.625733j,0.000000
0.005038-0.000088j,-2.226710+2.772113j,-2.194493-0.628809j,0.000000
0.005051-0.000118j,-2.225098+2.769514j,-2.193504-0.631884j,0.000000
0.005063-0.000148j,-2.223488+2.766914j,-2.192519-0.634959j,0.000000
0.005075-0.000178j,-2.221879+2.764313j,-2.191538-0.638033j,0.000000
0.005087-0.000208j,-2.220272+2.761712j,-2.190562-0.641106j,0.000000
0.005099-0.000238j,-2.218667+2.759110j,-2.189590-0.644178j,0.000000
0.005110-0.000269j,-2.217063+2.756508j,-2.188622-0.647250j,0.000000
0.005122-0.000299j,-2.215462+2.753905j,-2.187658-0.650321j,0.000000
0.005133-0.000330j,-2.213861+2.751302j,-2.186698-0.653391j,0.000000
0.005144-0.000361j,-2.212263+2.748698j,-2.185743-0.656460j,0.000000
0.005155-0.000392j,-2.210666+2.746094j,-2.184791-0.659529j,0.000000
0.005165-0.000423j,-2.209071+2.743489j,-2.183844-0.662597j,0.000000
0.005176-0.000454j,-2.207478+2.740884j,-2.182901-0.665664j,0.000000
0.005186-0.000486j,-2.205886+2.738278j,-2.181962-0.668730j,0.000000
0.005196-0.000517j,-2.204295+2.735671j,-2.181027-0.671796j,0.000000
0.005206-0.000549j,-2.202706+2.733064j,-2.180096-0.674861j,0.000000
0.005216-0.000581j,-2.201119+2.730456j,-2.179169-0.677925j,0.000000
0.005225-0.000613j,-2.199534+2.727848j,-2.178246-0.680988j,0.000000
0.005234-0.000645j,-2.197949+2.725239j,-2.177327-0.684050j,0.000000
0.005243-0.000677j,-2.196367+2.722630j,-2.176412-0.687112j,0.000000
0.005252-0.000710j,-2.194786+2.720020j,-2.175501-0.690173j,0.000000
0.005261-0.000742j,-2.193206+2.717409j,-2.174594-0.693233j,0.000000
0.005269-0.000775j,-2.191628+2.714798j,-2.173691-0.696292j,0.000000
0.005278-0.000807j,-2.190051+2.712187j,-2.172792-0.699351j,0.000000
0.005286-0.000840j,-2.188475+2.709574j,-2.171897-0.702408j,0.000000
0.005294-0.000873j,-2.186901+2.706961j,-2.171006-0.705465j,0.000000
0.005301-0.000906j,-2.185329+2.704348j,-2.170118-0.708521j,0.000000
0.005309-0.000939j,-2.183758+2.701734j,-2.169235-0.711576j,0.000000
0.005316-0.000973j,-2.182188+2.699119j,-2.168355-0.714630j,0.000000
0.005323-0.001006j,-2.180619+2.696504j,-2.167479-0.717684j,0.000000
0.005330-0.001040j,-2.179052+2.693888j,-2.166607-0.720736j,0.000000
0.005337-0.001073j,-2.177486+2.691271j,-2.165739-0.723788j,0.000000
0.005343-0.001107j,-2.175922+2.688654j,-2.164875-0.726839j,0.000000
0.005349-0.001141j,-2.174359+2.686036j,-2.164014-0.729888j,0.000000
0.005355-0.001175j,-2.172797+2.683417j,-2.163157-0.732937j,0.000000
0.005361-0.001209j,-2.171236+2.680798j,-2.162304-0.735986j,0.000000
0.005366-0.001243j,-2.169676+2.678179j,-2.161455-0.739033j,0.000000
0.005372-0.001278j,-2.168118+2.675558j,-2.160609-0.742079j,0.000000
0.005377-0.001312j,-2.166561+2.672937j,-2.159767-0.745125j,0.000000
0.005382-0.001347j,-2.165005+2.670315j,-2.158929-0.748169j,0.000000
0.005386-0.001381j,-2.163451+2.667693j,-2.158094-0.751213j,0.000000
0.005391-0.001416j,-2.161897+2.665070j,-2.157264-0.754255j,0.000000
0.005395-0.001451j,-2.160345+2.662446j,-2.156436-0.757297j,0.000000
0.005399-0.001486j,-2.158794+2.659822j,-2.155613-0.760338j,0.000000
0.005403-0.001521j,-2.157244+2.657197j,-2.154793-0.763378j,0.000000
0.005407-0.001556j,-2.155695+2.654571j,-2.153976-0.766416j,0.000000
0.005410-0.001591j,-2.154147+2.651945j,-2.153164-0.769454j,0.000000
0.005413-0.001627j,-2.152601+2.649318j,-2.152355-0.772491j,0.000000
0.005416-0.001662j,-2.151055+2.646690j,-2.151549-0.775527j,0.000000
0.005419-0.001698j,-2.149511+2.644062j,-2.150747-0.778562j,0.000000
0.005421-0.001733j,-2.147967+2.641433j,-2.149948-0.781596j,0.000000
0.005423-0.001769j,-2.146425+2.638803j,-2.149153-0.784629j,0.000000
0.005425-0.001804j,-2.144883+2.636172j,-2.148362-0.787661j,0.000000
0.005427-0.001840j,-2.143343+2.633541j,-2.147574-0.790692j,0.000000
0.005428-0.001876j,-2.141803+2.630909j,-2.146789-0.793723j,0.000000
0.005430-0.001912j,-2.140265+2.628276j,-2.146008-0.796752j,0.000000
0.005431-0.001948j,-2.138728+2.625643j,-2.145231-0.799780j,0.000000
0.005431-0.001984j,-2.137191+2.623009j,-2.144457-0.802806j,0.000000
0.005432-0.002021j,-2.135656+2.620374j,-2.143686-0.805832j,0.000000
0.005432-0.002057j,-2.134121+2.617738j,-2.142919-0.808857j,0.000000
0.005432-0.002093j,-2.132587+2.615102j,-2.142155-0.811881j,0.000000
0.005432-0.002130j,-2.131054+2.612465j,-2.141394-0.814904j,0.000000
0.005432-0.002166j,-2.129523+2.609827j,-2.140637-0.817926j,0.000000
0.005431-0.002203j,-2.127992+2.607189j,-2.139884-0.820946j,0.000000
0.005430-0.002240j,-2.126461+2.604549j,-2.139133-0.823966j,0.000000
0.005429-0.002276j,-2.124932+2.601909j,-2.138386-0.826984j,0.000000
0.005428-0.002313j,-2.123404+2.599269j,-2.137642-0.830002j,0.000000
0.005426-0.002350j,-2.121876+2.596627j,-2.136902-0.833018j,0.000000
0.005424-0.002387j,-2.120349+2.593985j,-2.136165-0.836033j,0.000000
0.005422-0.002424j,-2.118824+2.591342j,-2.135431-0.839048j,0.000000
0.005420-0.002461j,-2.117298+2.588698j,-2.134700-0.842061j,0.000000
0.005417-0.002498j,-2.115774+2.586053j,-2.133973-0.845073j,0.000000
0.005414-0.002535j,-2.114250+2.583408j,-2.133248-0.848083j,0.000000
0.005411-0.002572j,-2.112728+2.580761j,-2.132527-0.851093j,0.000000
0.005408-0.002609j,-2.111206+2.578114j,-2.131810-0.854102j,0.000000
0.005404-0.002646j,-2.109684+2.575466j,-2.131095-0.857109j,0.000000
0.005400-0.002684j,-2.108164+2.572818j,-2.130384-0.860115j,0.000000
0.005396-0.002721j,-2.106644+2.570168j,-2.129675-0.863120j,0.000000
0.005392-0.002759j,-2.105124+2.567518j,-2.128970-0.866124j,0.000000
0.005387-0.002796j,-2.103606+2.564867j,-2.128268-0.869127j,0.000000
0.005382-0.002833j,-2.102088+2.562215j,-2.127570-0.872129j,0.000000
0.005377-0.002871j,-2.100571+2.559562j,-2.126874-0.875129j,0.000000
0.005372-0.002909j,-2.099055+2.556909j,-2.126181-0.878128j,0.000000
0.005366-0.002946j,-2.097539+2.554254j,-2.125492-0.881126j,0.000000
0.005360-0.002984j,-2.096023+2.551599j,-2.124805-0.884123j,0.000000
0.005354-0.003021j,-2.094509+2.548943j,-2.124122-0.887119j,0.000000
0.005348-0.003059j,-2.092995+2.546286j,-2.123441-0.890113j,0.000000
0.005341-0.003097j,-2.091481+2.543628j,-2.122764-0.893107j,0.000000
0.005334-0.003135j,-2.089969+2.540970j,-2.122090-0.896099j,0.000000
0.005327-0.003172j,-2.088456+2.538310j,-2.121418-0.899090j,0.000000
0.005319-0.003210j,-2.086945+2.535650j,-2.120750-0.902079j,0.000000
0.005312-0.003248j,-2.085434+2.532989j,-2.120084-0.905068j,0.000000
0.005304-0.003286j,-2.083923+2.530326j,-2.119422-0.908055j,0.000000
0.005295-0.003324j,-2.082413+2.527663j,-2.118762-0.911041j,0.000000
0.005287-0.003361j,-2.080904+2.525000j,-2.118106-0.914025j,0.000000
0.005278-0.003399j,-2.079394+2.522335j,-2.117452-0.917009j,0.000000
0.005269-0.003437j,-2.077886+2.519669j,-2.116801-0.919991j,0.000000
0.005260-0.003475j,-2.076378+2.517002j,-2.116153-0.922972j,0.000000
0.005250-0.003513j,-2.074870+2.514335j,-2.115508-0.925951j,0.000000
0.005241-0.003551j,-2.073363+2.511667j,-2.114866-0.928929j,0.000000
0.005231-0.003589j,-2.071857+2.508997j,-2.114227-0.931906j,0.000000
0.005220-0.003627j,-2.070351+2.506327j,-2.113590-0.934882j,0.000000
0.005210-0.003665j,-2.068845+2.503656j,-2.112956-0.937857j,0.000000
0.005199-0.003703j,-2.067339+2.500984j,-2.112325-0.940830j,0.000000
0.005188-0.003740j,-2.065835+2.498311j,-2.111697-0.943802j,0.000000
0.005176-0.003778j,-2.064330+2.495637j,-2.111072-0.946772j,0.000000
0.005165-0.003816j,-2.062826+2.492962j,-2.110449-0.949741j,0.000000
0.005153-0.003854j,-2.061322+2.490286j,-2.109829-0.952709j,0.000000
0.005140-0.003892j,-2.059819+2.487609j,-2.109212-0.955676j,0.000000
0.005128-0.003930j,-2.058316+2.484932j,-2.108598-0.958641j,0.000000
0.005115-0.003968j,-2.056813+2.482253j,-2.107986-0.961605j,0.000000
0.005102-0.004006j,-2.055311+2.479573j,-2.107377-0.964567j,0.000000
0.005089-0.004043j,-2.053809+2.476892j,-2.106771-0.967529j,0.000000
0.005075-0.004081j,-2.052307+2.474211j,-2.106167-0.970488j,0.000000
0.005062-0.004119j,-2.050806+2.471528j,-2.105566-0.973447j,0.000000
0.005048-0.004157j,-2.049305+2.468845j,-2.104968-0.976404j,0.000000
0.005033-0.004195j,-2.047804+2.466160j,-2.104372-0.979360j,0.000000
0.005019-0.004232j,-2.046304+2.463474j,-2.103779-0.982314j,0.000000
0.005004-0.004270j,-2.044803+2.460788j,-2.103188-0.985267j,0.000000
0.004989-0.004308j,-2.043303+2.458100j,-2.102600-0.988219j,0.000000
0.004973-0.004345j,-2.041804+2.455411j,-2.102015-0.991169j,0.000000
0.004958-0.004383j,-2.040304+2.452722j,-2.101432-0.994118j,0.000000
0.004942-0.004420j,-2.038805+2.450031j,-2.100852-0.997065j,0.000000
0.004925-0.004458j,-2.037306+2.447339j,-2.100274-1.000012j,0.000000
0.004909-0.004496j,-2.035807+2.444646j,-2.099699-1.002956j,0.000000
0.004892-0.004533j,-2.034308+2.441953j,-2.099126-1.005899j,0.000000
0.004875-0.004570j,-2.032810+2.439258j,-2.098555-1.008841j,0.000000
0.004858-0.004608j,-2.031311+2.436562j,-2.097988-1.011782j,0.000000
0.004840-0.004645j,-2.029813+2.433865j,-2.097422-1.014721j,0.000000
0.004822-0.004682j,-2.028315+2.431167j,-2.096859-1.017658j,0.000000
0.004804-0.004720j,-2.026818+2.428468j,-2.096299-1.020595j,0.000000
0.004786-0.004757j,-2.025320+2.425768j,-2.095740-1.023529j,0.000000
0.004767-0.004794j,-2.023822+2.423066j,-2.095185-1.026463j,0.000000
0.004748-0.004831j,-2.022325+2.420364j,-2.094631-1.029394j,0.000000
0.004729-0.004868j,-2.020827+2.417660j,-2.094080-1.032325j,0.000000
0.004710-0.004905j,-2.019330+2.414956j,-2.093532-1.035254j,0.000000
0.004690-0.004942j,-2.017833+2.412250j,-2.092986-1.038181j,0.000000
0.004670-0.004978j,-2.016336+2.409543j,-2.092442-1.041107j,0.000000
0.004650-0.005015j,-2.014839+2.406836j,-2.091900-1.044032j,0.000000
0.004629-0.005052j,-2.013342+2.404127j,-2.091361-1.046955j,0.000000
0.004608-0.005088j,-2.011845+2.401416j,-2.090824-1.049877j,0.000000
0.004587-0.005125j,-2.010348+2.398705j,-2.090289-1.052797j,0.000000
0.004566-0.005161j,-2.008851+2.395993j,-2.089756-1.055716j,0.000000
0.004544-0.005198j,-2.007354+2.393279j,-2.089226-1.058633j,0.000000
0.004522-0.005234j,-2.005857+2.390564j,-2.088698-1.061549j,0.000000
0.004500-0.005270j,-2.004361+2.387849j,-2.088172-1.064463j,0.000000
0.004478-0.005307j,-2.002864+2.385131j,-2.087649-1.067376j,0.000000
0.004455-0.005343j,-2.001367+2.382413j,-2.087128-1.070287j,0.000000
0.004432-0.005379j,-1.999870+2.379694j,-2.086608-1.073197j,0.000000
0.004409-0.005414j,-1.998373+2.376973j,-2.086091-1.076105j,0.000000
0.004385-0.005450j,-1.996876+2.374252j,-2.085576-1.079012j,0.000000
0.004361-0.005486j,-1.995379+2.371529j,-2.085064-1.081917j,0.000000
0.004337-0.005522j,-1.993882+2.368804j,-2.084553-1.084821j,0.000000
0.004313-0.005557j,-1.992384+2.366079j,-2.084045-1.087724j,0.000000
0.004288-0.005593j,-1.990887+2.363352j,-2.083538-1.090624j,0.000000
0.004264-0.005628j,-1.989390+2.360625j,-2.083034-1.093524j,0.000000
0.004239-0.005663j,-1.987892+2.357896j,-2.082532-1.096421j,0.000000
0.004213-0.005698j,-1.986395+2.355165j,-2.082032-1.099318j,0.000000
0.004187-0.005733j,-1.984897+2.352434j,-2.081533-1.102212j,0.000000
0.004162-0.005768j,-1.983399+2.349701j,-2.081037-1.105105j,0.000000
0.004135-0.005803j,-1.981901+2.346967j,-2.080543-1.107997j,0.000000
0.004109-0.005838j,-1.980403+2.344232j,-2.080051-1.110887j,0.000000
0.004082-0.005872j,-1.978904+2.341495j,-2.079561-1.113776j,0.000000
0.004055-0.005907j,-1.977406+2.338757j,-2.079073-1.116663j,0.000000
0.004028-0.005941j,-1.975907+2.336018j,-2.078587-1.119548j,0.000000
0.004001-0.005976j,-1.974408+2.333278j,-2.078103-1.122432j,0.000000
0.003973-0.006010j,-1.972909+2.330536j,-2.077620-1.125315j,0.000000
0.003945-0.006044j,-1.971409+2.327793j,-2.077140-1.128196j,0.000000
0.003916-0.006078j,-1.969910+2.325049j,-2.076662-1.131075j,0.000000
0.003888-0.006111j,-1.968410+2.322303j,-2.076185-1.133953j,0.000000
0.003859-0.006145j,-1.966910+2.319557j,-2.075711-1.136829j,0.000000
0.003830-0.006178j,-1.965409+2.316808j,-2.075238-1.139704j,0.000000
0.003801-0.006212j,-1.963909+2.314059j,-2.074767-1.142577j,0.000000
0.003771-0.006245j,-1.962408+2.311308j,-2.074298-1.145448j,0.000000
0.003741-0.006278j,-1.960907+2.308556j,-2.073831-1.148318j,0.000000
0.003711-0.006311j,-1.959405+2.305802j,-2.073365-1.151187j,0.000000
0.003681-0.006344j,-1.957903+2.303047j,-2.072902-1.154054j,0.000000
0.003650-0.006377j,-1.956401+2.300291j,-2.072440-1.156919j,0.000000
0.003619-0.006409j,-1.954899+2.297533j,-2.071980-1.159783j,0.000000
0.003588-0.006442j,-1.953396+2.294774j,-2.071522-1.162645j,0.000000
0.003557-0.006474j,-1.951893+2.292013j,-2.071065-1.165506j,0.000000
0.003525-0.006506j,-1.950390+2.289251j,-2.070611-1.168365j,0.000000
0.003493-0.006538j,-1.948886+2.286488j,-2.070158-1.171222j,0.000000
0.003461-0.006570j,-1.947382+2.283723j,-2.069706-1.174078j,0.000000
0.003429-0.006602j,-1.945877+2.280957j,-2.069257-1.176932j,0.000000
0.003396-0.006633j,-1.944372+2.278189j,-2.068809-1.179785j,0.000000
0.003363-0.006664j,-1.942867+2.275420j,-2.068363-1.182636j,0.000000
0.003330-0.006696j,-1.941361+2.272650j,-2.067918-1.185486j,0.000000
0.003297-0.006727j,-1.939855+2.269878j,-2.067475-1.188334j,0.000000
0.003263-0.006758j,-1.938348+2.267104j,-2.067034-1.191180j,0.000000
0.003229-0.006788j,-1.936841+2.264329j,-2.066594-1.194025j,0.000000
0.003195-0.006819j,-1.935334+2.261553j,-2.066156-1.196868j,0.000000
0.003160-0.006849j,-1.933826+2.258775j,-2.065720-1.199710j,0.000000
0.003126-0.006879j,-1.932317+2.255996j,-2.065285-1.202550j,0.000000
0.003091-0.006909j,-1.930809+2.253215j,-2.064852-1.205388j,0.000000
0.003056-0.006939j,-1.929299+2.250433j,-2.064420-1.208225j,0.000000
0.003020-0.006969j,-1.927789+2.247649j,-2.063990-1.211061j,0.000000
0.002985-0.006998j,-1.926279+2.244863j,-2.063561-1.213894j,0.000000
0.002949-0.007028j,-1.924768+2.242076j,-2.063134-1.216727j,0.000000
0.002913-0.007057j,-1.923257+2.239288j,-2.062709-1.219557j,0.000000
0.002876-0.007086j,-1.921745+2.236498j,-2.062285-1.222386j,0.000000
0.002840-0.007115j,-1.920232+2.233706j,-2.061862-1.225213j,0.000000
0.002803-0.007143j,-1.918719+2.230913j,-2.061441-1.228039j,0.000000
0.002766-0.007172j,-1.917205+2.228118j,-2.061021-1.230863j,0.000000
0.002729-0.007200j,-1.915691+2.225322j,-2.060603-1.233686j,0.000000
0.002691-0.007228j,-1.914176+2.222524j,-2.060187-1.236507j,0.000000
0.002653-0.007256j,-1.912661+2.219724j,-2.059771-1.239326j,0.000000
0.002615-0.007283j,-1.911145+2.216923j,-2.059357-1.242144j,0.000000
0.002577-0.007311j,-1.909628+2.214120j,-2.058945-1.244961j,0.000000
0.002539-0.007338j,-1.908111+2.211316j,-2.058534-1.247775j,0.000000
0.002500-0.007365j,-1.906593+2.208510j,-2.058124-1.250588j,0.000000
0.002461-0.007392j,-1.905074+2.205702j,-2.057716-1.253400j,0.000000
0.002422-0.007419j,-1.903555+2.202892j,-2.057309-1.256210j,0.000000
0.002383-0.007445j,-1.902035+2.200081j,-2.056903-1.259018j,0.000000
0.002343-0.007471j,-1.900514+2.197269j,-2.056499-1.261825j,0.000000
0.002303-0.007497j,-1.898993+2.194454j,-2.056096-1.264630j,0.000000
0.002263-0.007523j,-1.897471+2.191638j,-2.055694-1.267433j,0.000000
0.002223-0.007549j,-1.895948+2.188820j,-2.055294-1.270235j,0.000000
0.002182-0.007574j,-1.894425+2.186001j,-2.054895-1.273035j,0.000000
0.002142-0.007599j,-1.892901+2.183179j,-2.054497-1.275834j,0.000000
0.002101-0.007624j,-1.891376+2.180356j,-2.054100-1.278631j,0.000000
0.002059-0.007649j,-1.889850+2.177531j,-2.053705-1.281427j,0.000000
0.002018-0.007674j,-1.888324+2.174705j,-2.053311-1.284221j,0.000000
0.001976-0.007698j,-1.886797+2.171877j,-2.052918-1.287013j,0.000000
0.001935-0.007722j,-1.885269+2.169046j,-2.052526-1.289804j,0.000000
0.001893-0.007746j,-1.883740+2.166215j,-2.052136-1.292593j,0.000000
0.001850-0.007769j,-1.882210+2.163381j,-2.051747-1.295381j,0.000000
0.001808-0.007793j,-1.880680+2.160545j,-2.051358-1.298167j,0.000000
0.001765-0.007816j,-1.879149+2.157708j,-2.050972-1.300951j,0.000000
0.001722-0.007839j,-1.877616+2.154869j,-2.050586-1.303734j,0.000000
0.001679-0.007861j,-1.876083+2.152028j,-2.050201-1.306515j,0.000000
0.001636-0.007884j,-1.874550+2.149185j,-2.049818-1.309295j,0.000000
0.001593-0.007906j,-1.873015+2.146340j,-2.049435-1.312073j,0.000000
0.001549-0.007928j,-1.871479+2.143494j,-2.049054-1.314850j,0.000000
0.001505-0.007950j,-1.869943+2.140645j,-2.048674-1.317625j,0.000000
0.001461-0.007971j,-1.868405+2.137795j,-2.048295-1.320398j,0.000000
0.001417-0.007992j,-1.866867+2.134943j,-2.047917-1.323170j,0.000000
0.001372-0.008013j,-1.865328+2.132089j,-2.047540-1.325940j,0.000000
0.001328-0.008034j,-1.863788+2.129232j,-2.047164-1.328709j,0.000000
0.001283-0.008055j,-1.862247+2.126374j,-2.046789-1.331476j,0.000000
0.001238-0.008075j,-1.860704+2.123514j,-2.046415-1.334242j,0.000000
0.001192-0.008095j,-1.859161+2.120652j,-2.046043-1.337005j,0.000000
0.001147-0.008115j,-1.857617+2.117788j,-2.045671-1.339768j,0.000000
0.001101-0.008134j,-1.856072+2.114922j,-2.045300-1.342529j,0.000000
0.001055-0.008153j,-1.854526+2.112054j,-2.044930-1.345288j,0.000000
0.001009-0.008172j,-1.852979+2.109184j,-2.044561-1.348046j,0.000000
0.000963-0.008191j,-1.851431+2.106312j,-2.044194-1.350802j,0.000000
0.000917-0.008209j,-1.849882+2.103438j,-2.043827-1.353556j,0.000000
0.000870-0.008228j,-1.848331+2.100562j,-2.043461-1.356309j,0.000000
0.000823-0.008246j,-1.846780+2.097684j,-2.043096-1.359061j,0.000000
0.000776-0.008263j,-1.845228+2.094804j,-2.042732-1.361811j,0.000000
0.000729-0.008281j,-1.843674+2.091922j,-2.042368-1.364559j,0.000000
0.000682-0.008298j,-1.842119+2.089037j,-2.042006-1.367306j,0.000000
0.000635-0.008315j,-1.840564+2.086151j,-2.041645-1.370051j,0.000000
0.000587-0.008331j,-1.839007+2.083262j,-2.041284-1.372795j,0.000000
0.000539-0.008347j,-1.837449+2.080371j,-2.040925-1.375537j,0.000000
0.000491-0.008363j,-1.835890+2.077478j,-2.040566-1.378278j,0.000000
0.000443-0.008379j,-1.834329+2.074583j,-2.040208-1.381017j,0.000000
0.000395-0.008395j,-1.832768+2.071686j,-2.039851-1.383754j,0.000000
0.000346-0.008410j,-1.831205+2.068786j,-2.039495-1.386490j,0.000000
0.000298-0.008425j,-1.829641+2.065885j,-2.039139-1.389225j,0.000000
0.000249-0.008439j,-1.828076+2.062981j,-2.038785-1.391957j,0.000000
0.000200-0.008454j,-1.826509+2.060075j,-2.038431-1.394689j,0.000000
0.000151-0.008468j,-1.824941+2.057166j,-2.038078-1.397419j,0.000000
0.000101-0.008482j,-1.823373+2.054255j,-2.037725-1.400147j,0.000000
0.000052-0.008495j,-1.821802+2.051342j,-2.037374-1.402874j,0.000000
0.000002-0.008508j,-1.820231+2.048427j,-2.037023-1.405599j,0.000000
-0.000047-0.008521j,-1.818658+2.045510j,-2.036673-1.408323j,0.000000
-0.000097-0.008534j,-1.817084+2.042590j,-2.036324-1.411045j,0.000000
-0.000147-0.008546j,-1.815508+2.039667j,-2.035976-1.413766j,0.000000
-0.000197-0.008558j,-1.813931+2.036743j,-2.035628-1.416485j,0.000000
-0.000248-0.008570j,-1.812353+2.033816j,-2.035281-1.419203j,0.000000
-0.000298-0.008581j,-1.810774+2.030887j,-2.034934-1.421919j,0.000000
-0.000349-0.008592j,-1.809193+2.027955j,-2.034589-1.424633j,0.000000
-0.000400-0.008603j,-1.807610+2.025021j,-2.034244-1.427347j,0.000000
-0.000451-0.008614j,-1.806026+2.022084j,-2.033899-1.430058j,0.000000
-0.000502-0.008624j,-1.804441+2.019145j,-2.033556-1.432768j,0.000000
-0.000553-0.008634j,-1.802854+2.016203j,-2.033213-1.435477j,0.000000
-0.000604-0.008644j,-1.801266+2.013259j,-2.032870-1.438184j,0.000000
-0.000656-0.008653j,-1.799677+2.010313j,-2.032528-1.440890j,0.000000
-0.000707-0.008662j,-1.798085+2.007364j,-2.032187-1.443594j,0.000000
-0.000759-0.008671j,-1.796493+2.004412j,-2.031847-1.446297j,0.000000
-0.000811-0.008679j,-1.794899+2.001458j,-2.031507-1.448998j,0.000000
-0.000863-0.008687j,-1.793303+1.998501j,-2.031168-1.451698j,0.000000
-0.000915-0.008695j,-1.791706+1.995542j,-2.030829-1.454396j,0.000000
-0.000967-0.008703j,-1.790107+1.992580j,-2.030491-1.457093j,0.000000
-0.001019-0.008710j,-1.788506+1.989616j,-2.030153-1.459788j,0.000000
-0.001072-0.008717j,-1.786904+1.986648j,-2.029816-1.462482j,0.000000
-0.001124-0.008723j,-1.785301+1.983679j,-2.029480-1.465174j,0.000000
-0.001177-0.008729j,-1.783695+1.980706j,-2.029144-1.467865j,0.000000
-0.001230-0.008735j,-1.782088+1.977731j,-2.028808-1.470555j,0.000000
-0.001282-0.008741j,-1.780480+1.974753j,-2.028474-1.473243j,0.000000
-0.001335-0.008746j,-1.778869+1.971772j,-2.028139-1.475929j,0.000000
-0.001388-0.008751j,-1.777257+1.968789j,-2.027805-1.478614j,0.000000
-0.001442-0.008756j,-1.775644+1.965803j,-2.027472-1.481298j,0.000000
-0.001495-0.008760j,-1.774028+1.962814j,-2.027139-1.483980j,0.000000
-0.001548-0.008764j,-1.772411+1.959822j,-2.026807-1.486661j,0.000000
-0.001602-0.008767j,-1.770792+1.956827j,-2.026475-1.489340j,0.000000
-0.001655-0.008771j,-1.769171+1.953830j,-2.026143-1.492018j,0.000000
-0.001709-0.008774j,-1.767548+1.950829j,-2.025812-1.494695j,0.000000
-0.001763-0.008776j,-1.765924+1.947826j,-2.025482-1.497370j,0.000000
-0.001817-0.008779j,-1.764297+1.944820j,-2.025152-1.500043j,0.000000
-0.001871-0.008781j,-1.762669+1.941811j,-2.024822-1.502715j,0.000000
-0.001925-0.008782j,-1.761039+1.938799j,-2.024493-1.505386j,0.000000
-0.001979-0.008784j,-1.759407+1.935784j,-2.024164-1.508056j,0.000000
-0.002033-0.008785j,-1.757773+1.932765j,-2.023835-1.510723j,0.000000
-0.002087-0.008785j,-1.756137+1.929744j,-2.023507-1.513390j,0.000000
-0.002142-0.008786j,-1.754499+1.926720j,-2.023180-1.516055j,0.000000
-0.002196-0.008786j,-1.752859+1.923693j,-2.022852-1.518719j,0.000000
-0.002250-0.008785j,-1.751218+1.920662j,-2.022526-1.521381j,0.000000
-0.002305-0.008785j,-1.749574+1.917629j,-2.022199-1.524042j,0.000000
-0.002360-0.008784j,-1.747928+1.914592j,-2.021873-1.526701j,0.000000
-0.002414-0.008782j,-1.746280+1.911552j,-2.021547-1.529360j,0.000000
-0.002469-0.008781j,-1.744630+1.908509j,-2.021221-1.532016j,0.000000
-0.002524-0.008779j,-1.742977+1.905463j,-2.020896-1.534672j,0.000000
-0.002579-0.008776j,-1.741323+1.902414j,-2.020571-1.537326j,0.000000
-0.002634-0.008774j,-1.739666+1.899361j,-2.020247-1.539978j,0.000000
-0.002689-0.008771j,-1.738008+1.896305j,-2.019922-1.542629j,0.000000
-0.002744-0.008767j,-1.736347+1.893245j,-2.019598-1.545279j,0.000000
-0.002799-0.008763j,-1.734684+1.890182j,-2.019275-1.547928j,0.000000
-0.002854-0.008759j,-1.733018+1.887116j,-2.018951-1.550575j,0.000000
-0.002909-0.008755j,-1.731351+1.884047j,-2.018628-1.553221j,0.000000
-0.002965-0.008750j,-1.729681+1.880974j,-2.018305-1.555865j,0.000000
-0.003020-0.008745j,-1.728008+1.877897j,-2.017983-1.558508j,0.000000
-0.003075-0.008739j,-1.726334+1.874817j,-2.017661-1.561150j,0.000000
-0.003131-0.008734j,-1.724657+1.871733j,-2.017338-1.563790j,0.000000
-0.003186-0.008727j,-1.722977+1.868646j,-2.017017-1.566429j,0.000000
-0.003241-0.008721j,-1.721295+1.865556j,-2.016695-1.569067j,0.000000
-0.003297-0.008714j,-1.719611+1.862461j,-2.016374-1.571703j,0.000000
-0.003352-0.008707j,-1.717924+1.859363j,-2.016052-1.574338j,0.000000
-0.003408-0.008699j,-1.716235+1.856262j,-2.015731-1.576972j,0.000000
-0.003463-0.008691j,-1.714543+1.853156j,-2.015411-1.579604j,0.000000
-0.003519-0.008683j,-1.712849+1.850047j,-2.015090-1.582235j,0.000000
-0.003575-0.008674j,-1.711152+1.846934j,-2.014770-1.584865j,0.000000
-0.003630-0.008665j,-1.709452+1.843818j,-2.014449-1.587493j,0.000000
-0.003686-0.008656j,-1.707750+1.840697j,-2.014129-1.590121j,0.000000
-0.003742-0.008646j,-1.706045+1.837573j,-2.013809-1.592746j,0.000000
-0.003797-0.008636j,-1.704338+1.834444j,-2.013490-1.595371j,0.000000
-0.003853-0.008626j,-1.702627+1.831312j,-2.013170-1.597994j,0.000000
-0.003909-0.008615j,-1.700914+1.828176j,-2.012851-1.600616j,0.000000
-0.003964-0.008604j,-1.699198+1.825036j,-2.012531-1.603237j,0.000000
-0.004020-0.008593j,-1.697480+1.821891j,-2.012212-1.605856j,0.000000
-0.004076-0.008581j,-1.695758+1.818743j,-2.011893-1.608474j,0.000000
-0.004131-0.008569j,-1.694033+1.815590j,-2.011574-1.611091j,0.000000
-0.004187-0.008556j,-1.692306+1.812433j,-2.011255-1.613706j,0.000000
-0.004243-0.008543j,-1.690576+1.809272j,-2.010937-1.616321j,0.000000
-0.004298-0.008530j,-1.688842+1.806107j,-2.010618-1.618934j,0.000000
-0.004354-0.008516j,-1.687106+1.802938j,-2.010300-1.621545j,0.000000
-0.004410-0.008502j,-1.685367+1.799764j,-2.009981-1.624156j,0.000000
-0.004465-0.008488j,-1.683624+1.796586j,-2.009663-1.626765j,0.000000
-0.004521-0.008473j,-1.681878+1.793403j,-2.009344-1.629373j,0.000000
-0.004577-0.008458j,-1.680130+1.790216j,-2.009026-1.631980j,0.000000
-0.004632-0.008443j,-1.678378+1.787024j,-2.008708-1.634585j,0.000000
-0.004688-0.008427j,-1.676622+1.783828j,-2.008390-1.637189j,0.000000
-0.004743-0.008411j,-1.674864+1.780627j,-2.008072-1.639792j,0.000000
-0.004799-0.008394j,-1.673102+1.777422j,-2.007754-1.642394j,0.000000
-0.004854-0.008377j,-1.671337+1.774211j,-2.007436-1.644995j,0.000000
-0.004910-0.008360j,-1.669568+1.770997j,-2.007118-1.647594j,0.000000
-0.004965-0.008342j,-1.667796+1.767777j,-2.006800-1.650192j,0.000000
-0.005020-0.008324j,-1.666020+1.764552j,-2.006482-1.652789j,0.000000
-0.005076-0.008306j,-1.664241+1.761323j,-2.006164-1.655385j,0.000000
-0.005131-0.008287j,-1.662459+1.758089j,-2.005846-1.657979j,0.000000
-0.005186-0.008268j,-1.660672+1.754849j,-2.005528-1.660572j,0.000000
-0.005241-0.008249j,-1.658882+1.751605j,-2.005210-1.663165j,0.000000
-0.005297-0.008229j,-1.657089+1.748355j,-2.004892-1.665755j,0.000000
-0.005352-0.008209j,-1.655291+1.745101j,-2.004574-1.668345j,0.000000
-0.005407-0.008189j,-1.653490+1.741841j,-2.004256-1.670934j,0.000000
-0.005462-0.008168j,-1.651685+1.738575j,-2.003938-1.673521j,0.000000
-0.005516-0.008147j,-1.649876+1.735305j,-2.003620-1.676107j,0.000000
-0.005571-0.008125j,-1.648063+1.732029j,-2.003301-1.678692j,0.000000
-0.005626-0.008103j,-1.646246+1.728748j,-2.002983-1.681276j,0.000000
-0.005681-0.008081j,-1.644425+1.725461j,-2.002665-1.683858j,0.000000
-0.005735-0.008058j,-1.642600+1.722168j,-2.002347-1.686440j,0.000000
-0.005790-0.008035j,-1.640771+1.718870j,-2.002028-1.689020j,0.000000
-0.005845-0.008012j,-1.638937+1.715566j,-2.001710-1.691599j,0.000000
-0.005899-0.007988j,-1.637100+1.712256j,-2.001391-1.694177j,0.000000
-0.005953-0.007964j,-1.635257+1.708941j,-2.001072-1.696754j,0.000000
-0.006008-0.007939j,-1.633411+1.705619j,-2.000754-1.699330j,0.000000
-0.006062-0.007914j,-1.631560+1.702292j,-2.000435-1.701905j,0.000000
-0.006116-0.007889j,-1.629704+1.698959j,-2.000116-1.704478j,0.000000
-0.006170-0.007863j,-1.627844+1.695619j,-1.999797-1.707050j,0.000000
-0.006224-0.007838j,-1.625979+1.692273j,-1.999478-1.709621j,0.000000
-0.006278-0.007811j,-1.624110+1.688921j,-1.999158-1.712192j,0.000000
-0.006331-0.007785j,-1.622236+1.685562j,-1.998839-1.714761j,0.000000
-0.006385-0.007758j,-1.620357+1.682197j,-1.998519-1.717328j,0.000000
-0.006438-0.007730j,-1.618473+1.678826j,-1.998200-1.719895j,0.000000
-0.006492-0.007702j,-1.616584+1.675447j,-1.997880-1.722461j,0.000000
-0.006545-0.007674j,-1.614689+1.672062j,-1.997560-1.725025j,0.000000
-0.006598-0.007646j,-1.612790+1.668671j,-1.997240-1.727589j,0.000000
-0.006652-0.007617j,-1.610886+1.665272j,-1.996919-1.730151j,0.000000
-0.006705-0.007588j,-1.608976+1.661866j,-1.996599-1.732712j,0.000000
-0.006757-0.007558j,-1.607061+1.658453j,-1.996278-1.735272j,0.000000
-0.006810-0.007528j,-1.605140+1.655033j,-1.995957-1.737831j,0.000000
-0.006863-0.007498j,-1.603214+1.651606j,-1.995636-1.740389j,0.000000
-0.006915-0.007467j,-1.601282+1.648171j,-1.995315-1.742946j,0.000000
-0.006968-0.007436j,-1.599345+1.644729j,-1.994994-1.745502j,0.000000
-0.007020-0.007405j,-1.597401+1.641279j,-1.994672-1.748057j,0.000000
-0.007072-0.007373j,-1.595452+1.637822j,-1.994351-1.750611j,0.000000
-0.007124-0.007341j,-1.593497+1.634356j,-1.994029-1.753164j,0.000000
-0.007176-0.007309j,-1.591535+1.630883j,-1.993707-1.755715j,0.000000
-0.007228-0.007276j,-1.589567+1.627402j,-1.993384-1.758266j,0.000000
-0.007279-0.007243j,-1.587593+1.623912j,-1.993062-1.760815j,0.000000
-0.007331-0.007210j,-1.585613+1.620414j,-1.992739-1.763364j,0.000000
-0.007382-0.007176j,-1.583626+1.616908j,-1.992416-1.765911j,0.000000
-0.007433-0.007142j,-1.581633+1.613393j,-1.992093-1.768458j,0.000000
-0.007484-0.007107j,-1.579632+1.609869j,-1.991769-1.771003j,0.000000
-0.007535-0.007072j,-1.577625+1.606336j,-1.991446-1.773548j,0.000000
-0.007586-0.007037j,-1.575611+1.602795j,-1.991122-1.776091j,0.000000
-0.007637-0.007001j,-1.573590+1.599244j,-1.990797-1.778633j,0.000000
-0.007687-0.006965j,-1.571561+1.595684j,-1.990473-1.781175j,0.000000
-0.007737-0.006929j,-1.569525+1.592114j,-1.990148-1.783715j,0.000000
-0.007787-0.006892j,-1.567481+1.588535j,-1.989823-1.786254j,0.000000
-0.007837-0.006855j,-1.565430+1.584946j,-1.989498-1.788793j,0.000000
-0.007887-0.006818j,-1.563371+1.581347j,-1.989173-1.791330j,0.000000
-0.007937-0.006780j,-1.561304+1.577737j,-1.988847-1.793866j,0.000000
-0.007986-0.006742j,-1.559229+1.574118j,-1.988521-1.796402j,0.000000
-0.008035-0.006704j,-1.557146+1.570488j,-1.988194-1.798936j,0.000000
-0.008084-0.006665j,-1.555054+1.566847j,-1.987868-1.801470j,0.000000
-0.008133-0.006626j,-1.552954+1.563195j,-1.987541-1.804002j,0.000000
-0.008182-0.006587j,-1.550845+1.559532j,-1.987214-1.806533j,0.000000
-0.008230-0.006547j,-1.548727+1.555858j,-1.986886-1.809064j,0.000000
-0.008279-0.006507j,-1.546599+1.552172j,-1.986558-1.811594j,0.000000
-0.008327-0.006466j,-1.544463+1.548474j,-1.986230-1.814122j,0.000000
-0.008375-0.006426j,-1.542317+1.544765j,-1.985902-1.816650j,0.000000
-0.008423-0.006385j,-1.540161+1.541043j,-1.985573-1.819176j,0.000000
-0.008470-0.006343j,-1.537995+1.537308j,-1.985244-1.821702j,0.000000
-0.008518-0.006301j,-1.535819+1.533561j,-1.984914-1.824227j,0.000000
-0.008565-0.006259j,-1.533632+1.529800j,-1.984585-1.826751j,0.000000
-0.008612-0.006217j,-1.531435+1.526026j,-1.984255-1.829274j,0.000000
-0.008658-0.006174j,-1.529227+1.522239j,-1.983924-1.831796j,0.000000
-0.008705-0.006131j,-1.527008+1.518438j,-1.983593-1.834317j,0.000000
-0.008751-0.006087j,-1.524778+1.514622j,-1.983262-1.836837j,0.000000
-0.008797-0.006043j,-1.522535+1.510792j,-1.982931-1.839356j,0.000000
-0.008843-0.005999j,-1.520281+1.506946j,-1.982599-1.841875j,0.000000
-0.008889-0.005955j,-1.518015+1.503086j,-1.982267-1.844392j,0.000000
-0.008935-0.005910j,-1.515736+1.499210j,-1.981934-1.846909j,0.000000
-0.008980-0.005865j,-1.513444+1.495317j,-1.981602-1.849424j,0.000000
-0.009025-0.005819j,-1.511139+1.491409j,-1.981268-1.851939j,0.000000
-0.009070-0.005774j,-1.508820+1.487483j,-1.980935-1.854453j,0.000000
-0.009114-0.005727j,-1.506488+1.483540j,-1.980601-1.856966j,0.000000
-0.009159-0.005681j,-1.504141+1.479579j,-1.980266-1.859478j,0.000000
-0.009203-0.005634j,-1.501779+1.475601j,-1.979932-1.861989j,0.000000
-0.009247-0.005587j,-1.499402+1.471603j,-1.979597-1.864499j,0.000000
-0.009290-0.005540j,-1.497010+1.467586j,-1.979261-1.867009j,0.000000
-0.009334-0.005492j,-1.494602+1.463550j,-1.978925-1.869517j,0.000000
-0.009377-0.005444j,-1.492177+1.459493j,-1.978589-1.872025j,0.000000
-0.009420-0.005396j,-1.489735+1.455415j,-1.978252-1.874532j,0.000000
-0.009463-0.005347j,-1.487276+1.451315j,-1.977915-1.877038j,0.000000
-0.009505-0.005298j,-1.484799+1.447193j,-1.977578-1.879543j,0.000000
-0.009547-0.005249j,-1.482303+1.443048j,-1.977240-1.882047j,0.000000
-0.009589-0.005199j,-1.479787+1.438880j,-1.976901-1.884551j,0.000000
-0.009631-0.005149j,-1.477252+1.434687j,-1.976563-1.887053j,0.000000
-0.009672-0.005099j,-1.474697+1.430469j,-1.976223-1.889555j,0.000000
-0.009714-0.005048j,-1.472120+1.426225j,-1.975884-1.892056j,0.000000
-0.009754-0.004998j,-1.469521+1.421953j,-1.975544-1.894556j,0.000000
-0.009795-0.004946j,-1.466899+1.417654j,-1.975203-1.897055j,0.000000
-0.009836-0.004895j,-1.464254+1.413326j,-1.974862-1.899554j,0.000000
-0.009876-0.004843j,-1.461584+1.408967j,-1.974521-1.902051j,0.000000
-0.009915-0.004791j,-1.458888+1.404578j,-1.974179-1.904548j,0.000000
-0.009955-0.004739j,-1.456166+1.400155j,-1.973837-1.907044j,0.000000
-0.009994-0.004686j,-1.453417+1.395699j,-1.973495-1.909539j,0.000000
-0.010033-0.004633j,-1.450638+1.391208j,-1.973152-1.912034j,0.000000
-0.010072-0.004580j,-1.447830+1.386680j,-1.972808-1.914527j,0.000000
-0.010111-0.004526j,-1.444990+1.382114j,-1.972464-1.917020j,0.000000
-0.010149-0.004472j,-1.442117+1.377507j,-1.972120-1.919512j,0.000000
-0.010187-0.004418j,-1.439210+1.372859j,-1.971775-1.922004j,0.000000
-0.010224-0.004364j,-1.436267+1.368167j,-1.971429-1.924494j,0.000000
-0.010262-0.004309j,-1.433286+1.363428j,-1.971083-1.926984j,0.000000
-0.010299-0.004254j,-1.430266+1.358641j,-1.970737-1.929473j,0.000000
-0.010335-0.004199j,-1.427203+1.353803j,-1.970390-1.931961j,0.000000
-0.010372-0.004143j,-1.424097+1.348911j,-1.970043-1.934448j,0.000000
-0.010408-0.004087j,-1.420943+1.343962j,-1.969695-1.936935j,0.000000
-0.010444-0.004031j,-1.417741+1.338953j,-1.969347-1.939421j,0.000000
-0.010479-0.003975j,-1.414485+1.333879j,-1.968999-1.941906j,0.000000
-0.010515-0.003918j,-1.411174+1.328738j,-1.968649-1.944390j,0.000000
-0.010550-0.003861j,-1.407803+1.323523j,-1.968300-1.946874j,0.000000
-0.010584-0.003804j,-1.404368+1.318231j,-1.967950-1.949357j,0.000000
-0.010619-0.003746j,-1.400864+1.312855j,-1.967599-1.951839j,0.000000
-0.010653-0.003689j,-1.397287+1.307388j,-1.967248-1.954320j,0.000000
-0.010686-0.003631j,-1.393629+1.301825j,-1.966896-1.956801j,0.000000
-0.010720-0.003572j,-1.389885+1.296155j,-1.966544-1.959281j,0.000000
-0.010753-0.003514j,-1.386046+1.290370j,-1.966191-1.961760j,0.000000
-0.010786-0.003455j,-1.382104+1.284459j,-1.965838-1.964238j,0.000000
-0.010818-0.003396j,-1.378047+1.278407j,-1.965484-1.966716j,0.000000
-0.010850-0.003336j,-1.373863+1.272201j,-1.965130-1.969193j,0.000000
-0.010882-0.003277j,-1.369537+1.265821j,-1.964775-1.971669j,0.000000
-0.010913-0.003217j,-1.365050+1.259244j,-1.964420-1.974145j,0.000000
-0.010944-0.003157j,-1.360380+1.252444j,-1.964064-1.976620j,0.000000
-0.010975-0.003096j,-1.355499+1.245384j,-1.963708-1.979094j,0.000000
-0.011006-0.003036j,-1.350369+1.238021j,-1.963351-1.981568j,0.000000
-0.011036-0.002975j,-1.344942+1.230293j,-1.962994-1.984041j,0.000000
-0.011066-0.002913j,-1.339151+1.222120j,-1.962636-1.986513j,0.000000
-0.011095-0.002852j,-1.332901+1.213383j,-1.962278-1.988984j,0.000000
-0.011124-0.002790j,-1.326043+1.203900j,-1.961919-1.991455j,0.000000
-0.011153-0.002729j,-1.318330+1.193365j,-1.961559-1.993925j,0.000000
-0.011181-0.002666j,-1.309276+1.181181j,-1.961199-1.996395j,0.000000
-0.011209-0.002604j,-1.297629+1.165805j,-1.960839-1.998863j,0.000000
-0.011237-0.002541j,-1.270209+1.130975j,-1.960478-2.001332j,0.000000
