2.216000+0.000000j,0.069525-0.032322j,0.069525+6.250863j,0.000000
2.216000+0.000000j,0.069525-0.032322j,0.069525+6.250863j,0.000000
2.216000-0.000000j,0.069525-0.032322j,0.069525+6.250863j,0.000000
2.216000-0.000000j,0.069525-0.032322j,0.069525+6.250863j,0.000000
2.216000-0.000000j,0.069525-0.032322j,0.069525+6.250863j,0.000000
2.216000-0.000000j,0.069525-0.032322j,0.069525+6.250863j,0.000000
2.216000-0.000000j,0.069525-0.032322j,0.069525+6.250863j,0.000000
2.216000-0.000000j,0.069525-0.032322j,0.069525+6.250863j,0.000000
2.216000-0.000000j,0.069525-0.032322j,0.069525+6.250863j,0.000001
2.216002-0.000000j,0.069525-0.032322j,0.069525+6.250863j,0.000005
2.216008-0.000000j,0.069525-0.032322j,0.069525+6.250863j,0.000022
2.216034-0.000000j,0.069526-0.032322j,0.069526+6.250863j,0.000097
2.216154-0.000000j,0.069526-0.032322j,0.069526+6.250863j,0.000438
2.216695-0.000000j,0.069529-0.032322j,0.069529+6.250864j,0.001970
2.219129-0.000000j,0.069543-0.032320j,0.069543+6.250866j,0.008861
2.230115-0.000000j,0.069603-0.032310j,0.069603+6.250875j,0.039813
2.259474-0.000000j,0.069761-0.032286j,0.069761+6.250899j,0.121455
2.289219-0.000000j,0.069920-0.032261j,0.069920+6.250924j,0.203096
2.319356-0.000001j,0.070078-0.032236j,0.070078+6.250950j,0.284737
2.349889-0.000001j,0.070237-0.032210j,0.070237+6.250975j,0.366378
2.380825-0.000001j,0.070395-0.032184j,0.070395+6.251001j,0.448020
2.412167-0.000001j,0.070552-0.032158j,0.070552+6.251027j,0.529661
2.443923-0.000002j,0.070710-0.032131j,0.070710+6.251054j,0.611302
2.476096-0.000002j,0.070868-0.032105j,0.070868+6.251081j,0.692943
2.508693-0.000002j,0.071025-0.032077j,0.071025+6.251108j,0.774584
2.541719-0.000002j,0.071182-0.032050j,0.071182+6.251136j,0.856226
2.575180-0.000002j,0.071339-0.032022j,0.071339+6.251164j,0.937867
2.609081-0.000003j,0.071496-0.031994j,0.071496+6.251192j,1.019508
2.643429-0.000003j,0.071652-0.031965j,0.071652+6.251220j,1.101149
2.678229-0.000003j,0.071808-0.031936j,0.071808+6.251249j,1.182790
2.713487-0.000003j,0.071965-0.031907j,0.071965+6.251279j,1.264432
2.749209-0.000004j,0.072120-0.031877j,0.072120+6.251308j,1.346073
2.785401-0.000004j,0.072276-0.031847j,0.072276+6.251338j,1.427714
2.822070-0.000004j,0.072432-0.031817j,0.072432+6.251368j,1.509355
2.859222-0.000005j,0.072587-0.031787j,0.072587+6.251399j,1.590997
2.896862-0.000005j,0.072742-0.031756j,0.072742+6.251430j,1.672638
2.934999-0.000005j,0.072897-0.031725j,0.072897+6.251461j,1.754279
2.973637-0.000006j,0.073051-0.031693j,0.073051+6.251492j,1.835920
3.012784-0.000006j,0.073206-0.031661j,0.073206+6.251524j,1.917561
3.052446-0.000006j,0.073360-0.031629j,0.073360+6.251556j,1.999203
3.092631-0.000007j,0.073514-0.031597j,0.073514+6.251589j,2.080844
3.133344-0.000007j,0.073668-0.031564j,0.073668+6.251621j,2.162485
3.174593-0.000007j,0.073821-0.031531j,0.073821+6.251654j,2.244126
3.216386-0.000008j,0.073974-0.031498j,0.073974+6.251688j,2.325767
3.258728-0.000008j,0.074127-0.031464j,0.074127+6.251721j,2.407409
3.301629-0.000008j,0.074280-0.031430j,0.074280+6.251755j,2.489050
3.345093-0.000009j,0.074433-0.031396j,0.074433+6.251790j,2.570691
3.389130-0.000009j,0.074585-0.031361j,0.074585+6.251824j,2.652332
3.433747-0.000010j,0.074737-0.031326j,0.074737+6.251859j,2.733974
3.478951-0.000010j,0.074889-0.031291j,0.074889+6.251894j,2.815615
3.524750-0.000010j,0.075040-0.031256j,0.075040+6.251930j,2.897256
3.571153-0.000011j,0.075192-0.031220j,0.075192+6.251966j,2.978897
3.618166-0.000011j,0.075343-0.031184j,0.075343+6.252002j,3.060538
3.665797-0.000012j,0.075494-0.031147j,0.075494+6.252038j,3.142180
3.714056-0.000012j,0.075644-0.031111j,0.075644+6.252075j,3.223821
3.762951-0.000013j,0.075794-0.031074j,0.075794+6.252112j,3.305462
3.812489-0.000013j,0.075945-0.031036j,0.075945+6.252149j,3.387103
3.862679-0.000014j,0.076094-0.030999j,0.076094+6.252186j,3.468744
3.913530-0.000014j,0.076244-0.030961j,0.076244+6.252224j,3.550386
3.965050-0.000015j,0.076393-0.030923j,0.076393+6.252262j,3.632027
4.017248-0.000015j,0.076542-0.030885j,0.076542+6.252301j,3.713668
4.070134-0.000016j,0.076691-0.030846j,0.076691+6.252339j,3.795309
4.123716-0.000016j,0.076839-0.030807j,0.076839+6.252378j,3.876951
4.178003-0.000017j,0.076988-0.030768j,0.076988+6.252417j,3.958592
4.233005-0.000017j,0.077135-0.030728j,0.077135+6.252457j,4.040233
4.288731-0.000018j,0.077283-0.030689j,0.077283+6.252497j,4.121874
4.345191-0.000019j,0.077431-0.030649j,0.077431+6.252537j,4.203515
4.402394-0.000019j,0.077578-0.030608j,0.077578+6.252577j,4.285157
4.460350-0.000020j,0.077724-0.030568j,0.077724+6.252618j,4.366798
4.519069-0.000020j,0.077871-0.030527j,0.077871+6.252658j,4.448439
4.578561-0.000021j,0.078017-0.030486j,0.078017+6.252699j,4.530080
4.638836-0.000022j,0.078163-0.030444j,0.078163+6.252741j,4.611722
4.699905-0.000022j,0.078309-0.030403j,0.078309+6.252782j,4.693363
4.761778-0.000023j,0.078454-0.030361j,0.078454+6.252824j,4.775004
4.824465-0.000024j,0.078599-0.030319j,0.078599+6.252866j,4.856645
4.887977-0.000024j,0.078744-0.030276j,0.078744+6.252909j,4.938286
4.911004-0.000025j,0.078796-0.030261j,0.078796+6.252924j,4.967747
4.911004-0.000025j,0.078796-0.030261j,0.078796+6.252924j,4.967747
4.911004-0.000025j,0.078796-0.030261j,0.078796+6.252924j,4.967747
4.911004-0.000025j,0.078796-0.030261j,0.078796+6.252924j,4.967747
4.911004-0.000025j,0.078796-0.030261j,0.078796+6.252924j,4.967747
4.911004-0.000025j,0.078796-0.030261j,0.078796+6.252924j,4.967747
4.911004-0.000025j,0.078796-0.030261j,0.078796+6.252924j,4.967748
4.911005-0.000025j,0.078796-0.030261j,0.078796+6.252924j,4.967748
4.911005-0.000025j,0.078796-0.030261j,0.078796+6.252924j,4.967749
4.911008-0.000025j,0.078796-0.030261j,0.078796+6.252924j,4.967752
4.911021-0.000025j,0.078796-0.030261j,0.078796+6.252924j,4.967769
4.911080-0.000025j,0.078796-0.030261j,0.078796+6.252924j,4.967845
4.911347-0.000025j,0.078797-0.030261j,0.078797+6.252924j,4.968185
4.912544-0.000025j,0.078800-0.030260j,0.078800+6.252925j,4.969717
4.917939-0.000025j,0.078812-0.030257j,0.078812+6.252929j,4.976609
4.942285-0.000025j,0.078866-0.030240j,0.078866+6.252945j,5.007561
5.004957-0.000026j,0.079005-0.030199j,0.079005+6.252986j,5.086238
5.068423-0.000027j,0.079144-0.030158j,0.079144+6.253028j,5.164916
5.132694-0.000027j,0.079283-0.030116j,0.079283+6.253069j,5.243593
5.197780-0.000028j,0.079421-0.030074j,0.079421+6.253111j,5.322271
5.263692-0.000029j,0.079559-0.030032j,0.079559+6.253154j,5.400948
5.330439-0.000030j,0.079697-0.029989j,0.079697+6.253196j,5.479626
5.398032-0.000030j,0.079834-0.029947j,0.079834+6.253239j,5.558303
5.466483-0.000031j,0.079971-0.029904j,0.079971+6.253282j,5.636980
5.535802-0.000032j,0.080108-0.029861j,0.080108+6.253325j,5.715658
5.606000-0.000033j,0.080244-0.029817j,0.080244+6.253368j,5.794335
5.677088-0.000034j,0.080381-0.029774j,0.080381+6.253412j,5.873013
5.749077-0.000035j,0.080517-0.029730j,0.080517+6.253455j,5.951690
5.821979-0.000036j,0.080652-0.029686j,0.080652+6.253499j,6.030367
5.895806-0.000037j,0.080788-0.029642j,0.080788+6.253544j,6.109045
5.970569-0.000037j,0.080923-0.029597j,0.080923+6.253588j,6.187722
6.046280-0.000038j,0.081058-0.029553j,0.081058+6.253633j,6.266400
6.122951-0.000039j,0.081192-0.029508j,0.081192+6.253677j,6.345077
6.200594-0.000040j,0.081326-0.029463j,0.081326+6.253722j,6.423755
6.279222-0.000041j,0.081460-0.029418j,0.081460+6.253768j,6.502432
6.358847-0.000042j,0.081594-0.029372j,0.081594+6.253813j,6.581109
6.439481-0.000043j,0.081727-0.029327j,0.081727+6.253859j,6.659787
6.521138-0.000045j,0.081860-0.029281j,0.081860+6.253905j,6.738464
6.603831-0.000046j,0.081993-0.029235j,0.081993+6.253951j,6.817142
6.687572-0.000047j,0.082125-0.029188j,0.082125+6.253997j,6.895819
6.772375-0.000048j,0.082258-0.029142j,0.082258+6.254043j,6.974497
6.858253-0.000049j,0.082389-0.029095j,0.082389+6.254090j,7.053174
6.945221-0.000050j,0.082521-0.029049j,0.082521+6.254137j,7.131851
7.033291-0.000051j,0.082652-0.029002j,0.082652+6.254184j,7.210529
7.122478-0.000053j,0.082783-0.028954j,0.082783+6.254231j,7.289206
7.212796-0.000054j,0.082914-0.028907j,0.082914+6.254278j,7.367884
7.304259-0.000055j,0.083044-0.028859j,0.083044+6.254326j,7.446561
7.396882-0.000056j,0.083174-0.028812j,0.083174+6.254374j,7.525239
7.490680-0.000058j,0.083304-0.028764j,0.083304+6.254422j,7.603916
7.585667-0.000059j,0.083433-0.028716j,0.083433+6.254470j,7.682593
7.681858-0.000060j,0.083562-0.028667j,0.083562+6.254518j,7.761271
7.779269-0.000062j,0.083691-0.028619j,0.083691+6.254566j,7.839948
7.877916-0.000063j,0.083820-0.028570j,0.083820+6.254615j,7.918626
7.977813-0.000065j,0.083948-0.028522j,0.083948+6.254664j,7.997303
8.078977-0.000066j,0.084076-0.028473j,0.084076+6.254713j,8.075981
8.181424-0.000068j,0.084203-0.028423j,0.084203+6.254762j,8.154658
8.285170-0.000069j,0.084331-0.028374j,0.084331+6.254811j,8.233335
8.390232-0.000071j,0.084457-0.028325j,0.084457+6.254861j,8.312013
8.496626-0.000072j,0.084584-0.028275j,0.084584+6.254910j,8.390690
8.604369-0.000074j,0.084710-0.028225j,0.084710+6.254960j,8.469368
8.713478-0.000075j,0.084836-0.028175j,0.084836+6.255010j,8.548045
8.823971-0.000077j,0.084962-0.028125j,0.084962+6.255060j,8.626723
8.935865-0.000079j,0.085087-0.028075j,0.085087+6.255111j,8.705400
9.049178-0.000081j,0.085212-0.028024j,0.085212+6.255161j,8.784077
9.163928-0.000082j,0.085337-0.027974j,0.085337+6.255212j,8.862755
9.280133-0.000084j,0.085461-0.027923j,0.085461+6.255262j,8.941432
9.397811-0.000086j,0.085585-0.027872j,0.085585+6.255313j,9.020110
9.516982-0.000088j,0.085709-0.027821j,0.085709+6.255364j,9.098787
9.637664-0.000090j,0.085833-0.027770j,0.085833+6.255415j,9.177465
9.759876-0.000092j,0.085956-0.027718j,0.085956+6.255467j,9.256142
9.883638-0.000093j,0.086078-0.027667j,0.086078+6.255518j,9.334819
10.008969-0.000095j,0.086201-0.027615j,0.086201+6.255570j,9.413497
10.135890-0.000097j,0.086323-0.027564j,0.086323+6.255622j,9.492174
10.264420-0.000100j,0.086445-0.027512j,0.086445+6.255674j,9.570852
10.394580-0.000102j,0.086566-0.027460j,0.086566+6.255726j,9.649529
10.526390-0.000104j,0.086687-0.027408j,0.086687+6.255778j,9.728207
10.659872-0.000106j,0.086808-0.027355j,0.086808+6.255830j,9.806884
10.795047-0.000108j,0.086929-0.027303j,0.086929+6.255883j,9.885561
10.883558-0.000110j,0.087007-0.027269j,0.087007+6.255917j,9.936660
10.883558-0.000110j,0.087007-0.027269j,0.087007+6.255917j,9.936660
10.883558-0.000110j,0.087007-0.027269j,0.087007+6.255917j,9.936660
10.883558-0.000110j,0.087007-0.027269j,0.087007+6.255917j,9.936660
10.883558-0.000110j,0.087007-0.027269j,0.087007+6.255917j,9.936660
10.883558-0.000110j,0.087007-0.027269j,0.087007+6.255917j,9.936660
10.883558-0.000110j,0.087007-0.027269j,0.087007+6.255917j,9.936660
10.883558-0.000110j,0.087007-0.027269j,0.087007+6.255917j,9.936660
10.883560-0.000110j,0.087007-0.027269j,0.087007+6.255917j,9.936661
10.883566-0.000110j,0.087007-0.027269j,0.087007+6.255917j,9.936665
10.883595-0.000110j,0.087007-0.027269j,0.087007+6.255917j,9.936681
10.883726-0.000110j,0.087007-0.027269j,0.087007+6.255917j,9.936757
10.884316-0.000110j,0.087007-0.027268j,0.087007+6.255917j,9.937098
10.886971-0.000110j,0.087010-0.027267j,0.087010+6.255918j,9.938630
10.898925-0.000110j,0.087020-0.027263j,0.087020+6.255922j,9.945521
10.952881-0.000111j,0.087067-0.027242j,0.087067+6.255943j,9.976473
11.089086-0.000113j,0.087185-0.027190j,0.087185+6.255995j,10.053648
11.226985-0.000115j,0.087302-0.027139j,0.087302+6.256047j,10.130824
11.366599-0.000118j,0.087419-0.027087j,0.087419+6.256099j,10.207999
11.507948-0.000120j,0.087535-0.027035j,0.087535+6.256151j,10.285174
11.651056-0.000122j,0.087651-0.026982j,0.087651+6.256203j,10.362349
11.795943-0.000125j,0.087767-0.026930j,0.087767+6.256255j,10.439524
11.942632-0.000127j,0.087883-0.026878j,0.087883+6.256308j,10.516699
12.091145-0.000130j,0.087998-0.026825j,0.087998+6.256360j,10.593874
12.241505-0.000132j,0.088113-0.026773j,0.088113+6.256413j,10.671049
12.393735-0.000135j,0.088228-0.026720j,0.088228+6.256465j,10.748224
12.547858-0.000138j,0.088342-0.026667j,0.088342+6.256518j,10.825400
12.703897-0.000140j,0.088456-0.026614j,0.088456+6.256571j,10.902575
12.861877-0.000143j,0.088570-0.026561j,0.088570+6.256624j,10.979750
13.021822-0.000146j,0.088683-0.026508j,0.088683+6.256677j,11.056925
13.183755-0.000149j,0.088796-0.026455j,0.088796+6.256731j,11.134100
13.347702-0.000152j,0.088909-0.026401j,0.088909+6.256784j,11.211275
13.513688-0.000155j,0.089021-0.026348j,0.089021+6.256838j,11.288450
13.681739-0.000158j,0.089133-0.026294j,0.089133+6.256891j,11.365625
13.851878-0.000161j,0.089245-0.026241j,0.089245+6.256945j,11.442801
14.024134-0.000164j,0.089356-0.026187j,0.089356+6.256998j,11.519976
14.198532-0.000167j,0.089467-0.026133j,0.089467+6.257052j,11.597151
14.375098-0.000170j,0.089578-0.026079j,0.089578+6.257106j,11.674326
14.553861-0.000173j,0.089689-0.026025j,0.089689+6.257160j,11.751501
14.734846-0.000177j,0.089799-0.025971j,0.089799+6.257214j,11.828676
14.918082-0.000180j,0.089909-0.025917j,0.089909+6.257269j,11.905851
15.103596-0.000183j,0.090018-0.025862j,0.090018+6.257323j,11.983026
15.291418-0.000187j,0.090127-0.025808j,0.090127+6.257377j,12.060202
15.481575-0.000190j,0.090236-0.025754j,0.090236+6.257432j,12.137377
15.674096-0.000194j,0.090345-0.025699j,0.090345+6.257486j,12.214552
15.869012-0.000198j,0.090453-0.025645j,0.090453+6.257541j,12.291727
16.066352-0.000201j,0.090561-0.025590j,0.090561+6.257595j,12.368902
16.266146-0.000205j,0.090668-0.025535j,0.090668+6.257650j,12.446077
16.468424-0.000209j,0.090775-0.025480j,0.090775+6.257705j,12.523252
16.673218-0.000213j,0.090882-0.025425j,0.090882+6.257760j,12.600427
16.880559-0.000217j,0.090989-0.025371j,0.090989+6.257815j,12.677603
17.090478-0.000221j,0.091095-0.025315j,0.091095+6.257870j,12.754778
17.303007-0.000225j,0.091201-0.025260j,0.091201+6.257925j,12.831953
17.518180-0.000229j,0.091307-0.025205j,0.091307+6.257980j,12.909128
17.736028-0.000233j,0.091412-0.025150j,0.091412+6.258035j,12.986303
17.956585-0.000238j,0.091517-0.025095j,0.091517+6.258091j,13.063478
18.179885-0.000242j,0.091622-0.025039j,0.091622+6.258146j,13.140653
18.405962-0.000247j,0.091726-0.024984j,0.091726+6.258201j,13.217828
18.634850-0.000251j,0.091830-0.024928j,0.091830+6.258257j,13.295004
18.866584-0.000256j,0.091934-0.024873j,0.091934+6.258312j,13.372179
19.101201-0.000260j,0.092037-0.024817j,0.092037+6.258368j,13.449354
19.338734-0.000265j,0.092140-0.024762j,0.092140+6.258424j,13.526529
19.579222-0.000270j,0.092243-0.024706j,0.092243+6.258479j,13.603704
19.822701-0.000275j,0.092345-0.024650j,0.092345+6.258535j,13.680879
20.069207-0.000280j,0.092447-0.024594j,0.092447+6.258591j,13.758054
20.318778-0.000285j,0.092549-0.024539j,0.092549+6.258647j,13.835229
20.571453-0.000290j,0.092650-0.024483j,0.092650+6.258703j,13.912405
20.827270-0.000295j,0.092751-0.024427j,0.092751+6.258758j,13.989580
21.086269-0.000301j,0.092852-0.024371j,0.092852+6.258814j,14.066755
21.348488-0.000306j,0.092952-0.024315j,0.092952+6.258870j,14.143930
21.613968-0.000311j,0.093053-0.024259j,0.093053+6.258927j,14.221105
21.882750-0.000317j,0.093152-0.024203j,0.093152+6.258983j,14.298280
22.154874-0.000323j,0.093252-0.024146j,0.093252+6.259039j,14.375455
22.430382-0.000328j,0.093351-0.024090j,0.093351+6.259095j,14.452630
22.709316-0.000334j,0.093450-0.024034j,0.093450+6.259151j,14.529806
22.991718-0.000340j,0.093548-0.023978j,0.093548+6.259207j,14.606981
23.277633-0.000346j,0.093646-0.023922j,0.093646+6.259264j,14.684156
23.567103-0.000353j,0.093744-0.023865j,0.093744+6.259320j,14.761331
23.860173-0.000359j,0.093842-0.023809j,0.093842+6.259376j,14.838506
24.119675-0.000364j,0.093927-0.023760j,0.093927+6.259426j,14.906107
24.119675-0.000364j,0.093927-0.023760j,0.093927+6.259426j,14.906107
24.119675-0.000364j,0.093927-0.023760j,0.093927+6.259426j,14.906107
24.119675-0.000364j,0.093927-0.023760j,0.093927+6.259426j,14.906107
24.119675-0.000364j,0.093927-0.023760j,0.093927+6.259426j,14.906107
24.119675-0.000364j,0.093927-0.023760j,0.093927+6.259426j,14.906107
24.119676-0.000364j,0.093927-0.023760j,0.093927+6.259426j,14.906107
24.119676-0.000364j,0.093927-0.023760j,0.093927+6.259426j,14.906107
24.119680-0.000364j,0.093927-0.023760j,0.093927+6.259426j,14.906108
24.119694-0.000364j,0.093927-0.023760j,0.093927+6.259426j,14.906111
24.119758-0.000364j,0.093927-0.023760j,0.093927+6.259426j,14.906128
24.120049-0.000364j,0.093927-0.023759j,0.093927+6.259426j,14.906204
24.121356-0.000364j,0.093927-0.023759j,0.093927+6.259426j,14.906544
24.127239-0.000364j,0.093929-0.023758j,0.093929+6.259427j,14.908076
24.153731-0.000365j,0.093938-0.023753j,0.093938+6.259432j,14.914968
24.273306-0.000368j,0.093977-0.023731j,0.093977+6.259455j,14.945920
24.572312-0.000374j,0.094073-0.023675j,0.094073+6.259511j,15.022376
24.875002-0.000381j,0.094168-0.023619j,0.094168+6.259567j,15.098833
25.181420-0.000387j,0.094263-0.023563j,0.094263+6.259623j,15.175289
25.491613-0.000394j,0.094358-0.023507j,0.094358+6.259678j,15.251746
25.805627-0.000401j,0.094453-0.023451j,0.094453+6.259734j,15.328202
26.123509-0.000408j,0.094547-0.023395j,0.094547+6.259790j,15.404659
26.445306-0.000415j,0.094641-0.023339j,0.094641+6.259847j,15.481115
26.771068-0.000422j,0.094735-0.023283j,0.094735+6.259903j,15.557572
27.100842-0.000429j,0.094828-0.023227j,0.094828+6.259959j,15.634028
27.434679-0.000437j,0.094921-0.023171j,0.094921+6.260015j,15.710485
27.772628-0.000444j,0.095014-0.023115j,0.095014+6.260071j,15.786941
28.114740-0.000452j,0.095106-0.023058j,0.095106+6.260127j,15.863397
28.461066-0.000460j,0.095199-0.023002j,0.095199+6.260183j,15.939854
28.811659-0.000468j,0.095290-0.022946j,0.095290+6.260239j,16.016310
29.166570-0.000476j,0.095382-0.022890j,0.095382+6.260295j,16.092767
29.525853-0.000484j,0.095473-0.022834j,0.095473+6.260351j,16.169223
29.889562-0.000492j,0.095564-0.022778j,0.095564+6.260408j,16.245680
30.257751-0.000500j,0.095654-0.022722j,0.095654+6.260464j,16.322136
30.630476-0.000509j,0.095745-0.022665j,0.095745+6.260520j,16.398593
31.007791-0.000518j,0.095835-0.022609j,0.095835+6.260576j,16.475049
31.389755-0.000526j,0.095924-0.022553j,0.095924+6.260632j,16.551506
31.776424-0.000535j,0.096014-0.022497j,0.096014+6.260688j,16.627962
32.167856-0.000544j,0.096103-0.022441j,0.096103+6.260745j,16.704418
32.564110-0.000554j,0.096191-0.022384j,0.096191+6.260801j,16.780875
32.965245-0.000563j,0.096280-0.022328j,0.096280+6.260857j,16.857331
33.371321-0.000573j,0.096368-0.022272j,0.096368+6.260913j,16.933788
33.782400-0.000582j,0.096456-0.022216j,0.096456+6.260969j,17.010244
34.198542-0.000592j,0.096543-0.022160j,0.096543+6.261026j,17.086701
34.619811-0.000602j,0.096630-0.022104j,0.096630+6.261082j,17.163157
35.046268-0.000612j,0.096717-0.022047j,0.096717+6.261138j,17.239614
35.477980-0.000622j,0.096804-0.021991j,0.096804+6.261194j,17.316070
35.915008-0.000633j,0.096890-0.021935j,0.096890+6.261250j,17.392526
36.357421-0.000644j,0.096976-0.021879j,0.096976+6.261306j,17.468983
36.805283-0.000654j,0.097061-0.021823j,0.097061+6.261362j,17.545439
37.258662-0.000665j,0.097147-0.021767j,0.097147+6.261418j,17.621896
37.717626-0.000676j,0.097232-0.021711j,0.097232+6.261474j,17.698352
38.182244-0.000688j,0.097317-0.021655j,0.097317+6.261531j,17.774809
38.652585-0.000699j,0.097401-0.021599j,0.097401+6.261587j,17.851265
39.128720-0.000711j,0.097485-0.021543j,0.097485+6.261643j,17.927722
39.610720-0.000723j,0.097569-0.021487j,0.097569+6.261699j,18.004178
40.098657-0.000735j,0.097653-0.021431j,0.097653+6.261755j,18.080635
40.592605-0.000747j,0.097736-0.021375j,0.097736+6.261811j,18.157091
41.092638-0.000759j,0.097819-0.021319j,0.097819+6.261867j,18.233547
41.598830-0.000772j,0.097901-0.021263j,0.097901+6.261923j,18.310004
42.111257-0.000785j,0.097984-0.021207j,0.097984+6.261978j,18.386460
42.629997-0.000797j,0.098066-0.021151j,0.098066+6.262034j,18.462917
43.155127-0.000811j,0.098148-0.021095j,0.098148+6.262090j,18.539373
43.686725-0.000824j,0.098229-0.021039j,0.098229+6.262146j,18.615830
44.224872-0.000838j,0.098310-0.020983j,0.098310+6.262202j,18.692286
44.769648-0.000851j,0.098391-0.020928j,0.098391+6.262258j,18.768743
45.321135-0.000865j,0.098472-0.020872j,0.098472+6.262313j,18.845199
45.879415-0.000880j,0.098552-0.020816j,0.098552+6.262369j,18.921656
46.444572-0.000894j,0.098632-0.020761j,0.098632+6.262425j,18.998112
47.016691-0.000909j,0.098712-0.020705j,0.098712+6.262480j,19.074568
47.595858-0.000924j,0.098791-0.020649j,0.098791+6.262536j,19.151025
48.182159-0.000939j,0.098870-0.020594j,0.098870+6.262592j,19.227481
48.775682-0.000954j,0.098949-0.020538j,0.098949+6.262647j,19.303938
49.376516-0.000970j,0.099028-0.020483j,0.099028+6.262703j,19.380394
49.984752-0.000985j,0.099106-0.020427j,0.099106+6.262758j,19.456851
50.600480-0.001001j,0.099184-0.020372j,0.099184+6.262814j,19.533307
51.223792-0.001018j,0.099261-0.020316j,0.099261+6.262869j,19.609764
51.854783-0.001034j,0.099339-0.020261j,0.099339+6.262924j,19.686220
52.493547-0.001051j,0.099416-0.020206j,0.099416+6.262980j,19.762677
53.140179-0.001068j,0.099493-0.020150j,0.099493+6.263035j,19.839133
53.452993-0.001076j,0.099529-0.020124j,0.099529+6.263062j,19.875903
53.452993-0.001076j,0.099529-0.020124j,0.099529+6.263062j,19.875903
53.452993-0.001076j,0.099529-0.020124j,0.099529+6.263062j,19.875903
53.452993-0.001076j,0.099529-0.020124j,0.099529+6.263062j,19.875903
53.452993-0.001076j,0.099529-0.020124j,0.099529+6.263062j,19.875903
53.452993-0.001076j,0.099529-0.020124j,0.099529+6.263062j,19.875903
53.452993-0.001076j,0.099529-0.020124j,0.099529+6.263062j,19.875903
53.452995-0.001076j,0.099529-0.020124j,0.099529+6.263062j,19.875903
53.453002-0.001076j,0.099529-0.020124j,0.099529+6.263062j,19.875904
53.453034-0.001076j,0.099529-0.020124j,0.099529+6.263062j,19.875908
53.453177-0.001076j,0.099529-0.020124j,0.099529+6.263062j,19.875925
53.453821-0.001077j,0.099530-0.020124j,0.099530+6.263062j,19.876000
53.456717-0.001077j,0.099530-0.020123j,0.099530+6.263062j,19.876341
53.469756-0.001077j,0.099531-0.020122j,0.099531+6.263063j,19.877873
53.528466-0.001078j,0.099538-0.020117j,0.099538+6.263068j,19.884764
53.793463-0.001085j,0.099569-0.020095j,0.099569+6.263090j,19.915716
54.453210-0.001103j,0.099645-0.020040j,0.099645+6.263145j,19.991843
55.121048-0.001121j,0.099721-0.019985j,0.099721+6.263200j,20.067969
55.797078-0.001139j,0.099796-0.019930j,0.099796+6.263255j,20.144095
56.481398-0.001157j,0.099871-0.019876j,0.099871+6.263310j,20.220221
57.174111-0.001176j,0.099946-0.019821j,0.099946+6.263365j,20.296347
57.875320-0.001195j,0.100020-0.019766j,0.100020+6.263419j,20.372473
58.585129-0.001214j,0.100094-0.019711j,0.100094+6.263474j,20.448600
59.303643-0.001233j,0.100168-0.019657j,0.100168+6.263529j,20.524726
60.030969-0.001253j,0.100242-0.019602j,0.100242+6.263583j,20.600852
60.767216-0.001273j,0.100315-0.019548j,0.100315+6.263638j,20.676978
61.512492-0.001293j,0.100389-0.019493j,0.100389+6.263692j,20.753104
62.266909-0.001314j,0.100461-0.019439j,0.100461+6.263747j,20.829230
63.030578-0.001335j,0.100534-0.019384j,0.100534+6.263801j,20.905356
63.803613-0.001356j,0.100606-0.019330j,0.100606+6.263855j,20.981483
64.586129-0.001378j,0.100678-0.019276j,0.100678+6.263910j,21.057609
65.378243-0.001400j,0.100750-0.019221j,0.100750+6.263964j,21.133735
66.180071-0.001422j,0.100821-0.019167j,0.100821+6.264018j,21.209861
66.991733-0.001445j,0.100893-0.019113j,0.100893+6.264072j,21.285987
67.813349-0.001468j,0.100964-0.019059j,0.100964+6.264126j,21.362113
68.645042-0.001491j,0.101034-0.019005j,0.101034+6.264180j,21.438239
69.486936-0.001515j,0.101105-0.018951j,0.101105+6.264234j,21.514366
70.339155-0.001539j,0.101175-0.018897j,0.101175+6.264288j,21.590492
71.201826-0.001563j,0.101244-0.018843j,0.101244+6.264342j,21.666618
72.075077-0.001588j,0.101314-0.018790j,0.101314+6.264396j,21.742744
72.959038-0.001613j,0.101383-0.018736j,0.101383+6.264449j,21.818870
73.853840-0.001638j,0.101452-0.018682j,0.101452+6.264503j,21.894996
74.759616-0.001664j,0.101521-0.018629j,0.101521+6.264557j,21.971123
75.676502-0.001690j,0.101590-0.018575j,0.101590+6.264610j,22.047249
76.604632-0.001717j,0.101658-0.018522j,0.101658+6.264664j,22.123375
77.544146-0.001744j,0.101726-0.018468j,0.101726+6.264717j,22.199501
78.495182-0.001772j,0.101793-0.018415j,0.101793+6.264770j,22.275627
79.457882-0.001799j,0.101861-0.018362j,0.101861+6.264824j,22.351753
80.432389-0.001828j,0.101928-0.018309j,0.101928+6.264877j,22.427879
81.418848-0.001856j,0.101995-0.018255j,0.101995+6.264930j,22.504006
82.417405-0.001886j,0.102062-0.018202j,0.102062+6.264983j,22.580132
83.428209-0.001915j,0.102128-0.018149j,0.102128+6.265036j,22.656258
84.451409-0.001945j,0.102194-0.018096j,0.102194+6.265089j,22.732384
85.487159-0.001976j,0.102260-0.018044j,0.102260+6.265142j,22.808510
86.535612-0.002006j,0.102326-0.017991j,0.102326+6.265195j,22.884636
87.596923-0.002038j,0.102391-0.017938j,0.102391+6.265247j,22.960762
88.671251-0.002070j,0.102456-0.017885j,0.102456+6.265300j,23.036889
89.758755-0.002102j,0.102521-0.017833j,0.102521+6.265352j,23.113015
90.859597-0.002135j,0.102586-0.017780j,0.102586+6.265405j,23.189141
91.973939-0.002168j,0.102650-0.017728j,0.102650+6.265457j,23.265267
93.101949-0.002202j,0.102714-0.017676j,0.102714+6.265510j,23.341393
94.243793-0.002236j,0.102778-0.017623j,0.102778+6.265562j,23.417519
95.399641-0.002271j,0.102841-0.017571j,0.102841+6.265614j,23.493645
96.569665-0.002306j,0.102905-0.017519j,0.102905+6.265666j,23.569772
97.754038-0.002342j,0.102968-0.017467j,0.102968+6.265718j,23.645898
98.952938-0.002378j,0.103031-0.017415j,0.103031+6.265770j,23.722024
100.166541-0.002415j,0.103093-0.017363j,0.103093+6.265822j,23.798150
101.395028-0.002453j,0.103156-0.017311j,0.103156+6.265874j,23.874276
102.638582-0.002491j,0.103218-0.017259j,0.103218+6.265926j,23.950402
103.897387-0.002529j,0.103279-0.017208j,0.103279+6.265978j,24.026529
105.171631-0.002568j,0.103341-0.017156j,0.103341+6.266029j,24.102655
106.461503-0.002608j,0.103402-0.017105j,0.103402+6.266081j,24.178781
107.767195-0.002648j,0.103463-0.017053j,0.103463+6.266132j,24.254907
109.088900-0.002689j,0.103524-0.017002j,0.103524+6.266183j,24.331033
110.426815-0.002731j,0.103585-0.016951j,0.103585+6.266235j,24.407159
111.781139-0.002773j,0.103645-0.016899j,0.103645+6.266286j,24.483285
113.152073-0.002816j,0.103705-0.016848j,0.103705+6.266337j,24.559412
114.539820-0.002859j,0.103765-0.016797j,0.103765+6.266388j,24.635538
115.944588-0.002903j,0.103825-0.016746j,0.103825+6.266439j,24.711664
117.366584-0.002948j,0.103884-0.016696j,0.103884+6.266490j,24.787790
118.460236-0.002982j,0.103929-0.016657j,0.103929+6.266528j,24.845798
118.460236-0.002982j,0.103929-0.016657j,0.103929+6.266528j,24.845798
118.460236-0.002982j,0.103929-0.016657j,0.103929+6.266528j,24.845798
118.460236-0.002982j,0.103929-0.016657j,0.103929+6.266528j,24.845798
118.460236-0.002982j,0.103929-0.016657j,0.103929+6.266528j,24.845798
118.460237-0.002982j,0.103929-0.016657j,0.103929+6.266528j,24.845798
118.460237-0.002982j,0.103929-0.016657j,0.103929+6.266528j,24.845798
118.460241-0.002982j,0.103929-0.016657j,0.103929+6.266528j,24.845798
118.460256-0.002982j,0.103929-0.016657j,0.103929+6.266528j,24.845799
118.460327-0.002982j,0.103929-0.016657j,0.103929+6.266528j,24.845803
118.460644-0.002982j,0.103929-0.016657j,0.103929+6.266528j,24.845819
118.462071-0.002982j,0.103929-0.016657j,0.103929+6.266528j,24.845895
118.468491-0.002982j,0.103930-0.016657j,0.103930+6.266529j,24.846236
118.497385-0.002983j,0.103931-0.016656j,0.103931+6.266530j,24.847768
118.627497-0.002987j,0.103936-0.016651j,0.103936+6.266534j,24.854659
119.214771-0.003006j,0.103960-0.016630j,0.103960+6.266555j,24.885611
120.673912-0.003052j,0.104019-0.016580j,0.104019+6.266605j,24.961585
122.150913-0.003099j,0.104077-0.016529j,0.104077+6.266656j,25.037559
123.645992-0.003146j,0.104136-0.016479j,0.104136+6.266706j,25.113533
125.159369-0.003194j,0.104194-0.016429j,0.104194+6.266757j,25.189507
126.691270-0.003243j,0.104251-0.016379j,0.104251+6.266807j,25.265480
128.241920-0.003293j,0.104309-0.016328j,0.104309+6.266857j,25.341454
129.811550-0.003343j,0.104366-0.016278j,0.104366+6.266907j,25.417428
131.400392-0.003394j,0.104423-0.016228j,0.104423+6.266957j,25.493402
133.008680-0.003446j,0.104480-0.016178j,0.104480+6.267007j,25.569375
134.636654-0.003498j,0.104537-0.016129j,0.104537+6.267057j,25.645349
136.284553-0.003552j,0.104593-0.016079j,0.104593+6.267106j,25.721323
137.952621-0.003606j,0.104649-0.016029j,0.104649+6.267156j,25.797297
139.641106-0.003661j,0.104705-0.015980j,0.104705+6.267205j,25.873271
141.350258-0.003716j,0.104761-0.015930j,0.104761+6.267255j,25.949244
143.080328-0.003773j,0.104817-0.015881j,0.104817+6.267304j,26.025218
144.831575-0.003830j,0.104872-0.015832j,0.104872+6.267353j,26.101192
146.604255-0.003888j,0.104927-0.015783j,0.104927+6.267403j,26.177166
148.398633-0.003947j,0.104982-0.015734j,0.104982+6.267452j,26.253140
150.214973-0.004007j,0.105036-0.015685j,0.105036+6.267501j,26.329113
152.053544-0.004068j,0.105091-0.015636j,0.105091+6.267550j,26.405087
153.914619-0.004130j,0.105145-0.015587j,0.105145+6.267598j,26.481061
155.798473-0.004192j,0.105199-0.015538j,0.105199+6.267647j,26.557035
157.705384-0.004256j,0.105252-0.015490j,0.105252+6.267696j,26.633009
159.635635-0.004320j,0.105306-0.015441j,0.105306+6.267744j,26.708982
161.589511-0.004385j,0.105359-0.015393j,0.105359+6.267793j,26.784956
163.567302-0.004451j,0.105412-0.015344j,0.105412+6.267841j,26.860930
165.569301-0.004519j,0.105465-0.015296j,0.105465+6.267889j,26.936904
167.595803-0.004587j,0.105518-0.015248j,0.105518+6.267937j,27.012878
169.647109-0.004656j,0.105570-0.015200j,0.105570+6.267985j,27.088851
171.723522-0.004726j,0.105622-0.015152j,0.105622+6.268033j,27.164825
173.825349-0.004798j,0.105674-0.015104j,0.105674+6.268081j,27.240799
175.952902-0.004870j,0.105726-0.015056j,0.105726+6.268129j,27.316773
178.106496-0.004943j,0.105777-0.015009j,0.105777+6.268177j,27.392747
180.286448-0.005017j,0.105829-0.014961j,0.105829+6.268224j,27.468720
182.493082-0.005093j,0.105880-0.014914j,0.105880+6.268272j,27.544694
184.726725-0.005169j,0.105931-0.014866j,0.105931+6.268319j,27.620668
186.987706-0.005247j,0.105981-0.014819j,0.105981+6.268366j,27.696642
189.276361-0.005326j,0.106032-0.014772j,0.106032+6.268414j,27.772615
191.593028-0.005406j,0.106082-0.014725j,0.106082+6.268461j,27.848589
193.938051-0.005487j,0.106132-0.014678j,0.106132+6.268508j,27.924563
196.311775-0.005569j,0.106182-0.014631j,0.106182+6.268555j,28.000537
198.714553-0.005653j,0.106232-0.014584j,0.106232+6.268601j,28.076511
201.146740-0.005737j,0.106281-0.014537j,0.106281+6.268648j,28.152484
203.608696-0.005823j,0.106330-0.014490j,0.106330+6.268695j,28.228458
206.100785-0.005910j,0.106379-0.014444j,0.106379+6.268741j,28.304432
208.623376-0.005999j,0.106428-0.014398j,0.106428+6.268788j,28.380406
211.176843-0.006088j,0.106477-0.014351j,0.106477+6.268834j,28.456380
213.761563-0.006179j,0.106525-0.014305j,0.106525+6.268880j,28.532353
216.377920-0.006272j,0.106573-0.014259j,0.106573+6.268926j,28.608327
219.026299-0.006365j,0.106621-0.014213j,0.106621+6.268972j,28.684301
221.707094-0.006460j,0.106669-0.014167j,0.106669+6.269018j,28.760275
224.420700-0.006557j,0.106717-0.014121j,0.106717+6.269064j,28.836249
227.167520-0.006654j,0.106764-0.014075j,0.106764+6.269110j,28.912222
229.947960-0.006754j,0.106811-0.014030j,0.106811+6.269155j,28.988196
232.762431-0.006854j,0.106858-0.013984j,0.106858+6.269201j,29.064170
235.611350-0.006956j,0.106905-0.013939j,0.106905+6.269246j,29.140144
238.495139-0.007060j,0.106952-0.013894j,0.106952+6.269292j,29.216118
241.414225-0.007165j,0.106998-0.013848j,0.106998+6.269337j,29.292091
244.369039-0.007271j,0.107044-0.013803j,0.107044+6.269382j,29.368065
247.360018-0.007379j,0.107090-0.013758j,0.107090+6.269427j,29.444039
250.387606-0.007489j,0.107136-0.013713j,0.107136+6.269472j,29.520013
253.452251-0.007600j,0.107182-0.013668j,0.107182+6.269517j,29.595987
256.554405-0.007713j,0.107227-0.013624j,0.107227+6.269562j,29.671960
259.694529-0.007827j,0.107273-0.013579j,0.107273+6.269606j,29.747934
262.526508-0.007930j,0.107313-0.013539j,0.107313+6.269646j,29.815713
262.526508-0.007930j,0.107313-0.013539j,0.107313+6.269646j,29.815713
262.526508-0.007930j,0.107313-0.013539j,0.107313+6.269646j,29.815713
262.526508-0.007930j,0.107313-0.013539j,0.107313+6.269646j,29.815713
262.526508-0.007930j,0.107313-0.013539j,0.107313+6.269646j,29.815713
262.526509-0.007930j,0.107313-0.013539j,0.107313+6.269646j,29.815713
262.526511-0.007930j,0.107313-0.013539j,0.107313+6.269646j,29.815713
262.526518-0.007930j,0.107313-0.013539j,0.107313+6.269646j,29.815714
262.526553-0.007930j,0.107313-0.013539j,0.107313+6.269646j,29.815714
262.526709-0.007930j,0.107313-0.013539j,0.107313+6.269646j,29.815718
262.527412-0.007930j,0.107313-0.013539j,0.107313+6.269646j,29.815735
262.530573-0.007931j,0.107313-0.013539j,0.107313+6.269646j,29.815811
262.544801-0.007931j,0.107313-0.013539j,0.107313+6.269646j,29.816151
262.608836-0.007933j,0.107314-0.013538j,0.107314+6.269647j,29.817683
262.897184-0.007944j,0.107318-0.013534j,0.107318+6.269651j,29.824575
264.198676-0.007992j,0.107336-0.013516j,0.107336+6.269669j,29.855527
267.429348-0.008110j,0.107381-0.013472j,0.107381+6.269713j,29.931431
270.699525-0.008230j,0.107426-0.013428j,0.107426+6.269758j,30.007334
274.009690-0.008352j,0.107470-0.013384j,0.107470+6.269802j,30.083238
277.360332-0.008475j,0.107514-0.013340j,0.107514+6.269846j,30.159142
280.751947-0.008600j,0.107558-0.013296j,0.107558+6.269890j,30.235046
284.185035-0.008727j,0.107602-0.013252j,0.107602+6.269933j,30.310950
287.660104-0.008856j,0.107646-0.013208j,0.107646+6.269977j,30.386854
291.177666-0.008987j,0.107689-0.013165j,0.107689+6.270021j,30.462757
294.738242-0.009119j,0.107732-0.013121j,0.107732+6.270064j,30.538661
298.342357-0.009254j,0.107775-0.013078j,0.107775+6.270108j,30.614565
301.990544-0.009390j,0.107818-0.013034j,0.107818+6.270151j,30.690469
305.683342-0.009528j,0.107861-0.012991j,0.107861+6.270194j,30.766373
309.421296-0.009669j,0.107904-0.012948j,0.107904+6.270237j,30.842276
313.204958-0.009811j,0.107946-0.012905j,0.107946+6.270280j,30.918180
317.034888-0.009955j,0.107988-0.012862j,0.107988+6.270323j,30.994084
320.911651-0.010102j,0.108030-0.012819j,0.108030+6.270366j,31.069988
324.835819-0.010250j,0.108072-0.012777j,0.108072+6.270409j,31.145892
328.807974-0.010401j,0.108114-0.012734j,0.108114+6.270451j,31.221796
332.828700-0.010554j,0.108155-0.012692j,0.108155+6.270494j,31.297699
336.898592-0.010709j,0.108196-0.012649j,0.108196+6.270536j,31.373603
341.018252-0.010866j,0.108237-0.012607j,0.108237+6.270578j,31.449507
345.188288-0.011025j,0.108278-0.012565j,0.108278+6.270620j,31.525411
349.409316-0.011187j,0.108319-0.012523j,0.108319+6.270663j,31.601315
353.681960-0.011351j,0.108360-0.012481j,0.108360+6.270704j,31.677218
358.006850-0.011517j,0.108400-0.012439j,0.108400+6.270746j,31.753122
362.384626-0.011686j,0.108440-0.012397j,0.108440+6.270788j,31.829026
366.815934-0.011857j,0.108481-0.012356j,0.108481+6.270830j,31.904930
371.301429-0.012031j,0.108520-0.012314j,0.108520+6.270871j,31.980834
375.841773-0.012207j,0.108560-0.012273j,0.108560+6.270913j,32.056738
380.437637-0.012385j,0.108600-0.012231j,0.108600+6.270954j,32.132641
385.089701-0.012566j,0.108639-0.012190j,0.108639+6.270995j,32.208545
389.798651-0.012750j,0.108678-0.012149j,0.108678+6.271036j,32.284449
394.565183-0.012936j,0.108717-0.012108j,0.108717+6.271077j,32.360353
399.390001-0.013125j,0.108756-0.012067j,0.108756+6.271118j,32.436257
404.273818-0.013317j,0.108795-0.012026j,0.108795+6.271159j,32.512160
409.217355-0.013511j,0.108834-0.011985j,0.108834+6.271200j,32.588064
414.221342-0.013708j,0.108872-0.011945j,0.108872+6.271240j,32.663968
419.286520-0.013908j,0.108910-0.011904j,0.108910+6.271281j,32.739872
424.413635-0.014111j,0.108948-0.011864j,0.108948+6.271321j,32.815776
429.603445-0.014316j,0.108986-0.011824j,0.108986+6.271362j,32.891680
434.856718-0.014525j,0.109024-0.011784j,0.109024+6.271402j,32.967583
440.174228-0.014736j,0.109061-0.011743j,0.109061+6.271442j,33.043487
445.556762-0.014951j,0.109099-0.011703j,0.109099+6.271482j,33.119391
451.005115-0.015168j,0.109136-0.011664j,0.109136+6.271522j,33.195295
456.520091-0.015389j,0.109173-0.011624j,0.109173+6.271561j,33.271199
462.102506-0.015612j,0.109210-0.011584j,0.109210+6.271601j,33.347102
467.753183-0.015839j,0.109247-0.011545j,0.109247+6.271641j,33.423006
473.472957-0.016069j,0.109284-0.011505j,0.109284+6.271680j,33.498910
479.262675-0.016303j,0.109320-0.011466j,0.109320+6.271719j,33.574814
485.123190-0.016539j,0.109356-0.011427j,0.109356+6.271759j,33.650718
491.055368-0.016779j,0.109393-0.011387j,0.109393+6.271798j,33.726622
497.060086-0.017023j,0.109429-0.011348j,0.109429+6.271837j,33.802525
503.138232-0.017270j,0.109464-0.011309j,0.109464+6.271876j,33.878429
509.290701-0.017520j,0.109500-0.011271j,0.109500+6.271915j,33.954333
515.518405-0.017774j,0.109536-0.011232j,0.109536+6.271953j,34.030237
521.822262-0.018031j,0.109571-0.011193j,0.109571+6.271992j,34.106141
528.203203-0.018292j,0.109606-0.011155j,0.109606+6.272031j,34.182044
534.662172-0.018557j,0.109641-0.011116j,0.109641+6.272069j,34.257948
541.200123-0.018826j,0.109676-0.011078j,0.109676+6.272107j,34.333852
547.818021-0.019098j,0.109711-0.011040j,0.109711+6.272145j,34.409756
554.516844-0.019374j,0.109746-0.011002j,0.109746+6.272184j,34.485660
561.297581-0.019654j,0.109780-0.010964j,0.109780+6.272222j,34.561563
568.161234-0.019938j,0.109814-0.010926j,0.109814+6.272259j,34.637467
575.108818-0.020226j,0.109849-0.010888j,0.109849+6.272297j,34.713371
581.800018-0.020504j,0.109881-0.010852j,0.109881+6.272333j,34.785633
581.800018-0.020504j,0.109881-0.010852j,0.109881+6.272333j,34.785633
581.800018-0.020504j,0.109881-0.010852j,0.109881+6.272333j,34.785633
581.800018-0.020504j,0.109881-0.010852j,0.109881+6.272333j,34.785633
581.800018-0.020504j,0.109881-0.010852j,0.109881+6.272333j,34.785633
581.800019-0.020504j,0.109881-0.010852j,0.109881+6.272333j,34.785633
581.800023-0.020504j,0.109881-0.010852j,0.109881+6.272333j,34.785633
581.800040-0.020504j,0.109881-0.010852j,0.109881+6.272333j,34.785633
581.800116-0.020504j,0.109881-0.010852j,0.109881+6.272333j,34.785634
581.800462-0.020504j,0.109881-0.010852j,0.109881+6.272333j,34.785638
581.802020-0.020504j,0.109881-0.010852j,0.109881+6.272333j,34.785655
581.809026-0.020505j,0.109881-0.010852j,0.109881+6.272333j,34.785730
581.840557-0.020506j,0.109881-0.010852j,0.109881+6.272333j,34.786071
581.982468-0.020512j,0.109882-0.010851j,0.109882+6.272334j,34.787603
582.621494-0.020538j,0.109885-0.010848j,0.109885+6.272337j,34.794494
585.505805-0.020658j,0.109899-0.010833j,0.109899+6.272353j,34.825447
592.662451-0.020957j,0.109932-0.010795j,0.109932+6.272390j,34.901319
599.906572-0.021259j,0.109966-0.010758j,0.109966+6.272428j,34.977191
607.239239-0.021565j,0.110000-0.010720j,0.110000+6.272465j,35.053063
614.661533-0.021876j,0.110033-0.010683j,0.110033+6.272502j,35.128935
622.174549-0.022191j,0.110066-0.010646j,0.110066+6.272539j,35.204807
629.779398-0.022511j,0.110099-0.010609j,0.110099+6.272576j,35.280679
637.477200-0.022835j,0.110132-0.010572j,0.110132+6.272613j,35.356551
645.269093-0.023164j,0.110165-0.010535j,0.110165+6.272650j,35.432423
653.156226-0.023497j,0.110198-0.010499j,0.110198+6.272687j,35.508295
661.139764-0.023835j,0.110230-0.010462j,0.110230+6.272723j,35.584167
669.220885-0.024178j,0.110263-0.010426j,0.110263+6.272760j,35.660039
677.400781-0.024526j,0.110295-0.010389j,0.110295+6.272796j,35.735912
685.680661-0.024878j,0.110327-0.010353j,0.110327+6.272832j,35.811784
694.061745-0.025236j,0.110359-0.010317j,0.110359+6.272869j,35.887656
702.545272-0.025598j,0.110391-0.010281j,0.110391+6.272905j,35.963528
711.132493-0.025966j,0.110422-0.010245j,0.110422+6.272941j,36.039400
719.824675-0.026338j,0.110454-0.010209j,0.110454+6.272976j,36.115272
728.623103-0.026716j,0.110485-0.010173j,0.110485+6.273012j,36.191144
737.529073-0.027099j,0.110517-0.010137j,0.110517+6.273048j,36.267016
746.543901-0.027488j,0.110548-0.010102j,0.110548+6.273083j,36.342888
755.668918-0.027882j,0.110579-0.010066j,0.110579+6.273119j,36.418760
764.905470-0.028282j,0.110609-0.010031j,0.110609+6.273154j,36.494632
774.254921-0.028687j,0.110640-0.009996j,0.110640+6.273190j,36.570504
783.718649-0.029098j,0.110671-0.009961j,0.110671+6.273225j,36.646377
793.298054-0.029514j,0.110701-0.009926j,0.110701+6.273260j,36.722249
802.994547-0.029937j,0.110732-0.009891j,0.110732+6.273295j,36.798121
812.809561-0.030365j,0.110762-0.009856j,0.110762+6.273330j,36.873993
822.744544-0.030800j,0.110792-0.009821j,0.110792+6.273364j,36.949865
832.800962-0.031240j,0.110822-0.009786j,0.110822+6.273399j,37.025737
842.980300-0.031687j,0.110852-0.009752j,0.110852+6.273434j,37.101609
853.284060-0.032140j,0.110881-0.009717j,0.110881+6.273468j,37.177481
863.713763-0.032599j,0.110911-0.009683j,0.110911+6.273502j,37.253353
874.270949-0.033065j,0.110940-0.009649j,0.110940+6.273537j,37.329225
884.957175-0.033537j,0.110970-0.009615j,0.110970+6.273571j,37.405097
895.774019-0.034016j,0.110999-0.009581j,0.110999+6.273605j,37.480969
906.723078-0.034501j,0.111028-0.009547j,0.111028+6.273639j,37.556841
917.805967-0.034993j,0.111057-0.009513j,0.111057+6.273673j,37.632714
929.024322-0.035492j,0.111085-0.009479j,0.111085+6.273706j,37.708586
940.379800-0.035998j,0.111114-0.009445j,0.111114+6.273740j,37.784458
951.874076-0.036512j,0.111143-0.009412j,0.111143+6.273773j,37.860330
963.508846-0.037032j,0.111171-0.009378j,0.111171+6.273807j,37.936202
975.285828-0.037560j,0.111199-0.009345j,0.111199+6.273840j,38.012074
987.206761-0.038095j,0.111228-0.009312j,0.111228+6.273874j,38.087946
999.273403-0.038637j,0.111256-0.009279j,0.111256+6.273907j,38.163818
1011.487536-0.039187j,0.111283-0.009246j,0.111283+6.273940j,38.239690
1023.850963-0.039745j,0.111311-0.009213j,0.111311+6.273973j,38.315562
1036.365508-0.040310j,0.111339-0.009180j,0.111339+6.274006j,38.391434
1049.033018-0.040883j,0.111367-0.009147j,0.111367+6.274038j,38.467306
1061.855363-0.041465j,0.111394-0.009114j,0.111394+6.274071j,38.543178
1074.834437-0.042054j,0.111421-0.009082j,0.111421+6.274104j,38.619051
1087.972153-0.042652j,0.111448-0.009049j,0.111448+6.274136j,38.694923
1101.270452-0.043258j,0.111476-0.009017j,0.111476+6.274168j,38.770795
1114.731297-0.043872j,0.111503-0.008985j,0.111503+6.274201j,38.846667
1128.356673-0.044495j,0.111529-0.008953j,0.111529+6.274233j,38.922539
1142.148593-0.045127j,0.111556-0.008920j,0.111556+6.274265j,38.998411
1156.109092-0.045767j,0.111583-0.008889j,0.111583+6.274297j,39.074283
1170.240229-0.046417j,0.111609-0.008857j,0.111609+6.274329j,39.150155
1184.544092-0.047075j,0.111636-0.008825j,0.111636+6.274360j,39.226027
1199.022792-0.047743j,0.111662-0.008793j,0.111662+6.274392j,39.301899
1213.678464-0.048420j,0.111688-0.008762j,0.111688+6.274424j,39.377771
1228.513273-0.049106j,0.111714-0.008730j,0.111714+6.274455j,39.453643
1243.529409-0.049802j,0.111740-0.008699j,0.111740+6.274487j,39.529515
1258.729086-0.050507j,0.111766-0.008667j,0.111766+6.274518j,39.605388
1274.114550-0.051222j,0.111792-0.008636j,0.111792+6.274549j,39.681260
1289.360311-0.051932j,0.111817-0.008606j,0.111817+6.274580j,39.755554
