-0.968750-0.000000j,0.693147-0.000000j,0.693147-0.000000j,0.000000
-0.969807-0.000000j,0.693140+0.000000j,0.693154+0.000000j,0.000000
-0.970441-0.000000j,0.693139+0.000000j,0.693156+0.000000j,0.000000
-0.970987-0.000000j,0.693138+0.000000j,0.693157+0.000000j,0.000000
-0.971486-0.000000j,0.693137+0.000000j,0.693157+0.000000j,0.000000
-0.971952-0.000000j,0.693136+0.000000j,0.693158+0.000000j,0.000000
-0.972395-0.000000j,0.693136+0.000000j,0.693158+0.000000j,0.000000
-0.972819-0.000000j,0.693136+0.000000j,0.693159+0.000000j,0.000000
-0.973230-0.000000j,0.693135+0.000000j,0.693159+0.000000j,0.000000
-0.973629-0.000000j,0.693135+0.000000j,0.693160+0.000000j,0.000000
-0.974019-0.000000j,0.693135+0.000000j,0.693160+0.000000j,0.000000
-0.974400-0.000000j,0.693134+0.000000j,0.693160+0.000000j,0.000000
-0.974775-0.000000j,0.693134+0.000000j,0.693160+0.000000j,0.000000
-0.975143-0.000000j,0.693134+0.000000j,0.693161+0.000000j,0.000000
-0.975507-0.000000j,0.693134+0.000000j,0.693161+0.000000j,0.000000
-0.975865-0.000000j,0.693133+0.000000j,0.693161+0.000000j,0.000000
-0.976220-0.000000j,0.693133+0.000000j,0.693161+0.000000j,0.000000
-0.976571-0.000000j,0.693133+0.000000j,0.693161+0.000000j,0.000000
-0.976919-0.000000j,0.693133+0.000000j,0.693161+0.000000j,0.000000
-0.977264-0.000000j,0.693133+0.000000j,0.693161+0.000000j,0.000000
-0.977606-0.000000j,0.693133+0.000000j,0.693162+0.000000j,0.000000
-0.977946-0.000000j,0.693133+0.000000j,0.693162+0.000000j,0.000000
-0.978285-0.000000j,0.693133+0.000000j,0.693162+0.000000j,0.000000
-0.978621-0.000000j,0.693133+0.000000j,0.693162+0.000000j,0.000000
-0.978955-0.000000j,0.693133+0.000000j,0.693162+0.000000j,0.000000
-0.979289-0.000000j,0.693132+0.000000j,0.693162+0.000000j,0.000000
-0.979620-0.000000j,0.693132+0.000000j,0.693162+0.000000j,0.000000
-0.979951-0.000000j,0.693132+0.000000j,0.693162+0.000000j,0.000000
-0.980280-0.000000j,0.693132+0.000000j,0.693162+0.000000j,0.000000
-0.980609-0.000000j,0.693132+0.000000j,0.693162+0.000000j,0.000000
-0.980937-0.000000j,0.693132+0.000000j,0.693162+0.000000j,0.000000
-0.981263-0.000000j,0.693132+0.000000j,0.693162+0.000000j,0.000000
-0.981590-0.000000j,0.693132+0.000000j,0.693162+0.000000j,0.000000
-0.981915-0.000000j,0.693132+0.000000j,0.693162+0.000000j,0.000000
-0.982240-0.000000j,0.693132+0.000000j,0.693162+0.000000j,0.000000
-0.982564-0.000000j,0.693132+0.000000j,0.693162+0.000000j,0.000000
-0.982888-0.000000j,0.693132+0.000000j,0.693162+0.000000j,0.000000
-0.983212-0.000000j,0.693132+0.000000j,0.693162+0.000000j,0.000000
-0.983535-0.000000j,0.693132+0.000000j,0.693162+0.000000j,0.000000
-0.983858-0.000000j,0.693132+0.000000j,0.693162+0.000000j,0.000000
-0.984181-0.000000j,0.693132+0.000000j,0.693162+0.000000j,0.000000
-0.984503-0.000000j,0.693132+0.000000j,0.693162+0.000000j,0.000000
-0.984825-0.000000j,0.693132+0.000000j,0.693162+0.000000j,0.000000
-0.985148-0.000000j,0.693132+0.000000j,0.693162+0.000000j,0.000000
-0.985469-0.000000j,0.693132+0.000000j,0.693162+0.000000j,0.000000
-0.985791-0.000000j,0.693132+0.000000j,0.693162+0.000000j,0.000000
-0.986113-0.000000j,0.693132+0.000000j,0.693163+0.000000j,0.000000
-0.986435-0.000000j,0.693132+0.000000j,0.693163+0.000000j,0.000000
-0.986756-0.000000j,0.693132+0.000000j,0.693163+0.000000j,0.000000
-0.987078-0.000000j,0.693132+0.000000j,0.693163+0.000000j,0.000000
-0.987400-0.000000j,0.693132+0.000000j,0.693163+0.000000j,0.000001
-0.987721-0.000000j,0.693132+0.000000j,0.693163+0.000000j,0.000001
-0.988043-0.000000j,0.693132+0.000000j,0.693163+0.000000j,0.000001
-0.988364-0.000000j,0.693132+0.000000j,0.693163+0.000000j,0.000001
-0.988686-0.000000j,0.693132+0.000000j,0.693163+0.000000j,0.000001
-0.989008-0.000000j,0.693132+0.000000j,0.693163+0.000000j,0.000001
-0.989330-0.000000j,0.693132+0.000000j,0.693163+0.000000j,0.000001
-0.989651-0.000000j,0.693132+0.000000j,0.693163+0.000000j,0.000001
-0.989973-0.000000j,0.693132+0.000000j,0.693163+0.000000j,0.000001
-0.990295-0.000000j,0.693132+0.000000j,0.693163+0.000000j,0.000001
-0.990617-0.000000j,0.693132+0.000000j,0.693163+0.000000j,0.000001
-0.990939-0.000000j,0.693132+0.000000j,0.693163+0.000000j,0.000001
-0.991262-0.000000j,0.693132+0.000000j,0.693163+0.000000j,0.000001
-0.991584-0.000000j,0.693132+0.000000j,0.693163+0.000000j,0.000001
-0.991906-0.000000j,0.693132+0.000000j,0.693163+0.000000j,0.000001
-0.992229-0.000000j,0.693132+0.000000j,0.693163+0.000000j,0.000001
-0.992551-0.000000j,0.693132+0.000000j,0.693163+0.000000j,0.000001
-0.992874-0.000000j,0.693132+0.000000j,0.693163+0.000000j,0.000001
-0.993197-0.000000j,0.693132+0.000000j,0.693163+0.000000j,0.000001
-0.993520-0.000000j,0.693132+0.000000j,0.693163+0.000000j,0.000001
-0.993843-0.000000j,0.693132+0.000000j,0.693163+0.000000j,0.000001
-0.994166-0.000000j,0.693132+0.000000j,0.693163+0.000000j,0.000001
-0.994489-0.000000j,0.693132+0.000000j,0.693163+0.000000j,0.000001
-0.994812-0.000000j,0.693132+0.000000j,0.693163+0.000000j,0.000001
-0.995136-0.000000j,0.693132+0.000000j,0.693163+0.000000j,0.000001
-0.995459-0.000000j,0.693132+0.000000j,0.693163+0.000000j,0.000001
-0.995783-0.000000j,0.693132+0.000000j,0.693163+0.000000j,0.000001
-0.996106-0.000000j,0.693132+0.000000j,0.693163+0.000000j,0.000001
-0.996430-0.000000j,0.693132+0.000000j,0.693163+0.000000j,0.000001
-0.996754-0.000000j,0.693132+0.000000j,0.693163+0.000000j,0.000001
-0.997078-0.000000j,0.693132+0.000000j,0.693163+0.000000j,0.000001
-0.997402-0.000000j,0.693132+0.000000j,0.693163+0.000000j,0.000001
-0.997726-0.000000j,0.693132+0.000000j,0.693163+0.000000j,0.000001
-0.998051-0.000000j,0.693132+0.000000j,0.693163+0.000000j,0.000001
-0.998375-0.000000j,0.693132+0.000000j,0.693163+0.000000j,0.000001
-0.998700-0.000000j,0.693132+0.000000j,0.693163+0.000000j,0.000001
-0.999024-0.000000j,0.693132+0.000000j,0.693163+0.000000j,0.000001
-0.999349-0.000000j,0.693132+0.000000j,0.693163+0.000000j,0.000001
-0.999674-0.000000j,0.693132+0.000000j,0.693163+0.000000j,0.000001
-0.999999-0.000000j,0.693132+0.000000j,0.693163+0.000000j,0.000001
-1.000324-0.000000j,0.693132+0.000000j,0.693163+0.000000j,0.000001
-1.000649-0.000000j,0.693132+0.000000j,0.693163+0.000000j,0.000001
-1.000974-0.000000j,0.693132+0.000000j,0.693163+0.000000j,0.000001
-1.001300-0.000000j,0.693132+0.000000j,0.693163+0.000000j,0.000001
-1.001625-0.000000j,0.693132+0.000000j,0.693163+0.000000j,0.000001
-1.001951-0.000000j,0.693132+0.000000j,0.693163+0.000000j,0.000001
-1.002276-0.000000j,0.693132+0.000000j,0.693163+0.000000j,0.000001
-1.002602-0.000000j,0.693132+0.000000j,0.693163+0.000000j,0.000001
-1.002928-0.000000j,0.693132+0.000000j,0.693163+0.000000j,0.000001
-1.003254-0.000000j,0.693132+0.000000j,0.693163+0.000000j,0.000001
-1.003580-0.000000j,0.693132+0.000000j,0.693163+0.000000j,0.000001
-1.003907-0.000000j,0.693132+0.000000j,0.693163+0.000000j,0.000001
-1.004233-0.000000j,0.693132+0.000000j,0.693163+0.000000j,0.000001
-1.004559-0.000000j,0.693132+0.000000j,0.693163+0.000000j,0.000001
-1.004886-0.000000j,0.693132+0.000000j,0.693163+0.000000j,0.000001
-1.005213-0.000000j,0.693132+0.000000j,0.693163+0.000000j,0.000001
-1.005539-0.000000j,0.693132+0.000000j,0.693163+0.000000j,0.000001
-1.005866-0.000000j,0.693132+0.000000j,0.693163+0.000000j,0.000001
-1.006193-0.000000j,0.693132+0.000000j,0.693163+0.000000j,0.000001
-1.006520-0.000000j,0.693132+0.000000j,0.693163+0.000000j,0.000001
-1.006847-0.000000j,0.693132+0.000000j,0.693163+0.000000j,0.000001
-1.007175-0.000000j,0.693132+0.000000j,0.693163+0.000000j,0.000001
-1.007502-0.000000j,0.693132+0.000000j,0.693163+0.000000j,0.000001
-1.007830-0.000000j,0.693132+0.000000j,0.693163+0.000000j,0.000001
-1.008157-0.000000j,0.693132+0.000000j,0.693163+0.000000j,0.000001
-1.008485-0.000000j,0.693132+0.000000j,0.693163+0.000000j,0.000001
-1.008813-0.000000j,0.693132+0.000000j,0.693163+0.000000j,0.000001
-1.009141-0.000000j,0.693132+0.000000j,0.693163+0.000000j,0.000001
-1.009469-0.000000j,0.693132+0.000000j,0.693163+0.000000j,0.000001
-1.009797-0.000000j,0.693132+0.000000j,0.693163+0.000000j,0.000001
-1.010126-0.000000j,0.693132+0.000000j,0.693163+0.000000j,0.000001
-1.010454-0.000000j,0.693132+0.000000j,0.693163+0.000000j,0.000001
-1.010783-0.000000j,0.693132+0.000000j,0.693163+0.000000j,0.000001
-1.011112-0.000000j,0.693132+0.000000j,0.693163+0.000000j,0.000001
-1.011441-0.000000j,0.693132+0.000000j,0.693163+0.000000j,0.000001
-1.011770-0.000000j,0.693132+0.000000j,0.693163+0.000000j,0.000001
-1.012100-0.000000j,0.693132+0.000000j,0.693163+0.000000j,0.000001
-1.012429-0.000000j,0.693132+0.000000j,0.693163+0.000000j,0.000001
-1.012759-0.000000j,0.693132+0.000000j,0.693163+0.000000j,0.000001
-1.013089-0.000000j,0.693132+0.000000j,0.693163+0.000000j,0.000001
-1.013419-0.000000j,0.693132+0.000000j,0.693163+0.000000j,0.000001
-1.013750-0.000000j,0.693132+0.000000j,0.693163+0.000000j,0.000001
-1.014081-0.000000j,0.693132+0.000000j,0.693163+0.000000j,0.000001
-1.014412-0.000000j,0.693132+0.000000j,0.693162+0.000000j,0.000001
-1.014743-0.000000j,0.693132+0.000000j,0.693162+0.000000j,0.000001
-1.015075-0.000000j,0.693132+0.000000j,0.693162+0.000000j,0.000001
-1.015407-0.000000j,0.693132+0.000000j,0.693162+0.000000j,0.000001
-1.015740-0.000000j,0.693132+0.000000j,0.693162+0.000000j,0.000001
-1.016073-0.000000j,0.693132+0.000000j,0.693162+0.000000j,0.000001
-1.016406-0.000000j,0.693132+0.000000j,0.693162+0.000000j,0.000001
-1.016740-0.000000j,0.693132+0.000000j,0.693162+0.000000j,0.000001
-1.017075-0.000000j,0.693132+0.000000j,0.693162+0.000000j,0.000001
-1.017410-0.000000j,0.693132+0.000000j,0.693162+0.000000j,0.000001
-1.017746-0.000000j,0.693132+0.000000j,0.693162+0.000000j,0.000001
-1.018083-0.000000j,0.693132+0.000000j,0.693162+0.000000j,0.000001
-1.018421-0.000000j,0.693132+0.000000j,0.693162+0.000000j,0.000001
-1.018759-0.000000j,0.693132+0.000000j,0.693162+0.000000j,0.000001
-1.019099-0.000000j,0.693132+0.000000j,0.693162+0.000000j,0.000001
-1.019439-0.000000j,0.693132+0.000000j,0.693162+0.000000j,0.000001
-1.019781-0.000000j,0.693132+0.000000j,0.693162+0.000000j,0.000001
-1.020124-0.000000j,0.693132+0.000000j,0.693162+0.000000j,0.000002
-1.020469-0.000000j,0.693132+0.000000j,0.693162+0.000000j,0.000002
-1.020815-0.000000j,0.693132+0.000000j,0.693162+0.000000j,0.000002
-1.021163-0.000000j,0.693133+0.000000j,0.693162+0.000000j,0.000002
-1.021513-0.000000j,0.693133+0.000000j,0.693162+0.000000j,0.000002
-1.021865-0.000000j,0.693133+0.000000j,0.693162+0.000000j,0.000002
-1.022219-0.000000j,0.693133+0.000000j,0.693162+0.000000j,0.000002
-1.022576-0.000000j,0.693133+0.000000j,0.693161+0.000000j,0.000002
-1.022936-0.000000j,0.693133+0.000000j,0.693161+0.000000j,0.000002
-1.023299-0.000000j,0.693133+0.000000j,0.693161+0.000000j,0.000002
-1.023666-0.000000j,0.693133+0.000000j,0.693161+0.000000j,0.000002
-1.024037-0.000000j,0.693133+0.000000j,0.693161+0.000000j,0.000002
-1.024412-0.000000j,0.693134+0.000000j,0.693161+0.000000j,0.000002
-1.024793-0.000000j,0.693134+0.000000j,0.693161+0.000000j,0.000002
-1.025179-0.000000j,0.693134+0.000000j,0.693160+0.000000j,0.000002
-1.025572-0.000000j,0.693134+0.000000j,0.693160+0.000000j,0.000002
-1.025974-0.000000j,0.693135+0.000000j,0.693160+0.000000j,0.000002
-1.026384-0.000000j,0.693135+0.000000j,0.693160+0.000000j,0.000002
-1.026806-0.000000j,0.693135+0.000000j,0.693159+0.000000j,0.000002
-1.027241-0.000000j,0.693136+0.000000j,0.693159+0.000000j,0.000002
-1.027693-0.000000j,0.693136+0.000000j,0.693158+0.000000j,0.000002
-1.028166-0.000000j,0.693137+0.000000j,0.693158+0.000000j,0.000002
-1.028668-0.000000j,0.693137+0.000000j,0.693157+0.000000j,0.000002
-1.029211-0.000000j,0.693138+0.000000j,0.693156+0.000000j,0.000002
-1.029822-0.000000j,0.693139+0.000000j,0.693155+0.000000j,0.000002
-1.030577-0.000000j,0.693141+0.000000j,0.693153+0.000000j,0.000002
-1.031819-0.000000j,0.693151+0.000000j,0.693143+0.000000j,0.000002
-1.030944-0.000000j,0.693155+0.000000j,0.693139+0.000000j,0.000002
-1.030340-0.000000j,0.693156+0.000000j,0.693138+0.000000j,0.000002
-1.029812-0.000000j,0.693157+0.000000j,0.693137+0.000000j,0.000002
-1.029328-0.000000j,0.693158+0.000000j,0.693136+0.000000j,0.000002
-1.028873-0.000000j,0.693159+0.000000j,0.693136+0.000000j,0.000002
-1.028441-0.000000j,0.693159+0.000000j,0.693135+0.000000j,0.000002
-1.028026-0.000000j,0.693160+0.000000j,0.693135+0.000000j,0.000002
-1.027625-0.000000j,0.693160+0.000000j,0.693134+0.000000j,0.000002
-1.027235-0.000000j,0.693161+0.000000j,0.693134+0.000000j,0.000002
-1.026855-0.000000j,0.693161+0.000000j,0.693134+0.000000j,0.000002
-1.026483-0.000000j,0.693161+0.000000j,0.693133+0.000000j,0.000002
-1.026118-0.000000j,0.693161+0.000000j,0.693133+0.000000j,0.000002
-1.025758-0.000000j,0.693162+0.000000j,0.693133+0.000000j,0.000002
-1.025405-0.000000j,0.693162+0.000000j,0.693133+0.000000j,0.000002
-1.025056-0.000000j,0.693162+0.000000j,0.693132+0.000000j,0.000002
-1.024711-0.000000j,0.693162+0.000000j,0.693132+0.000000j,0.000002
-1.024370-0.000000j,0.693162+0.000000j,0.693132+0.000000j,0.000002
-1.024032-0.000000j,0.693162+0.000000j,0.693132+0.000000j,0.000002
-1.023697-0.000000j,0.693163+0.000000j,0.693132+0.000000j,0.000002
-1.023365-0.000000j,0.693163+0.000000j,0.693132+0.000000j,0.000002
-1.023036-0.000000j,0.693163+0.000000j,0.693132+0.000000j,0.000002
-1.022709-0.000000j,0.693163+0.000000j,0.693131+0.000000j,0.000002
-1.022384-0.000000j,0.693163+0.000000j,0.693131+0.000000j,0.000002
-1.022060-0.000000j,0.693163+0.000000j,0.693131+0.000000j,0.000002
-1.021739-0.000000j,0.693163+0.000000j,0.693131+0.000000j,0.000002
-1.021419-0.000000j,0.693163+0.000000j,0.693131+0.000000j,0.000002
-1.021101-0.000000j,0.693163+0.000000j,0.693131+0.000000j,0.000002
-1.020783-0.000000j,0.693163+0.000000j,0.693131+0.000000j,0.000002
-1.020468-0.000000j,0.693163+0.000000j,0.693131+0.000000j,0.000002
-1.020153-0.000000j,0.693163+0.000000j,0.693131+0.000000j,0.000002
-1.019839-0.000000j,0.693163+0.000000j,0.693131+0.000000j,0.000002
-1.019526-0.000000j,0.693164+0.000000j,0.693131+0.000000j,0.000002
-1.019214-0.000000j,0.693164+0.000000j,0.693131+0.000000j,0.000002
-1.018903-0.000000j,0.693164+0.000000j,0.693131+0.000000j,0.000002
-1.018593-0.000000j,0.693164+0.000000j,0.693131+0.000000j,0.000002
-1.018283-0.000000j,0.693164+0.000000j,0.693131+0.000000j,0.000002
-1.017974-0.000000j,0.693164+0.000000j,0.693131+0.000000j,0.000002
-1.017666-0.000000j,0.693164+0.000000j,0.693131+0.000000j,0.000002
-1.017358-0.000000j,0.693164+0.000000j,0.693131+0.000000j,0.000002
-1.017050-0.000000j,0.693164+0.000000j,0.693131+0.000000j,0.000002
-1.016743-0.000000j,0.693164+0.000000j,0.693131+0.000000j,0.000002
-1.016437-0.000000j,0.693164+0.000000j,0.693131+0.000000j,0.000002
-1.016131-0.000000j,0.693164+0.000000j,0.693131+0.000000j,0.000002
-1.015825-0.000000j,0.693164+0.000000j,0.693131+0.000000j,0.000002
-1.015519-0.000000j,0.693164+0.000000j,0.693131+0.000000j,0.000002
-1.015214-0.000000j,0.693164+0.000000j,0.693131+0.000000j,0.000002
-1.014910-0.000000j,0.693164+0.000000j,0.693131+0.000000j,0.000002
-1.014605-0.000000j,0.693164+0.000000j,0.693131+0.000000j,0.000002
-1.014301-0.000000j,0.693164+0.000000j,0.693131+0.000000j,0.000002
-1.013997-0.000000j,0.693164+0.000000j,0.693130+0.000000j,0.000002
-1.013693-0.000000j,0.693164+0.000000j,0.693130+0.000000j,0.000002
-1.013389-0.000000j,0.693164+0.000000j,0.693130+0.000000j,0.000002
-1.013086-0.000000j,0.693164+0.000000j,0.693130+0.000000j,0.000002
-1.012783-0.000000j,0.693164+0.000000j,0.693130+0.000000j,0.000002
-1.012480-0.000000j,0.693164+0.000000j,0.693130+0.000000j,0.000002
-1.012177-0.000000j,0.693164+0.000000j,0.693130+0.000000j,0.000002
-1.011874-0.000000j,0.693164+0.000000j,0.693130+0.000000j,0.000002
-1.011572-0.000000j,0.693164+0.000000j,0.693130+0.000000j,0.000002
-1.011269-0.000000j,0.693164+0.000000j,0.693130+0.000000j,0.000002
-1.010967-0.000000j,0.693164+0.000000j,0.693130+0.000000j,0.000002
-1.010665-0.000000j,0.693164+0.000000j,0.693130+0.000000j,0.000002
-1.010363-0.000000j,0.693164+0.000000j,0.693130+0.000000j,0.000002
-1.010061-0.000000j,0.693164+0.000000j,0.693130+0.000000j,0.000002
-1.009759-0.000000j,0.693164+0.000000j,0.693130+0.000000j,0.000002
-1.009457-0.000000j,0.693164+0.000000j,0.693130+0.000000j,0.000002
-1.009156-0.000000j,0.693164+0.000000j,0.693130+0.000000j,0.000002
-1.008854-0.000000j,0.693164+0.000000j,0.693130+0.000000j,0.000002
-1.008553-0.000000j,0.693164+0.000000j,0.693130+0.000000j,0.000002
-1.008252-0.000000j,0.693164+0.000000j,0.693130+0.000000j,0.000002
-1.007950-0.000000j,0.693164+0.000000j,0.693130+0.000000j,0.000002
-1.007649-0.000000j,0.693164+0.000000j,0.693130+0.000000j,0.000002
-1.007348-0.000000j,0.693164+0.000000j,0.693130+0.000000j,0.000002
-1.007048-0.000000j,0.693164+0.000000j,0.693130+0.000000j,0.000003
-1.006747-0.000000j,0.693164+0.000000j,0.693130+0.000000j,0.000003
-1.006446-0.000000j,0.693164+0.000000j,0.693130+0.000000j,0.000003
-1.006145-0.000000j,0.693164+0.000000j,0.693130+0.000000j,0.000003
-1.005845-0.000000j,0.693164+0.000000j,0.693130+0.000000j,0.000003
-1.005545-0.000000j,0.693164+0.000000j,0.693130+0.000000j,0.000003
-1.005244-0.000000j,0.693164+0.000000j,0.693130+0.000000j,0.000003
-1.004944-0.000000j,0.693164+0.000000j,0.693130+0.000000j,0.000003
-1.004644-0.000000j,0.693164+0.000000j,0.693130+0.000000j,0.000003
-1.004344-0.000000j,0.693164+0.000000j,0.693130+0.000000j,0.000003
-1.004044-0.000000j,0.693164+0.000000j,0.693130+0.000000j,0.000003
-1.003744-0.000000j,0.693164+0.000000j,0.693130+0.000000j,0.000003
-1.003444-0.000000j,0.693164+0.000000j,0.693130+0.000000j,0.000003
-1.003145-0.000000j,0.693164+0.000000j,0.693130+0.000000j,0.000003
-1.002845-0.000000j,0.693164+0.000000j,0.693130+0.000000j,0.000003
-1.002545-0.000000j,0.693164+0.000000j,0.693130+0.000000j,0.000003
-1.002246-0.000000j,0.693164+0.000000j,0.693130+0.000000j,0.000003
-1.001947-0.000000j,0.693164+0.000000j,0.693130+0.000000j,0.000003
-1.001647-0.000000j,0.693164+0.000000j,0.693130+0.000000j,0.000003
-1.001348-0.000000j,0.693164+0.000000j,0.693130+0.000000j,0.000003
-1.001049-0.000000j,0.693164+0.000000j,0.693130+0.000000j,0.000003
-1.000750-0.000000j,0.693164+0.000000j,0.693130+0.000000j,0.000003
-1.000451-0.000000j,0.693164+0.000000j,0.693130+0.000000j,0.000003
-1.000153-0.000000j,0.693164+0.000000j,0.693130+0.000000j,0.000003
-0.999854-0.000000j,0.693164+0.000000j,0.693130+0.000000j,0.000003
-0.999555-0.000000j,0.693164+0.000000j,0.693130+0.000000j,0.000003
-0.999257-0.000000j,0.693164+0.000000j,0.693130+0.000000j,0.000003
-0.998958-0.000000j,0.693164+0.000000j,0.693130+0.000000j,0.000003
-0.998660-0.000000j,0.693164+0.000000j,0.693130+0.000000j,0.000003
-0.998362-0.000000j,0.693164+0.000000j,0.693130+0.000000j,0.000003
-0.998063-0.000000j,0.693164+0.000000j,0.693130+0.000000j,0.000003
-0.997765-0.000000j,0.693164+0.000000j,0.693130+0.000000j,0.000003
-0.997467-0.000000j,0.693164+0.000000j,0.693130+0.000000j,0.000003
-0.997169-0.000000j,0.693164+0.000000j,0.693130+0.000000j,0.000003
-0.996872-0.000000j,0.693164+0.000000j,0.693130+0.000000j,0.000003
-0.996574-0.000000j,0.693164+0.000000j,0.693130+0.000000j,0.000003
-0.996276-0.000000j,0.693164+0.000000j,0.693130+0.000000j,0.000003
-0.995979-0.000000j,0.693164+0.000000j,0.693130+0.000000j,0.000003
-0.995681-0.000000j,0.693164+0.000000j,0.693130+0.000000j,0.000003
-0.995384-0.000000j,0.693164+0.000000j,0.693130+0.000000j,0.000003
-0.995087-0.000000j,0.693164+0.000000j,0.693130+0.000000j,0.000003
-0.994789-0.000000j,0.693164+0.000000j,0.693130+0.000000j,0.000003
-0.994492-0.000000j,0.693164+0.000000j,0.693130+0.000000j,0.000003
-0.994195-0.000000j,0.693164+0.000000j,0.693130+0.000000j,0.000003
-0.993898-0.000000j,0.693164+0.000000j,0.693130+0.000000j,0.000003
-0.993601-0.000000j,0.693164+0.000000j,0.693130+0.000000j,0.000003
-0.993305-0.000000j,0.693164+0.000000j,0.693130+0.000000j,0.000003
-0.993008-0.000000j,0.693164+0.000000j,0.693130+0.000000j,0.000003
-0.992711-0.000000j,0.693164+0.000000j,0.693130+0.000000j,0.000003
-0.992415-0.000000j,0.693164+0.000000j,0.693130+0.000000j,0.000003
-0.992119-0.000000j,0.693164+0.000000j,0.693130+0.000000j,0.000003
-0.991822-0.000000j,0.693164+0.000000j,0.693130+0.000000j,0.000003
-0.991526-0.000000j,0.693164+0.000000j,0.693130+0.000000j,0.000003
-0.991230-0.000000j,0.693164+0.000000j,0.693130+0.000000j,0.000003
-0.990934-0.000000j,0.693164+0.000000j,0.693130+0.000000j,0.000003
-0.990638-0.000000j,0.693164+0.000000j,0.693130+0.000000j,0.000003
-0.990342-0.000000j,0.693164+0.000000j,0.693130+0.000000j,0.000003
-0.990046-0.000000j,0.693164+0.000000j,0.693130+0.000000j,0.000003
-0.989750-0.000000j,0.693164+0.000000j,0.693130+0.000000j,0.000003
-0.989454-0.000000j,0.693164+0.000000j,0.693130+0.000000j,0.000003
-0.989158-0.000000j,0.693164+0.000000j,0.693130+0.000000j,0.000003
-0.988863-0.000000j,0.693164+0.000000j,0.693130+0.000000j,0.000003
-0.988567-0.000000j,0.693164+0.000000j,0.693130+0.000000j,0.000003
-0.988272-0.000000j,0.693164+0.000000j,0.693130+0.000000j,0.000003
-0.987976-0.000000j,0.693164+0.000000j,0.693130+0.000000j,0.000003
-0.987681-0.000000j,0.693164+0.000000j,0.693130+0.000000j,0.000003
-0.987385-0.000000j,0.693164+0.000000j,0.693130+0.000000j,0.000003
-0.987090-0.000000j,0.693164+0.000000j,0.693130+0.000000j,0.000003
-0.986794-0.000000j,0.693164+0.000000j,0.693130+0.000000j,0.000003
-0.986499-0.000000j,0.693164+0.000000j,0.693130+0.000000j,0.000003
-0.986203-0.000000j,0.693164+0.000000j,0.693130+0.000000j,0.000003
-0.985908-0.000000j,0.693164+0.000000j,0.693131+0.000000j,0.000003
-0.985612-0.000000j,0.693164+0.000000j,0.693131+0.000000j,0.000003
-0.985317-0.000000j,0.693164+0.000000j,0.693131+0.000000j,0.000003
-0.985021-0.000000j,0.693164+0.000000j,0.693131+0.000000j,0.000003
-0.984725-0.000000j,0.693164+0.000000j,0.693131+0.000000j,0.000003
-0.984429-0.000000j,0.693164+0.000000j,0.693131+0.000000j,0.000003
-0.984133-0.000000j,0.693164+0.000000j,0.693131+0.000000j,0.000003
-0.983837-0.000000j,0.693164+0.000000j,0.693131+0.000000j,0.000003
-0.983541-0.000000j,0.693164+0.000000j,0.693131+0.000000j,0.000003
-0.983244-0.000000j,0.693164+0.000000j,0.693131+0.000000j,0.000003
-0.982947-0.000000j,0.693164+0.000000j,0.693131+0.000000j,0.000003
-0.982650-0.000000j,0.693164+0.000000j,0.693131+0.000000j,0.000003
-0.982353-0.000000j,0.693164+0.000000j,0.693131+0.000000j,0.000003
-0.982055-0.000000j,0.693164+0.000000j,0.693131+0.000000j,0.000003
-0.981757-0.000000j,0.693164+0.000000j,0.693131+0.000000j,0.000003
-0.981459-0.000000j,0.693164+0.000000j,0.693131+0.000000j,0.000003
-0.981160-0.000000j,0.693164+0.000000j,0.693131+0.000000j,0.000003
-0.980861-0.000000j,0.693164+0.000000j,0.693131+0.000000j,0.000003
-0.980561-0.000000j,0.693164+0.000000j,0.693131+0.000000j,0.000003
-0.980260-0.000000j,0.693163+0.000000j,0.693131+0.000000j,0.000003
-0.979959-0.000000j,0.693163+0.000000j,0.693131+0.000000j,0.000003
-0.979657-0.000000j,0.693163+0.000000j,0.693131+0.000000j,0.000003
-0.979354-0.000000j,0.693163+0.000000j,0.693131+0.000000j,0.000003
-0.979051-0.000000j,0.693163+0.000000j,0.693131+0.000000j,0.000003
-0.978746-0.000000j,0.693163+0.000000j,0.693131+0.000000j,0.000003
-0.978440-0.000000j,0.693163+0.000000j,0.693131+0.000000j,0.000003
-0.978133-0.000000j,0.693163+0.000000j,0.693131+0.000000j,0.000003
-0.977825-0.000000j,0.693163+0.000000j,0.693131+0.000000j,0.000003
-0.977515-0.000000j,0.693163+0.000000j,0.693131+0.000000j,0.000003
-0.977204-0.000000j,0.693163+0.000000j,0.693132+0.000000j,0.000004
-0.976891-0.000000j,0.693163+0.000000j,0.693132+0.000000j,0.000004
-0.976576-0.000000j,0.693163+0.000000j,0.693132+0.000000j,0.000004
-0.976259-0.000000j,0.693163+0.000000j,0.693132+0.000000j,0.000004
-0.975940-0.000000j,0.693162+0.000000j,0.693132+0.000000j,0.000004
-0.975618-0.000000j,0.693162+0.000000j,0.693132+0.000000j,0.000004
-0.975293-0.000000j,0.693162+0.000000j,0.693132+0.000000j,0.000004
-0.974965-0.000000j,0.693162+0.000000j,0.693132+0.000000j,0.000004
-0.974634-0.000000j,0.693162+0.000000j,0.693133+0.000000j,0.000004
-0.974298-0.000000j,0.693162+0.000000j,0.693133+0.000000j,0.000004
-0.973958-0.000000j,0.693161+0.000000j,0.693133+0.000000j,0.000004
-0.973613-0.000000j,0.693161+0.000000j,0.693133+0.000000j,0.000004
-0.973262-0.000000j,0.693161+0.000000j,0.693133+0.000000j,0.000004
-0.972905-0.000000j,0.693161+0.000000j,0.693134+0.000000j,0.000004
-0.972539-0.000000j,0.693160+0.000000j,0.693134+0.000000j,0.000004
-0.972165-0.000000j,0.693160+0.000000j,0.693134+0.000000j,0.000004
-0.971779-0.000000j,0.693160+0.000000j,0.693135+0.000000j,0.000004
-0.971380-0.000000j,0.693159+0.000000j,0.693135+0.000000j,0.000004
-0.970965-0.000000j,0.693159+0.000000j,0.693136+0.000000j,0.000004
-0.970528-0.000000j,0.693158+0.000000j,0.693136+0.000000j,0.000004
-0.970062-0.000000j,0.693157+0.000000j,0.693137+0.000000j,0.000004
-0.969553-0.000000j,0.693156+0.000000j,0.693138+0.000000j,0.000004
-0.968969-0.000000j,0.693155+0.000000j,0.693140+0.000000j,0.000004
-0.968193-0.000000j,0.693152+0.000000j,0.693143+0.000000j,0.000004
-0.967040-0.000000j,0.693137+0.000000j,0.693158+0.000000j,0.000004
-0.967474-0.000000j,0.693136+0.000000j,0.693159+0.000000j,0.000004
-0.967874-0.000000j,0.693135+0.000000j,0.693160+0.000000j,0.000004
-0.968249-0.000000j,0.693134+0.000000j,0.693160+0.000000j,0.000004
-0.968605-0.000000j,0.693133+0.000000j,0.693161+0.000000j,0.000004
-0.968947-0.000000j,0.693133+0.000000j,0.693162+0.000000j,0.000004
-0.969278-0.000000j,0.693132+0.000000j,0.693162+0.000000j,0.000004
-0.969599-0.000000j,0.693132+0.000000j,0.693163+0.000000j,0.000004
-0.969911-0.000000j,0.693131+0.000000j,0.693163+0.000000j,0.000004
-0.970216-0.000000j,0.693131+0.000000j,0.693163+0.000000j,0.000004
-0.970516-0.000000j,0.693131+0.000000j,0.693164+0.000000j,0.000004
-0.970810-0.000000j,0.693131+0.000000j,0.693164+0.000000j,0.000004
-0.971099-0.000000j,0.693130+0.000000j,0.693164+0.000000j,0.000004
-0.971384-0.000000j,0.693130+0.000000j,0.693164+0.000000j,0.000004
-0.971665-0.000000j,0.693130+0.000000j,0.693165+0.000000j,0.000004
-0.971942-0.000000j,0.693130+0.000000j,0.693165+0.000000j,0.000004
-0.972217-0.000000j,0.693129+0.000000j,0.693165+0.000000j,0.000004
-0.972488-0.000000j,0.693129+0.000000j,0.693165+0.000000j,0.000004
-0.972757-0.000000j,0.693129+0.000000j,0.693165+0.000000j,0.000004
-0.973024-0.000000j,0.693129+0.000000j,0.693166+0.000000j,0.000004
-0.973288-0.000000j,0.693129+0.000000j,0.693166+0.000000j,0.000004
-0.973551-0.000000j,0.693129+0.000000j,0.693166+0.000000j,0.000004
-0.973811-0.000000j,0.693128+0.000000j,0.693166+0.000000j,0.000004
-0.974070-0.000000j,0.693128+0.000000j,0.693166+0.000000j,0.000004
-0.974327-0.000000j,0.693128+0.000000j,0.693166+0.000000j,0.000004
-0.974583-0.000000j,0.693128+0.000000j,0.693166+0.000000j,0.000004
-0.974838-0.000000j,0.693128+0.000000j,0.693166+0.000000j,0.000004
-0.975091-0.000000j,0.693128+0.000000j,0.693166+0.000000j,0.000004
-0.975343-0.000000j,0.693128+0.000000j,0.693167+0.000000j,0.000004
-0.975594-0.000000j,0.693128+0.000000j,0.693167+0.000000j,0.000004
-0.975844-0.000000j,0.693128+0.000000j,0.693167+0.000000j,0.000004
-0.976093-0.000000j,0.693128+0.000000j,0.693167+0.000000j,0.000004
-0.976341-0.000000j,0.693127+0.000000j,0.693167+0.000000j,0.000004
-0.976588-0.000000j,0.693127+0.000000j,0.693167+0.000000j,0.000004
-0.976835-0.000000j,0.693127+0.000000j,0.693167+0.000000j,0.000004
-0.977081-0.000000j,0.693127+0.000000j,0.693167+0.000000j,0.000004
-0.977326-0.000000j,0.693127+0.000000j,0.693167+0.000000j,0.000004
-0.977571-0.000000j,0.693127+0.000000j,0.693167+0.000000j,0.000004
-0.977815-0.000000j,0.693127+0.000000j,0.693167+0.000000j,0.000004
-0.978058-0.000000j,0.693127+0.000000j,0.693167+0.000000j,0.000004
-0.978301-0.000000j,0.693127+0.000000j,0.693167+0.000000j,0.000004
-0.978544-0.000000j,0.693127+0.000000j,0.693167+0.000000j,0.000004
-0.978786-0.000000j,0.693127+0.000000j,0.693167+0.000000j,0.000004
-0.979027-0.000000j,0.693127+0.000000j,0.693167+0.000000j,0.000004
-0.979269-0.000000j,0.693127+0.000000j,0.693167+0.000000j,0.000004
-0.979510-0.000000j,0.693127+0.000000j,0.693168+0.000000j,0.000004
-0.979750-0.000000j,0.693127+0.000000j,0.693168+0.000000j,0.000004
-0.979991-0.000000j,0.693127+0.000000j,0.693168+0.000000j,0.000004
-0.980231-0.000000j,0.693127+0.000000j,0.693168+0.000000j,0.000004
-0.980471-0.000000j,0.693127+0.000000j,0.693168+0.000000j,0.000004
-0.980710-0.000000j,0.693127+0.000000j,0.693168+0.000000j,0.000004
-0.980949-0.000000j,0.693127+0.000000j,0.693168+0.000000j,0.000004
-0.981189-0.000000j,0.693127+0.000000j,0.693168+0.000000j,0.000004
-0.981428-0.000000j,0.693127+0.000000j,0.693168+0.000000j,0.000004
-0.981666-0.000000j,0.693127+0.000000j,0.693168+0.000000j,0.000004
-0.981905-0.000000j,0.693127+0.000000j,0.693168+0.000000j,0.000004
-0.982144-0.000000j,0.693127+0.000000j,0.693168+0.000000j,0.000004
-0.982382-0.000000j,0.693127+0.000000j,0.693168+0.000000j,0.000004
-0.982620-0.000000j,0.693127+0.000000j,0.693168+0.000000j,0.000004
-0.982859-0.000000j,0.693127+0.000000j,0.693168+0.000000j,0.000004
-0.983097-0.000000j,0.693127+0.000000j,0.693168+0.000000j,0.000004
-0.983335-0.000000j,0.693127+0.000000j,0.693168+0.000000j,0.000004
-0.983573-0.000000j,0.693127+0.000000j,0.693168+0.000000j,0.000004
-0.983811-0.000000j,0.693127+0.000000j,0.693168+0.000000j,0.000004
-0.984048-0.000000j,0.693126+0.000000j,0.693168+0.000000j,0.000004
-0.984286-0.000000j,0.693126+0.000000j,0.693168+0.000000j,0.000004
-0.984524-0.000000j,0.693126+0.000000j,0.693168+0.000000j,0.000004
-0.984762-0.000000j,0.693126+0.000000j,0.693168+0.000000j,0.000004
-0.984999-0.000000j,0.693126+0.000000j,0.693168+0.000000j,0.000004
-0.985237-0.000000j,0.693126+0.000000j,0.693168+0.000000j,0.000004
-0.985475-0.000000j,0.693126+0.000000j,0.693168+0.000000j,0.000004
-0.985712-0.000000j,0.693126+0.000000j,0.693168+0.000000j,0.000004
-0.985950-0.000000j,0.693126+0.000000j,0.693168+0.000000j,0.000004
-0.986188-0.000000j,0.693126+0.000000j,0.693168+0.000000j,0.000004
-0.986425-0.000000j,0.693126+0.000000j,0.693168+0.000000j,0.000004
-0.986663-0.000000j,0.693126+0.000000j,0.693168+0.000000j,0.000005
-0.986901-0.000000j,0.693126+0.000000j,0.693168+0.000000j,0.000005
-0.987139-0.000000j,0.693126+0.000000j,0.693168+0.000000j,0.000005
-0.987376-0.000000j,0.693126+0.000000j,0.693168+0.000000j,0.000005
-0.987614-0.000000j,0.693126+0.000000j,0.693168+0.000000j,0.000005
-0.987852-0.000000j,0.693126+0.000000j,0.693168+0.000000j,0.000005
-0.988090-0.000000j,0.693126+0.000000j,0.693168+0.000000j,0.000005
-0.988328-0.000000j,0.693126+0.000000j,0.693168+0.000000j,0.000005
-0.988565-0.000000j,0.693126+0.000000j,0.693168+0.000000j,0.000005
-0.988803-0.000000j,0.693126+0.000000j,0.693168+0.000000j,0.000005
-0.989041-0.000000j,0.693126+0.000000j,0.693168+0.000000j,0.000005
-0.989279-0.000000j,0.693126+0.000000j,0.693168+0.000000j,0.000005
-0.989517-0.000000j,0.693126+0.000000j,0.693168+0.000000j,0.000005
-0.989756-0.000000j,0.693126+0.000000j,0.693168+0.000000j,0.000005
-0.989994-0.000000j,0.693126+0.000000j,0.693168+0.000000j,0.000005
-0.990232-0.000000j,0.693126+0.000000j,0.693168+0.000000j,0.000005
-0.990470-0.000000j,0.693126+0.000000j,0.693168+0.000000j,0.000005
-0.990709-0.000000j,0.693126+0.000000j,0.693168+0.000000j,0.000005
-0.990947-0.000000j,0.693126+0.000000j,0.693168+0.000000j,0.000005
-0.991185-0.000000j,0.693126+0.000000j,0.693168+0.000000j,0.000005
-0.991424-0.000000j,0.693126+0.000000j,0.693168+0.000000j,0.000005
-0.991662-0.000000j,0.693126+0.000000j,0.693168+0.000000j,0.000005
-0.991901-0.000000j,0.693126+0.000000j,0.693168+0.000000j,0.000005
-0.992139-0.000000j,0.693126+0.000000j,0.693168+0.000000j,0.000005
-0.992378-0.000000j,0.693126+0.000000j,0.693168+0.000000j,0.000005
-0.992617-0.000000j,0.693126+0.000000j,0.693168+0.000000j,0.000005
-0.992856-0.000000j,0.693126+0.000000j,0.693168+0.000000j,0.000005
-0.993094-0.000000j,0.693126+0.000000j,0.693168+0.000000j,0.000005
-0.993333-0.000000j,0.693126+0.000000j,0.693168+0.000000j,0.000005
-0.993572-0.000000j,0.693126+0.000000j,0.693168+0.000000j,0.000005
-0.993811-0.000000j,0.693126+0.000000j,0.693168+0.000000j,0.000005
-0.994050-0.000000j,0.693126+0.000000j,0.693168+0.000000j,0.000005
-0.994289-0.000000j,0.693126+0.000000j,0.693168+0.000000j,0.000005
-0.994529-0.000000j,0.693126+0.000000j,0.693168+0.000000j,0.000005
-0.994768-0.000000j,0.693126+0.000000j,0.693168+0.000000j,0.000005
-0.995007-0.000000j,0.693126+0.000000j,0.693168+0.000000j,0.000005
-0.995247-0.000000j,0.693126+0.000000j,0.693168+0.000000j,0.000005
-0.995486-0.000000j,0.693126+0.000000j,0.693168+0.000000j,0.000005
-0.995725-0.000000j,0.693126+0.000000j,0.693168+0.000000j,0.000005
-0.995965-0.000000j,0.693126+0.000000j,0.693168+0.000000j,0.000005
-0.996204-0.000000j,0.693126+0.000000j,0.693168+0.000000j,0.000005
-0.996444-0.000000j,0.693126+0.000000j,0.693168+0.000000j,0.000005
-0.996684-0.000000j,0.693126+0.000000j,0.693168+0.000000j,0.000005
-0.996924-0.000000j,0.693126+0.000000j,0.693168+0.000000j,0.000005
-0.997163-0.000000j,0.693126+0.000000j,0.693168+0.000000j,0.000005
-0.997403-0.000000j,0.693126+0.000000j,0.693168+0.000000j,0.000005
-0.997643-0.000000j,0.693126+0.000000j,0.693168+0.000000j,0.000005
-0.997883-0.000000j,0.693126+0.000000j,0.693168+0.000000j,0.000005
-0.998123-0.000000j,0.693126+0.000000j,0.693168+0.000000j,0.000005
-0.998363-0.000000j,0.693126+0.000000j,0.693168+0.000000j,0.000005
-0.998603-0.000000j,0.693126+0.000000j,0.693168+0.000000j,0.000005
-0.998844-0.000000j,0.693126+0.000000j,0.693168+0.000000j,0.000005
-0.999084-0.000000j,0.693126+0.000000j,0.693168+0.000000j,0.000005
-0.999324-0.000000j,0.693126+0.000000j,0.693168+0.000000j,0.000005
-0.999565-0.000000j,0.693126+0.000000j,0.693168+0.000000j,0.000005
-0.999805-0.000000j,0.693126+0.000000j,0.693168+0.000000j,0.000005
-1.000046-0.000000j,0.693126+0.000000j,0.693168+0.000000j,0.000005
-1.000286-0.000000j,0.693126+0.000000j,0.693168+0.000000j,0.000005
-1.000527-0.000000j,0.693126+0.000000j,0.693168+0.000000j,0.000005
-1.000767-0.000000j,0.693126+0.000000j,0.693168+0.000000j,0.000005
-1.001008-0.000000j,0.693126+0.000000j,0.693168+0.000000j,0.000005
-1.001249-0.000000j,0.693126+0.000000j,0.693168+0.000000j,0.000005
-1.001490-0.000000j,0.693126+0.000000j,0.693168+0.000000j,0.000005
-1.001731-0.000000j,0.693126+0.000000j,0.693168+0.000000j,0.000005
-1.001972-0.000000j,0.693126+0.000000j,0.693168+0.000000j,0.000005
-1.002213-0.000000j,0.693126+0.000000j,0.693168+0.000000j,0.000005
-1.002454-0.000000j,0.693126+0.000000j,0.693168+0.000000j,0.000005
-1.002695-0.000000j,0.693126+0.000000j,0.693168+0.000000j,0.000005
-1.002936-0.000000j,0.693126+0.000000j,0.693168+0.000000j,0.000005
-1.003177-0.000000j,0.693126+0.000000j,0.693168+0.000000j,0.000005
-1.003419-0.000000j,0.693126+0.000000j,0.693168+0.000000j,0.000005
-1.003660-0.000000j,0.693126+0.000000j,0.693168+0.000000j,0.000005
-1.003901-0.000000j,0.693126+0.000000j,0.693168+0.000000j,0.000005
-1.004143-0.000000j,0.693126+0.000000j,0.693168+0.000000j,0.000005
-1.004384-0.000000j,0.693126+0.000000j,0.693168+0.000000j,0.000005
-1.004626-0.000000j,0.693126+0.000000j,0.693168+0.000000j,0.000005
-1.004868-0.000000j,0.693126+0.000000j,0.693168+0.000000j,0.000005
-1.005109-0.000000j,0.693126+0.000000j,0.693168+0.000000j,0.000005
-1.005351-0.000000j,0.693126+0.000000j,0.693168+0.000000j,0.000005
-1.005593-0.000000j,0.693126+0.000000j,0.693168+0.000000j,0.000005
-1.005835-0.000000j,0.693126+0.000000j,0.693168+0.000000j,0.000005
-1.006077-0.000000j,0.693126+0.000000j,0.693168+0.000000j,0.000005
-1.006319-0.000000j,0.693126+0.000000j,0.693168+0.000000j,0.000005
-1.006561-0.000000j,0.693126+0.000000j,0.693168+0.000000j,0.000005
-1.006803-0.000000j,0.693126+0.000000j,0.693168+0.000000j,0.000005
-1.007045-0.000000j,0.693126+0.000000j,0.693168+0.000000j,0.000005
-1.007288-0.000000j,0.693126+0.000000j,0.693168+0.000000j,0.000005
-1.007530-0.000000j,0.693126+0.000000j,0.693168+0.000000j,0.000005
-1.007772-0.000000j,0.693126+0.000000j,0.693168+0.000000j,0.000005
-1.008015-0.000000j,0.693126+0.000000j,0.693168+0.000000j,0.000005
-1.008257-0.000000j,0.693126+0.000000j,0.693168+0.000000j,0.000005
-1.008500-0.000000j,0.693126+0.000000j,0.693168+0.000000j,0.000005
-1.008742-0.000000j,0.693126+0.000000j,0.693168+0.000000j,0.000005
-1.008985-0.000000j,0.693126+0.000000j,0.693168+0.000000j,0.000005
-1.009228-0.000000j,0.693126+0.000000j,0.693168+0.000000j,0.000005
-1.009471-0.000000j,0.693126+0.000000j,0.693168+0.000000j,0.000005
-1.009714-0.000000j,0.693126+0.000000j,0.693168+0.000000j,0.000005
-1.009956-0.000000j,0.693126+0.000000j,0.693168+0.000000j,0.000005
-1.010199-0.000000j,0.693126+0.000000j,0.693168+0.000000j,0.000005
-1.010443-0.000000j,0.693126+0.000000j,0.693168+0.000000j,0.000005
-1.010686-0.000000j,0.693126+0.000000j,0.693168+0.000000j,0.000006
-1.010929-0.000000j,0.693126+0.000000j,0.693168+0.000000j,0.000006
-1.011172-0.000000j,0.693126+0.000000j,0.693168+0.000000j,0.000006
-1.011416-0.000000j,0.693126+0.000000j,0.693168+0.000000j,0.000006
-1.011659-0.000000j,0.693126+0.000000j,0.693168+0.000000j,0.000006
-1.011903-0.000000j,0.693126+0.000000j,0.693168+0.000000j,0.000006
-1.012146-0.000000j,0.693126+0.000000j,0.693168+0.000000j,0.000006
-1.012390-0.000000j,0.693126+0.000000j,0.693168+0.000000j,0.000006
-1.012634-0.000000j,0.693126+0.000000j,0.693168+0.000000j,0.000006
-1.012878-0.000000j,0.693126+0.000000j,0.693168+0.000000j,0.000006
-1.013122-0.000000j,0.693126+0.000000j,0.693168+0.000000j,0.000006
-1.013366-0.000000j,0.693126+0.000000j,0.693168+0.000000j,0.000006
-1.013610-0.000000j,0.693126+0.000000j,0.693168+0.000000j,0.000006
-1.013854-0.000000j,0.693126+0.000000j,0.693168+0.000000j,0.000006
-1.014099-0.000000j,0.693126+0.000000j,0.693168+0.000000j,0.000006
-1.014343-0.000000j,0.693126+0.000000j,0.693168+0.000000j,0.000006
-1.014588-0.000000j,0.693126+0.000000j,0.693168+0.000000j,0.000006
-1.014833-0.000000j,0.693126+0.000000j,0.693168+0.000000j,0.000006
-1.015077-0.000000j,0.693126+0.000000j,0.693168+0.000000j,0.000006
-1.015323-0.000000j,0.693126+0.000000j,0.693168+0.000000j,0.000006
-1.015568-0.000000j,0.693126+0.000000j,0.693168+0.000000j,0.000006
-1.015813-0.000000j,0.693126+0.000000j,0.693168+0.000000j,0.000006
-1.016059-0.000000j,0.693126+0.000000j,0.693168+0.000000j,0.000006
-1.016304-0.000000j,0.693127+0.000000j,0.693168+0.000000j,0.000006
-1.016550-0.000000j,0.693127+0.000000j,0.693168+0.000000j,0.000006
-1.016796-0.000000j,0.693127+0.000000j,0.693168+0.000000j,0.000006
-1.017042-0.000000j,0.693127+0.000000j,0.693168+0.000000j,0.000006
-1.017289-0.000000j,0.693127+0.000000j,0.693168+0.000000j,0.000006
-1.017536-0.000000j,0.693127+0.000000j,0.693168+0.000000j,0.000006
-1.017783-0.000000j,0.693127+0.000000j,0.693168+0.000000j,0.000006
-1.018030-0.000000j,0.693127+0.000000j,0.693168+0.000000j,0.000006
-1.018277-0.000000j,0.693127+0.000000j,0.693168+0.000000j,0.000006
-1.018525-0.000000j,0.693127+0.000000j,0.693168+0.000000j,0.000006
-1.018773-0.000000j,0.693127+0.000000j,0.693168+0.000000j,0.000006
-1.019021-0.000000j,0.693127+0.000000j,0.693168+0.000000j,0.000006
-1.019270-0.000000j,0.693127+0.000000j,0.693168+0.000000j,0.000006
