0.615746-0.394531j,-0.035089-0.105980j,-0.035089-0.105980j,0.000000
0.615746-0.394531j,-0.035161-0.106093j,-0.035017-0.105867j,0.000000
0.615747-0.394531j,-0.035172-0.106132j,-0.035006-0.105828j,0.000000
0.615747-0.394531j,-0.035186-0.106155j,-0.034992-0.105805j,0.000000
0.615747-0.394531j,-0.035197-0.106172j,-0.034981-0.105788j,0.000000
0.615747-0.394531j,-0.035207-0.106186j,-0.034972-0.105774j,0.000000
0.615747-0.394531j,-0.035215-0.106198j,-0.034964-0.105762j,0.000000
0.615747-0.394531j,-0.035222-0.106208j,-0.034957-0.105752j,0.000000
0.615748-0.394531j,-0.035229-0.106218j,-0.034950-0.105742j,0.000000
0.615748-0.394531j,-0.035235-0.106227j,-0.034944-0.105733j,0.000000
0.615748-0.394531j,-0.035240-0.106235j,-0.034939-0.105725j,0.000000
0.615748-0.394531j,-0.035245-0.106242j,-0.034934-0.105718j,0.000000
0.615748-0.394531j,-0.035250-0.106250j,-0.034929-0.105710j,0.000000
0.615748-0.394531j,-0.035255-0.106256j,-0.034924-0.105704j,0.000000
0.615748-0.394531j,-0.035259-0.106263j,-0.034920-0.105697j,0.000000
0.615748-0.394531j,-0.035263-0.106269j,-0.034916-0.105691j,0.000000
0.615749-0.394531j,-0.035267-0.106275j,-0.034912-0.105685j,0.000000
0.615749-0.394531j,-0.035271-0.106280j,-0.034908-0.105680j,0.000000
0.615749-0.394531j,-0.035275-0.106286j,-0.034904-0.105674j,0.000000
0.615749-0.394531j,-0.035278-0.106291j,-0.034901-0.105669j,0.000000
0.615749-0.394531j,-0.035282-0.106296j,-0.034898-0.105664j,0.000000
0.615749-0.394531j,-0.035285-0.106301j,-0.034894-0.105659j,0.000000
0.615749-0.394531j,-0.035288-0.106306j,-0.034891-0.105654j,0.000000
0.615749-0.394531j,-0.035291-0.106310j,-0.034888-0.105650j,0.000000
0.615749-0.394531j,-0.035294-0.106315j,-0.034885-0.105645j,0.000000
0.615749-0.394531j,-0.035297-0.106319j,-0.034882-0.105641j,0.000000
0.615750-0.394531j,-0.035300-0.106324j,-0.034879-0.105636j,0.000000
0.615750-0.394531j,-0.035303-0.106328j,-0.034877-0.105632j,0.000000
0.615750-0.394531j,-0.035305-0.106332j,-0.034874-0.105628j,0.000000
0.615750-0.394531j,-0.035308-0.106336j,-0.034871-0.105624j,0.000000
0.615750-0.394531j,-0.035310-0.106340j,-0.034869-0.105621j,0.000000
0.615750-0.394531j,-0.035313-0.106343j,-0.034866-0.105617j,0.000000
0.615750-0.394531j,-0.035315-0.106347j,-0.034864-0.105613j,0.000000
0.615750-0.394531j,-0.035318-0.106351j,-0.034862-0.105609j,0.000000
0.615750-0.394531j,-0.035320-0.106354j,-0.034859-0.105606j,0.000000
0.615750-0.394531j,-0.035322-0.106358j,-0.034857-0.105602j,0.000000
0.615750-0.394531j,-0.035325-0.106361j,-0.034855-0.105599j,0.000000
0.615750-0.394531j,-0.035327-0.106364j,-0.034853-0.105596j,0.000000
0.615751-0.394531j,-0.035329-0.106368j,-0.034850-0.105592j,0.000000
0.615751-0.394531j,-0.035331-0.106371j,-0.034848-0.105589j,0.000000
0.615751-0.394531j,-0.035333-0.106374j,-0.034846-0.105586j,0.000000
0.615751-0.394531j,-0.035335-0.106377j,-0.034844-0.105583j,0.000000
0.615751-0.394531j,-0.035337-0.106380j,-0.034842-0.105580j,0.000000
0.615751-0.394531j,-0.035339-0.106383j,-0.034840-0.105577j,0.000000
0.615751-0.394531j,-0.035341-0.106386j,-0.034838-0.105574j,0.000000
0.615751-0.394531j,-0.035343-0.106389j,-0.034836-0.105571j,0.000000
0.615751-0.394531j,-0.035345-0.106392j,-0.034834-0.105568j,0.000000
0.615751-0.394531j,-0.035347-0.106395j,-0.034833-0.105565j,0.000000
0.615751-0.394531j,-0.035349-0.106398j,-0.034831-0.105562j,0.000000
0.615751-0.394531j,-0.035351-0.106401j,-0.034829-0.105559j,0.000000
0.615751-0.394531j,-0.035353-0.106404j,-0.034827-0.105557j,0.000000
0.615752-0.394531j,-0.035354-0.106406j,-0.034825-0.105554j,0.000000
0.615752-0.394531j,-0.035356-0.106409j,-0.034824-0.105551j,0.000000
0.615752-0.394531j,-0.035358-0.106412j,-0.034822-0.105549j,0.000000
0.615752-0.394531j,-0.035360-0.106414j,-0.034820-0.105546j,0.000000
0.615752-0.394531j,-0.035361-0.106417j,-0.034819-0.105543j,0.000000
0.615752-0.394531j,-0.035363-0.106419j,-0.034817-0.105541j,0.000000
0.615752-0.394531j,-0.035365-0.106422j,-0.034815-0.105538j,0.000000
0.615752-0.394531j,-0.035366-0.106424j,-0.034814-0.105536j,0.000000
0.615752-0.394531j,-0.035368-0.106427j,-0.034812-0.105533j,0.000000
0.615752-0.394531j,-0.035369-0.106429j,-0.034810-0.105531j,0.000000
0.615752-0.394531j,-0.035371-0.106432j,-0.034809-0.105529j,0.000000
0.615752-0.394531j,-0.035372-0.106434j,-0.034807-0.105526j,0.000000
0.615752-0.394531j,-0.035374-0.106436j,-0.034806-0.105524j,0.000000
0.615752-0.394531j,-0.035376-0.106439j,-0.034804-0.105521j,0.000000
0.615753-0.394531j,-0.035377-0.106441j,-0.034803-0.105519j,0.000000
0.615753-0.394531j,-0.035379-0.106443j,-0.034801-0.105517j,0.000000
0.615753-0.394531j,-0.035380-0.106446j,-0.034800-0.105515j,0.000000
0.615753-0.394531j,-0.035382-0.106448j,-0.034798-0.105512j,0.000000
0.615753-0.394531j,-0.035383-0.106450j,-0.034797-0.105510j,0.000000
0.615753-0.394531j,-0.035384-0.106452j,-0.034796-0.105508j,0.000000
0.615753-0.394531j,-0.035386-0.106454j,-0.034794-0.105506j,0.000000
0.615753-0.394531j,-0.035387-0.106457j,-0.034793-0.105504j,0.000000
0.615753-0.394531j,-0.035389-0.106459j,-0.034791-0.105501j,0.000000
0.615753-0.394531j,-0.035390-0.106461j,-0.034790-0.105499j,0.000000
0.615753-0.394531j,-0.035391-0.106463j,-0.034789-0.105497j,0.000000
0.615753-0.394531j,-0.035393-0.106465j,-0.034787-0.105495j,0.000000
0.615753-0.394531j,-0.035394-0.106467j,-0.034786-0.105493j,0.000000
0.615753-0.394531j,-0.035395-0.106469j,-0.034785-0.105491j,0.000000
0.615753-0.394531j,-0.035397-0.106471j,-0.034783-0.105489j,0.000000
0.615754-0.394531j,-0.035398-0.106473j,-0.034782-0.105487j,0.000000
0.615754-0.394531j,-0.035399-0.106475j,-0.034781-0.105485j,0.000000
0.615754-0.394531j,-0.035401-0.106477j,-0.034780-0.105483j,0.000000
0.615754-0.394531j,-0.035402-0.106479j,-0.034778-0.105481j,0.000000
0.615754-0.394531j,-0.035403-0.106481j,-0.034777-0.105479j,0.000000
0.615754-0.394531j,-0.035404-0.106483j,-0.034776-0.105477j,0.000000
0.615754-0.394531j,-0.035406-0.106485j,-0.034775-0.105475j,0.000000
0.615754-0.394531j,-0.035407-0.106487j,-0.034773-0.105473j,0.000000
0.615754-0.394531j,-0.035408-0.106489j,-0.034772-0.105471j,0.000000
0.615754-0.394531j,-0.035409-0.106491j,-0.034771-0.105470j,0.000000
0.615754-0.394531j,-0.035411-0.106493j,-0.034770-0.105468j,0.000000
0.615754-0.394531j,-0.035412-0.106494j,-0.034769-0.105466j,0.000000
0.615754-0.394531j,-0.035413-0.106496j,-0.034767-0.105464j,0.000000
0.615754-0.394531j,-0.035414-0.106498j,-0.034766-0.105462j,0.000000
0.615754-0.394531j,-0.035415-0.106500j,-0.034765-0.105460j,0.000000
0.615754-0.394531j,-0.035417-0.106502j,-0.034764-0.105459j,0.000000
0.615754-0.394531j,-0.035418-0.106503j,-0.034763-0.105457j,0.000000
0.615755-0.394531j,-0.035419-0.106505j,-0.034762-0.105455j,0.000000
0.615755-0.394531j,-0.035420-0.106507j,-0.034760-0.105453j,0.000000
0.615755-0.394531j,-0.035421-0.106509j,-0.034759-0.105452j,0.000000
0.615755-0.394531j,-0.035422-0.106511j,-0.034758-0.105450j,0.000000
0.615755-0.394531j,-0.035423-0.106512j,-0.034757-0.105448j,0.000000
0.615755-0.394531j,-0.035424-0.106514j,-0.034756-0.105446j,0.000000
0.615755-0.394531j,-0.035426-0.106516j,-0.034755-0.105445j,0.000000
0.615755-0.394531j,-0.035427-0.106517j,-0.034754-0.105443j,0.000000
0.615755-0.394531j,-0.035428-0.106519j,-0.034753-0.105441j,0.000000
0.615755-0.394531j,-0.035429-0.106521j,-0.034752-0.105440j,0.000000
0.615755-0.394531j,-0.035430-0.106522j,-0.034751-0.105438j,0.000000
0.615755-0.394531j,-0.035431-0.106524j,-0.034750-0.105436j,0.000000
0.615755-0.394531j,-0.035432-0.106526j,-0.034748-0.105435j,0.000000
0.615755-0.394531j,-0.035433-0.106527j,-0.034747-0.105433j,0.000000
0.615755-0.394531j,-0.035434-0.106529j,-0.034746-0.105431j,0.000000
0.615755-0.394531j,-0.035435-0.106531j,-0.034745-0.105430j,0.000000
0.615755-0.394531j,-0.035436-0.106532j,-0.034744-0.105428j,0.000000
0.615756-0.394531j,-0.035437-0.106534j,-0.034743-0.105427j,0.000000
0.615756-0.394531j,-0.035438-0.106535j,-0.034742-0.105425j,0.000000
0.615756-0.394531j,-0.035439-0.106537j,-0.034741-0.105423j,0.000000
0.615756-0.394531j,-0.035440-0.106538j,-0.034740-0.105422j,0.000000
0.615756-0.394531j,-0.035441-0.106540j,-0.034739-0.105420j,0.000000
0.615756-0.394531j,-0.035442-0.106542j,-0.034738-0.105419j,0.000000
0.615756-0.394531j,-0.035443-0.106543j,-0.034737-0.105417j,0.000000
0.615756-0.394531j,-0.035444-0.106545j,-0.034736-0.105416j,0.000000
0.615756-0.394531j,-0.035445-0.106546j,-0.034735-0.105414j,0.000000
0.615756-0.394531j,-0.035446-0.106548j,-0.034734-0.105413j,0.000000
0.615756-0.394531j,-0.035447-0.106549j,-0.034733-0.105411j,0.000000
0.615756-0.394531j,-0.035448-0.106551j,-0.034732-0.105410j,0.000000
0.615756-0.394531j,-0.035449-0.106552j,-0.034732-0.105408j,0.000000
0.615756-0.394531j,-0.035450-0.106554j,-0.034731-0.105407j,0.000000
0.615756-0.394531j,-0.035451-0.106555j,-0.034730-0.105405j,0.000000
0.615756-0.394531j,-0.035452-0.106557j,-0.034729-0.105404j,0.000000
0.615756-0.394531j,-0.035453-0.106558j,-0.034728-0.105402j,0.000000
0.615756-0.394531j,-0.035454-0.106560j,-0.034727-0.105401j,0.000000
0.615757-0.394531j,-0.035455-0.106561j,-0.034726-0.105399j,0.000000
0.615757-0.394531j,-0.035456-0.106562j,-0.034725-0.105398j,0.000000
0.615757-0.394531j,-0.035457-0.106564j,-0.034724-0.105397j,0.000000
0.615757-0.394531j,-0.035458-0.106565j,-0.034723-0.105395j,0.000000
0.615757-0.394531j,-0.035459-0.106567j,-0.034722-0.105394j,0.000000
0.615757-0.394531j,-0.035460-0.106568j,-0.034721-0.105392j,0.000000
0.615757-0.394531j,-0.035460-0.106570j,-0.034720-0.105391j,0.000000
0.615757-0.394531j,-0.035461-0.106571j,-0.034720-0.105390j,0.000000
0.615757-0.394531j,-0.035462-0.106572j,-0.034719-0.105388j,0.000000
0.615757-0.394531j,-0.035463-0.106574j,-0.034718-0.105387j,0.000000
0.615757-0.394531j,-0.035464-0.106575j,-0.034717-0.105385j,0.000000
0.615757-0.394531j,-0.035465-0.106576j,-0.034716-0.105384j,0.000000
0.615757-0.394531j,-0.035466-0.106578j,-0.034715-0.105383j,0.000000
0.615757-0.394531j,-0.035467-0.106579j,-0.034714-0.105381j,0.000000
0.615757-0.394531j,-0.035468-0.106581j,-0.034713-0.105380j,0.000000
0.615757-0.394531j,-0.035468-0.106582j,-0.034713-0.105379j,0.000000
0.615757-0.394531j,-0.035469-0.106583j,-0.034712-0.105377j,0.000000
0.615757-0.394531j,-0.035470-0.106585j,-0.034711-0.105376j,0.000000
0.615757-0.394531j,-0.035471-0.106586j,-0.034710-0.105375j,0.000000
0.615758-0.394531j,-0.035472-0.106587j,-0.034709-0.105373j,0.000000
0.615758-0.394531j,-0.035473-0.106589j,-0.034708-0.105372j,0.000000
0.615758-0.394531j,-0.035474-0.106590j,-0.034707-0.105371j,0.000000
0.615758-0.394531j,-0.035474-0.106591j,-0.034707-0.105369j,0.000000
0.615758-0.394531j,-0.035475-0.106592j,-0.034706-0.105368j,0.000000
0.615758-0.394531j,-0.035476-0.106594j,-0.034705-0.105367j,0.000000
0.615758-0.394531j,-0.035477-0.106595j,-0.034704-0.105365j,0.000000
0.615758-0.394531j,-0.035478-0.106596j,-0.034703-0.105364j,0.000000
0.615758-0.394531j,-0.035479-0.106598j,-0.034703-0.105363j,0.000000
0.615758-0.394531j,-0.035479-0.106599j,-0.034702-0.105362j,0.000000
0.615758-0.394531j,-0.035480-0.106600j,-0.034701-0.105360j,0.000000
0.615758-0.394531j,-0.035481-0.106601j,-0.034700-0.105359j,0.000000
0.615758-0.394531j,-0.035482-0.106603j,-0.034699-0.105358j,0.000000
0.615758-0.394531j,-0.035483-0.106604j,-0.034699-0.105357j,0.000000
0.615758-0.394531j,-0.035484-0.106605j,-0.034698-0.105355j,0.000000
0.615758-0.394531j,-0.035484-0.106606j,-0.034697-0.105354j,0.000000
0.615758-0.394531j,-0.035485-0.106608j,-0.034696-0.105353j,0.000000
0.615758-0.394531j,-0.035486-0.106609j,-0.034695-0.105352j,0.000000
0.615758-0.394531j,-0.035487-0.106610j,-0.034695-0.105350j,0.000000
0.615758-0.394531j,-0.035488-0.106611j,-0.034694-0.105349j,0.000000
0.615759-0.394531j,-0.035488-0.106613j,-0.034693-0.105348j,0.000000
0.615759-0.394531j,-0.035489-0.106614j,-0.034692-0.105347j,0.000000
0.615759-0.394531j,-0.035490-0.106615j,-0.034691-0.105346j,0.000000
0.615759-0.394531j,-0.035491-0.106616j,-0.034691-0.105344j,0.000000
0.615759-0.394531j,-0.035491-0.106617j,-0.034690-0.105343j,0.000000
0.615759-0.394531j,-0.035492-0.106619j,-0.034689-0.105342j,0.000000
0.615759-0.394531j,-0.035493-0.106620j,-0.034688-0.105341j,0.000000
0.615759-0.394531j,-0.035494-0.106621j,-0.034688-0.105340j,0.000000
0.615759-0.394531j,-0.035495-0.106622j,-0.034687-0.105338j,0.000000
0.615759-0.394531j,-0.035495-0.106623j,-0.034686-0.105337j,0.000000
0.615759-0.394531j,-0.035496-0.106625j,-0.034685-0.105336j,0.000000
0.615759-0.394531j,-0.035497-0.106626j,-0.034685-0.105335j,0.000000
0.615759-0.394531j,-0.035498-0.106627j,-0.034684-0.105334j,0.000000
0.615759-0.394531j,-0.035498-0.106628j,-0.034683-0.105333j,0.000000
0.615759-0.394531j,-0.035499-0.106629j,-0.034682-0.105331j,0.000000
0.615759-0.394531j,-0.035500-0.106630j,-0.034682-0.105330j,0.000000
0.615759-0.394531j,-0.035501-0.106632j,-0.034681-0.105329j,0.000000
0.615759-0.394531j,-0.035501-0.106633j,-0.034680-0.105328j,0.000000
0.615759-0.394531j,-0.035502-0.106634j,-0.034680-0.105327j,0.000000
0.615759-0.394531j,-0.035503-0.106635j,-0.034679-0.105326j,0.000000
0.615759-0.394531j,-0.035503-0.106636j,-0.034678-0.105325j,0.000000
0.615760-0.394531j,-0.035504-0.106637j,-0.034677-0.105323j,0.000000
0.615760-0.394531j,-0.035505-0.106638j,-0.034677-0.105322j,0.000000
0.615760-0.394531j,-0.035506-0.106639j,-0.034676-0.105321j,0.000000
0.615760-0.394531j,-0.035506-0.106641j,-0.034675-0.105320j,0.000000
0.615760-0.394531j,-0.035507-0.106642j,-0.034675-0.105319j,0.000000
0.615760-0.394531j,-0.035508-0.106643j,-0.034674-0.105318j,0.000000
0.615760-0.394531j,-0.035509-0.106644j,-0.034673-0.105317j,0.000000
0.615760-0.394531j,-0.035509-0.106645j,-0.034672-0.105316j,0.000000
0.615760-0.394531j,-0.035510-0.106646j,-0.034672-0.105315j,0.000000
0.615760-0.394531j,-0.035511-0.106647j,-0.034671-0.105313j,0.000000
0.615760-0.394531j,-0.035511-0.106648j,-0.034670-0.105312j,0.000000
0.615760-0.394531j,-0.035512-0.106649j,-0.034670-0.105311j,0.000000
0.615760-0.394531j,-0.035513-0.106650j,-0.034669-0.105310j,0.000000
0.615760-0.394531j,-0.035513-0.106652j,-0.034668-0.105309j,0.000000
0.615760-0.394531j,-0.035514-0.106653j,-0.034668-0.105308j,0.000000
0.615760-0.394531j,-0.035515-0.106654j,-0.034667-0.105307j,0.000000
0.615760-0.394531j,-0.035516-0.106655j,-0.034666-0.105306j,0.000000
0.615760-0.394531j,-0.035516-0.106656j,-0.034666-0.105305j,0.000000
0.615760-0.394531j,-0.035517-0.106657j,-0.034665-0.105304j,0.000000
0.615760-0.394531j,-0.035518-0.106658j,-0.034664-0.105303j,0.000000
0.615760-0.394531j,-0.035518-0.106659j,-0.034664-0.105302j,0.000000
0.615760-0.394531j,-0.035519-0.106660j,-0.034663-0.105301j,0.000000
0.615761-0.394531j,-0.035520-0.106661j,-0.034662-0.105300j,0.000000
0.615761-0.394531j,-0.035520-0.106662j,-0.034662-0.105299j,0.000000
0.615761-0.394531j,-0.035521-0.106663j,-0.034661-0.105297j,0.000000
0.615761-0.394531j,-0.035522-0.106664j,-0.034660-0.105296j,0.000000
0.615761-0.394531j,-0.035522-0.106665j,-0.034660-0.105295j,0.000000
0.615761-0.394531j,-0.035523-0.106666j,-0.034659-0.105294j,0.000000
0.615761-0.394531j,-0.035524-0.106667j,-0.034658-0.105293j,0.000000
0.615761-0.394531j,-0.035524-0.106668j,-0.034658-0.105292j,0.000000
0.615761-0.394531j,-0.035525-0.106669j,-0.034657-0.105291j,0.000000
0.615761-0.394531j,-0.035526-0.106670j,-0.034656-0.105290j,0.000000
0.615761-0.394531j,-0.035526-0.106671j,-0.034656-0.105289j,0.000000
0.615761-0.394531j,-0.035527-0.106672j,-0.034655-0.105288j,0.000000
0.615761-0.394531j,-0.035528-0.106673j,-0.034654-0.105287j,0.000000
0.615761-0.394531j,-0.035528-0.106675j,-0.034654-0.105286j,0.000000
0.615761-0.394531j,-0.035529-0.106676j,-0.034653-0.105285j,0.000000
0.615761-0.394531j,-0.035530-0.106677j,-0.034652-0.105284j,0.000000
0.615761-0.394531j,-0.035530-0.106678j,-0.034652-0.105283j,0.000000
0.615761-0.394531j,-0.035531-0.106679j,-0.034651-0.105282j,0.000000
0.615761-0.394531j,-0.035531-0.106680j,-0.034651-0.105281j,0.000000
0.615761-0.394531j,-0.035532-0.106681j,-0.034650-0.105280j,0.000000
0.615761-0.394531j,-0.035533-0.106682j,-0.034649-0.105279j,0.000000
0.615761-0.394531j,-0.035533-0.106682j,-0.034649-0.105278j,0.000000
0.615762-0.394531j,-0.035534-0.106683j,-0.034648-0.105277j,0.000000
0.615762-0.394531j,-0.035535-0.106684j,-0.034647-0.105276j,0.000000
0.615762-0.394531j,-0.035535-0.106685j,-0.034647-0.105275j,0.000000
0.615762-0.394531j,-0.035536-0.106686j,-0.034646-0.105274j,0.000000
0.615762-0.394531j,-0.035537-0.106687j,-0.034646-0.105273j,0.000000
0.615762-0.394531j,-0.035537-0.106688j,-0.034645-0.105272j,0.000000
0.615762-0.394531j,-0.035538-0.106689j,-0.034644-0.105271j,0.000000
0.615762-0.394531j,-0.035538-0.106690j,-0.034644-0.105270j,0.000000
0.615762-0.394531j,-0.035539-0.106691j,-0.034643-0.105270j,0.000000
0.615762-0.394531j,-0.035540-0.106692j,-0.034642-0.105269j,0.000000
0.615762-0.394531j,-0.035540-0.106693j,-0.034642-0.105268j,0.000000
0.615762-0.394531j,-0.035541-0.106694j,-0.034641-0.105267j,0.000000
0.615762-0.394531j,-0.035542-0.106695j,-0.034641-0.105266j,0.000000
0.615762-0.394531j,-0.035542-0.106696j,-0.034640-0.105265j,0.000000
0.615762-0.394531j,-0.035543-0.106697j,-0.034639-0.105264j,0.000000
0.615762-0.394531j,-0.035543-0.106698j,-0.034639-0.105263j,0.000000
0.615762-0.394531j,-0.035544-0.106699j,-0.034638-0.105262j,0.000000
0.615762-0.394531j,-0.035545-0.106700j,-0.034638-0.105261j,0.000000
0.615762-0.394531j,-0.035545-0.106701j,-0.034637-0.105260j,0.000000
0.615762-0.394531j,-0.035546-0.106702j,-0.034636-0.105259j,0.000000
0.615762-0.394531j,-0.035546-0.106703j,-0.034636-0.105258j,0.000000
0.615762-0.394531j,-0.035547-0.106704j,-0.034635-0.105257j,0.000000
0.615762-0.394531j,-0.035548-0.106704j,-0.034635-0.105256j,0.000000
0.615763-0.394531j,-0.035548-0.106705j,-0.034634-0.105255j,0.000000
0.615763-0.394531j,-0.035549-0.106706j,-0.034634-0.105254j,0.000000
0.615763-0.394531j,-0.035549-0.106707j,-0.034633-0.105254j,0.000000
0.615763-0.394531j,-0.035550-0.106708j,-0.034632-0.105253j,0.000000
0.615763-0.394531j,-0.035551-0.106709j,-0.034632-0.105252j,0.000000
0.615763-0.394531j,-0.035551-0.106710j,-0.034631-0.105251j,0.000000
0.615763-0.394531j,-0.035552-0.106711j,-0.034631-0.105250j,0.000000
0.615763-0.394531j,-0.035552-0.106712j,-0.034630-0.105249j,0.000000
0.615763-0.394531j,-0.035553-0.106713j,-0.034629-0.105248j,0.000000
0.615763-0.394531j,-0.035553-0.106714j,-0.034629-0.105247j,0.000000
0.615763-0.394531j,-0.035554-0.106715j,-0.034628-0.105246j,0.000000
0.615763-0.394531j,-0.035555-0.106715j,-0.034628-0.105245j,0.000000
0.615763-0.394531j,-0.035555-0.106716j,-0.034627-0.105244j,0.000000
0.615763-0.394531j,-0.035556-0.106717j,-0.034627-0.105244j,0.000000
0.615763-0.394531j,-0.035556-0.106718j,-0.034626-0.105243j,0.000000
0.615763-0.394531j,-0.035557-0.106719j,-0.034626-0.105242j,0.000000
0.615763-0.394531j,-0.035558-0.106720j,-0.034625-0.105241j,0.000000
0.615763-0.394531j,-0.035558-0.106721j,-0.034624-0.105240j,0.000000
0.615763-0.394531j,-0.035559-0.106722j,-0.034624-0.105239j,0.000000
0.615763-0.394531j,-0.035559-0.106723j,-0.034623-0.105238j,0.000000
0.615763-0.394531j,-0.035560-0.106723j,-0.034623-0.105237j,0.000000
0.615763-0.394531j,-0.035560-0.106724j,-0.034622-0.105237j,0.000000
0.615763-0.394531j,-0.035561-0.106725j,-0.034622-0.105236j,0.000000
0.615763-0.394531j,-0.035561-0.106726j,-0.034621-0.105235j,0.000000
0.615764-0.394531j,-0.035562-0.106727j,-0.034620-0.105234j,0.000000
0.615764-0.394531j,-0.035563-0.106728j,-0.034620-0.105233j,0.000000
0.615764-0.394531j,-0.035563-0.106729j,-0.034619-0.105232j,0.000000
0.615764-0.394531j,-0.035564-0.106730j,-0.034619-0.105231j,0.000000
0.615764-0.394531j,-0.035564-0.106730j,-0.034618-0.105230j,0.000000
0.615764-0.394531j,-0.035565-0.106731j,-0.034618-0.105230j,0.000000
0.615764-0.394531j,-0.035565-0.106732j,-0.034617-0.105229j,0.000000
0.615764-0.394531j,-0.035566-0.106733j,-0.034617-0.105228j,0.000000
0.615764-0.394531j,-0.035567-0.106734j,-0.034616-0.105227j,0.000000
0.615764-0.394531j,-0.035567-0.106735j,-0.034616-0.105226j,0.000000
0.615764-0.394531j,-0.035568-0.106736j,-0.034615-0.105225j,0.000000
0.615764-0.394531j,-0.035568-0.106736j,-0.034614-0.105224j,0.000000
0.615764-0.394531j,-0.035569-0.106737j,-0.034614-0.105224j,0.000000
0.615764-0.394531j,-0.035569-0.106738j,-0.034613-0.105223j,0.000000
0.615764-0.394531j,-0.035570-0.106739j,-0.034613-0.105222j,0.000000
0.615764-0.394531j,-0.035570-0.106740j,-0.034612-0.105221j,0.000000
0.615764-0.394531j,-0.035571-0.106741j,-0.034612-0.105220j,0.000000
0.615764-0.394531j,-0.035571-0.106742j,-0.034611-0.105219j,0.000000
0.615764-0.394531j,-0.035572-0.106742j,-0.034611-0.105219j,0.000000
0.615764-0.394531j,-0.035573-0.106743j,-0.034610-0.105218j,0.000000
0.615764-0.394531j,-0.035573-0.106744j,-0.034610-0.105217j,0.000000
0.615764-0.394531j,-0.035574-0.106745j,-0.034609-0.105216j,0.000000
0.615764-0.394531j,-0.035574-0.106746j,-0.034609-0.105215j,0.000000
0.615764-0.394531j,-0.035575-0.106747j,-0.034608-0.105214j,0.000000
0.615765-0.394531j,-0.035575-0.106747j,-0.034608-0.105214j,0.000000
0.615765-0.394531j,-0.035576-0.106748j,-0.034607-0.105213j,0.000000
0.615765-0.394531j,-0.035576-0.106749j,-0.034607-0.105212j,0.000000
0.615765-0.394531j,-0.035577-0.106750j,-0.034606-0.105211j,0.000000
0.615765-0.394531j,-0.035577-0.106751j,-0.034606-0.105210j,0.000000
0.615765-0.394531j,-0.035578-0.106751j,-0.034605-0.105209j,0.000000
0.615765-0.394531j,-0.035578-0.106752j,-0.034604-0.105209j,0.000000
0.615765-0.394531j,-0.035579-0.106753j,-0.034604-0.105208j,0.000000
0.615765-0.394531j,-0.035579-0.106754j,-0.034603-0.105207j,0.000000
0.615765-0.394531j,-0.035580-0.106755j,-0.034603-0.105206j,0.000000
0.615765-0.394531j,-0.035580-0.106756j,-0.034602-0.105205j,0.000000
0.615765-0.394531j,-0.035581-0.106756j,-0.034602-0.105205j,0.000000
0.615765-0.394531j,-0.035581-0.106757j,-0.034601-0.105204j,0.000000
0.615765-0.394531j,-0.035582-0.106758j,-0.034601-0.105203j,0.000000
0.615765-0.394531j,-0.035583-0.106759j,-0.034600-0.105202j,0.000000
0.615765-0.394531j,-0.035583-0.106760j,-0.034600-0.105201j,0.000000
0.615765-0.394531j,-0.035584-0.106760j,-0.034599-0.105201j,0.000000
0.615765-0.394531j,-0.035584-0.106761j,-0.034599-0.105200j,0.000000
0.615765-0.394531j,-0.035585-0.106762j,-0.034598-0.105199j,0.000000
0.615765-0.394531j,-0.035585-0.106763j,-0.034598-0.105198j,0.000000
0.615765-0.394531j,-0.035586-0.106764j,-0.034597-0.105197j,0.000000
0.615765-0.394531j,-0.035586-0.106764j,-0.034597-0.105197j,0.000000
0.615765-0.394531j,-0.035587-0.106765j,-0.034596-0.105196j,0.000000
0.615765-0.394531j,-0.035587-0.106766j,-0.034596-0.105195j,0.000000
0.615765-0.394531j,-0.035588-0.106767j,-0.034595-0.105194j,0.000000
0.615766-0.394531j,-0.035588-0.106767j,-0.034595-0.105193j,0.000000
0.615766-0.394531j,-0.035589-0.106768j,-0.034594-0.105193j,0.000000
0.615766-0.394531j,-0.035589-0.106769j,-0.034594-0.105192j,0.000000
0.615766-0.394531j,-0.035590-0.106770j,-0.034593-0.105191j,0.000000
0.615766-0.394531j,-0.035590-0.106771j,-0.034593-0.105190j,0.000000
0.615766-0.394531j,-0.035591-0.106771j,-0.034592-0.105190j,0.000000
0.615766-0.394531j,-0.035591-0.106772j,-0.034592-0.105189j,0.000000
0.615766-0.394531j,-0.035592-0.106773j,-0.034591-0.105188j,0.000000
0.615766-0.394531j,-0.035592-0.106774j,-0.034591-0.105187j,0.000000
0.615766-0.394531j,-0.035593-0.106774j,-0.034590-0.105187j,0.000000
0.615766-0.394531j,-0.035593-0.106775j,-0.034590-0.105186j,0.000000
0.615766-0.394531j,-0.035594-0.106776j,-0.034589-0.105185j,0.000000
0.615766-0.394531j,-0.035594-0.106777j,-0.034589-0.105184j,0.000000
0.615766-0.394531j,-0.035595-0.106778j,-0.034589-0.105183j,0.000000
0.615766-0.394531j,-0.035595-0.106778j,-0.034588-0.105183j,0.000000
0.615766-0.394531j,-0.035596-0.106779j,-0.034588-0.105182j,0.000000
0.615766-0.394531j,-0.035596-0.106780j,-0.034587-0.105181j,0.000000
0.615766-0.394531j,-0.035597-0.106781j,-0.034587-0.105180j,0.000000
0.615766-0.394531j,-0.035597-0.106781j,-0.034586-0.105180j,0.000000
0.615766-0.394531j,-0.035598-0.106782j,-0.034586-0.105179j,0.000000
0.615766-0.394531j,-0.035598-0.106783j,-0.034585-0.105178j,0.000000
0.615766-0.394531j,-0.035599-0.106784j,-0.034585-0.105177j,0.000000
0.615766-0.394531j,-0.035599-0.106784j,-0.034584-0.105177j,0.000000
0.615766-0.394531j,-0.035600-0.106785j,-0.034584-0.105176j,0.000000
0.615766-0.394531j,-0.035600-0.106786j,-0.034583-0.105175j,0.000000
0.615766-0.394531j,-0.035600-0.106787j,-0.034583-0.105174j,0.000000
0.615767-0.394531j,-0.035601-0.106787j,-0.034582-0.105174j,0.000000
0.615767-0.394531j,-0.035601-0.106788j,-0.034582-0.105173j,0.000000
0.615767-0.394531j,-0.035602-0.106789j,-0.034581-0.105172j,0.000000
0.615767-0.394531j,-0.035602-0.106790j,-0.034581-0.105171j,0.000000
0.615767-0.394531j,-0.035603-0.106790j,-0.034580-0.105171j,0.000000
0.615767-0.394531j,-0.035603-0.106791j,-0.034580-0.105170j,0.000000
0.615767-0.394531j,-0.035604-0.106792j,-0.034579-0.105169j,0.000000
0.615767-0.394531j,-0.035604-0.106793j,-0.034579-0.105168j,0.000000
0.615767-0.394531j,-0.035605-0.106793j,-0.034579-0.105168j,0.000000
0.615767-0.394531j,-0.035605-0.106794j,-0.034578-0.105167j,0.000000
0.615767-0.394531j,-0.035606-0.106795j,-0.034578-0.105166j,0.000000
0.615767-0.394531j,-0.035606-0.106796j,-0.034577-0.105166j,0.000000
0.615767-0.394531j,-0.035607-0.106796j,-0.034577-0.105165j,0.000000
0.615767-0.394531j,-0.035607-0.106797j,-0.034576-0.105164j,0.000000
0.615767-0.394531j,-0.035608-0.106798j,-0.034576-0.105163j,0.000000
0.615767-0.394531j,-0.035608-0.106798j,-0.034575-0.105163j,0.000000
0.615767-0.394531j,-0.035609-0.106799j,-0.034575-0.105162j,0.000000
0.615767-0.394531j,-0.035609-0.106800j,-0.034574-0.105161j,0.000000
0.615767-0.394531j,-0.035609-0.106801j,-0.034574-0.105160j,0.000000
0.615767-0.394531j,-0.035610-0.106801j,-0.034574-0.105160j,0.000000
0.615767-0.394531j,-0.035610-0.106802j,-0.034573-0.105159j,0.000000
0.615767-0.394531j,-0.035611-0.106803j,-0.034573-0.105158j,0.000000
0.615767-0.394531j,-0.035611-0.106803j,-0.034572-0.105158j,0.000000
0.615767-0.394531j,-0.035612-0.106804j,-0.034572-0.105157j,0.000000
0.615767-0.394531j,-0.035612-0.106805j,-0.034571-0.105156j,0.000000
0.615767-0.394531j,-0.035613-0.106806j,-0.034571-0.105155j,0.000000
0.615768-0.394531j,-0.035613-0.106806j,-0.034570-0.105155j,0.000000
0.615768-0.394531j,-0.035614-0.106807j,-0.034570-0.105154j,0.000000
0.615768-0.394531j,-0.035614-0.106808j,-0.034569-0.105153j,0.000000
0.615768-0.394531j,-0.035615-0.106808j,-0.034569-0.105153j,0.000000
0.615768-0.394531j,-0.035615-0.106809j,-0.034569-0.105152j,0.000000
0.615768-0.394531j,-0.035615-0.106810j,-0.034568-0.105151j,0.000000
0.615768-0.394531j,-0.035616-0.106811j,-0.034568-0.105151j,0.000000
0.615768-0.394531j,-0.035616-0.106811j,-0.034567-0.105150j,0.000000
0.615768-0.394531j,-0.035617-0.106812j,-0.034567-0.105149j,0.000000
0.615768-0.394531j,-0.035617-0.106813j,-0.034566-0.105148j,0.000000
0.615768-0.394531j,-0.035618-0.106813j,-0.034566-0.105148j,0.000000
0.615768-0.394531j,-0.035618-0.106814j,-0.034565-0.105147j,0.000000
0.615768-0.394531j,-0.035619-0.106815j,-0.034565-0.105146j,0.000000
0.615768-0.394531j,-0.035619-0.106816j,-0.034565-0.105146j,0.000000
0.615768-0.394531j,-0.035619-0.106816j,-0.034564-0.105145j,0.000000
0.615768-0.394531j,-0.035620-0.106817j,-0.034564-0.105144j,0.000000
0.615768-0.394531j,-0.035620-0.106818j,-0.034563-0.105144j,0.000000
0.615768-0.394531j,-0.035621-0.106818j,-0.034563-0.105143j,0.000000
0.615768-0.394531j,-0.035621-0.106819j,-0.034562-0.105142j,0.000000
0.615768-0.394531j,-0.035622-0.106820j,-0.034562-0.105141j,0.000000
0.615768-0.394531j,-0.035622-0.106820j,-0.034561-0.105141j,0.000000
0.615768-0.394531j,-0.035623-0.106821j,-0.034561-0.105140j,0.000000
0.615768-0.394531j,-0.035623-0.106822j,-0.034561-0.105139j,0.000000
0.615768-0.394531j,-0.035623-0.106822j,-0.034560-0.105139j,0.000000
0.615768-0.394531j,-0.035624-0.106823j,-0.034560-0.105138j,0.000000
0.615768-0.394531j,-0.035624-0.106824j,-0.034559-0.105137j,0.000000
0.615768-0.394531j,-0.035625-0.106824j,-0.034559-0.105137j,0.000000
0.615769-0.394531j,-0.035625-0.106825j,-0.034558-0.105136j,0.000000
0.615769-0.394531j,-0.035626-0.106826j,-0.034558-0.105135j,0.000000
0.615769-0.394531j,-0.035626-0.106827j,-0.034558-0.105135j,0.000000
0.615769-0.394531j,-0.035627-0.106827j,-0.034557-0.105134j,0.000000
0.615769-0.394531j,-0.035627-0.106828j,-0.034557-0.105133j,0.000000
0.615769-0.394531j,-0.035627-0.106829j,-0.034556-0.105133j,0.000000
0.615769-0.394531j,-0.035628-0.106829j,-0.034556-0.105132j,0.000000
0.615769-0.394531j,-0.035628-0.106830j,-0.034555-0.105131j,0.000000
0.615769-0.394531j,-0.035629-0.106831j,-0.034555-0.105131j,0.000000
0.615769-0.394531j,-0.035629-0.106831j,-0.034555-0.105130j,0.000000
0.615769-0.394531j,-0.035630-0.106832j,-0.034554-0.105129j,0.000000
0.615769-0.394531j,-0.035630-0.106833j,-0.034554-0.105129j,0.000000
0.615769-0.394531j,-0.035630-0.106833j,-0.034553-0.105128j,0.000000
0.615769-0.394531j,-0.035631-0.106834j,-0.034553-0.105127j,0.000000
0.615769-0.394531j,-0.035631-0.106835j,-0.034553-0.105127j,0.000000
0.615769-0.394531j,-0.035632-0.106835j,-0.034552-0.105126j,0.000000
0.615769-0.394531j,-0.035632-0.106836j,-0.034552-0.105125j,0.000000
0.615769-0.394531j,-0.035633-0.106837j,-0.034551-0.105125j,0.000000
0.615769-0.394531j,-0.035633-0.106837j,-0.034551-0.105124j,0.000000
0.615769-0.394531j,-0.035633-0.106838j,-0.034550-0.105123j,0.000000
0.615769-0.394531j,-0.035634-0.106839j,-0.034550-0.105123j,0.000000
0.615769-0.394531j,-0.035634-0.106839j,-0.034550-0.105122j,0.000000
0.615769-0.394531j,-0.035635-0.106840j,-0.034549-0.105121j,0.000000
0.615769-0.394531j,-0.035635-0.106841j,-0.034549-0.105121j,0.000000
0.615769-0.394531j,-0.035636-0.106841j,-0.034548-0.105120j,0.000000
0.615769-0.394531j,-0.035636-0.106842j,-0.034548-0.105119j,0.000000
0.615769-0.394531j,-0.035636-0.106843j,-0.034548-0.105119j,0.000000
0.615769-0.394531j,-0.035637-0.106843j,-0.034547-0.105118j,0.000000
0.615770-0.394531j,-0.035637-0.106844j,-0.034547-0.105117j,0.000000
0.615770-0.394531j,-0.035638-0.106844j,-0.034546-0.105117j,0.000000
0.615770-0.394531j,-0.035638-0.106845j,-0.034546-0.105116j,0.000000
0.615770-0.394531j,-0.035639-0.106846j,-0.034545-0.105115j,0.000000
0.615770-0.394531j,-0.035639-0.106846j,-0.034545-0.105115j,0.000000
0.615770-0.394531j,-0.035639-0.106847j,-0.034545-0.105114j,0.000000
0.615770-0.394531j,-0.035640-0.106848j,-0.034544-0.105114j,0.000000
0.615770-0.394531j,-0.035640-0.106848j,-0.034544-0.105113j,0.000000
0.615770-0.394531j,-0.035641-0.106849j,-0.034543-0.105112j,0.000000
0.615770-0.394531j,-0.035641-0.106850j,-0.034543-0.105112j,0.000000
0.615770-0.394531j,-0.035641-0.106850j,-0.034543-0.105111j,0.000000
0.615770-0.394531j,-0.035642-0.106851j,-0.034542-0.105110j,0.000000
0.615770-0.394531j,-0.035642-0.106852j,-0.034542-0.105110j,0.000000
0.615770-0.394531j,-0.035643-0.106852j,-0.034541-0.105109j,0.000000
0.615770-0.394531j,-0.035643-0.106853j,-0.034541-0.105108j,0.000000
0.615770-0.394531j,-0.035643-0.106854j,-0.034541-0.105108j,0.000000
0.615770-0.394531j,-0.035644-0.106854j,-0.034540-0.105107j,0.000000
0.615770-0.394531j,-0.035644-0.106855j,-0.034540-0.105106j,0.000000
0.615770-0.394531j,-0.035645-0.106855j,-0.034539-0.105106j,0.000000
0.615770-0.394531j,-0.035645-0.106856j,-0.034539-0.105105j,0.000000
0.615770-0.394531j,-0.035646-0.106857j,-0.034539-0.105105j,0.000000
0.615770-0.394531j,-0.035646-0.106857j,-0.034538-0.105104j,0.000000
0.615770-0.394531j,-0.035646-0.106858j,-0.034538-0.105103j,0.000000
0.615770-0.394531j,-0.035647-0.106859j,-0.034537-0.105103j,0.000000
0.615770-0.394531j,-0.035647-0.106859j,-0.034537-0.105102j,0.000000
0.615770-0.394531j,-0.035648-0.106860j,-0.034537-0.105101j,0.000000
0.615770-0.394531j,-0.035648-0.106860j,-0.034536-0.105101j,0.000000
0.615770-0.394531j,-0.035648-0.106861j,-0.034536-0.105100j,0.000000
0.615771-0.394531j,-0.035649-0.106862j,-0.034535-0.105100j,0.000000
0.615771-0.394531j,-0.035649-0.106862j,-0.034535-0.105099j,0.000000
0.615771-0.394531j,-0.035650-0.106863j,-0.034535-0.105098j,0.000000
0.615771-0.394531j,-0.035650-0.106864j,-0.034534-0.105098j,0.000000
0.615771-0.394531j,-0.035650-0.106864j,-0.034534-0.105097j,0.000000
0.615771-0.394531j,-0.035651-0.106865j,-0.034533-0.105096j,0.000000
0.615771-0.394531j,-0.035651-0.106865j,-0.034533-0.105096j,0.000000
0.615771-0.394531j,-0.035652-0.106866j,-0.034533-0.105095j,0.000000
0.615771-0.394531j,-0.035652-0.106867j,-0.034532-0.105095j,0.000000
0.615771-0.394531j,-0.035652-0.106867j,-0.034532-0.105094j,0.000000
0.615771-0.394531j,-0.035653-0.106868j,-0.034532-0.105093j,0.000000
0.615771-0.394531j,-0.035653-0.106869j,-0.034531-0.105093j,0.000000
0.615771-0.394531j,-0.035654-0.106869j,-0.034531-0.105092j,0.000000
0.615771-0.394531j,-0.035654-0.106870j,-0.034530-0.105092j,0.000000
0.615771-0.394531j,-0.035654-0.106870j,-0.034530-0.105091j,0.000000
0.615771-0.394531j,-0.035655-0.106871j,-0.034530-0.105090j,0.000000
0.615771-0.394531j,-0.035655-0.106872j,-0.034529-0.105090j,0.000000
0.615771-0.394531j,-0.035656-0.106872j,-0.034529-0.105089j,0.000000
0.615771-0.394531j,-0.035656-0.106873j,-0.034528-0.105088j,0.000000
0.615771-0.394531j,-0.035656-0.106873j,-0.034528-0.105088j,0.000000
0.615771-0.394531j,-0.035657-0.106874j,-0.034528-0.105087j,0.000000
0.615771-0.394531j,-0.035657-0.106875j,-0.034527-0.105087j,0.000000
0.615771-0.394531j,-0.035657-0.106875j,-0.034527-0.105086j,0.000000
0.615771-0.394531j,-0.035658-0.106876j,-0.034527-0.105085j,0.000000
0.615771-0.394532j,-0.035658-0.106877j,-0.034526-0.105085j,0.000000
0.615771-0.394532j,-0.035659-0.106877j,-0.034526-0.105084j,0.000000
0.615771-0.394532j,-0.035659-0.106878j,-0.034525-0.105084j,0.000000
0.615771-0.394532j,-0.035659-0.106878j,-0.034525-0.105083j,0.000000
0.615771-0.394532j,-0.035660-0.106879j,-0.034525-0.105082j,0.000000
0.615772-0.394532j,-0.035660-0.106880j,-0.034524-0.105082j,0.000000
0.615772-0.394532j,-0.035661-0.106880j,-0.034524-0.105081j,0.000000
0.615772-0.394532j,-0.035661-0.106881j,-0.034523-0.105081j,0.000000
0.615772-0.394532j,-0.035661-0.106881j,-0.034523-0.105080j,0.000000
0.615772-0.394532j,-0.035662-0.106882j,-0.034523-0.105079j,0.000000
0.615772-0.394532j,-0.035662-0.106883j,-0.034522-0.105079j,0.000000
0.615772-0.394532j,-0.035663-0.106883j,-0.034522-0.105078j,0.000000
0.615772-0.394532j,-0.035663-0.106884j,-0.034522-0.105078j,0.000000
0.615772-0.394532j,-0.035663-0.106884j,-0.034521-0.105077j,0.000000
0.615772-0.394532j,-0.035664-0.106885j,-0.034521-0.105076j,0.000000
0.615772-0.394532j,-0.035664-0.106885j,-0.034520-0.105076j,0.000000
0.615772-0.394532j,-0.035664-0.106886j,-0.034520-0.105075j,0.000000
0.615772-0.394532j,-0.035665-0.106887j,-0.034520-0.105075j,0.000000
0.615772-0.394532j,-0.035665-0.106887j,-0.034519-0.105074j,0.000000
0.615772-0.394532j,-0.035666-0.106888j,-0.034519-0.105074j,0.000000
0.615772-0.394532j,-0.035666-0.106888j,-0.034519-0.105073j,0.000000
0.615772-0.394532j,-0.035666-0.106889j,-0.034518-0.105072j,0.000000
0.615772-0.394532j,-0.035667-0.106890j,-0.034518-0.105072j,0.000000
0.615772-0.394532j,-0.035667-0.106890j,-0.034518-0.105071j,0.000000
0.615772-0.394532j,-0.035667-0.106891j,-0.034517-0.105071j,0.000000
0.615772-0.394532j,-0.035668-0.106891j,-0.034517-0.105070j,0.000000
0.615772-0.394532j,-0.035668-0.106892j,-0.034516-0.105069j,0.000000
0.615772-0.394532j,-0.035669-0.106893j,-0.034516-0.105069j,0.000000
0.615772-0.394532j,-0.035669-0.106893j,-0.034516-0.105068j,0.000000
0.615772-0.394532j,-0.035669-0.106894j,-0.034515-0.105068j,0.000000
0.615772-0.394532j,-0.035670-0.106894j,-0.034515-0.105067j,0.000000
0.615772-0.394532j,-0.035670-0.106895j,-0.034515-0.105067j,0.000000
0.615772-0.394532j,-0.035670-0.106895j,-0.034514-0.105066j,0.000000
0.615772-0.394532j,-0.035671-0.106896j,-0.034514-0.105065j,0.000000
0.615773-0.394532j,-0.035671-0.106897j,-0.034513-0.105065j,0.000000
0.615773-0.394532j,-0.035672-0.106897j,-0.034513-0.105064j,0.000000
0.615773-0.394532j,-0.035672-0.106898j,-0.034513-0.105064j,0.000000
0.615773-0.394532j,-0.035672-0.106898j,-0.034512-0.105063j,0.000000
0.615773-0.394532j,-0.035673-0.106899j,-0.034512-0.105062j,0.000000
0.615773-0.394532j,-0.035673-0.106900j,-0.034512-0.105062j,0.000000
0.615773-0.394532j,-0.035673-0.106900j,-0.034511-0.105061j,0.000000
0.615773-0.394532j,-0.035674-0.106901j,-0.034511-0.105061j,0.000000
0.615773-0.394532j,-0.035674-0.106901j,-0.034511-0.105060j,0.000000
0.615773-0.394532j,-0.035675-0.106902j,-0.034510-0.105060j,0.000000
0.615773-0.394532j,-0.035675-0.106902j,-0.034510-0.105059j,0.000000
0.615773-0.394532j,-0.035675-0.106903j,-0.034509-0.105058j,0.000000
0.615773-0.394532j,-0.035676-0.106904j,-0.034509-0.105058j,0.000000
0.615773-0.394532j,-0.035676-0.106904j,-0.034509-0.105057j,0.000000
0.615773-0.394532j,-0.035676-0.106905j,-0.034508-0.105057j,0.000000
0.615773-0.394532j,-0.035677-0.106905j,-0.034508-0.105056j,0.000000
0.615773-0.394532j,-0.035677-0.106906j,-0.034508-0.105056j,0.000000
0.615773-0.394532j,-0.035677-0.106906j,-0.034507-0.105055j,0.000000
0.615773-0.394532j,-0.035678-0.106907j,-0.034507-0.105054j,0.000000
0.615773-0.394532j,-0.035678-0.106908j,-0.034507-0.105054j,0.000000
0.615773-0.394532j,-0.035679-0.106908j,-0.034506-0.105053j,0.000000
0.615773-0.394532j,-0.035679-0.106909j,-0.034506-0.105053j,0.000000
0.615773-0.394532j,-0.035679-0.106909j,-0.034506-0.105052j,0.000000
0.615773-0.394532j,-0.035680-0.106910j,-0.034505-0.105052j,0.000000
0.615773-0.394532j,-0.035680-0.106910j,-0.034505-0.105051j,0.000000
0.615773-0.394532j,-0.035680-0.106911j,-0.034504-0.105051j,0.000000
0.615773-0.394532j,-0.035681-0.106911j,-0.034504-0.105050j,0.000000
0.615773-0.394532j,-0.035681-0.106912j,-0.034504-0.105049j,0.000000
0.615773-0.394532j,-0.035681-0.106913j,-0.034503-0.105049j,0.000000
0.615773-0.394532j,-0.035682-0.106913j,-0.034503-0.105048j,0.000000
0.615774-0.394532j,-0.035682-0.106914j,-0.034503-0.105048j,0.000000
0.615774-0.394532j,-0.035683-0.106914j,-0.034502-0.105047j,0.000000
0.615774-0.394532j,-0.035683-0.106915j,-0.034502-0.105047j,0.000000
0.615774-0.394532j,-0.035683-0.106915j,-0.034502-0.105046j,0.000000
0.615774-0.394532j,-0.035684-0.106916j,-0.034501-0.105046j,0.000000
0.615774-0.394532j,-0.035684-0.106916j,-0.034501-0.105045j,0.000000
0.615774-0.394532j,-0.035684-0.106917j,-0.034501-0.105044j,0.000000
0.615774-0.394532j,-0.035685-0.106918j,-0.034500-0.105044j,0.000000
0.615774-0.394532j,-0.035685-0.106918j,-0.034500-0.105043j,0.000000
0.615774-0.394532j,-0.035685-0.106919j,-0.034500-0.105043j,0.000000
0.615774-0.394532j,-0.035686-0.106919j,-0.034499-0.105042j,0.000000
0.615774-0.394532j,-0.035686-0.106920j,-0.034499-0.105042j,0.000000
0.615774-0.394532j,-0.035686-0.106920j,-0.034499-0.105041j,0.000000
0.615774-0.394532j,-0.035687-0.106921j,-0.034498-0.105041j,0.000000
0.615774-0.394532j,-0.035687-0.106921j,-0.034498-0.105040j,0.000000
0.615774-0.394532j,-0.035688-0.106922j,-0.034498-0.105039j,0.000000
0.615774-0.394532j,-0.035688-0.106923j,-0.034497-0.105039j,0.000000
0.615774-0.394532j,-0.035688-0.106923j,-0.034497-0.105038j,0.000000
0.615774-0.394532j,-0.035689-0.106924j,-0.034496-0.105038j,0.000000
0.615774-0.394532j,-0.035689-0.106924j,-0.034496-0.105037j,0.000000
0.615774-0.394532j,-0.035689-0.106925j,-0.034496-0.105037j,0.000000
0.615774-0.394532j,-0.035690-0.106925j,-0.034495-0.105036j,0.000000
0.615774-0.394532j,-0.035690-0.106926j,-0.034495-0.105036j,0.000000
0.615774-0.394532j,-0.035690-0.106926j,-0.034495-0.105035j,0.000000
0.615774-0.394532j,-0.035691-0.106927j,-0.034494-0.105035j,0.000000
0.615774-0.394532j,-0.035691-0.106927j,-0.034494-0.105034j,0.000000
0.615774-0.394532j,-0.035691-0.106928j,-0.034494-0.105034j,0.000000
0.615774-0.394532j,-0.035692-0.106929j,-0.034493-0.105033j,0.000000
0.615774-0.394532j,-0.035692-0.106929j,-0.034493-0.105032j,0.000000
0.615774-0.394532j,-0.035692-0.106930j,-0.034493-0.105032j,0.000000
0.615774-0.394532j,-0.035693-0.106930j,-0.034492-0.105031j,0.000000
0.615775-0.394532j,-0.035693-0.106931j,-0.034492-0.105031j,0.000000
0.615775-0.394532j,-0.035693-0.106931j,-0.034492-0.105030j,0.000000
0.615775-0.394532j,-0.035694-0.106932j,-0.034491-0.105030j,0.000000
0.615775-0.394532j,-0.035694-0.106932j,-0.034491-0.105029j,0.000000
0.615775-0.394532j,-0.035694-0.106933j,-0.034491-0.105029j,0.000000
0.615775-0.394532j,-0.035695-0.106933j,-0.034490-0.105028j,0.000000
0.615775-0.394532j,-0.035695-0.106934j,-0.034490-0.105028j,0.000000
0.615775-0.394532j,-0.035696-0.106934j,-0.034490-0.105027j,0.000000
0.615775-0.394532j,-0.035696-0.106935j,-0.034489-0.105027j,0.000000
0.615775-0.394532j,-0.035696-0.106936j,-0.034489-0.105026j,0.000000
0.615775-0.394532j,-0.035697-0.106936j,-0.034489-0.105025j,0.000000
0.615775-0.394532j,-0.035697-0.106937j,-0.034488-0.105025j,0.000000
0.615775-0.394532j,-0.035697-0.106937j,-0.034488-0.105024j,0.000000
0.615775-0.394532j,-0.035698-0.106938j,-0.034488-0.105024j,0.000000
0.615775-0.394532j,-0.035698-0.106938j,-0.034487-0.105023j,0.000000
0.615775-0.394532j,-0.035698-0.106939j,-0.034487-0.105023j,0.000000
0.615775-0.394532j,-0.035699-0.106939j,-0.034487-0.105022j,0.000000
0.615775-0.394532j,-0.035699-0.106940j,-0.034486-0.105022j,0.000000
0.615775-0.394532j,-0.035699-0.106940j,-0.034486-0.105021j,0.000000
0.615775-0.394532j,-0.035700-0.106941j,-0.034486-0.105021j,0.000000
0.615775-0.394532j,-0.035700-0.106941j,-0.034485-0.105020j,0.000000
0.615775-0.394532j,-0.035700-0.106942j,-0.034485-0.105020j,0.000000
0.615775-0.394532j,-0.035701-0.106942j,-0.034485-0.105019j,0.000000
0.615775-0.394532j,-0.035701-0.106943j,-0.034484-0.105019j,0.000000
0.615775-0.394532j,-0.035701-0.106943j,-0.034484-0.105018j,0.000000
0.615775-0.394532j,-0.035702-0.106944j,-0.034484-0.105018j,0.000000
0.615775-0.394532j,-0.035702-0.106945j,-0.034483-0.105017j,0.000000
0.615775-0.394532j,-0.035702-0.106945j,-0.034483-0.105017j,0.000000
0.615775-0.394532j,-0.035703-0.106946j,-0.034483-0.105016j,0.000000
0.615775-0.394532j,-0.035703-0.106946j,-0.034482-0.105016j,0.000000
0.615775-0.394532j,-0.035703-0.106947j,-0.034482-0.105015j,0.000000
0.615776-0.394532j,-0.035704-0.106947j,-0.034482-0.105014j,0.000000
0.615776-0.394532j,-0.035704-0.106948j,-0.034481-0.105014j,0.000000
0.615776-0.394532j,-0.035704-0.106948j,-0.034481-0.105013j,0.000000
0.615776-0.394532j,-0.035705-0.106949j,-0.034481-0.105013j,0.000000
0.615776-0.394532j,-0.035705-0.106949j,-0.034480-0.105012j,0.000000
0.615776-0.394532j,-0.035705-0.106950j,-0.034480-0.105012j,0.000000
0.615776-0.394532j,-0.035706-0.106950j,-0.034480-0.105011j,0.000000
0.615776-0.394532j,-0.035706-0.106951j,-0.034479-0.105011j,0.000000
0.615776-0.394532j,-0.035706-0.106951j,-0.034479-0.105010j,0.000000
0.615776-0.394532j,-0.035707-0.106952j,-0.034479-0.105010j,0.000000
0.615776-0.394532j,-0.035707-0.106952j,-0.034478-0.105009j,0.000000
0.615776-0.394532j,-0.035707-0.106953j,-0.034478-0.105009j,0.000000
0.615776-0.394532j,-0.035708-0.106953j,-0.034478-0.105008j,0.000000
0.615776-0.394532j,-0.035708-0.106954j,-0.034478-0.105008j,0.000000
0.615776-0.394532j,-0.035708-0.106954j,-0.034477-0.105007j,0.000000
0.615776-0.394532j,-0.035709-0.106955j,-0.034477-0.105007j,0.000000
0.615776-0.394532j,-0.035709-0.106955j,-0.034477-0.105006j,0.000000
0.615776-0.394532j,-0.035709-0.106956j,-0.034476-0.105006j,0.000000
0.615776-0.394532j,-0.035710-0.106956j,-0.034476-0.105005j,0.000000
0.615776-0.394532j,-0.035710-0.106957j,-0.034476-0.105005j,0.000000
0.615776-0.394532j,-0.035710-0.106957j,-0.034475-0.105004j,0.000000
0.615776-0.394532j,-0.035711-0.106958j,-0.034475-0.105004j,0.000000
0.615776-0.394532j,-0.035711-0.106958j,-0.034475-0.105003j,0.000000
0.615776-0.394532j,-0.035711-0.106959j,-0.034474-0.105003j,0.000000
0.615776-0.394532j,-0.035712-0.106959j,-0.034474-0.105002j,0.000000
0.615776-0.394532j,-0.035712-0.106960j,-0.034474-0.105002j,0.000000
0.615776-0.394532j,-0.035712-0.106960j,-0.034473-0.105001j,0.000000
0.615776-0.394532j,-0.035713-0.106961j,-0.034473-0.105001j,0.000000
0.615776-0.394532j,-0.035713-0.106961j,-0.034473-0.105000j,0.000000
0.615776-0.394532j,-0.035713-0.106962j,-0.034472-0.105000j,0.000000
0.615776-0.394532j,-0.035714-0.106962j,-0.034472-0.104999j,0.000000
0.615777-0.394532j,-0.035714-0.106963j,-0.034472-0.104999j,0.000000
0.615777-0.394532j,-0.035714-0.106963j,-0.034471-0.104998j,0.000000
0.615777-0.394532j,-0.035715-0.106964j,-0.034471-0.104998j,0.000000
0.615777-0.394532j,-0.035715-0.106964j,-0.034471-0.104997j,0.000000
0.615777-0.394532j,-0.035715-0.106965j,-0.034470-0.104997j,0.000000
0.615777-0.394532j,-0.035715-0.106965j,-0.034470-0.104996j,0.000000
0.615777-0.394532j,-0.035716-0.106966j,-0.034470-0.104996j,0.000000
0.615777-0.394532j,-0.035716-0.106966j,-0.034470-0.104995j,0.000000
0.615777-0.394532j,-0.035716-0.106967j,-0.034469-0.104995j,0.000000
0.615777-0.394532j,-0.035717-0.106967j,-0.034469-0.104994j,0.000000
0.615777-0.394532j,-0.035717-0.106968j,-0.034469-0.104994j,0.000000
0.615777-0.394532j,-0.035717-0.106968j,-0.034468-0.104993j,0.000000
0.615777-0.394532j,-0.035718-0.106969j,-0.034468-0.104993j,0.000000
0.615777-0.394532j,-0.035718-0.106969j,-0.034468-0.104992j,0.000000
0.615777-0.394532j,-0.035718-0.106970j,-0.034467-0.104992j,0.000000
0.615777-0.394532j,-0.035719-0.106970j,-0.034467-0.104991j,0.000000
0.615777-0.394532j,-0.035719-0.106971j,-0.034467-0.104991j,0.000000
0.615777-0.394532j,-0.035719-0.106971j,-0.034466-0.104990j,0.000000
0.615777-0.394532j,-0.035720-0.106972j,-0.034466-0.104990j,0.000000
0.615777-0.394532j,-0.035720-0.106972j,-0.034466-0.104989j,0.000000
0.615777-0.394532j,-0.035720-0.106973j,-0.034465-0.104989j,0.000000
0.615777-0.394532j,-0.035721-0.106973j,-0.034465-0.104988j,0.000000
0.615777-0.394532j,-0.035721-0.106974j,-0.034465-0.104988j,0.000000
0.615777-0.394532j,-0.035721-0.106974j,-0.034465-0.104987j,0.000000
0.615777-0.394532j,-0.035722-0.106975j,-0.034464-0.104987j,0.000000
0.615777-0.394532j,-0.035722-0.106975j,-0.034464-0.104986j,0.000000
0.615777-0.394532j,-0.035722-0.106976j,-0.034464-0.104986j,0.000000
0.615777-0.394532j,-0.035723-0.106976j,-0.034463-0.104985j,0.000000
0.615777-0.394532j,-0.035723-0.106977j,-0.034463-0.104985j,0.000000
0.615777-0.394532j,-0.035723-0.106977j,-0.034463-0.104984j,0.000000
0.615777-0.394532j,-0.035723-0.106978j,-0.034462-0.104984j,0.000000
0.615777-0.394532j,-0.035724-0.106978j,-0.034462-0.104983j,0.000000
0.615778-0.394532j,-0.035724-0.106979j,-0.034462-0.104983j,0.000000
0.615778-0.394532j,-0.035724-0.106979j,-0.034461-0.104982j,0.000000
0.615778-0.394532j,-0.035725-0.106980j,-0.034461-0.104982j,0.000000
0.615778-0.394532j,-0.035725-0.106980j,-0.034461-0.104981j,0.000000
0.615778-0.394532j,-0.035725-0.106981j,-0.034461-0.104981j,0.000000
0.615778-0.394532j,-0.035726-0.106981j,-0.034460-0.104980j,0.000000
0.615778-0.394532j,-0.035726-0.106982j,-0.034460-0.104980j,0.000000
0.615778-0.394532j,-0.035726-0.106982j,-0.034460-0.104979j,0.000000
0.615778-0.394532j,-0.035727-0.106983j,-0.034459-0.104979j,0.000000
0.615778-0.394532j,-0.035727-0.106983j,-0.034459-0.104979j,0.000000
0.615778-0.394532j,-0.035727-0.106984j,-0.034459-0.104978j,0.000000
0.615778-0.394532j,-0.035728-0.106984j,-0.034458-0.104978j,0.000000
0.615778-0.394532j,-0.035728-0.106985j,-0.034458-0.104977j,0.000000
0.615778-0.394532j,-0.035728-0.106985j,-0.034458-0.104977j,0.000000
0.615778-0.394532j,-0.035728-0.106986j,-0.034458-0.104976j,0.000000
0.615778-0.394532j,-0.035729-0.106986j,-0.034457-0.104976j,0.000000
0.615778-0.394532j,-0.035729-0.106987j,-0.034457-0.104975j,0.000000
0.615778-0.394532j,-0.035729-0.106987j,-0.034457-0.104975j,0.000000
0.615778-0.394532j,-0.035730-0.106988j,-0.034456-0.104974j,0.000000
0.615778-0.394532j,-0.035730-0.106988j,-0.034456-0.104974j,0.000000
0.615778-0.394532j,-0.035730-0.106989j,-0.034456-0.104973j,0.000000
0.615778-0.394532j,-0.035731-0.106989j,-0.034455-0.104973j,0.000000
0.615778-0.394532j,-0.035731-0.106989j,-0.034455-0.104972j,0.000000
0.615778-0.394532j,-0.035731-0.106990j,-0.034455-0.104972j,0.000000
0.615778-0.394532j,-0.035732-0.106990j,-0.034455-0.104971j,0.000000
0.615778-0.394532j,-0.035732-0.106991j,-0.034454-0.104971j,0.000000
0.615778-0.394532j,-0.035732-0.106991j,-0.034454-0.104970j,0.000000
0.615778-0.394532j,-0.035732-0.106992j,-0.034454-0.104970j,0.000000
0.615778-0.394532j,-0.035733-0.106992j,-0.034453-0.104969j,0.000000
0.615778-0.394532j,-0.035733-0.106993j,-0.034453-0.104969j,0.000000
0.615778-0.394532j,-0.035733-0.106993j,-0.034453-0.104968j,0.000000
0.615778-0.394532j,-0.035734-0.106994j,-0.034452-0.104968j,0.000000
0.615778-0.394532j,-0.035734-0.106994j,-0.034452-0.104968j,0.000000
0.615779-0.394532j,-0.035734-0.106995j,-0.034452-0.104967j,0.000000
0.615779-0.394532j,-0.035735-0.106995j,-0.034452-0.104967j,0.000000
0.615779-0.394532j,-0.035735-0.106996j,-0.034451-0.104966j,0.000000
0.615779-0.394532j,-0.035735-0.106996j,-0.034451-0.104966j,0.000000
0.615779-0.394532j,-0.035735-0.106997j,-0.034451-0.104965j,0.000000
0.615779-0.394532j,-0.035736-0.106997j,-0.034450-0.104965j,0.000000
0.615779-0.394532j,-0.035736-0.106998j,-0.034450-0.104964j,0.000000
0.615779-0.394532j,-0.035736-0.106998j,-0.034450-0.104964j,0.000000
0.615779-0.394532j,-0.035737-0.106998j,-0.034449-0.104963j,0.000000
0.615779-0.394532j,-0.035737-0.106999j,-0.034449-0.104963j,0.000000
0.615779-0.394532j,-0.035737-0.106999j,-0.034449-0.104962j,0.000000
0.615779-0.394532j,-0.035738-0.107000j,-0.034449-0.104962j,0.000000
0.615779-0.394532j,-0.035738-0.107000j,-0.034448-0.104961j,0.000000
0.615779-0.394532j,-0.035738-0.107001j,-0.034448-0.104961j,0.000000
0.615779-0.394532j,-0.035738-0.107001j,-0.034448-0.104961j,0.000000
0.615779-0.394532j,-0.035739-0.107002j,-0.034447-0.104960j,0.000000
0.615779-0.394532j,-0.035739-0.107002j,-0.034447-0.104960j,0.000000
0.615779-0.394532j,-0.035739-0.107003j,-0.034447-0.104959j,0.000000
0.615779-0.394532j,-0.035740-0.107003j,-0.034447-0.104959j,0.000000
0.615779-0.394532j,-0.035740-0.107004j,-0.034446-0.104958j,0.000000
0.615779-0.394532j,-0.035740-0.107004j,-0.034446-0.104958j,0.000000
0.615779-0.394532j,-0.035741-0.107005j,-0.034446-0.104957j,0.000000
0.615779-0.394532j,-0.035741-0.107005j,-0.034445-0.104957j,0.000000
0.615779-0.394532j,-0.035741-0.107005j,-0.034445-0.104956j,0.000000
0.615779-0.394532j,-0.035741-0.107006j,-0.034445-0.104956j,0.000000
0.615779-0.394532j,-0.035742-0.107006j,-0.034445-0.104955j,0.000000
0.615779-0.394532j,-0.035742-0.107007j,-0.034444-0.104955j,0.000000
0.615779-0.394532j,-0.035742-0.107007j,-0.034444-0.104955j,0.000000
0.615779-0.394532j,-0.035743-0.107008j,-0.034444-0.104954j,0.000000
0.615779-0.394532j,-0.035743-0.107008j,-0.034443-0.104954j,0.000000
0.615779-0.394532j,-0.035743-0.107009j,-0.034443-0.104953j,0.000000
0.615779-0.394532j,-0.035744-0.107009j,-0.034443-0.104953j,0.000000
0.615779-0.394532j,-0.035744-0.107010j,-0.034442-0.104952j,0.000000
0.615780-0.394532j,-0.035744-0.107010j,-0.034442-0.104952j,0.000000
0.615780-0.394532j,-0.035744-0.107011j,-0.034442-0.104951j,0.000000
0.615780-0.394532j,-0.035745-0.107011j,-0.034442-0.104951j,0.000000
0.615780-0.394532j,-0.035745-0.107011j,-0.034441-0.104950j,0.000000
0.615780-0.394532j,-0.035745-0.107012j,-0.034441-0.104950j,0.000000
0.615780-0.394532j,-0.035746-0.107012j,-0.034441-0.104949j,0.000000
0.615780-0.394532j,-0.035746-0.107013j,-0.034440-0.104949j,0.000000
0.615780-0.394532j,-0.035746-0.107013j,-0.034440-0.104949j,0.000000
0.615780-0.394532j,-0.035746-0.107014j,-0.034440-0.104948j,0.000000
0.615780-0.394532j,-0.035747-0.107014j,-0.034440-0.104948j,0.000000
0.615780-0.394532j,-0.035747-0.107015j,-0.034439-0.104947j,0.000000
0.615780-0.394532j,-0.035747-0.107015j,-0.034439-0.104947j,0.000000
0.615780-0.394532j,-0.035748-0.107016j,-0.034439-0.104946j,0.000000
0.615780-0.394532j,-0.035748-0.107016j,-0.034438-0.104946j,0.000000
0.615780-0.394532j,-0.035748-0.107016j,-0.034438-0.104945j,0.000000
0.615780-0.394532j,-0.035749-0.107017j,-0.034438-0.104945j,0.000000
0.615780-0.394532j,-0.035749-0.107017j,-0.034438-0.104945j,0.000000
0.615780-0.394532j,-0.035749-0.107018j,-0.034437-0.104944j,0.000000
0.615780-0.394532j,-0.035749-0.107018j,-0.034437-0.104944j,0.000000
0.615780-0.394532j,-0.035750-0.107019j,-0.034437-0.104943j,0.000000
0.615780-0.394532j,-0.035750-0.107019j,-0.034436-0.104943j,0.000000
0.615780-0.394532j,-0.035750-0.107020j,-0.034436-0.104942j,0.000000
0.615780-0.394532j,-0.035751-0.107020j,-0.034436-0.104942j,0.000000
0.615780-0.394532j,-0.035751-0.107021j,-0.034436-0.104941j,0.000000
0.615780-0.394532j,-0.035751-0.107021j,-0.034435-0.104941j,0.000000
0.615780-0.394532j,-0.035751-0.107021j,-0.034435-0.104940j,0.000000
0.615780-0.394532j,-0.035752-0.107022j,-0.034435-0.104940j,0.000000
0.615780-0.394532j,-0.035752-0.107022j,-0.034435-0.104940j,0.000000
0.615780-0.394532j,-0.035752-0.107023j,-0.034434-0.104939j,0.000000
0.615780-0.394532j,-0.035753-0.107023j,-0.034434-0.104939j,0.000000
0.615780-0.394532j,-0.035753-0.107024j,-0.034434-0.104938j,0.000000
0.615780-0.394532j,-0.035753-0.107024j,-0.034433-0.104938j,0.000000
0.615780-0.394532j,-0.035753-0.107025j,-0.034433-0.104937j,0.000000
0.615781-0.394532j,-0.035754-0.107025j,-0.034433-0.104937j,0.000000
0.615781-0.394532j,-0.035754-0.107025j,-0.034433-0.104936j,0.000000
0.615781-0.394532j,-0.035754-0.107026j,-0.034432-0.104936j,0.000000
0.615781-0.394532j,-0.035755-0.107026j,-0.034432-0.104936j,0.000000
0.615781-0.394532j,-0.035755-0.107027j,-0.034432-0.104935j,0.000000
0.615781-0.394532j,-0.035755-0.107027j,-0.034431-0.104935j,0.000000
0.615781-0.394532j,-0.035755-0.107028j,-0.034431-0.104934j,0.000000
0.615781-0.394532j,-0.035756-0.107028j,-0.034431-0.104934j,0.000000
0.615781-0.394532j,-0.035756-0.107029j,-0.034431-0.104933j,0.000000
0.615781-0.394532j,-0.035756-0.107029j,-0.034430-0.104933j,0.000000
0.615781-0.394532j,-0.035757-0.107029j,-0.034430-0.104932j,0.000000
0.615781-0.394532j,-0.035757-0.107030j,-0.034430-0.104932j,0.000000
0.615781-0.394532j,-0.035757-0.107030j,-0.034430-0.104932j,0.000000
0.615781-0.394532j,-0.035757-0.107031j,-0.034429-0.104931j,0.000000
0.615781-0.394532j,-0.035758-0.107031j,-0.034429-0.104931j,0.000000
0.615781-0.394532j,-0.035758-0.107032j,-0.034429-0.104930j,0.000000
0.615781-0.394532j,-0.035758-0.107032j,-0.034428-0.104930j,0.000000
0.615781-0.394532j,-0.035759-0.107033j,-0.034428-0.104929j,0.000000
0.615781-0.394532j,-0.035759-0.107033j,-0.034428-0.104929j,0.000000
0.615781-0.394532j,-0.035759-0.107033j,-0.034428-0.104929j,0.000000
0.615781-0.394532j,-0.035759-0.107034j,-0.034427-0.104928j,0.000000
0.615781-0.394532j,-0.035760-0.107034j,-0.034427-0.104928j,0.000000
0.615781-0.394532j,-0.035760-0.107035j,-0.034427-0.104927j,0.000000
0.615781-0.394532j,-0.035760-0.107035j,-0.034426-0.104927j,0.000000
0.615781-0.394532j,-0.035761-0.107036j,-0.034426-0.104926j,0.000000
0.615781-0.394532j,-0.035761-0.107036j,-0.034426-0.104926j,0.000000
0.615781-0.394532j,-0.035761-0.107036j,-0.034426-0.104925j,0.000000
0.615781-0.394532j,-0.035761-0.107037j,-0.034425-0.104925j,0.000000
0.615781-0.394532j,-0.035762-0.107037j,-0.034425-0.104925j,0.000000
0.615781-0.394532j,-0.035762-0.107038j,-0.034425-0.104924j,0.000000
0.615781-0.394532j,-0.035762-0.107038j,-0.034425-0.104924j,0.000000
0.615781-0.394532j,-0.035763-0.107039j,-0.034424-0.104923j,0.000000
0.615781-0.394532j,-0.035763-0.107039j,-0.034424-0.104923j,0.000000
0.615781-0.394532j,-0.035763-0.107040j,-0.034424-0.104922j,0.000000
0.615782-0.394532j,-0.035763-0.107040j,-0.034423-0.104922j,0.000000
0.615782-0.394532j,-0.035764-0.107040j,-0.034423-0.104922j,0.000000
0.615782-0.394532j,-0.035764-0.107041j,-0.034423-0.104921j,0.000000
0.615782-0.394532j,-0.035764-0.107041j,-0.034423-0.104921j,0.000000
0.615782-0.394532j,-0.035764-0.107042j,-0.034422-0.104920j,0.000000
0.615782-0.394532j,-0.035765-0.107042j,-0.034422-0.104920j,0.000000
0.615782-0.394532j,-0.035765-0.107043j,-0.034422-0.104919j,0.000000
0.615782-0.394532j,-0.035765-0.107043j,-0.034422-0.104919j,0.000000
0.615782-0.394532j,-0.035766-0.107043j,-0.034421-0.104919j,0.000000
0.615782-0.394532j,-0.035766-0.107044j,-0.034421-0.104918j,0.000000
0.615782-0.394532j,-0.035766-0.107044j,-0.034421-0.104918j,0.000000
0.615782-0.394532j,-0.035766-0.107045j,-0.034420-0.104917j,0.000000
0.615782-0.394532j,-0.035767-0.107045j,-0.034420-0.104917j,0.000000
0.615782-0.394532j,-0.035767-0.107046j,-0.034420-0.104916j,0.000000
0.615782-0.394532j,-0.035767-0.107046j,-0.034420-0.104916j,0.000000
0.615782-0.394532j,-0.035768-0.107046j,-0.034419-0.104916j,0.000000
0.615782-0.394532j,-0.035768-0.107047j,-0.034419-0.104915j,0.000000
0.615782-0.394532j,-0.035768-0.107047j,-0.034419-0.104915j,0.000000
0.615782-0.394532j,-0.035768-0.107048j,-0.034419-0.104914j,0.000000
0.615782-0.394532j,-0.035769-0.107048j,-0.034418-0.104914j,0.000000
0.615782-0.394532j,-0.035769-0.107049j,-0.034418-0.104913j,0.000000
0.615782-0.394532j,-0.035769-0.107049j,-0.034418-0.104913j,0.000000
0.615782-0.394532j,-0.035769-0.107049j,-0.034418-0.104913j,0.000000
0.615782-0.394532j,-0.035770-0.107050j,-0.034417-0.104912j,0.000000
0.615782-0.394532j,-0.035770-0.107050j,-0.034417-0.104912j,0.000000
0.615782-0.394532j,-0.035770-0.107051j,-0.034417-0.104911j,0.000000
0.615782-0.394532j,-0.035771-0.107051j,-0.034416-0.104911j,0.000000
0.615782-0.394532j,-0.035771-0.107052j,-0.034416-0.104910j,0.000000
0.615782-0.394532j,-0.035771-0.107052j,-0.034416-0.104910j,0.000000
0.615782-0.394532j,-0.035771-0.107052j,-0.034416-0.104910j,0.000000
0.615782-0.394532j,-0.035772-0.107053j,-0.034415-0.104909j,0.000000
0.615782-0.394532j,-0.035772-0.107053j,-0.034415-0.104909j,0.000000
0.615782-0.394532j,-0.035772-0.107054j,-0.034415-0.104908j,0.000000
0.615782-0.394532j,-0.035772-0.107054j,-0.034415-0.104908j,0.000000
0.615782-0.394532j,-0.035773-0.107054j,-0.034414-0.104908j,0.000000
0.615783-0.394532j,-0.035773-0.107055j,-0.034414-0.104907j,0.000000
0.615783-0.394532j,-0.035773-0.107055j,-0.034414-0.104907j,0.000000
0.615783-0.394532j,-0.035774-0.107056j,-0.034414-0.104906j,0.000000
0.615783-0.394532j,-0.035774-0.107056j,-0.034413-0.104906j,0.000000
0.615783-0.394532j,-0.035774-0.107057j,-0.034413-0.104905j,0.000000
0.615783-0.394532j,-0.035774-0.107057j,-0.034413-0.104905j,0.000000
0.615783-0.394532j,-0.035775-0.107057j,-0.034413-0.104905j,0.000000
0.615783-0.394532j,-0.035775-0.107058j,-0.034412-0.104904j,0.000000
0.615783-0.394532j,-0.035775-0.107058j,-0.034412-0.104904j,0.000000
0.615783-0.394532j,-0.035775-0.107059j,-0.034412-0.104903j,0.000000
0.615783-0.394532j,-0.035776-0.107059j,-0.034411-0.104903j,0.000000
0.615783-0.394532j,-0.035776-0.107060j,-0.034411-0.104903j,0.000000
0.615783-0.394532j,-0.035776-0.107060j,-0.034411-0.104902j,0.000000
0.615783-0.394532j,-0.035776-0.107060j,-0.034411-0.104902j,0.000000
0.615783-0.394532j,-0.035777-0.107061j,-0.034410-0.104901j,0.000000
0.615783-0.394532j,-0.035777-0.107061j,-0.034410-0.104901j,0.000000
0.615783-0.394532j,-0.035777-0.107062j,-0.034410-0.104900j,0.000000
0.615783-0.394532j,-0.035778-0.107062j,-0.034410-0.104900j,0.000000
0.615783-0.394532j,-0.035778-0.107062j,-0.034409-0.104900j,0.000000
0.615783-0.394532j,-0.035778-0.107063j,-0.034409-0.104899j,0.000000
0.615783-0.394532j,-0.035778-0.107063j,-0.034409-0.104899j,0.000000
0.615783-0.394532j,-0.035779-0.107064j,-0.034409-0.104898j,0.000000
0.615783-0.394532j,-0.035779-0.107064j,-0.034408-0.104898j,0.000000
0.615783-0.394532j,-0.035779-0.107065j,-0.034408-0.104898j,0.000000
0.615783-0.394532j,-0.035779-0.107065j,-0.034408-0.104897j,0.000000
0.615783-0.394532j,-0.035780-0.107065j,-0.034408-0.104897j,0.000000
0.615783-0.394532j,-0.035780-0.107066j,-0.034407-0.104896j,0.000000
0.615783-0.394532j,-0.035780-0.107066j,-0.034407-0.104896j,0.000000
0.615783-0.394532j,-0.035780-0.107067j,-0.034407-0.104896j,0.000000
0.615783-0.394532j,-0.035781-0.107067j,-0.034407-0.104895j,0.000000
0.615783-0.394532j,-0.035781-0.107067j,-0.034406-0.104895j,0.000000
0.615783-0.394532j,-0.035781-0.107068j,-0.034406-0.104894j,0.000000
0.615783-0.394532j,-0.035782-0.107068j,-0.034406-0.104894j,0.000000
0.615783-0.394532j,-0.035782-0.107069j,-0.034405-0.104893j,0.000000
0.615783-0.394532j,-0.035782-0.107069j,-0.034405-0.104893j,0.000000
0.615784-0.394532j,-0.035782-0.107069j,-0.034405-0.104893j,0.000000
0.615784-0.394532j,-0.035783-0.107070j,-0.034405-0.104892j,0.000000
0.615784-0.394532j,-0.035783-0.107070j,-0.034404-0.104892j,0.000000
0.615784-0.394532j,-0.035783-0.107071j,-0.034404-0.104891j,0.000000
0.615784-0.394532j,-0.035783-0.107071j,-0.034404-0.104891j,0.000000
0.615784-0.394532j,-0.035784-0.107071j,-0.034404-0.104891j,0.000000
0.615784-0.394532j,-0.035784-0.107072j,-0.034403-0.104890j,0.000000
0.615784-0.394532j,-0.035784-0.107072j,-0.034403-0.104890j,0.000000
0.615784-0.394532j,-0.035784-0.107073j,-0.034403-0.104889j,0.000000
0.615784-0.394532j,-0.035785-0.107073j,-0.034403-0.104889j,0.000000
0.615784-0.394532j,-0.035785-0.107074j,-0.034402-0.104889j,0.000000
0.615784-0.394532j,-0.035785-0.107074j,-0.034402-0.104888j,0.000000
0.615784-0.394532j,-0.035785-0.107074j,-0.034402-0.104888j,0.000000
0.615784-0.394532j,-0.035786-0.107075j,-0.034402-0.104887j,0.000000
0.615784-0.394532j,-0.035786-0.107075j,-0.034401-0.104887j,0.000000
0.615784-0.394532j,-0.035786-0.107076j,-0.034401-0.104887j,0.000000
0.615784-0.394532j,-0.035787-0.107076j,-0.034401-0.104886j,0.000000
0.615784-0.394532j,-0.035787-0.107076j,-0.034401-0.104886j,0.000000
0.615784-0.394532j,-0.035787-0.107077j,-0.034400-0.104885j,0.000000
0.615784-0.394532j,-0.035787-0.107077j,-0.034400-0.104885j,0.000000
0.615784-0.394532j,-0.035788-0.107078j,-0.034400-0.104885j,0.000000
0.615784-0.394532j,-0.035788-0.107078j,-0.034400-0.104884j,0.000000
0.615784-0.394532j,-0.035788-0.107078j,-0.034399-0.104884j,0.000000
0.615784-0.394532j,-0.035788-0.107079j,-0.034399-0.104883j,0.000000
0.615784-0.394532j,-0.035789-0.107079j,-0.034399-0.104883j,0.000000
0.615784-0.394532j,-0.035789-0.107080j,-0.034399-0.104883j,0.000000
0.615784-0.394532j,-0.035789-0.107080j,-0.034398-0.104882j,0.000000
0.615784-0.394532j,-0.035789-0.107080j,-0.034398-0.104882j,0.000000
0.615784-0.394532j,-0.035790-0.107081j,-0.034398-0.104881j,0.000000
0.615784-0.394532j,-0.035790-0.107081j,-0.034398-0.104881j,0.000000
0.615784-0.394532j,-0.035790-0.107082j,-0.034397-0.104881j,0.000000
0.615784-0.394532j,-0.035790-0.107082j,-0.034397-0.104880j,0.000000
0.615784-0.394532j,-0.035791-0.107082j,-0.034397-0.104880j,0.000000
0.615784-0.394532j,-0.035791-0.107083j,-0.034397-0.104879j,0.000000
0.615784-0.394532j,-0.035791-0.107083j,-0.034396-0.104879j,0.000000
0.615785-0.394532j,-0.035791-0.107084j,-0.034396-0.104879j,0.000000
0.615785-0.394532j,-0.035792-0.107084j,-0.034396-0.104878j,0.000000
0.615785-0.394532j,-0.035792-0.107084j,-0.034396-0.104878j,0.000000
0.615785-0.394532j,-0.035792-0.107085j,-0.034395-0.104877j,0.000000
0.615785-0.394532j,-0.035792-0.107085j,-0.034395-0.104877j,0.000000
0.615785-0.394532j,-0.035793-0.107086j,-0.034395-0.104877j,0.000000
0.615785-0.394532j,-0.035793-0.107086j,-0.034395-0.104876j,0.000000
0.615785-0.394532j,-0.035793-0.107086j,-0.034394-0.104876j,0.000000
0.615785-0.394532j,-0.035793-0.107087j,-0.034394-0.104875j,0.000000
0.615785-0.394532j,-0.035794-0.107087j,-0.034394-0.104875j,0.000000
0.615785-0.394532j,-0.035794-0.107088j,-0.034394-0.104875j,0.000000
0.615785-0.394532j,-0.035794-0.107088j,-0.034393-0.104874j,0.000000
0.615785-0.394532j,-0.035795-0.107088j,-0.034393-0.104874j,0.000000
0.615785-0.394532j,-0.035795-0.107089j,-0.034393-0.104873j,0.000000
0.615785-0.394532j,-0.035795-0.107089j,-0.034393-0.104873j,0.000000
0.615785-0.394532j,-0.035795-0.107090j,-0.034392-0.104873j,0.000000
0.615785-0.394532j,-0.035796-0.107090j,-0.034392-0.104872j,0.000000
0.615785-0.394532j,-0.035796-0.107090j,-0.034392-0.104872j,0.000000
0.615785-0.394532j,-0.035796-0.107091j,-0.034392-0.104871j,0.000000
0.615785-0.394532j,-0.035796-0.107091j,-0.034391-0.104871j,0.000000
0.615785-0.394532j,-0.035797-0.107092j,-0.034391-0.104871j,0.000000
0.615785-0.394532j,-0.035797-0.107092j,-0.034391-0.104870j,0.000000
0.615785-0.394532j,-0.035797-0.107092j,-0.034391-0.104870j,0.000000
0.615785-0.394532j,-0.035797-0.107093j,-0.034390-0.104869j,0.000000
0.615785-0.394532j,-0.035798-0.107093j,-0.034390-0.104869j,0.000000
0.615785-0.394532j,-0.035798-0.107094j,-0.034390-0.104869j,0.000000
0.615785-0.394532j,-0.035798-0.107094j,-0.034390-0.104868j,0.000000
0.615785-0.394532j,-0.035798-0.107094j,-0.034389-0.104868j,0.000000
0.615785-0.394532j,-0.035799-0.107095j,-0.034389-0.104867j,0.000000
0.615785-0.394532j,-0.035799-0.107095j,-0.034389-0.104867j,0.000000
0.615785-0.394532j,-0.035799-0.107095j,-0.034389-0.104867j,0.000000
0.615785-0.394532j,-0.035799-0.107096j,-0.034388-0.104866j,0.000000
0.615785-0.394532j,-0.035800-0.107096j,-0.034388-0.104866j,0.000000
0.615785-0.394532j,-0.035800-0.107097j,-0.034388-0.104866j,0.000000
0.615785-0.394532j,-0.035800-0.107097j,-0.034388-0.104865j,0.000000
0.615785-0.394532j,-0.035800-0.107097j,-0.034387-0.104865j,0.000000
0.615786-0.394532j,-0.035801-0.107098j,-0.034387-0.104864j,0.000000
0.615786-0.394532j,-0.035801-0.107098j,-0.034387-0.104864j,0.000000
0.615786-0.394532j,-0.035801-0.107099j,-0.034387-0.104864j,0.000000
0.615786-0.394532j,-0.035801-0.107099j,-0.034386-0.104863j,0.000000
0.615786-0.394532j,-0.035802-0.107099j,-0.034386-0.104863j,0.000000
0.615786-0.394532j,-0.035802-0.107100j,-0.034386-0.104862j,0.000000
0.615786-0.394532j,-0.035802-0.107100j,-0.034386-0.104862j,0.000000
0.615786-0.394532j,-0.035802-0.107101j,-0.034385-0.104862j,0.000000
0.615786-0.394532j,-0.035803-0.107101j,-0.034385-0.104861j,0.000000
0.615786-0.394532j,-0.035803-0.107101j,-0.034385-0.104861j,0.000000
0.615786-0.394532j,-0.035803-0.107102j,-0.034385-0.104861j,0.000000
0.615786-0.394532j,-0.035803-0.107102j,-0.034385-0.104860j,0.000000
0.615786-0.394532j,-0.035804-0.107102j,-0.034384-0.104860j,0.000000
0.615786-0.394532j,-0.035804-0.107103j,-0.034384-0.104859j,0.000000
0.615786-0.394532j,-0.035804-0.107103j,-0.034384-0.104859j,0.000000
0.615786-0.394532j,-0.035804-0.107104j,-0.034384-0.104859j,0.000000
0.615786-0.394532j,-0.035805-0.107104j,-0.034383-0.104858j,0.000000
0.615786-0.394532j,-0.035805-0.107104j,-0.034383-0.104858j,0.000000
0.615786-0.394532j,-0.035805-0.107105j,-0.034383-0.104857j,0.000000
0.615786-0.394532j,-0.035805-0.107105j,-0.034383-0.104857j,0.000000
0.615786-0.394532j,-0.035806-0.107106j,-0.034382-0.104857j,0.000000
0.615786-0.394532j,-0.035806-0.107106j,-0.034382-0.104856j,0.000000
0.615786-0.394532j,-0.035806-0.107106j,-0.034382-0.104856j,0.000000
0.615786-0.394532j,-0.035806-0.107107j,-0.034382-0.104856j,0.000000
0.615786-0.394532j,-0.035807-0.107107j,-0.034381-0.104855j,0.000000
0.615786-0.394532j,-0.035807-0.107107j,-0.034381-0.104855j,0.000000
0.615786-0.394532j,-0.035807-0.107108j,-0.034381-0.104854j,0.000000
0.615786-0.394532j,-0.035807-0.107108j,-0.034381-0.104854j,0.000000
0.615786-0.394532j,-0.035808-0.107109j,-0.034380-0.104854j,0.000000
0.615786-0.394532j,-0.035808-0.107109j,-0.034380-0.104853j,0.000000
0.615786-0.394532j,-0.035808-0.107109j,-0.034380-0.104853j,0.000000
0.615786-0.394532j,-0.035808-0.107110j,-0.034380-0.104852j,0.000000
0.615786-0.394532j,-0.035809-0.107110j,-0.034379-0.104852j,0.000000
0.615786-0.394532j,-0.035809-0.107111j,-0.034379-0.104852j,0.000000
0.615786-0.394532j,-0.035809-0.107111j,-0.034379-0.104851j,0.000000
0.615786-0.394532j,-0.035809-0.107111j,-0.034379-0.104851j,0.000000
0.615786-0.394532j,-0.035809-0.107112j,-0.034379-0.104851j,0.000000
0.615787-0.394532j,-0.035810-0.107112j,-0.034378-0.104850j,0.000000
0.615787-0.394532j,-0.035810-0.107112j,-0.034378-0.104850j,0.000000
0.615787-0.394532j,-0.035810-0.107113j,-0.034378-0.104849j,0.000000
0.615787-0.394532j,-0.035810-0.107113j,-0.034378-0.104849j,0.000000
0.615787-0.394532j,-0.035811-0.107114j,-0.034377-0.104849j,0.000000
0.615787-0.394532j,-0.035811-0.107114j,-0.034377-0.104848j,0.000000
0.615787-0.394532j,-0.035811-0.107114j,-0.034377-0.104848j,0.000000
0.615787-0.394532j,-0.035811-0.107115j,-0.034377-0.104848j,0.000000
0.615787-0.394532j,-0.035812-0.107115j,-0.034376-0.104847j,0.000000
0.615787-0.394532j,-0.035812-0.107115j,-0.034376-0.104847j,0.000000
0.615787-0.394532j,-0.035812-0.107116j,-0.034376-0.104846j,0.000000
0.615787-0.394532j,-0.035812-0.107116j,-0.034376-0.104846j,0.000000
0.615787-0.394532j,-0.035812-0.107116j,-0.034376-0.104846j,0.000000
0.615787-0.394532j,-0.035813-0.107118j,-0.034375-0.104844j,0.000000
0.615787-0.394532j,-0.035818-0.107125j,-0.034370-0.104837j,0.000000
0.615790-0.394532j,-0.035840-0.107158j,-0.034349-0.104804j,0.000000
0.615793-0.394532j,-0.035867-0.107201j,-0.034323-0.104762j,0.000000
0.615797-0.394532j,-0.035894-0.107244j,-0.034296-0.104719j,0.000000
0.615800-0.394532j,-0.035923-0.107288j,-0.034268-0.104675j,0.000000
0.615804-0.394532j,-0.035952-0.107333j,-0.034240-0.104630j,0.000000
0.615808-0.394532j,-0.035982-0.107380j,-0.034211-0.104583j,0.000000
0.615812-0.394532j,-0.036013-0.107428j,-0.034181-0.104535j,0.000000
0.615817-0.394532j,-0.036045-0.107478j,-0.034150-0.104486j,0.000000
0.615822-0.394532j,-0.036078-0.107529j,-0.034118-0.104436j,0.000000
0.615827-0.394532j,-0.036112-0.107581j,-0.034086-0.104384j,0.000000
0.615833-0.394532j,-0.036146-0.107635j,-0.034053-0.104330j,0.000000
0.615839-0.394532j,-0.036182-0.107690j,-0.034018-0.104276j,0.000000
0.615845-0.394532j,-0.036219-0.107746j,-0.033983-0.104219j,0.000000
0.615852-0.394532j,-0.036256-0.107805j,-0.033947-0.104162j,0.000000
0.615859-0.394532j,-0.036295-0.107864j,-0.033910-0.104102j,0.000000
0.615866-0.394532j,-0.036335-0.107926j,-0.033872-0.104041j,0.000001
0.615874-0.394532j,-0.036375-0.107989j,-0.033834-0.103979j,0.000001
0.615882-0.394532j,-0.036417-0.108053j,-0.033794-0.103915j,0.000001
0.615891-0.394532j,-0.036460-0.108120j,-0.033753-0.103849j,0.000001
0.615900-0.394532j,-0.036504-0.108188j,-0.033711-0.103781j,0.000001
0.615910-0.394532j,-0.036549-0.108258j,-0.033668-0.103712j,0.000001
0.615921-0.394532j,-0.036596-0.108329j,-0.033624-0.103641j,0.000001
0.615932-0.394532j,-0.036644-0.108403j,-0.033579-0.103569j,0.000001
0.615944-0.394532j,-0.036693-0.108478j,-0.033533-0.103494j,0.000001
0.615956-0.394532j,-0.036743-0.108555j,-0.033486-0.103418j,0.000001
0.615969-0.394532j,-0.036794-0.108634j,-0.033437-0.103339j,0.000001
0.615983-0.394533j,-0.036847-0.108715j,-0.033388-0.103259j,0.000001
0.615998-0.394533j,-0.036901-0.108798j,-0.033337-0.103177j,0.000002
0.616013-0.394533j,-0.036957-0.108883j,-0.033285-0.103093j,0.000002
0.616029-0.394533j,-0.037014-0.108971j,-0.033232-0.103007j,0.000002
0.616046-0.394533j,-0.037072-0.109060j,-0.033178-0.102918j,0.000002
0.616064-0.394533j,-0.037132-0.109151j,-0.033122-0.102828j,0.000002
0.616083-0.394533j,-0.037193-0.109245j,-0.033066-0.102736j,0.000002
0.616103-0.394533j,-0.037256-0.109341j,-0.033008-0.102641j,0.000003
0.616124-0.394533j,-0.037320-0.109439j,-0.032948-0.102544j,0.000003
0.616147-0.394533j,-0.037386-0.109539j,-0.032888-0.102445j,0.000003
0.616170-0.394533j,-0.037454-0.109642j,-0.032826-0.102344j,0.000003
0.616195-0.394534j,-0.037523-0.109747j,-0.032763-0.102240j,0.000004
0.616221-0.394534j,-0.037593-0.109854j,-0.032698-0.102135j,0.000004
0.616248-0.394534j,-0.037666-0.109964j,-0.032632-0.102026j,0.000004
0.616276-0.394534j,-0.037740-0.110076j,-0.032565-0.101916j,0.000005
0.616306-0.394534j,-0.037816-0.110191j,-0.032496-0.101803j,0.000005
0.616338-0.394534j,-0.037894-0.110309j,-0.032426-0.101687j,0.000006
0.616371-0.394534j,-0.037973-0.110429j,-0.032354-0.101569j,0.000006
0.616406-0.394534j,-0.038054-0.110552j,-0.032281-0.101449j,0.000007
0.616443-0.394535j,-0.038138-0.110677j,-0.032207-0.101326j,0.000007
0.616481-0.394535j,-0.038223-0.110805j,-0.032131-0.101200j,0.000008
0.616521-0.394535j,-0.038310-0.110936j,-0.032053-0.101071j,0.000008
0.616563-0.394535j,-0.038399-0.111069j,-0.031974-0.100940j,0.000009
0.616608-0.394535j,-0.038490-0.111206j,-0.031894-0.100807j,0.000010
0.616654-0.394535j,-0.038583-0.111345j,-0.031812-0.100670j,0.000011
0.616702-0.394536j,-0.038678-0.111487j,-0.031728-0.100532j,0.000011
0.616753-0.394536j,-0.038774-0.111631j,-0.031644-0.100391j,0.000012
0.616805-0.394536j,-0.038872-0.111777j,-0.031558-0.100247j,0.000013
0.616860-0.394536j,-0.038972-0.111926j,-0.031471-0.100102j,0.000014
0.616917-0.394536j,-0.039074-0.112077j,-0.031383-0.099954j,0.000016
0.616977-0.394537j,-0.039177-0.112231j,-0.031294-0.099804j,0.000017
0.617039-0.394537j,-0.039283-0.112387j,-0.031203-0.099652j,0.000018
0.617103-0.394537j,-0.039390-0.112545j,-0.031112-0.099498j,0.000019
0.617170-0.394537j,-0.039499-0.112706j,-0.031019-0.099341j,0.000021
0.617240-0.394538j,-0.039609-0.112869j,-0.030924-0.099182j,0.000022
0.617312-0.394538j,-0.039722-0.113035j,-0.030829-0.099021j,0.000024
0.617387-0.394538j,-0.039836-0.113203j,-0.030733-0.098857j,0.000026
0.617465-0.394538j,-0.039953-0.113374j,-0.030635-0.098691j,0.000028
0.617546-0.394539j,-0.040071-0.113547j,-0.030536-0.098523j,0.000030
0.617630-0.394539j,-0.040191-0.113723j,-0.030436-0.098352j,0.000032
0.617718-0.394539j,-0.040313-0.113901j,-0.030334-0.098179j,0.000034
0.617808-0.394539j,-0.040437-0.114082j,-0.030232-0.098004j,0.000036
0.617902-0.394540j,-0.040563-0.114266j,-0.030128-0.097826j,0.000039
0.617999-0.394540j,-0.040692-0.114452j,-0.030023-0.097646j,0.000041
0.618100-0.394540j,-0.040822-0.114641j,-0.029917-0.097463j,0.000044
0.618205-0.394540j,-0.040954-0.114832j,-0.029809-0.097278j,0.000047
0.618313-0.394541j,-0.041088-0.115026j,-0.029701-0.097091j,0.000050
0.618425-0.394541j,-0.041224-0.115223j,-0.029591-0.096901j,0.000054
0.618541-0.394541j,-0.041363-0.115422j,-0.029480-0.096709j,0.000057
0.618661-0.394541j,-0.041504-0.115624j,-0.029368-0.096514j,0.000061
0.618785-0.394542j,-0.041646-0.115829j,-0.029255-0.096317j,0.000065
0.618914-0.394542j,-0.041791-0.116036j,-0.029140-0.096117j,0.000069
0.619046-0.394542j,-0.041938-0.116246j,-0.029024-0.095915j,0.000073
0.619184-0.394542j,-0.042088-0.116459j,-0.028908-0.095711j,0.000078
0.619326-0.394543j,-0.042239-0.116675j,-0.028790-0.095504j,0.000083
0.619472-0.394543j,-0.042393-0.116894j,-0.028671-0.095294j,0.000088
0.619624-0.394543j,-0.042549-0.117115j,-0.028550-0.095082j,0.000093
0.619780-0.394543j,-0.042708-0.117339j,-0.028429-0.094868j,0.000099
0.619942-0.394543j,-0.042869-0.117566j,-0.028306-0.094651j,0.000105
0.620108-0.394543j,-0.043032-0.117795j,-0.028183-0.094431j,0.000111
0.620280-0.394543j,-0.043197-0.118028j,-0.028058-0.094209j,0.000118
0.620458-0.394544j,-0.043365-0.118263j,-0.027932-0.093985j,0.000125
0.620641-0.394544j,-0.043536-0.118502j,-0.027805-0.093758j,0.000132
0.620830-0.394544j,-0.043709-0.118743j,-0.027677-0.093528j,0.000140
0.621024-0.394544j,-0.043884-0.118987j,-0.027547-0.093296j,0.000148
0.621225-0.394543j,-0.044062-0.119234j,-0.027417-0.093061j,0.000156
0.621432-0.394543j,-0.044242-0.119484j,-0.027286-0.092824j,0.000165
0.621645-0.394543j,-0.044425-0.119737j,-0.027153-0.092584j,0.000174
0.621865-0.394543j,-0.044611-0.119993j,-0.027019-0.092341j,0.000184
0.622091-0.394543j,-0.044799-0.120252j,-0.026885-0.092096j,0.000194
0.622324-0.394542j,-0.044990-0.120514j,-0.026749-0.091848j,0.000205
0.622564-0.394542j,-0.045183-0.120779j,-0.026612-0.091598j,0.000216
0.622810-0.394541j,-0.045379-0.121047j,-0.026474-0.091345j,0.000228
0.623064-0.394541j,-0.045578-0.121318j,-0.026335-0.091090j,0.000240
0.623326-0.394540j,-0.045780-0.121592j,-0.026195-0.090832j,0.000253
0.623595-0.394539j,-0.045984-0.121869j,-0.026055-0.090571j,0.000267
0.623872-0.394539j,-0.046191-0.122149j,-0.025913-0.090308j,0.000281
0.624156-0.394538j,-0.046401-0.122432j,-0.025770-0.090042j,0.000296
0.624449-0.394537j,-0.046614-0.122719j,-0.025626-0.089774j,0.000311
0.624750-0.394536j,-0.046830-0.123008j,-0.025481-0.089503j,0.000327
0.625059-0.394534j,-0.047049-0.123301j,-0.025335-0.089229j,0.000344
0.625377-0.394533j,-0.047271-0.123597j,-0.025188-0.088953j,0.000362
0.625703-0.394531j,-0.047495-0.123896j,-0.025040-0.088674j,0.000380
0.626039-0.394530j,-0.047723-0.124198j,-0.024891-0.088392j,0.000400
0.626383-0.394528j,-0.047954-0.124504j,-0.024742-0.088108j,0.000420
0.626737-0.394526j,-0.048187-0.124812j,-0.024591-0.087821j,0.000441
0.627101-0.394524j,-0.048424-0.125124j,-0.024440-0.087531j,0.000463
0.627474-0.394521j,-0.048664-0.125439j,-0.024287-0.087239j,0.000485
0.627857-0.394519j,-0.048908-0.125758j,-0.024134-0.086944j,0.000509
0.628250-0.394516j,-0.049154-0.126079j,-0.023980-0.086647j,0.000534
0.628654-0.394513j,-0.049404-0.126404j,-0.023825-0.086346j,0.000560
0.629068-0.394509j,-0.049657-0.126732j,-0.023669-0.086044j,0.000587
0.629493-0.394506j,-0.049913-0.127064j,-0.023512-0.085738j,0.000615
0.629928-0.394502j,-0.050172-0.127399j,-0.023354-0.085430j,0.000644
0.630375-0.394498j,-0.050435-0.127737j,-0.023196-0.085119j,0.000674
0.630834-0.394493j,-0.050702-0.128078j,-0.023037-0.084806j,0.000706
0.631304-0.394489j,-0.050972-0.128423j,-0.022877-0.084490j,0.000739
0.631786-0.394484j,-0.051245-0.128772j,-0.022716-0.084171j,0.000773
0.632280-0.394478j,-0.051522-0.129123j,-0.022554-0.083850j,0.000809
0.632786-0.394472j,-0.051802-0.129479j,-0.022392-0.083526j,0.000846
0.633305-0.394466j,-0.052086-0.129837j,-0.022229-0.083199j,0.000884
0.633837-0.394459j,-0.052374-0.130199j,-0.022065-0.082870j,0.000925
0.634382-0.394452j,-0.052665-0.130565j,-0.021901-0.082538j,0.000966
0.634940-0.394445j,-0.052960-0.130934j,-0.021736-0.082203j,0.001009
0.635511-0.394437j,-0.053259-0.131306j,-0.021570-0.081866j,0.001054
0.636097-0.394428j,-0.053562-0.131682j,-0.021403-0.081526j,0.001101
0.636696-0.394419j,-0.053868-0.132061j,-0.021236-0.081183j,0.001149
0.637310-0.394409j,-0.054178-0.132444j,-0.021068-0.080838j,0.001199
0.637939-0.394399j,-0.054492-0.132831j,-0.020900-0.080490j,0.001252
0.638583-0.394388j,-0.054811-0.133221j,-0.020731-0.080140j,0.001306
0.639241-0.394376j,-0.055133-0.133615j,-0.020561-0.079787j,0.001362
0.639915-0.394364j,-0.055459-0.134012j,-0.020391-0.079431j,0.001420
0.640605-0.394351j,-0.055789-0.134413j,-0.020220-0.079072j,0.001480
0.641311-0.394337j,-0.056123-0.134817j,-0.020049-0.078712j,0.001543
0.642033-0.394322j,-0.056462-0.135225j,-0.019877-0.078348j,0.001608
0.642772-0.394306j,-0.056805-0.135637j,-0.019705-0.077982j,0.001675
0.643528-0.394290j,-0.057152-0.136052j,-0.019532-0.077613j,0.001745
0.644301-0.394272j,-0.057503-0.136471j,-0.019358-0.077242j,0.001817
0.645091-0.394254j,-0.057859-0.136894j,-0.019184-0.076868j,0.001891
0.645900-0.394235j,-0.058219-0.137320j,-0.019010-0.076491j,0.001969
0.646726-0.394214j,-0.058583-0.137750j,-0.018835-0.076112j,0.002049
0.647572-0.394192j,-0.058952-0.138184j,-0.018660-0.075730j,0.002132
0.648435-0.394170j,-0.059325-0.138622j,-0.018484-0.075346j,0.002217
0.649319-0.394145j,-0.059703-0.139063j,-0.018308-0.074959j,0.002306
0.650221-0.394120j,-0.060086-0.139508j,-0.018132-0.074570j,0.002398
0.651144-0.394093j,-0.060473-0.139957j,-0.017955-0.074178j,0.002493
0.652086-0.394065j,-0.060866-0.140409j,-0.017778-0.073784j,0.002591
0.653049-0.394035j,-0.061262-0.140866j,-0.017600-0.073387j,0.002693
0.654033-0.394004j,-0.061664-0.141326j,-0.017423-0.072987j,0.002798
0.655006-0.393972j,-0.062057-0.141775j,-0.017250-0.072598j,0.002903
0.656033-0.393938j,-0.062469-0.142243j,-0.017072-0.072194j,0.003015
0.657048-0.393902j,-0.062872-0.142700j,-0.016899-0.071800j,0.003127
0.658118-0.393864j,-0.063293-0.143175j,-0.016720-0.071390j,0.003246
0.659177-0.393825j,-0.063706-0.143640j,-0.016546-0.070992j,0.003366
0.660293-0.393783j,-0.064138-0.144123j,-0.016367-0.070577j,0.003493
0.661396-0.393741j,-0.064561-0.144595j,-0.016193-0.070174j,0.003620
0.662558-0.393694j,-0.065002-0.145086j,-0.016013-0.069755j,0.003756
0.663708-0.393647j,-0.065435-0.145565j,-0.015839-0.069347j,0.003892
0.664918-0.393596j,-0.065887-0.146064j,-0.015658-0.068923j,0.004036
0.666116-0.393545j,-0.066331-0.146551j,-0.015484-0.068510j,0.004180
0.667377-0.393489j,-0.066794-0.147058j,-0.015303-0.068082j,0.004334
0.668624-0.393432j,-0.067248-0.147553j,-0.015128-0.067664j,0.004487
0.669936-0.393371j,-0.067721-0.148067j,-0.014948-0.067231j,0.004650
0.671234-0.393308j,-0.068186-0.148570j,-0.014772-0.066809j,0.004814
0.672600-0.393241j,-0.068671-0.149092j,-0.014592-0.066372j,0.004987
0.673951-0.393173j,-0.069147-0.149603j,-0.014416-0.065945j,0.005160
0.675371-0.393099j,-0.069643-0.150133j,-0.014236-0.065503j,0.005345
0.676777-0.393024j,-0.070130-0.150651j,-0.014060-0.065072j,0.005529
0.678254-0.392944j,-0.070638-0.151189j,-0.013879-0.064626j,0.005724
0.679717-0.392862j,-0.071137-0.151716j,-0.013704-0.064190j,0.005919
0.681253-0.392774j,-0.071656-0.152262j,-0.013523-0.063740j,0.006126
0.682773-0.392685j,-0.072167-0.152796j,-0.013347-0.063300j,0.006334
0.684370-0.392588j,-0.072698-0.153351j,-0.013167-0.062845j,0.006553
0.685951-0.392491j,-0.073221-0.153893j,-0.012991-0.062401j,0.006773
0.687610-0.392386j,-0.073765-0.154456j,-0.012811-0.061942j,0.007005
0.689253-0.392280j,-0.074299-0.155006j,-0.012635-0.061494j,0.007238
0.690976-0.392165j,-0.074856-0.155577j,-0.012455-0.061031j,0.007484
0.692683-0.392049j,-0.075403-0.156135j,-0.012280-0.060579j,0.007730
0.694473-0.391925j,-0.075972-0.156714j,-0.012100-0.060112j,0.007991
0.696247-0.391798j,-0.076532-0.157281j,-0.011925-0.059656j,0.008251
0.698105-0.391663j,-0.077114-0.157868j,-0.011745-0.059185j,0.008527
0.699947-0.391525j,-0.077687-0.158443j,-0.011571-0.058726j,0.008802
0.701876-0.391378j,-0.078282-0.159039j,-0.011392-0.058251j,0.009094
0.703788-0.391228j,-0.078868-0.159622j,-0.011217-0.057787j,0.009385
0.705791-0.391068j,-0.079477-0.160226j,-0.011038-0.057309j,0.009693
0.707775-0.390905j,-0.080077-0.160817j,-0.010865-0.056842j,0.010000
0.709853-0.390732j,-0.080699-0.161429j,-0.010686-0.056360j,0.010325
0.711912-0.390555j,-0.081312-0.162029j,-0.010513-0.055889j,0.010650
0.714067-0.390366j,-0.081949-0.162650j,-0.010335-0.055404j,0.010993
0.716204-0.390175j,-0.082576-0.163258j,-0.010162-0.054930j,0.011335
0.718439-0.389970j,-0.083228-0.163888j,-0.009984-0.054442j,0.011697
0.720655-0.389763j,-0.083869-0.164504j,-0.009812-0.053964j,0.012058
0.722972-0.389541j,-0.084535-0.165142j,-0.009635-0.053473j,0.012440
0.725271-0.389316j,-0.085190-0.165767j,-0.009463-0.052992j,0.012821
0.727672-0.389076j,-0.085871-0.166413j,-0.009287-0.052498j,0.013222
0.730055-0.388832j,-0.086542-0.167047j,-0.009116-0.052014j,0.013624
0.732544-0.388572j,-0.087237-0.167702j,-0.008940-0.051517j,0.014047
0.735013-0.388309j,-0.087923-0.168344j,-0.008769-0.051030j,0.014469
0.737592-0.388027j,-0.088634-0.169008j,-0.008595-0.050530j,0.014914
0.740151-0.387742j,-0.089335-0.169659j,-0.008425-0.050041j,0.015359
0.742822-0.387439j,-0.090062-0.170331j,-0.008250-0.049539j,0.015827
0.745473-0.387131j,-0.090778-0.170990j,-0.008081-0.049047j,0.016296
0.748239-0.386803j,-0.091521-0.171671j,-0.007908-0.048542j,0.016788
0.750985-0.386470j,-0.092253-0.172339j,-0.007739-0.048048j,0.017280
0.753848-0.386116j,-0.093012-0.173029j,-0.007566-0.047541j,0.017797
0.756691-0.385757j,-0.093760-0.173706j,-0.007398-0.047045j,0.018314
0.759655-0.385375j,-0.094535-0.174404j,-0.007226-0.046535j,0.018858
0.762598-0.384987j,-0.095300-0.175089j,-0.007059-0.046037j,0.019401
0.765666-0.384575j,-0.096092-0.175796j,-0.006888-0.045526j,0.019971
0.768711-0.384158j,-0.096873-0.176491j,-0.006721-0.045026j,0.020541
0.771885-0.383714j,-0.097682-0.177206j,-0.006551-0.044513j,0.021140
0.775036-0.383264j,-0.098480-0.177909j,-0.006385-0.044012j,0.021738
0.778318-0.382787j,-0.099306-0.178634j,-0.006216-0.043498j,0.022366
0.781578-0.382302j,-0.100121-0.179346j,-0.006051-0.042995j,0.022993
0.784972-0.381788j,-0.100964-0.180079j,-0.005882-0.042479j,0.023651
0.788343-0.381267j,-0.101797-0.180800j,-0.005717-0.041975j,0.024308
0.791851-0.380714j,-0.102658-0.181542j,-0.005549-0.041458j,0.024997
0.795337-0.380153j,-0.103508-0.182272j,-0.005386-0.040953j,0.025686
0.798963-0.379559j,-0.104387-0.183023j,-0.005219-0.040436j,0.026408
0.802565-0.378957j,-0.105255-0.183761j,-0.005055-0.039930j,0.027129
0.806311-0.378318j,-0.106152-0.184521j,-0.004889-0.039412j,0.027884
0.810034-0.377671j,-0.107038-0.185269j,-0.004727-0.038906j,0.028639
0.813903-0.376985j,-0.107954-0.186037j,-0.004561-0.038388j,0.029429
0.817748-0.376291j,-0.108858-0.186794j,-0.004399-0.037881j,0.030218
0.821744-0.375555j,-0.109792-0.187571j,-0.004234-0.037363j,0.031044
0.825715-0.374810j,-0.110715-0.188336j,-0.004073-0.036856j,0.031869
0.829840-0.374021j,-0.111668-0.189123j,-0.003908-0.036338j,0.032732
0.833940-0.373222j,-0.112610-0.189897j,-0.003748-0.035831j,0.033594
0.838197-0.372377j,-0.113582-0.190692j,-0.003584-0.035314j,0.034495
0.842428-0.371520j,-0.114542-0.191475j,-0.003424-0.034808j,0.035396
0.846820-0.370615j,-0.115533-0.192279j,-0.003261-0.034291j,0.036336
0.851186-0.369698j,-0.116513-0.193071j,-0.003101-0.033786j,0.037276
0.855716-0.368728j,-0.117524-0.193884j,-0.002938-0.033270j,0.038257
0.860219-0.367747j,-0.118523-0.194685j,-0.002779-0.032766j,0.039238
0.864889-0.366710j,-0.119553-0.195507j,-0.002617-0.032251j,0.040260
0.869533-0.365660j,-0.120571-0.196317j,-0.002458-0.031748j,0.041283
0.874346-0.364551j,-0.121621-0.197148j,-0.002296-0.031236j,0.042348
0.879133-0.363428j,-0.122659-0.197966j,-0.002138-0.030734j,0.043414
0.884092-0.362244j,-0.123729-0.198806j,-0.001976-0.030224j,0.044523
0.889024-0.361044j,-0.124787-0.199633j,-0.001818-0.029724j,0.045633
0.894132-0.359780j,-0.125876-0.200482j,-0.001657-0.029216j,0.046788
0.899213-0.358499j,-0.126954-0.201318j,-0.001499-0.028718j,0.047943
0.904472-0.357149j,-0.128064-0.202175j,-0.001338-0.028212j,0.049144
0.909703-0.355782j,-0.129162-0.203020j,-0.001180-0.027718j,0.050346
0.915115-0.354343j,-0.130292-0.203886j,-0.001019-0.027215j,0.051595
0.920500-0.352885j,-0.131410-0.204740j,-0.000861-0.026723j,0.052845
0.926068-0.351351j,-0.132560-0.205615j,-0.000700-0.026223j,0.054143
0.931609-0.349797j,-0.133698-0.206478j,-0.000542-0.025734j,0.055441
0.937335-0.348163j,-0.134869-0.207361j,-0.000381-0.025238j,0.056789
0.943034-0.346508j,-0.136027-0.208233j,-0.000223-0.024753j,0.058137
0.948920-0.344769j,-0.137218-0.209125j,-0.000062-0.024261j,0.059537
0.954778-0.343007j,-0.138397-0.210005j,0.000097-0.023779j,0.060936
0.960827-0.341157j,-0.139609-0.210906j,0.000258-0.023291j,0.062388
0.966847-0.339283j,-0.140808-0.211795j,0.000417-0.022814j,0.063840
0.973060-0.337315j,-0.142040-0.212704j,0.000578-0.022331j,0.065345
0.979243-0.335323j,-0.143259-0.213602j,0.000737-0.021858j,0.066850
0.985622-0.333233j,-0.144512-0.214520j,0.000899-0.021379j,0.068410
0.991971-0.331117j,-0.145752-0.215426j,0.001059-0.020912j,0.069969
0.998516-0.328898j,-0.147024-0.216353j,0.001222-0.020438j,0.071584
1.005032-0.326651j,-0.148285-0.217268j,0.001382-0.019976j,0.073199
1.011745-0.324296j,-0.149578-0.218203j,0.001545-0.019508j,0.074871
1.018429-0.321913j,-0.150859-0.219126j,0.001706-0.019052j,0.076543
1.025312-0.319416j,-0.152172-0.220070j,0.001870-0.018590j,0.078272
1.032165-0.316889j,-0.153473-0.221002j,0.002031-0.018139j,0.080001
1.039218-0.314243j,-0.154807-0.221954j,0.002196-0.017684j,0.081789
1.046241-0.311566j,-0.156129-0.222894j,0.002358-0.017239j,0.083576
1.053233-0.308855j,-0.157439-0.223824j,0.002518-0.016805j,0.085363
1.060541-0.305976j,-0.158802-0.224788j,0.002684-0.016360j,0.087240
1.067818-0.303060j,-0.160154-0.225741j,0.002848-0.015925j,0.089116
1.075064-0.300110j,-0.161494-0.226684j,0.003010-0.015500j,0.090993
1.082628-0.296980j,-0.162888-0.227660j,0.003177-0.015066j,0.092960
1.090159-0.293812j,-0.164269-0.228626j,0.003343-0.014642j,0.094927
1.097658-0.290606j,-0.165639-0.229581j,0.003506-0.014228j,0.096894
1.105477-0.287208j,-0.167062-0.230570j,0.003675-0.013806j,0.098953
1.113263-0.283770j,-0.168473-0.231548j,0.003842-0.013393j,0.101013
1.121015-0.280291j,-0.169873-0.232516j,0.004007-0.012991j,0.103072
1.129088-0.276610j,-0.171325-0.233517j,0.004178-0.012580j,0.105226
1.137126-0.272884j,-0.172765-0.234508j,0.004347-0.012180j,0.107379
1.145130-0.269115j,-0.174194-0.235488j,0.004514-0.011790j,0.109532
1.153455-0.265132j,-0.175674-0.236501j,0.004687-0.011393j,0.111782
1.161744-0.261101j,-0.177143-0.237504j,0.004857-0.011005j,0.114031
1.169997-0.257024j,-0.178601-0.238497j,0.005026-0.010628j,0.116280
1.178571-0.252720j,-0.180110-0.239522j,0.005201-0.010245j,0.118626
1.187108-0.248366j,-0.181607-0.240537j,0.005374-0.009871j,0.120972
1.195608-0.243962j,-0.183093-0.241542j,0.005545-0.009507j,0.123318
1.204427-0.239320j,-0.184629-0.242579j,0.005721-0.009138j,0.125763
1.213207-0.234624j,-0.186155-0.243606j,0.005896-0.008779j,0.128207
1.221949-0.229875j,-0.187669-0.244624j,0.006069-0.008429j,0.130652
1.231008-0.224875j,-0.189233-0.245673j,0.006247-0.008075j,0.133196
1.240027-0.219818j,-0.190785-0.246712j,0.006424-0.007731j,0.135740
1.249006-0.214704j,-0.192327-0.247742j,0.006599-0.007396j,0.138284
1.258300-0.209328j,-0.193918-0.248803j,0.006779-0.007058j,0.140928
1.267551-0.203890j,-0.195497-0.249854j,0.006958-0.006729j,0.143573
1.276761-0.198392j,-0.197065-0.250896j,0.007135-0.006409j,0.146217
1.286281-0.192619j,-0.198683-0.251969j,0.007317-0.006087j,0.148963
1.295757-0.186781j,-0.200289-0.253032j,0.007498-0.005775j,0.151709
1.305190-0.180880j,-0.201883-0.254086j,0.007676-0.005471j,0.154454
1.314929-0.174690j,-0.203526-0.255171j,0.007860-0.005166j,0.157302
1.324622-0.168432j,-0.205158-0.256246j,0.008042-0.004869j,0.160151
1.334269-0.162106j,-0.206779-0.257313j,0.008223-0.004582j,0.162998
1.344218-0.155480j,-0.208447-0.258409j,0.008408-0.004294j,0.165949
1.354118-0.148782j,-0.210104-0.259496j,0.008592-0.004015j,0.168900
1.363970-0.142012j,-0.211750-0.260575j,0.008773-0.003744j,0.171851
1.374117-0.134930j,-0.213443-0.261683j,0.008960-0.003474j,0.174905
1.384214-0.127771j,-0.215125-0.262783j,0.009145-0.003212j,0.177960
1.394260-0.120537j,-0.216796-0.263874j,0.009328-0.002959j,0.181014
1.404595-0.112978j,-0.218513-0.264993j,0.009516-0.002706j,0.184172
1.414876-0.105338j,-0.220219-0.266105j,0.009701-0.002462j,0.187330
1.425104-0.097620j,-0.221914-0.267208j,0.009885-0.002226j,0.190488
1.435278-0.089822j,-0.223599-0.268304j,0.010068-0.001999j,0.193646
1.445842-0.081599j,-0.225346-0.269439j,0.010256-0.001770j,0.196943
1.456348-0.073290j,-0.227084-0.270566j,0.010443-0.001550j,0.200239
1.466796-0.064897j,-0.228810-0.271686j,0.010627-0.001338j,0.203535
1.477187-0.056421j,-0.230526-0.272798j,0.010810-0.001134j,0.206832
1.487954-0.047498j,-0.232304-0.273949j,0.010999-0.000929j,0.210267
1.498659-0.038485j,-0.234071-0.275093j,0.011185-0.000733j,0.213702
1.509302-0.029383j,-0.235828-0.276229j,0.011370-0.000545j,0.217137
1.519882-0.020192j,-0.237575-0.277357j,0.011553-0.000365j,0.220572
1.530825-0.010534j,-0.239382-0.278524j,0.011741-0.000185j,0.224146
1.541700-0.000782j,-0.241178-0.279684j,0.011927-0.000013j,0.227720
