0.521942+0.878433j,-0.286459-5.288665j,0.059790-0.037224j,15.018699
0.521942+0.878433j,-0.285550-5.286552j,0.059690-0.036538j,15.018699
0.521942+0.878433j,-0.285550-5.286552j,0.059690-0.036538j,15.018699
0.521942+0.878433j,-0.285550-5.286552j,0.059690-0.036538j,15.018699
0.521942+0.878433j,-0.285550-5.286552j,0.059690-0.036538j,15.018699
0.521942+0.878433j,-0.285550-5.286552j,0.059690-0.036538j,15.018700
0.521943+0.878433j,-0.285550-5.286552j,0.059690-0.036538j,15.018704
0.521946+0.878431j,-0.285550-5.286553j,0.059690-0.036538j,15.018722
0.521961+0.878424j,-0.285550-5.286556j,0.059691-0.036539j,15.018805
0.522026+0.878392j,-0.285551-5.286571j,0.059693-0.036543j,15.019179
0.522318+0.878247j,-0.285555-5.286639j,0.059703-0.036561j,15.020860
0.523634+0.877592j,-0.285570-5.286942j,0.059751-0.036640j,15.028427
0.529546+0.874625j,-0.285595-5.288313j,0.059964-0.037002j,15.062473
0.549599+0.864198j,-0.285162-5.293028j,0.060708-0.038261j,15.178693
0.569438+0.853320j,-0.283927-5.297800j,0.061480-0.039562j,15.294913
0.589051+0.841993j,-0.281889-5.302629j,0.062278-0.040907j,15.411133
0.608426+0.830218j,-0.279038-5.307518j,0.063106-0.042299j,15.527353
0.625442+0.819376j,-0.275811-5.311923j,0.063867-0.043578j,15.630689
0.642251+0.808184j,-0.271918-5.316389j,0.064654-0.044899j,15.734024
0.658846+0.796644j,-0.267341-5.320928j,0.065466-0.046263j,15.837361
0.673512+0.786021j,-0.262644-5.325064j,0.066217-0.047523j,15.929871
0.687993+0.775123j,-0.257361-5.329284j,0.066990-0.048822j,16.022382
0.702282+0.763952j,-0.251467-5.333604j,0.067786-0.050161j,16.114895
0.714502+0.754053j,-0.245844-5.337445j,0.068496-0.051356j,16.195064
0.726569+0.743953j,-0.239720-5.341396j,0.069224-0.052584j,16.275234
0.738478+0.733653j,-0.233071-5.345478j,0.069972-0.053848j,16.355405
0.748738+0.724501j,-0.226816-5.349170j,0.070642-0.054980j,16.425376
0.758871+0.715200j,-0.220119-5.353007j,0.071326-0.056142j,16.495347
0.768873+0.705750j,-0.212957-5.357016j,0.072027-0.057334j,16.565320
0.777334+0.697538j,-0.206433-5.360615j,0.072640-0.058379j,16.625265
0.785696+0.689219j,-0.199532-5.364394j,0.073265-0.059449j,16.685211
0.793954+0.680795j,-0.192238-5.368386j,0.073903-0.060543j,16.745158
0.801015+0.673420j,-0.185595-5.372043j,0.074465-0.061510j,16.797031
0.807996+0.665968j,-0.178635-5.375923j,0.075037-0.062497j,16.848906
0.814895+0.658440j,-0.171349-5.380062j,0.075618-0.063504j,16.900783
0.820773+0.651891j,-0.164804-5.383872j,0.076127-0.064389j,16.945490
0.826588+0.645286j,-0.158013-5.387942j,0.076643-0.065290j,16.990200
0.832339+0.638627j,-0.150981-5.392311j,0.077166-0.066207j,17.034910
0.837345+0.632723j,-0.144602-5.396438j,0.077633-0.067027j,17.074252
0.842300+0.626777j,-0.138057-5.400861j,0.078105-0.067861j,17.113594
0.847202+0.620792j,-0.131365-5.405617j,0.078584-0.068708j,17.152939
0.851548+0.615396j,-0.125269-5.410187j,0.079017-0.069478j,17.188184
0.855851+0.609969j,-0.119105-5.415076j,0.079455-0.070260j,17.223430
0.860111+0.604512j,-0.112905-5.420303j,0.079898-0.071053j,17.258677
0.864326+0.599025j,-0.106709-5.425887j,0.080345-0.071858j,17.293926
0.868496+0.593509j,-0.100563-5.431834j,0.080797-0.072674j,17.329176
0.872121+0.588642j,-0.095246-5.437357j,0.081198-0.073401j,17.360131
0.875712+0.583754j,-0.090039-5.443154j,0.081602-0.074137j,17.391087
0.879267+0.578845j,-0.084976-5.449209j,0.082010-0.074882j,17.422043
0.882787+0.573917j,-0.080085-5.455504j,0.082422-0.075637j,17.453001
0.886271+0.568969j,-0.075392-5.462012j,0.082838-0.076402j,17.483959
0.889720+0.564003j,-0.070916-5.468704j,0.083257-0.077176j,17.514918
0.893134+0.559019j,-0.066671-5.475549j,0.083681-0.077961j,17.545877
0.896631+0.553842j,-0.062525-5.482761j,0.084123-0.078783j,17.577921
0.900089+0.548648j,-0.058634-5.490070j,0.084569-0.079617j,17.609965
0.903666+0.543197j,-0.054832-5.497782j,0.085040-0.080500j,17.643471
0.907201+0.537728j,-0.051293-5.505537j,0.085516-0.081396j,17.676976
0.910904+0.531912j,-0.047815-5.513772j,0.086026-0.082358j,17.712490
0.914562+0.526076j,-0.044599-5.522000j,0.086541-0.083336j,17.748004
0.918429+0.519805j,-0.041425-5.530779j,0.087099-0.084398j,17.786035
0.922389+0.513274j,-0.038400-5.539836j,0.087685-0.085519j,17.825511
0.926449+0.506457j,-0.035519-5.549181j,0.088302-0.086705j,17.866571
0.930614+0.499332j,-0.032778-5.558818j,0.088953-0.087962j,17.909333
0.934888+0.491879j,-0.030171-5.568749j,0.089641-0.089297j,17.953909
0.939274+0.484076j,-0.027697-5.578979j,0.090369-0.090717j,18.000410
0.943771+0.475903j,-0.025352-5.589511j,0.091139-0.092230j,18.048942
0.948381+0.467338j,-0.023133-5.600345j,0.091956-0.093843j,18.099610
0.953100+0.458361j,-0.021038-5.611484j,0.092823-0.095566j,18.152515
0.957927+0.448953j,-0.019063-5.622928j,0.093744-0.097408j,18.207755
0.962857+0.439093j,-0.017208-5.634677j,0.094721-0.099379j,18.265426
0.967883+0.428762j,-0.015471-5.646731j,0.095761-0.101491j,18.325622
0.972999+0.417939j,-0.013850-5.659087j,0.096866-0.103756j,18.388436
0.978196+0.406605j,-0.012344-5.671744j,0.098041-0.106188j,18.453959
0.983465+0.394740j,-0.010952-5.684697j,0.099291-0.108802j,18.522280
0.988792+0.382323j,-0.009675-5.697941j,0.100621-0.111614j,18.593492
0.994166+0.369334j,-0.008511-5.711472j,0.102037-0.114643j,18.667686
0.999572+0.355753j,-0.007460-5.725282j,0.103543-0.117909j,18.744957
1.004994+0.341556j,-0.006523-5.739364j,0.105146-0.121436j,18.825404
1.010416+0.326721j,-0.005699-5.753709j,0.106852-0.125249j,18.909137
1.015611+0.311828j,-0.005014-5.767744j,0.108597-0.129213j,18.992867
1.020580+0.296880j,-0.004452-5.781476j,0.110378-0.133335j,19.076592
1.025325+0.281879j,-0.004003-5.794910j,0.112197-0.137621j,19.160314
1.029846+0.266828j,-0.003654-5.808050j,0.114050-0.142077j,19.244033
1.034144+0.251728j,-0.003395-5.820901j,0.115938-0.146709j,19.327747
1.038218+0.236582j,-0.003217-5.833465j,0.117859-0.151525j,19.411459
1.042071+0.221392j,-0.003112-5.845743j,0.119812-0.156529j,19.495166
1.045702+0.206160j,-0.003072-5.857739j,0.121794-0.161729j,19.578870
1.049111+0.190888j,-0.003089-5.869453j,0.123803-0.167129j,19.662570
1.052299+0.175578j,-0.003155-5.880887j,0.125838-0.172737j,19.746266
1.055267+0.160231j,-0.003265-5.892041j,0.127896-0.178556j,19.829958
1.058014+0.144850j,-0.003410-5.902917j,0.129975-0.184591j,19.913647
1.060541+0.129437j,-0.003586-5.913515j,0.132073-0.190849j,19.997331
1.062848+0.113992j,-0.003786-5.923837j,0.134187-0.197332j,20.081012
1.064935+0.098519j,-0.004004-5.933883j,0.136314-0.204044j,20.164689
1.066604+0.084752j,-0.004207-5.942577j,0.138214-0.210201j,20.239006
1.068100+0.070965j,-0.004417-5.951056j,0.140121-0.216544j,20.313320
1.069422+0.057159j,-0.004630-5.959322j,0.142034-0.223073j,20.387631
1.070571+0.043335j,-0.004842-5.967377j,0.143953-0.229792j,20.461939
1.071546+0.029494j,-0.005050-5.975221j,0.145875-0.236699j,20.536245
1.072348+0.015637j,-0.005251-5.982859j,0.147802-0.243798j,20.610548
1.072975+0.001765j,-0.005443-5.990290j,0.149730-0.251086j,20.684848
1.073428-0.012120j,-0.005623-5.997520j,0.151662-0.258566j,20.759146
1.073707-0.026017j,-0.005790-6.004549j,0.153596-0.266236j,20.833441
1.073811-0.039925j,-0.005940-6.011380j,0.155532-0.274096j,20.907733
1.073741-0.053844j,-0.006073-6.018018j,0.157472-0.282145j,20.982022
