2.641563+0.000000j,0.793676+0.000000j,0.793676+0.000000j,0.000000
2.641563+0.000000j,0.793676-0.000066j,0.793676+0.000066j,0.000000
2.641563-0.000000j,0.793676-0.000065j,0.793676+0.000065j,0.000000
2.641563-0.000000j,0.793676-0.000065j,0.793676+0.000065j,0.000000
2.641563-0.000000j,0.793676-0.000064j,0.793676+0.000064j,0.000000
2.641563-0.000000j,0.793676-0.000064j,0.793676+0.000064j,0.000000
2.641563-0.000000j,0.793676-0.000064j,0.793676+0.000064j,0.000000
2.641563-0.000000j,0.793676-0.000063j,0.793676+0.000063j,0.000000
2.641563-0.000000j,0.793676-0.000063j,0.793676+0.000063j,0.000000
2.641563-0.000000j,0.793676-0.000062j,0.793676+0.000062j,0.000000
2.641563-0.000000j,0.793676-0.000062j,0.793676+0.000062j,0.000000
2.641563-0.000000j,0.793676-0.000061j,0.793676+0.000061j,0.000000
2.641563-0.000000j,0.793676-0.000061j,0.793676+0.000061j,0.000000
2.641563-0.000000j,0.793676-0.000060j,0.793676+0.000060j,0.000000
2.641563-0.000000j,0.793676-0.000060j,0.793676+0.000060j,0.000000
2.641563-0.000000j,0.793676-0.000059j,0.793676+0.000059j,0.000000
2.641563-0.000000j,0.793676-0.000059j,0.793676+0.000059j,0.000000
2.641563-0.000000j,0.793676-0.000058j,0.793676+0.000058j,0.000000
2.641563-0.000000j,0.793676-0.000057j,0.793676+0.000057j,0.000000
2.641563-0.000000j,0.793676-0.000057j,0.793676+0.000057j,0.000000
2.641563-0.000000j,0.793676-0.000056j,0.793676+0.000056j,0.000000
2.641563-0.000000j,0.793676-0.000056j,0.793676+0.000056j,0.000000
2.641563-0.000000j,0.793676-0.000055j,0.793676+0.000055j,0.000000
2.641563-0.000000j,0.793676-0.000055j,0.793676+0.000055j,0.000000
2.641563-0.000000j,0.793676-0.000054j,0.793676+0.000054j,0.000000
2.641563-0.000000j,0.793676-0.000053j,0.793676+0.000053j,0.000000
2.641563-0.000000j,0.793676-0.000053j,0.793676+0.000053j,0.000000
2.641563-0.000000j,0.793676-0.000052j,0.793676+0.000052j,0.000000
2.641563-0.000000j,0.793676-0.000051j,0.793675+0.000051j,0.000000
2.641563-0.000000j,0.793676-0.000050j,0.793675+0.000050j,0.000000
2.641563-0.000000j,0.793676-0.000050j,0.793675+0.000050j,0.000000
2.641563-0.000000j,0.793676-0.000049j,0.793675+0.000049j,0.000000
2.641563-0.000000j,0.793676-0.000048j,0.793675+0.000048j,0.000000
2.641563-0.000000j,0.793676-0.000047j,0.793675+0.000047j,0.000000
2.641563-0.000000j,0.793676-0.000047j,0.793675+0.000047j,0.000000
2.641563-0.000000j,0.793676-0.000046j,0.793675+0.000046j,0.000000
2.641563-0.000000j,0.793676-0.000045j,0.793675+0.000045j,0.000000
2.641563-0.000000j,0.793676-0.000044j,0.793675+0.000044j,0.000000
2.641563-0.000000j,0.793676-0.000043j,0.793675+0.000043j,0.000000
2.641563-0.000000j,0.793676-0.000042j,0.793675+0.000042j,0.000000
2.641563-0.000000j,0.793676-0.000041j,0.793675+0.000041j,0.000000
2.641563-0.000000j,0.793676-0.000040j,0.793675+0.000040j,0.000000
2.641563-0.000000j,0.793676-0.000039j,0.793675+0.000039j,0.000000
2.641563-0.000000j,0.793676-0.000037j,0.793675+0.000037j,0.000000
2.641563-0.000000j,0.793676-0.000036j,0.793675+0.000036j,0.000000
2.641563-0.000000j,0.793677-0.000035j,0.793675+0.000035j,0.000000
2.641563-0.000000j,0.793677-0.000033j,0.793675+0.000033j,0.000000
2.641563-0.000000j,0.793677-0.000031j,0.793674+0.000031j,0.000000
2.641563-0.000000j,0.793677-0.000030j,0.793674+0.000030j,0.000000
2.641563-0.000000j,0.793678-0.000027j,0.793674+0.000027j,0.000000
2.641563-0.000000j,0.793678-0.000025j,0.793673+0.000025j,0.000000
2.641563-0.000000j,0.793679-0.000022j,0.793672+0.000022j,0.000000
2.641563-0.000000j,0.793680-0.000017j,0.793672+0.000017j,0.000000
2.641563-0.000000j,0.793685-0.000011j,0.793666+0.000011j,0.000000
2.641563-0.000000j,0.793695-0.000008j,0.793656+0.000008j,0.000000
2.641563-0.000000j,0.793703-0.000011j,0.793649+0.000011j,0.000000
2.641563-0.000000j,0.793706-0.000014j,0.793645+0.000014j,0.000000
2.641563-0.000000j,0.793709-0.000016j,0.793642+0.000016j,0.000000
2.641563-0.000000j,0.793711-0.000017j,0.793640+0.000017j,0.000000
2.641563-0.000000j,0.793713-0.000019j,0.793638+0.000019j,0.000000
2.641563-0.000000j,0.793715-0.000020j,0.793636+0.000020j,0.000000
2.641563-0.000000j,0.793717-0.000021j,0.793635+0.000021j,0.000000
2.641563-0.000000j,0.793718-0.000022j,0.793633+0.000022j,0.000000
2.641563-0.000000j,0.793719-0.000023j,0.793632+0.000023j,0.000000
2.641563-0.000000j,0.793721-0.000024j,0.793631+0.000024j,0.000000
2.641563-0.000000j,0.793722-0.000024j,0.793629+0.000024j,0.000000
2.641563-0.000000j,0.793723-0.000025j,0.793628+0.000025j,0.000000
2.641563-0.000000j,0.793724-0.000026j,0.793627+0.000026j,0.000000
2.641563-0.000000j,0.793725-0.000027j,0.793626+0.000027j,0.000000
2.641563-0.000000j,0.793726-0.000027j,0.793625+0.000027j,0.000000
2.641563-0.000000j,0.793727-0.000028j,0.793624+0.000028j,0.000000
2.641563-0.000000j,0.793728-0.000028j,0.793623+0.000028j,0.000000
2.641563-0.000000j,0.793729-0.000029j,0.793622+0.000029j,0.000000
2.641563-0.000000j,0.793730-0.000029j,0.793621+0.000030j,0.000000
2.641563-0.000000j,0.793731-0.000030j,0.793621+0.000030j,0.000000
2.641563-0.000000j,0.793732-0.000031j,0.793620+0.000031j,0.000000
2.641563-0.000000j,0.793732-0.000031j,0.793619+0.000031j,0.000000
2.641563-0.000000j,0.793733-0.000031j,0.793618+0.000031j,0.000000
2.641563-0.000000j,0.793734-0.000032j,0.793617+0.000032j,0.000000
2.641563-0.000000j,0.793735-0.000032j,0.793617+0.000032j,0.000000
2.641563-0.000000j,0.793735-0.000033j,0.793616+0.000033j,0.000000
2.641563-0.000000j,0.793736-0.000033j,0.793615+0.000033j,0.000000
2.641563-0.000000j,0.793737-0.000034j,0.793615+0.000034j,0.000000
2.641563-0.000000j,0.793737-0.000034j,0.793614+0.000034j,0.000000
2.641563-0.000000j,0.793738-0.000034j,0.793613+0.000034j,0.000000
2.641563-0.000000j,0.793739-0.000035j,0.793613+0.000035j,0.000000
2.641563-0.000000j,0.793739-0.000035j,0.793612+0.000035j,0.000000
2.641563-0.000000j,0.793740-0.000036j,0.793612+0.000036j,0.000000
2.641563-0.000000j,0.793740-0.000036j,0.793611+0.000036j,0.000000
2.641563-0.000000j,0.793741-0.000036j,0.793610+0.000036j,0.000000
2.641563-0.000000j,0.793741-0.000037j,0.793610+0.000037j,0.000000
2.641563-0.000000j,0.793742-0.000037j,0.793609+0.000037j,0.000000
2.641563-0.000000j,0.793743-0.000037j,0.793609+0.000037j,0.000000
2.641563-0.000000j,0.793743-0.000038j,0.793608+0.000038j,0.000000
2.641563-0.000000j,0.793744-0.000038j,0.793608+0.000038j,0.000000
2.641563-0.000000j,0.793744-0.000038j,0.793607+0.000038j,0.000000
2.641563-0.000000j,0.793745-0.000039j,0.793607+0.000039j,0.000000
2.641563-0.000000j,0.793745-0.000039j,0.793606+0.000039j,0.000000
2.641563-0.000000j,0.793746-0.000039j,0.793606+0.000039j,0.000000
2.641563-0.000000j,0.793746-0.000040j,0.793605+0.000040j,0.000000
2.641563-0.000000j,0.793747-0.000040j,0.793605+0.000040j,0.000000
2.641563-0.000000j,0.793747-0.000040j,0.793604+0.000040j,0.000000
2.641563-0.000000j,0.793747-0.000042j,0.793604+0.000042j,0.000000
2.641563-0.000000j,0.793748-0.000042j,0.793603+0.000042j,0.000000
2.641563-0.000000j,0.793749-0.000043j,0.793602+0.000043j,0.000000
2.641563-0.000000j,0.793750-0.000043j,0.793601+0.000043j,0.000000
2.641563-0.000000j,0.793751-0.000044j,0.793600+0.000044j,0.000000
2.641563-0.000000j,0.793752-0.000044j,0.793600+0.000044j,0.000000
2.641563-0.000000j,0.793753-0.000045j,0.793599+0.000045j,0.000000
2.641563-0.000000j,0.793753-0.000045j,0.793598+0.000045j,0.000000
2.641563-0.000000j,0.793754-0.000045j,0.793597+0.000046j,0.000000
2.641563-0.000000j,0.793755-0.000046j,0.793596+0.000046j,0.000000
2.641563-0.000000j,0.793756-0.000046j,0.793595+0.000046j,0.000000
2.641563-0.000000j,0.793757-0.000047j,0.793595+0.000047j,0.000000
2.641563-0.000000j,0.793757-0.000047j,0.793594+0.000047j,0.000000
2.641563-0.000000j,0.793758-0.000048j,0.793593+0.000048j,0.000000
2.641563-0.000000j,0.793759-0.000048j,0.793593+0.000048j,0.000000
2.641563-0.000000j,0.793759-0.000048j,0.793592+0.000048j,0.000000
2.641563-0.000000j,0.793760-0.000049j,0.793591+0.000049j,0.000000
2.641563-0.000000j,0.793761-0.000049j,0.793590+0.000049j,0.000000
2.641563-0.000000j,0.793762-0.000050j,0.793590+0.000050j,0.000000
2.641563-0.000000j,0.793762-0.000050j,0.793589+0.000050j,0.000000
2.641563-0.000000j,0.793763-0.000050j,0.793588+0.000050j,0.000000
2.641563-0.000000j,0.793763-0.000051j,0.793588+0.000051j,0.000000
2.641563-0.000000j,0.793764-0.000051j,0.793587+0.000051j,0.000000
2.641563-0.000000j,0.793765-0.000051j,0.793587+0.000051j,0.000000
2.641563-0.000000j,0.793765-0.000052j,0.793586+0.000052j,0.000000
2.641563-0.000000j,0.793766-0.000052j,0.793585+0.000052j,0.000000
2.641563-0.000000j,0.793767-0.000052j,0.793585+0.000052j,0.000000
2.641563-0.000000j,0.793767-0.000053j,0.793584+0.000053j,0.000000
2.641563-0.000000j,0.793768-0.000053j,0.793584+0.000053j,0.000000
2.641563-0.000000j,0.793768-0.000053j,0.793583+0.000053j,0.000000
2.641563-0.000000j,0.793769-0.000054j,0.793582+0.000054j,0.000000
2.641563-0.000000j,0.793769-0.000054j,0.793582+0.000054j,0.000000
2.641563-0.000000j,0.793770-0.000054j,0.793581+0.000054j,0.000000
2.641563-0.000000j,0.793771-0.000055j,0.793581+0.000055j,0.000000
2.641563-0.000000j,0.793771-0.000055j,0.793580+0.000055j,0.000000
2.641563-0.000000j,0.793772-0.000055j,0.793580+0.000055j,0.000000
2.641563-0.000000j,0.793772-0.000056j,0.793579+0.000056j,0.000000
2.641563-0.000000j,0.793773-0.000056j,0.793579+0.000056j,0.000000
2.641563-0.000000j,0.793773-0.000056j,0.793578+0.000056j,0.000000
2.641563-0.000000j,0.793774-0.000057j,0.793578+0.000057j,0.000000
2.641563-0.000000j,0.793774-0.000057j,0.793577+0.000057j,0.000000
2.641563-0.000000j,0.793775-0.000057j,0.793577+0.000057j,0.000000
2.641563-0.000000j,0.793775-0.000057j,0.793576+0.000057j,0.000000
2.641563-0.000000j,0.793776-0.000058j,0.793576+0.000058j,0.000000
2.641563-0.000000j,0.793776-0.000058j,0.793575+0.000058j,0.000000
2.641563-0.000000j,0.793777-0.000058j,0.793575+0.000058j,0.000000
2.641563-0.000000j,0.793777-0.000058j,0.793574+0.000059j,0.000000
2.641563-0.000000j,0.793778-0.000059j,0.793574+0.000059j,0.000000
2.641563-0.000000j,0.793778-0.000059j,0.793573+0.000059j,0.000000
2.641563-0.000000j,0.793779-0.000059j,0.793573+0.000059j,0.000000
2.641563-0.000000j,0.793779-0.000060j,0.793572+0.000060j,0.000000
2.641563-0.000000j,0.793779-0.000060j,0.793572+0.000060j,0.000000
2.641563-0.000000j,0.793780-0.000060j,0.793571+0.000060j,0.000000
2.641563-0.000000j,0.793781-0.000061j,0.793571+0.000061j,0.000000
2.641563-0.000000j,0.793781-0.000061j,0.793570+0.000061j,0.000000
2.641563-0.000000j,0.793782-0.000061j,0.793570+0.000061j,0.000000
2.641563-0.000000j,0.793782-0.000061j,0.793569+0.000062j,0.000000
2.641563-0.000000j,0.793783-0.000062j,0.793569+0.000062j,0.000000
2.641563-0.000000j,0.793783-0.000062j,0.793568+0.000062j,0.000000
2.641563-0.000000j,0.793784-0.000062j,0.793568+0.000062j,0.000000
2.641563-0.000000j,0.793784-0.000063j,0.793567+0.000063j,0.000000
2.641563-0.000000j,0.793785-0.000063j,0.793566+0.000063j,0.000000
2.641563-0.000000j,0.793785-0.000063j,0.793566+0.000063j,0.000000
2.641563-0.000000j,0.793786-0.000064j,0.793565+0.000064j,0.000000
2.641563-0.000000j,0.793786-0.000064j,0.793565+0.000064j,0.000000
2.641563-0.000000j,0.793787-0.000064j,0.793564+0.000064j,0.000000
2.641563-0.000000j,0.793787-0.000064j,0.793564+0.000064j,0.000000
2.641563-0.000000j,0.793788-0.000065j,0.793563+0.000065j,0.000000
2.641563-0.000000j,0.793788-0.000065j,0.793563+0.000065j,0.000000
2.641563-0.000000j,0.793789-0.000065j,0.793563+0.000065j,0.000000
2.641563-0.000000j,0.793789-0.000066j,0.793562+0.000066j,0.000000
2.641563-0.000000j,0.793790-0.000066j,0.793562+0.000066j,0.000000
2.641563-0.000000j,0.793790-0.000066j,0.793561+0.000066j,0.000000
2.641563-0.000000j,0.793791-0.000066j,0.793561+0.000066j,0.000000
2.641563-0.000000j,0.793791-0.000067j,0.793560+0.000067j,0.000000
2.641563-0.000000j,0.793792-0.000067j,0.793560+0.000067j,0.000000
2.641563-0.000000j,0.793792-0.000067j,0.793559+0.000067j,0.000000
2.641563-0.000000j,0.793792-0.000067j,0.793559+0.000067j,0.000000
2.641563-0.000000j,0.793793-0.000068j,0.793558+0.000068j,0.000000
2.641563-0.000000j,0.793793-0.000068j,0.793558+0.000068j,0.000000
2.641563-0.000000j,0.793794-0.000068j,0.793558+0.000068j,0.000000
2.641563-0.000000j,0.793794-0.000068j,0.793557+0.000068j,0.000000
2.641563-0.000000j,0.793795-0.000069j,0.793557+0.000069j,0.000000
2.641563-0.000000j,0.793795-0.000069j,0.793556+0.000069j,0.000000
2.641563-0.000000j,0.793795-0.000069j,0.793556+0.000069j,0.000000
2.641563-0.000000j,0.793796-0.000069j,0.793555+0.000069j,0.000000
2.641563-0.000000j,0.793796-0.000070j,0.793555+0.000070j,0.000000
2.641563-0.000000j,0.793797-0.000070j,0.793555+0.000070j,0.000000
2.641563-0.000000j,0.793797-0.000070j,0.793554+0.000070j,0.000000
2.641563-0.000000j,0.793798-0.000070j,0.793554+0.000070j,0.000000
2.641563-0.000000j,0.793798-0.000071j,0.793553+0.000071j,0.000000
2.641563-0.000000j,0.793798-0.000071j,0.793553+0.000071j,0.000000
2.641563-0.000000j,0.793799-0.000071j,0.793552+0.000071j,0.000000
2.641563-0.000000j,0.793799-0.000071j,0.793552+0.000071j,0.000000
2.641563-0.000000j,0.793800-0.000071j,0.793552+0.000072j,0.000000
2.641563-0.000000j,0.793800-0.000072j,0.793551+0.000072j,0.000000
2.641563-0.000000j,0.793800-0.000072j,0.793551+0.000072j,0.000000
2.641563-0.000000j,0.793801-0.000072j,0.793551+0.000072j,0.000000
2.641563-0.000000j,0.793801-0.000072j,0.793550+0.000072j,0.000000
2.641563-0.000000j,0.793802-0.000073j,0.793550+0.000073j,0.000000
2.641563-0.000000j,0.793801-0.000073j,0.793550+0.000073j,0.000000
2.641563-0.000000j,0.793818-0.000082j,0.793533+0.000082j,0.000000
2.641563-0.000000j,0.793832-0.000090j,0.793519+0.000090j,0.000000
2.641563-0.000000j,0.793849-0.000100j,0.793503+0.000100j,0.000000
2.641563-0.000000j,0.793866-0.000110j,0.793485+0.000110j,0.000000
2.641563-0.000000j,0.793885-0.000121j,0.793466+0.000121j,0.000000
2.641563-0.000000j,0.793905-0.000133j,0.793446+0.000133j,0.000000
2.641563-0.000000j,0.793928-0.000145j,0.793424+0.000146j,0.000000
2.641563-0.000000j,0.793952-0.000159j,0.793400+0.000159j,0.000000
2.641563-0.000000j,0.793977-0.000174j,0.793374+0.000174j,0.000000
2.641563-0.000000j,0.794005-0.000190j,0.793346+0.000191j,0.000000
2.641563-0.000000j,0.794035-0.000208j,0.793316+0.000208j,0.000000
2.641563-0.000000j,0.794068-0.000226j,0.793283+0.000227j,0.000000
2.641563-0.000000j,0.794103-0.000246j,0.793248+0.000247j,0.000000
2.641563-0.000000j,0.794140-0.000268j,0.793211+0.000269j,0.000000
2.641563-0.000000j,0.794180-0.000291j,0.793170+0.000292j,0.000000
2.641563-0.000000j,0.794224-0.000316j,0.793127+0.000317j,0.000000
2.641563-0.000000j,0.794270-0.000343j,0.793081+0.000344j,0.000000
2.641563-0.000000j,0.794319-0.000371j,0.793031+0.000373j,0.000000
2.641563-0.000000j,0.794372-0.000402j,0.792978+0.000403j,0.000000
2.641563-0.000000j,0.794429-0.000434j,0.792921+0.000436j,0.000000
2.641563-0.000001j,0.794489-0.000469j,0.792861+0.000471j,0.000000
2.641563-0.000001j,0.794554-0.000506j,0.792796+0.000509j,0.000000
2.641563-0.000001j,0.794622-0.000545j,0.792727+0.000549j,0.000000
2.641563-0.000001j,0.794695-0.000587j,0.792654+0.000591j,0.000000
2.641563-0.000001j,0.794773-0.000632j,0.792576+0.000637j,0.000000
2.641563-0.000001j,0.794856-0.000680j,0.792492+0.000685j,0.000000
2.641563-0.000001j,0.794944-0.000730j,0.792404+0.000736j,0.000000
2.641564-0.000002j,0.795037-0.000784j,0.792310+0.000791j,0.000000
2.641564-0.000002j,0.795136-0.000841j,0.792210+0.000849j,0.000000
2.641564-0.000002j,0.795241-0.000901j,0.792105+0.000910j,0.000000
2.641564-0.000002j,0.795353-0.000965j,0.791993+0.000975j,0.000000
2.641564-0.000003j,0.795471-0.001032j,0.791874+0.001044j,0.000000
2.641564-0.000003j,0.795595-0.001104j,0.791748+0.001117j,0.000000
2.641565-0.000003j,0.795727-0.001179j,0.791615+0.001195j,0.000000
2.641565-0.000004j,0.795866-0.001259j,0.791475+0.001277j,0.000000
2.641565-0.000004j,0.796013-0.001343j,0.791326+0.001363j,0.000000
2.641566-0.000005j,0.796168-0.001431j,0.791169+0.001455j,0.000000
2.641566-0.000006j,0.796332-0.001525j,0.791004+0.001551j,0.000000
2.641566-0.000007j,0.796504-0.001623j,0.790830+0.001653j,0.000000
2.641567-0.000007j,0.796686-0.001727j,0.790646+0.001761j,0.000000
2.641568-0.000008j,0.796877-0.001835j,0.790452+0.001874j,0.000000
2.641568-0.000010j,0.797078-0.001950j,0.790248+0.001993j,0.000000
2.641569-0.000011j,0.797289-0.002070j,0.790034+0.002119j,0.000000
2.641570-0.000012j,0.797511-0.002196j,0.789809+0.002251j,0.000000
2.641571-0.000014j,0.797744-0.002328j,0.789572+0.002390j,0.000000
2.641572-0.000015j,0.797988-0.002466j,0.789323+0.002536j,0.000000
2.641573-0.000017j,0.798244-0.002611j,0.789062+0.002690j,0.000000
2.641574-0.000019j,0.798513-0.002763j,0.788788+0.002851j,0.000000
2.641575-0.000022j,0.798794-0.002922j,0.788500+0.003021j,0.000000
2.641577-0.000024j,0.799088-0.003088j,0.788199+0.003198j,0.000000
2.641578-0.000027j,0.799396-0.003261j,0.787884+0.003385j,0.000000
2.641580-0.000030j,0.799718-0.003442j,0.787554+0.003580j,0.000000
2.641582-0.000034j,0.800055-0.003631j,0.787208+0.003785j,0.000000
2.641584-0.000038j,0.800406-0.003828j,0.786847+0.003999j,0.000000
2.641587-0.000042j,0.800773-0.004033j,0.786469+0.004224j,0.000000
2.641589-0.000046j,0.801155-0.004247j,0.786074+0.004458j,0.000000
2.641592-0.000052j,0.801554-0.004469j,0.785662+0.004704j,0.000000
2.641596-0.000057j,0.801969-0.004700j,0.785232+0.004961j,0.000000
2.641599-0.000063j,0.802402-0.004940j,0.784783+0.005229j,0.000000
2.641603-0.000070j,0.802852-0.005190j,0.784315+0.005509j,0.000000
2.641607-0.000078j,0.803320-0.005449j,0.783827+0.005802j,0.000001
2.641612-0.000086j,0.803807-0.005717j,0.783318+0.006107j,0.000001
2.641617-0.000095j,0.804313-0.005995j,0.782789+0.006426j,0.000001
2.641623-0.000104j,0.804838-0.006284j,0.782238+0.006758j,0.000001
2.641629-0.000115j,0.805384-0.006582j,0.781665+0.007105j,0.000001
2.641636-0.000126j,0.805949-0.006890j,0.781069+0.007466j,0.000001
2.641643-0.000139j,0.806536-0.007209j,0.780450+0.007842j,0.000001
2.641651-0.000153j,0.807143-0.007539j,0.779806+0.008233j,0.000001
2.641659-0.000167j,0.807772-0.007879j,0.779138+0.008641j,0.000002
2.641669-0.000183j,0.808424-0.008229j,0.778444+0.009065j,0.000002
2.641679-0.000201j,0.809097-0.008591j,0.777725+0.009506j,0.000002
2.641690-0.000220j,0.809794-0.008963j,0.776978+0.009964j,0.000002
2.641701-0.000240j,0.810513-0.009346j,0.776205+0.010440j,0.000003
2.641714-0.000262j,0.811257-0.009741j,0.775403+0.010935j,0.000003
2.641728-0.000286j,0.812024-0.010146j,0.774573+0.011449j,0.000004
2.641743-0.000312j,0.812815-0.010562j,0.773713+0.011982j,0.000004
2.641759-0.000340j,0.813632-0.010989j,0.772824+0.012536j,0.000005
2.641776-0.000370j,0.814473-0.011427j,0.771903+0.013110j,0.000005
2.641795-0.000402j,0.815339-0.011876j,0.770952+0.013705j,0.000006
2.641815-0.000437j,0.816230-0.012335j,0.769968+0.014322j,0.000007
2.641836-0.000474j,0.817148-0.012805j,0.768952+0.014961j,0.000008
2.641859-0.000514j,0.818091-0.013286j,0.767903+0.015623j,0.000009
2.641884-0.000557j,0.819061-0.013777j,0.766820+0.016309j,0.000010
2.641911-0.000604j,0.820057-0.014278j,0.765702+0.017018j,0.000011
2.641939-0.000653j,0.821079-0.014790j,0.764549+0.017753j,0.000013
2.641969-0.000706j,0.822128-0.015311j,0.763360+0.018512j,0.000014
2.642002-0.000762j,0.823204-0.015841j,0.762135+0.019297j,0.000016
2.642036-0.000822j,0.824307-0.016381j,0.760872+0.020109j,0.000018
2.642073-0.000887j,0.825437-0.016930j,0.759572+0.020947j,0.000020
2.642113-0.000955j,0.826594-0.017488j,0.758233+0.021813j,0.000022
2.642155-0.001028j,0.827778-0.018053j,0.756855+0.022708j,0.000025
2.642199-0.001106j,0.828990-0.018627j,0.755438+0.023631j,0.000028
2.642247-0.001189j,0.830228-0.019208j,0.753980+0.024583j,0.000031
2.642297-0.001277j,0.831493-0.019796j,0.752481+0.025565j,0.000035
2.642351-0.001370j,0.832785-0.020391j,0.750940+0.026578j,0.000038
2.642408-0.001469j,0.834104-0.020992j,0.749357+0.027622j,0.000043
2.642468-0.001574j,0.835450-0.021598j,0.747731+0.028698j,0.000047
2.642532-0.001686j,0.836823-0.022210j,0.746062+0.029806j,0.000052
2.642599-0.001804j,0.838221-0.022826j,0.744348+0.030947j,0.000058
2.642670-0.001928j,0.839646-0.023446j,0.742590+0.032121j,0.000064
2.642746-0.002060j,0.841097-0.024069j,0.740786+0.033330j,0.000071
2.642825-0.002200j,0.842574-0.024695j,0.738936+0.034573j,0.000078
2.642909-0.002347j,0.844076-0.025323j,0.737040+0.035851j,0.000086
2.642998-0.002502j,0.845602-0.025952j,0.735096+0.037165j,0.000094
2.643091-0.002666j,0.847154-0.026582j,0.733104+0.038516j,0.000104
2.643190-0.002839j,0.848730-0.027212j,0.731064+0.039904j,0.000114
2.643293-0.003021j,0.850329-0.027841j,0.728974+0.041329j,0.000125
2.643402-0.003212j,0.851953-0.028469j,0.726835+0.042792j,0.000137
2.643516-0.003413j,0.853598-0.029094j,0.724645+0.044293j,0.000150
2.643636-0.003625j,0.855267-0.029716j,0.722405+0.045834j,0.000164
2.643762-0.003847j,0.856957-0.030334j,0.720112+0.047414j,0.000179
2.643894-0.004081j,0.858669-0.030947j,0.717767+0.049034j,0.000196
2.644032-0.004325j,0.860401-0.031555j,0.715369+0.050695j,0.000213
2.644177-0.004582j,0.862153-0.032157j,0.712918+0.052397j,0.000233
2.644329-0.004852j,0.863924-0.032751j,0.710412+0.054141j,0.000253
2.644488-0.005134j,0.865714-0.033338j,0.707851+0.055926j,0.000275
2.644654-0.005429j,0.867522-0.033915j,0.705234+0.057754j,0.000299
2.644828-0.005738j,0.869347-0.034483j,0.702561+0.059624j,0.000325
2.645009-0.006061j,0.871187-0.035041j,0.699831+0.061538j,0.000352
2.645198-0.006399j,0.873043-0.035587j,0.697043+0.063496j,0.000382
2.645396-0.006752j,0.874914-0.036121j,0.694197+0.065498j,0.000414
2.645602-0.007121j,0.876798-0.036643j,0.691292+0.067544j,0.000448
2.645817-0.007506j,0.878694-0.037151j,0.688327+0.069635j,0.000484
2.646040-0.007908j,0.880601-0.037644j,0.685302+0.071771j,0.000523
2.646273-0.008327j,0.882519-0.038123j,0.682215+0.073952j,0.000565
2.646516-0.008764j,0.884446-0.038586j,0.679067+0.076179j,0.000609
2.646768-0.009220j,0.886380-0.039032j,0.675856+0.078452j,0.000656
2.647031-0.009694j,0.888322-0.039462j,0.672582+0.080771j,0.000707
2.647304-0.010188j,0.890268-0.039874j,0.669243+0.083137j,0.000761
2.647587-0.010703j,0.892219-0.040269j,0.665840+0.085549j,0.000818
2.647881-0.011238j,0.894173-0.040645j,0.662372+0.088008j,0.000880
2.648187-0.011795j,0.896128-0.041003j,0.658837+0.090514j,0.000945
2.648504-0.012373j,0.898083-0.041342j,0.655236+0.093067j,0.001014
2.648833-0.012975j,0.900037-0.041661j,0.651567+0.095667j,0.001087
2.649174-0.013600j,0.901988-0.041962j,0.647830+0.098314j,0.001165
2.649528-0.014250j,0.903934-0.042243j,0.644024+0.101009j,0.001248
2.649894-0.014924j,0.905875-0.042505j,0.640148+0.103751j,0.001336
2.650274-0.015623j,0.907809-0.042748j,0.636201+0.106541j,0.001429
2.650667-0.016350j,0.909734-0.042972j,0.632184+0.109378j,0.001528
2.651074-0.017103j,0.911649-0.043177j,0.628095+0.112262j,0.001632
2.651495-0.017884j,0.913552-0.043365j,0.623933+0.115193j,0.001743
2.651931-0.018694j,0.915442-0.043535j,0.619699+0.118171j,0.001860
2.652382-0.019533j,0.917318-0.043688j,0.615390+0.121196j,0.001983
2.652848-0.020402j,0.919178-0.043825j,0.611006+0.124269j,0.002114
2.653330-0.021303j,0.921021-0.043947j,0.606547+0.127387j,0.002251
2.653828-0.022235j,0.922845-0.044054j,0.602012+0.130553j,0.002397
2.654342-0.023201j,0.924651-0.044149j,0.597400+0.133764j,0.002550
2.654874-0.024200j,0.926436-0.044232j,0.592710+0.137022j,0.002712
2.655423-0.025234j,0.928199-0.044303j,0.587942+0.140327j,0.002883
2.655990-0.026304j,0.929941-0.044366j,0.583094+0.143677j,0.003063
2.656575-0.027411j,0.931659-0.044420j,0.578165+0.147073j,0.003252
2.657179-0.028555j,0.933354-0.044468j,0.573154+0.150515j,0.003452
2.657803-0.029739j,0.935025-0.044511j,0.568061+0.154002j,0.003662
2.658447-0.030962j,0.936671-0.044551j,0.562884+0.157536j,0.003883
2.659111-0.032227j,0.938292-0.044588j,0.557621+0.161115j,0.004115
2.659797-0.033535j,0.939889-0.044626j,0.552273+0.164740j,0.004360
2.660504-0.034886j,0.941460-0.044666j,0.546836+0.168410j,0.004617
2.661235-0.036283j,0.943006-0.044709j,0.541310+0.172127j,0.004887
2.661988-0.037727j,0.944528-0.044757j,0.535694+0.175889j,0.005171
2.662765-0.039218j,0.946025-0.044812j,0.529985+0.179698j,0.005470
2.663567-0.040760j,0.947498-0.044876j,0.524182+0.183553j,0.005784
2.664395-0.042353j,0.948947-0.044951j,0.518284+0.187455j,0.006113
2.665249-0.043998j,0.950373-0.045038j,0.512288+0.191404j,0.006460
2.666131-0.045699j,0.951777-0.045139j,0.506193+0.195400j,0.006824
2.667040-0.047456j,0.953159-0.045256j,0.499997+0.199443j,0.007206
2.667979-0.049272j,0.954520-0.045391j,0.493698+0.203534j,0.007607
2.668948-0.051149j,0.955861-0.045544j,0.487294+0.207673j,0.008028
2.669947-0.053088j,0.957183-0.045719j,0.480783+0.211860j,0.008471
2.670979-0.055092j,0.958486-0.045917j,0.474163+0.216096j,0.008935
2.672044-0.057163j,0.959773-0.046139j,0.467433+0.220381j,0.009423
2.673144-0.059303j,0.961044-0.046388j,0.460589+0.224715j,0.009935
2.674278-0.061515j,0.962301-0.046664j,0.453631+0.229099j,0.010473
2.675450-0.063801j,0.963543-0.046969j,0.446557+0.233533j,0.011037
2.676659-0.066164j,0.964774-0.047305j,0.439363+0.238017j,0.011630
2.677907-0.068606j,0.965993-0.047673j,0.432049+0.242552j,0.012252
2.679196-0.071130j,0.967202-0.048076j,0.424613+0.247138j,0.012905
2.680526-0.073738j,0.968403-0.048514j,0.417052+0.251774j,0.013591
2.681899-0.076435j,0.969597-0.048988j,0.409364+0.256462j,0.014311
2.683316-0.079222j,0.970785-0.049502j,0.401549+0.261201j,0.015066
2.684779-0.082103j,0.971968-0.050055j,0.393604+0.265992j,0.015859
2.686289-0.085081j,0.973148-0.050649j,0.385527+0.270835j,0.016691
2.687847-0.088159j,0.974327-0.051286j,0.377317+0.275730j,0.017564
2.689455-0.091341j,0.975504-0.051967j,0.368973+0.280677j,0.018481
2.691115-0.094629j,0.976683-0.052693j,0.360492+0.285675j,0.019442
2.692827-0.098028j,0.977864-0.053467j,0.351874+0.290726j,0.020451
2.694594-0.101541j,0.979049-0.054288j,0.343118+0.295829j,0.021510
2.696416-0.105172j,0.980239-0.055159j,0.334221+0.300983j,0.022620
2.698296-0.108924j,0.981435-0.056081j,0.325183+0.306189j,0.023785
2.700234-0.112801j,0.982639-0.057055j,0.316004+0.311446j,0.025007
2.702233-0.116807j,0.983852-0.058083j,0.306682+0.316754j,0.026288
2.704294-0.120946j,0.985076-0.059165j,0.297218+0.322113j,0.027631
2.706417-0.125222j,0.986311-0.060304j,0.287610+0.327522j,0.029040
2.708605-0.129638j,0.987560-0.061499j,0.277858+0.332980j,0.030515
2.710859-0.134200j,0.988822-0.062753j,0.267964+0.338487j,0.032062
2.713180-0.138909j,0.990100-0.064067j,0.257927+0.344042j,0.033682
2.715570-0.143771j,0.991395-0.065441j,0.247749+0.349643j,0.035379
2.718029-0.148790j,0.992708-0.066877j,0.237429+0.355290j,0.037155
2.720558-0.153968j,0.994040-0.068375j,0.226971+0.360981j,0.039014
2.723159-0.159310j,0.995392-0.069937j,0.216375+0.366714j,0.040959
2.725832-0.164819j,0.996765-0.071564j,0.205645+0.372489j,0.042993
2.728578-0.170498j,0.998160-0.073256j,0.194782+0.378303j,0.045120
2.731397-0.176350j,0.999578-0.075013j,0.183789+0.384154j,0.047342
2.734291-0.182380j,1.001020-0.076837j,0.172671+0.390040j,0.049662
