0.261457-0.221089j,-0.590193-0.639630j,-0.590193-0.639630j,0.000000
0.261457-0.221089j,-0.590188-0.639639j,-0.590199-0.639622j,0.000000
0.261457-0.221089j,-0.590192-0.639633j,-0.590195-0.639628j,0.000000
0.261457-0.221089j,-0.590221-0.639589j,-0.590166-0.639672j,0.000000
0.261457-0.221089j,-0.590221-0.639589j,-0.590166-0.639672j,0.000000
0.261457-0.221089j,-0.590221-0.639589j,-0.590165-0.639672j,0.000000
0.261457-0.221089j,-0.590221-0.639588j,-0.590165-0.639673j,0.000000
0.261457-0.221089j,-0.590221-0.639588j,-0.590165-0.639673j,0.000000
0.261457-0.221089j,-0.590222-0.639588j,-0.590165-0.639673j,0.000000
0.261457-0.221089j,-0.590222-0.639588j,-0.590165-0.639673j,0.000000
0.261457-0.221089j,-0.590222-0.639588j,-0.590165-0.639673j,0.000000
0.261457-0.221089j,-0.590222-0.639587j,-0.590165-0.639674j,0.000000
0.261457-0.221089j,-0.590222-0.639587j,-0.590164-0.639674j,0.000000
0.261457-0.221089j,-0.590222-0.639587j,-0.590164-0.639674j,0.000000
0.261457-0.221089j,-0.590222-0.639587j,-0.590164-0.639674j,0.000000
0.261457-0.221089j,-0.590222-0.639587j,-0.590164-0.639674j,0.000000
0.261457-0.221089j,-0.590223-0.639587j,-0.590164-0.639674j,0.000000
0.261457-0.221089j,-0.590223-0.639586j,-0.590164-0.639675j,0.000000
0.261457-0.221089j,-0.590223-0.639586j,-0.590164-0.639675j,0.000000
0.261457-0.221089j,-0.590223-0.639586j,-0.590164-0.639675j,0.000000
0.261457-0.221089j,-0.590223-0.639586j,-0.590164-0.639675j,0.000000
0.261457-0.221089j,-0.590223-0.639586j,-0.590163-0.639675j,0.000000
0.261457-0.221089j,-0.590223-0.639585j,-0.590163-0.639676j,0.000000
0.261457-0.221089j,-0.590223-0.639585j,-0.590163-0.639676j,0.000000
0.261457-0.221089j,-0.590223-0.639585j,-0.590163-0.639676j,0.000000
0.261457-0.221089j,-0.590224-0.639585j,-0.590163-0.639676j,0.000000
0.261457-0.221089j,-0.590224-0.639585j,-0.590163-0.639676j,0.000000
0.261457-0.221089j,-0.590224-0.639585j,-0.590163-0.639676j,0.000000
0.261457-0.221089j,-0.590224-0.639584j,-0.590163-0.639677j,0.000000
0.261457-0.221089j,-0.590224-0.639584j,-0.590162-0.639677j,0.000000
0.261457-0.221089j,-0.590224-0.639584j,-0.590162-0.639677j,0.000000
0.261457-0.221089j,-0.590224-0.639584j,-0.590162-0.639677j,0.000000
0.261457-0.221089j,-0.590224-0.639584j,-0.590162-0.639677j,0.000000
0.261457-0.221089j,-0.590224-0.639584j,-0.590162-0.639677j,0.000000
0.261457-0.221089j,-0.590225-0.639583j,-0.590162-0.639677j,0.000000
0.261457-0.221089j,-0.590225-0.639583j,-0.590162-0.639678j,0.000000
0.261457-0.221089j,-0.590225-0.639583j,-0.590162-0.639678j,0.000000
0.261457-0.221089j,-0.590225-0.639583j,-0.590162-0.639678j,0.000000
0.261457-0.221089j,-0.590225-0.639583j,-0.590162-0.639678j,0.000000
0.261457-0.221089j,-0.590225-0.639583j,-0.590161-0.639678j,0.000000
0.261457-0.221089j,-0.590225-0.639583j,-0.590161-0.639678j,0.000000
0.261457-0.221089j,-0.590225-0.639582j,-0.590161-0.639679j,0.000000
0.261457-0.221089j,-0.590225-0.639582j,-0.590161-0.639679j,0.000000
0.261457-0.221089j,-0.590225-0.639582j,-0.590161-0.639679j,0.000000
0.261457-0.221089j,-0.590226-0.639582j,-0.590161-0.639679j,0.000000
0.261457-0.221089j,-0.590226-0.639582j,-0.590161-0.639679j,0.000000
0.261457-0.221089j,-0.590226-0.639582j,-0.590161-0.639679j,0.000000
0.261457-0.221089j,-0.590226-0.639581j,-0.590161-0.639679j,0.000000
0.261457-0.221089j,-0.590226-0.639581j,-0.590161-0.639680j,0.000000
0.261457-0.221089j,-0.590226-0.639581j,-0.590160-0.639680j,0.000000
0.261457-0.221089j,-0.590226-0.639581j,-0.590160-0.639680j,0.000000
0.261457-0.221089j,-0.590226-0.639581j,-0.590160-0.639680j,0.000000
0.261457-0.221089j,-0.590209-0.639606j,-0.590177-0.639655j,0.000000
0.261457-0.221089j,-0.590210-0.639605j,-0.590176-0.639656j,0.000000
0.261457-0.221089j,-0.590211-0.639604j,-0.590176-0.639657j,0.000000
0.261457-0.221089j,-0.590211-0.639603j,-0.590175-0.639658j,0.000000
0.261457-0.221089j,-0.590212-0.639602j,-0.590174-0.639659j,0.000000
0.261457-0.221089j,-0.590213-0.639601j,-0.590174-0.639660j,0.000000
0.261457-0.221089j,-0.590213-0.639601j,-0.590173-0.639660j,0.000000
0.261457-0.221089j,-0.590214-0.639600j,-0.590173-0.639661j,0.000000
0.261457-0.221089j,-0.590214-0.639599j,-0.590172-0.639662j,0.000000
0.261457-0.221089j,-0.590215-0.639598j,-0.590172-0.639663j,0.000000
0.261457-0.221089j,-0.590215-0.639598j,-0.590171-0.639663j,0.000000
0.261457-0.221089j,-0.590215-0.639597j,-0.590171-0.639664j,0.000000
0.261457-0.221089j,-0.590216-0.639596j,-0.590171-0.639665j,0.000000
0.261457-0.221089j,-0.590216-0.639596j,-0.590170-0.639665j,0.000000
0.261457-0.221089j,-0.590217-0.639595j,-0.590170-0.639666j,0.000000
0.261457-0.221089j,-0.590217-0.639595j,-0.590169-0.639666j,0.000000
0.261457-0.221089j,-0.590217-0.639594j,-0.590169-0.639667j,0.000000
0.261457-0.221089j,-0.590218-0.639594j,-0.590169-0.639667j,0.000000
0.261457-0.221089j,-0.590218-0.639593j,-0.590168-0.639668j,0.000000
0.261457-0.221089j,-0.590218-0.639593j,-0.590168-0.639668j,0.000000
0.261457-0.221089j,-0.590219-0.639592j,-0.590168-0.639669j,0.000000
0.261457-0.221089j,-0.590219-0.639592j,-0.590167-0.639669j,0.000000
0.261457-0.221089j,-0.590219-0.639591j,-0.590167-0.639670j,0.000000
0.261457-0.221089j,-0.590220-0.639591j,-0.590167-0.639670j,0.000000
0.261457-0.221089j,-0.590220-0.639590j,-0.590167-0.639671j,0.000000
0.261457-0.221089j,-0.590220-0.639590j,-0.590166-0.639671j,0.000000
0.261457-0.221089j,-0.590221-0.639589j,-0.590166-0.639671j,0.000000
0.261457-0.221089j,-0.590221-0.639589j,-0.590166-0.639672j,0.000000
0.261457-0.221089j,-0.590221-0.639589j,-0.590165-0.639672j,0.000000
0.261457-0.221089j,-0.590221-0.639588j,-0.590165-0.639673j,0.000000
0.261457-0.221089j,-0.590222-0.639588j,-0.590165-0.639673j,0.000000
0.261457-0.221089j,-0.590222-0.639588j,-0.590165-0.639673j,0.000000
0.261457-0.221089j,-0.590222-0.639587j,-0.590164-0.639674j,0.000000
0.261457-0.221089j,-0.590222-0.639587j,-0.590164-0.639674j,0.000000
0.261457-0.221089j,-0.590223-0.639586j,-0.590164-0.639675j,0.000000
0.261457-0.221089j,-0.590223-0.639586j,-0.590164-0.639675j,0.000000
0.261457-0.221089j,-0.590223-0.639586j,-0.590163-0.639675j,0.000000
0.261457-0.221089j,-0.590223-0.639585j,-0.590163-0.639676j,0.000000
0.261457-0.221089j,-0.590224-0.639585j,-0.590163-0.639676j,0.000000
0.261457-0.221089j,-0.590224-0.639585j,-0.590163-0.639676j,0.000000
0.261457-0.221089j,-0.590224-0.639584j,-0.590163-0.639677j,0.000000
0.261457-0.221089j,-0.590224-0.639584j,-0.590162-0.639677j,0.000000
0.261457-0.221089j,-0.590224-0.639584j,-0.590162-0.639677j,0.000000
0.261457-0.221089j,-0.590225-0.639583j,-0.590162-0.639678j,0.000000
0.261457-0.221089j,-0.590225-0.639583j,-0.590162-0.639678j,0.000000
0.261457-0.221089j,-0.590225-0.639583j,-0.590161-0.639678j,0.000000
0.261457-0.221089j,-0.590225-0.639582j,-0.590161-0.639679j,0.000000
0.261457-0.221089j,-0.590225-0.639582j,-0.590161-0.639679j,0.000000
0.261457-0.221089j,-0.590226-0.639582j,-0.590161-0.639679j,0.000000
0.261457-0.221089j,-0.590226-0.639582j,-0.590161-0.639679j,0.000000
0.261457-0.221089j,-0.590226-0.639581j,-0.590160-0.639680j,0.000000
0.261457-0.221089j,-0.590226-0.639581j,-0.590160-0.639680j,0.000000
0.261457-0.221089j,-0.590227-0.639580j,-0.590160-0.639681j,0.000000
0.261457-0.221089j,-0.590227-0.639580j,-0.590159-0.639681j,0.000000
0.261457-0.221089j,-0.590227-0.639579j,-0.590159-0.639682j,0.000000
0.261457-0.221089j,-0.590228-0.639579j,-0.590159-0.639682j,0.000000
0.261457-0.221089j,-0.590228-0.639578j,-0.590158-0.639683j,0.000000
0.261457-0.221089j,-0.590229-0.639578j,-0.590158-0.639683j,0.000000
0.261457-0.221089j,-0.590229-0.639577j,-0.590158-0.639684j,0.000000
0.261457-0.221089j,-0.590229-0.639577j,-0.590157-0.639684j,0.000000
0.261457-0.221089j,-0.590229-0.639576j,-0.590157-0.639685j,0.000000
0.261457-0.221089j,-0.590230-0.639576j,-0.590157-0.639685j,0.000000
0.261457-0.221089j,-0.590230-0.639575j,-0.590156-0.639686j,0.000000
0.261457-0.221089j,-0.590230-0.639575j,-0.590156-0.639686j,0.000000
0.261457-0.221089j,-0.590231-0.639574j,-0.590156-0.639687j,0.000000
0.261457-0.221089j,-0.590231-0.639574j,-0.590156-0.639687j,0.000000
0.261457-0.221089j,-0.590231-0.639573j,-0.590155-0.639688j,0.000000
0.261457-0.221089j,-0.590232-0.639573j,-0.590155-0.639688j,0.000000
0.261457-0.221089j,-0.590232-0.639573j,-0.590155-0.639688j,0.000000
0.261457-0.221089j,-0.590232-0.639572j,-0.590154-0.639689j,0.000000
0.261457-0.221089j,-0.590232-0.639572j,-0.590154-0.639689j,0.000000
0.261457-0.221089j,-0.590233-0.639571j,-0.590154-0.639690j,0.000000
0.261457-0.221089j,-0.590233-0.639571j,-0.590154-0.639690j,0.000000
0.261457-0.221089j,-0.590233-0.639570j,-0.590153-0.639690j,0.000000
0.261457-0.221089j,-0.590233-0.639570j,-0.590153-0.639691j,0.000000
0.261457-0.221089j,-0.590234-0.639570j,-0.590153-0.639691j,0.000000
0.261457-0.221089j,-0.590234-0.639569j,-0.590153-0.639692j,0.000000
0.261457-0.221089j,-0.590234-0.639569j,-0.590152-0.639692j,0.000000
0.261457-0.221089j,-0.590234-0.639569j,-0.590152-0.639692j,0.000000
0.261457-0.221089j,-0.590235-0.639568j,-0.590152-0.639693j,0.000000
0.261457-0.221089j,-0.590235-0.639568j,-0.590152-0.639693j,0.000000
0.261457-0.221089j,-0.590235-0.639568j,-0.590151-0.639693j,0.000000
0.261457-0.221089j,-0.590235-0.639567j,-0.590151-0.639694j,0.000000
0.261457-0.221089j,-0.590236-0.639567j,-0.590151-0.639694j,0.000000
0.261457-0.221089j,-0.590236-0.639566j,-0.590151-0.639694j,0.000000
0.261457-0.221089j,-0.590236-0.639566j,-0.590150-0.639695j,0.000000
0.261457-0.221089j,-0.590236-0.639566j,-0.590150-0.639695j,0.000000
0.261457-0.221089j,-0.590237-0.639565j,-0.590150-0.639695j,0.000000
0.261457-0.221089j,-0.590237-0.639565j,-0.590150-0.639696j,0.000000
0.261457-0.221089j,-0.590237-0.639565j,-0.590150-0.639696j,0.000000
0.261457-0.221089j,-0.590237-0.639565j,-0.590149-0.639696j,0.000000
0.261457-0.221089j,-0.590237-0.639564j,-0.590149-0.639697j,0.000000
0.261457-0.221089j,-0.590238-0.639564j,-0.590149-0.639697j,0.000000
0.261457-0.221089j,-0.590238-0.639564j,-0.590149-0.639697j,0.000000
0.261457-0.221089j,-0.590238-0.639563j,-0.590148-0.639698j,0.000000
0.261457-0.221089j,-0.590238-0.639563j,-0.590148-0.639698j,0.000000
0.261457-0.221089j,-0.590238-0.639563j,-0.590148-0.639698j,0.000000
0.261457-0.221089j,-0.590239-0.639562j,-0.590148-0.639699j,0.000000
0.261457-0.221089j,-0.590239-0.639562j,-0.590148-0.639699j,0.000000
0.261457-0.221089j,-0.590239-0.639562j,-0.590147-0.639699j,0.000000
0.261457-0.221089j,-0.590239-0.639561j,-0.590147-0.639700j,0.000000
0.261457-0.221089j,-0.590239-0.639561j,-0.590147-0.639700j,0.000000
0.261457-0.221089j,-0.590240-0.639561j,-0.590147-0.639700j,0.000000
0.261457-0.221089j,-0.590240-0.639560j,-0.590147-0.639701j,0.000000
0.261457-0.221089j,-0.590240-0.639560j,-0.590146-0.639701j,0.000000
0.261457-0.221089j,-0.590240-0.639560j,-0.590146-0.639701j,0.000000
0.261457-0.221089j,-0.590241-0.639559j,-0.590146-0.639702j,0.000000
0.261457-0.221089j,-0.590241-0.639559j,-0.590146-0.639702j,0.000000
0.261457-0.221089j,-0.590241-0.639559j,-0.590145-0.639702j,0.000000
0.261457-0.221089j,-0.590241-0.639558j,-0.590145-0.639703j,0.000000
0.261457-0.221089j,-0.590242-0.639558j,-0.590145-0.639703j,0.000000
0.261457-0.221089j,-0.590242-0.639558j,-0.590145-0.639703j,0.000000
0.261457-0.221089j,-0.590242-0.639557j,-0.590145-0.639704j,0.000000
0.261457-0.221089j,-0.590242-0.639557j,-0.590144-0.639704j,0.000000
0.261457-0.221089j,-0.590242-0.639557j,-0.590144-0.639704j,0.000000
0.261457-0.221089j,-0.590243-0.639556j,-0.590144-0.639705j,0.000000
0.261457-0.221089j,-0.590243-0.639556j,-0.590144-0.639705j,0.000000
0.261457-0.221089j,-0.590243-0.639556j,-0.590143-0.639705j,0.000000
0.261457-0.221089j,-0.590243-0.639555j,-0.590143-0.639706j,0.000000
0.261457-0.221089j,-0.590243-0.639555j,-0.590143-0.639706j,0.000000
0.261457-0.221089j,-0.590244-0.639555j,-0.590143-0.639706j,0.000000
0.261457-0.221089j,-0.590244-0.639554j,-0.590143-0.639706j,0.000000
0.261457-0.221089j,-0.590244-0.639554j,-0.590142-0.639707j,0.000000
0.261457-0.221089j,-0.590244-0.639554j,-0.590142-0.639707j,0.000000
0.261457-0.221089j,-0.590244-0.639554j,-0.590142-0.639707j,0.000000
0.261457-0.221089j,-0.590245-0.639553j,-0.590142-0.639708j,0.000000
0.261457-0.221089j,-0.590245-0.639553j,-0.590142-0.639708j,0.000000
0.261457-0.221089j,-0.590245-0.639553j,-0.590141-0.639708j,0.000000
0.261457-0.221089j,-0.590245-0.639552j,-0.590141-0.639709j,0.000000
0.261457-0.221089j,-0.590245-0.639552j,-0.590141-0.639709j,0.000000
0.261457-0.221089j,-0.590246-0.639552j,-0.590141-0.639709j,0.000000
0.261457-0.221089j,-0.590246-0.639552j,-0.590141-0.639709j,0.000000
0.261457-0.221089j,-0.590246-0.639551j,-0.590141-0.639710j,0.000000
0.261457-0.221089j,-0.590246-0.639551j,-0.590140-0.639710j,0.000000
0.261457-0.221089j,-0.590246-0.639551j,-0.590140-0.639710j,0.000000
0.261457-0.221089j,-0.590247-0.639550j,-0.590140-0.639711j,0.000000
0.261457-0.221089j,-0.590247-0.639550j,-0.590140-0.639711j,0.000000
0.261457-0.221089j,-0.590247-0.639550j,-0.590140-0.639711j,0.000000
0.261457-0.221089j,-0.590247-0.639550j,-0.590139-0.639711j,0.000000
0.261457-0.221089j,-0.590247-0.639549j,-0.590139-0.639712j,0.000000
0.261457-0.221089j,-0.590247-0.639549j,-0.590139-0.639712j,0.000000
0.261457-0.221089j,-0.590248-0.639549j,-0.590139-0.639712j,0.000000
0.261457-0.221089j,-0.590248-0.639549j,-0.590139-0.639712j,0.000000
0.261457-0.221089j,-0.590248-0.639548j,-0.590139-0.639713j,0.000000
0.261457-0.221089j,-0.590248-0.639548j,-0.590138-0.639713j,0.000000
0.261457-0.221089j,-0.590248-0.639548j,-0.590138-0.639713j,0.000000
0.261457-0.221089j,-0.590248-0.639548j,-0.590138-0.639713j,0.000000
0.261457-0.221089j,-0.590249-0.639547j,-0.590138-0.639714j,0.000000
0.261457-0.221089j,-0.590249-0.639547j,-0.590138-0.639714j,0.000000
0.261457-0.221089j,-0.590249-0.639547j,-0.590138-0.639714j,0.000000
0.261457-0.221089j,-0.590249-0.639547j,-0.590138-0.639714j,0.000000
0.261457-0.221089j,-0.590258-0.639533j,-0.590128-0.639728j,0.000000
0.261457-0.221089j,-0.590265-0.639523j,-0.590121-0.639738j,0.000000
0.261457-0.221089j,-0.590273-0.639511j,-0.590114-0.639750j,0.000000
0.261457-0.221089j,-0.590282-0.639498j,-0.590105-0.639763j,0.000000
0.261457-0.221089j,-0.590291-0.639484j,-0.590096-0.639777j,0.000000
0.261457-0.221089j,-0.590301-0.639469j,-0.590085-0.639792j,0.000000
0.261457-0.221089j,-0.590312-0.639452j,-0.590074-0.639809j,0.000000
0.261457-0.221089j,-0.590324-0.639434j,-0.590062-0.639827j,0.000000
0.261457-0.221089j,-0.590337-0.639414j,-0.590049-0.639847j,0.000000
0.261457-0.221089j,-0.590351-0.639393j,-0.590035-0.639868j,0.000000
0.261457-0.221089j,-0.590367-0.639370j,-0.590020-0.639891j,0.000000
0.261457-0.221089j,-0.590383-0.639345j,-0.590003-0.639916j,0.000000
0.261457-0.221089j,-0.590401-0.639319j,-0.589986-0.639942j,0.000000
0.261457-0.221089j,-0.590420-0.639290j,-0.589966-0.639971j,0.000000
0.261457-0.221089j,-0.590441-0.639258j,-0.589946-0.640003j,0.000000
0.261457-0.221089j,-0.590463-0.639225j,-0.589923-0.640036j,0.000000
0.261457-0.221089j,-0.590487-0.639189j,-0.589899-0.640072j,0.000000
0.261457-0.221089j,-0.590513-0.639150j,-0.589873-0.640111j,0.000000
0.261457-0.221089j,-0.590541-0.639108j,-0.589845-0.640153j,0.000000
0.261457-0.221089j,-0.590571-0.639063j,-0.589816-0.640198j,0.000000
0.261457-0.221089j,-0.590603-0.639015j,-0.589784-0.640246j,0.000000
0.261457-0.221089j,-0.590637-0.638964j,-0.589749-0.640297j,0.000000
0.261457-0.221089j,-0.590674-0.638909j,-0.589713-0.640352j,0.000000
0.261457-0.221089j,-0.590713-0.638850j,-0.589674-0.640411j,0.000000
0.261457-0.221089j,-0.590754-0.638787j,-0.589632-0.640474j,0.000000
0.261457-0.221089j,-0.590799-0.638720j,-0.589587-0.640541j,0.000000
0.261457-0.221089j,-0.590847-0.638649j,-0.589540-0.640612j,0.000000
0.261457-0.221089j,-0.590897-0.638573j,-0.589489-0.640688j,0.000000
0.261457-0.221089j,-0.590951-0.638492j,-0.589435-0.640769j,0.000000
0.261457-0.221089j,-0.591009-0.638405j,-0.589378-0.640856j,0.000000
0.261458-0.221089j,-0.591070-0.638314j,-0.589316-0.640947j,0.000000
0.261458-0.221089j,-0.591134-0.638216j,-0.589252-0.641045j,0.000000
0.261458-0.221089j,-0.591203-0.638113j,-0.589183-0.641148j,0.000000
0.261458-0.221089j,-0.591276-0.638003j,-0.589110-0.641258j,0.000000
0.261458-0.221089j,-0.591353-0.637887j,-0.589032-0.641374j,0.000000
0.261458-0.221089j,-0.591435-0.637764j,-0.588950-0.641497j,0.000000
0.261458-0.221089j,-0.591522-0.637633j,-0.588863-0.641628j,0.000000
0.261459-0.221088j,-0.591614-0.637495j,-0.588771-0.641766j,0.000000
0.261459-0.221088j,-0.591711-0.637349j,-0.588674-0.641912j,0.000000
0.261459-0.221088j,-0.591813-0.637195j,-0.588571-0.642066j,0.000000
0.261460-0.221088j,-0.591922-0.637032j,-0.588463-0.642229j,0.000000
0.261460-0.221088j,-0.592036-0.636860j,-0.588348-0.642401j,0.000000
0.261460-0.221088j,-0.592156-0.636679j,-0.588227-0.642582j,0.000000
0.261461-0.221088j,-0.592284-0.636488j,-0.588100-0.642773j,0.000000
0.261461-0.221088j,-0.592417-0.636287j,-0.587966-0.642974j,0.000000
0.261462-0.221088j,-0.592558-0.636075j,-0.587824-0.643186j,0.000000
0.261462-0.221087j,-0.592706-0.635852j,-0.587676-0.643409j,0.000000
0.261463-0.221087j,-0.592862-0.635617j,-0.587519-0.643644j,0.000000
0.261464-0.221087j,-0.593026-0.635370j,-0.587355-0.643890j,0.000000
0.261465-0.221087j,-0.593198-0.635111j,-0.587182-0.644149j,0.000000
0.261466-0.221086j,-0.593379-0.634839j,-0.587001-0.644421j,0.000000
0.261467-0.221086j,-0.593569-0.634554j,-0.586810-0.644707j,0.000000
0.261468-0.221086j,-0.593767-0.634254j,-0.586610-0.645006j,0.000000
0.261470-0.221085j,-0.593976-0.633940j,-0.586401-0.645320j,0.000000
0.261471-0.221085j,-0.594194-0.633611j,-0.586181-0.645649j,0.000000
0.261473-0.221084j,-0.594423-0.633266j,-0.585951-0.645994j,0.000001
0.261475-0.221084j,-0.594662-0.632906j,-0.585710-0.646355j,0.000001
0.261477-0.221083j,-0.594913-0.632528j,-0.585458-0.646732j,0.000001
0.261479-0.221083j,-0.595175-0.632133j,-0.585195-0.647127j,0.000001
0.261481-0.221082j,-0.595448-0.631721j,-0.584919-0.647539j,0.000001
0.261484-0.221081j,-0.595734-0.631289j,-0.584631-0.647971j,0.000001
0.261487-0.221080j,-0.596033-0.630839j,-0.584330-0.648421j,0.000001
0.261490-0.221079j,-0.596344-0.630369j,-0.584016-0.648891j,0.000002
0.261494-0.221078j,-0.596669-0.629878j,-0.583688-0.649381j,0.000002
0.261498-0.221077j,-0.597008-0.629367j,-0.583346-0.649892j,0.000002
0.261503-0.221076j,-0.597361-0.628834j,-0.582989-0.650425j,0.000002
0.261507-0.221074j,-0.597729-0.628278j,-0.582618-0.650981j,0.000003
0.261513-0.221073j,-0.598112-0.627699j,-0.582231-0.651559j,0.000003
0.261518-0.221071j,-0.598510-0.627097j,-0.581828-0.652162j,0.000004
0.261525-0.221069j,-0.598925-0.626470j,-0.581408-0.652789j,0.000004
0.261532-0.221067j,-0.599356-0.625817j,-0.580971-0.653440j,0.000005
0.261539-0.221065j,-0.599804-0.625139j,-0.580517-0.654118j,0.000006
0.261547-0.221063j,-0.600270-0.624435j,-0.580045-0.654823j,0.000007
0.261556-0.221060j,-0.600753-0.623702j,-0.579555-0.655554j,0.000008
0.261566-0.221057j,-0.601255-0.622942j,-0.579045-0.656314j,0.000009
0.261576-0.221054j,-0.601776-0.622153j,-0.578516-0.657103j,0.000010
0.261588-0.221051j,-0.602316-0.621334j,-0.577967-0.657921j,0.000012
0.261600-0.221047j,-0.602876-0.620485j,-0.577397-0.658770j,0.000014
0.261614-0.221044j,-0.603456-0.619604j,-0.576807-0.659650j,0.000016
0.261628-0.221039j,-0.604057-0.618692j,-0.576194-0.660562j,0.000018
0.261644-0.221035j,-0.604679-0.617746j,-0.575560-0.661507j,0.000020
0.261661-0.221030j,-0.605323-0.616768j,-0.574902-0.662485j,0.000023
0.261680-0.221024j,-0.605989-0.615754j,-0.574221-0.663497j,0.000027
0.261700-0.221019j,-0.606678-0.614706j,-0.573517-0.664545j,0.000030
0.261721-0.221012j,-0.607390-0.613622j,-0.572788-0.665628j,0.000034
0.261745-0.221006j,-0.608126-0.612500j,-0.572034-0.666749j,0.000039
0.261770-0.220998j,-0.608886-0.611342j,-0.571254-0.667906j,0.000044
0.261797-0.220990j,-0.609670-0.610145j,-0.570448-0.669102j,0.000050
0.261826-0.220982j,-0.610480-0.608908j,-0.569616-0.670337j,0.000056
0.261857-0.220973j,-0.611315-0.607632j,-0.568756-0.671612j,0.000064
0.261891-0.220963j,-0.612176-0.606315j,-0.567868-0.672928j,0.000072
0.261927-0.220953j,-0.613063-0.604956j,-0.566952-0.674285j,0.000081
0.261966-0.220941j,-0.613978-0.603555j,-0.566007-0.675685j,0.000091
0.262007-0.220929j,-0.614920-0.602111j,-0.565033-0.677127j,0.000103
0.262052-0.220916j,-0.615889-0.600622j,-0.564028-0.678614j,0.000115
0.262100-0.220902j,-0.616887-0.599089j,-0.562993-0.680145j,0.000129
0.262151-0.220887j,-0.617914-0.597510j,-0.561926-0.681721j,0.000145
0.262205-0.220872j,-0.618970-0.595885j,-0.560828-0.683344j,0.000162
0.262263-0.220855j,-0.620055-0.594212j,-0.559697-0.685014j,0.000182
0.262326-0.220836j,-0.621170-0.592492j,-0.558533-0.686732j,0.000203
0.262392-0.220817j,-0.622315-0.590722j,-0.557336-0.688498j,0.000227
0.262463-0.220796j,-0.623491-0.588903j,-0.556105-0.690314j,0.000253
0.262538-0.220774j,-0.624698-0.587034j,-0.554839-0.692180j,0.000282
0.262619-0.220750j,-0.625936-0.585114j,-0.553538-0.694096j,0.000314
0.262704-0.220725j,-0.627205-0.583142j,-0.552202-0.696064j,0.000349
0.262795-0.220699j,-0.628507-0.581118j,-0.550829-0.698085j,0.000388
0.262892-0.220670j,-0.629841-0.579040j,-0.549420-0.700158j,0.000431
0.262994-0.220640j,-0.631208-0.576908j,-0.547973-0.702285j,0.000477
0.263103-0.220608j,-0.632607-0.574721j,-0.546489-0.704466j,0.000529
0.263219-0.220574j,-0.634040-0.572479j,-0.544967-0.706703j,0.000586
0.263342-0.220537j,-0.635506-0.570181j,-0.543406-0.708995j,0.000648
0.263472-0.220499j,-0.637005-0.567826j,-0.541806-0.711344j,0.000715
0.263609-0.220458j,-0.638538-0.565413j,-0.540166-0.713749j,0.000790
0.263755-0.220415j,-0.640105-0.562942j,-0.538487-0.716213j,0.000871
0.263908-0.220369j,-0.641707-0.560413j,-0.536767-0.718735j,0.000960
0.264071-0.220320j,-0.643342-0.557823j,-0.535006-0.721316j,0.001057
0.264243-0.220269j,-0.645013-0.555174j,-0.533204-0.723956j,0.001162
0.264425-0.220215j,-0.646717-0.552463j,-0.531360-0.726657j,0.001277
0.264616-0.220157j,-0.648456-0.549691j,-0.529474-0.729418j,0.001402
0.264818-0.220096j,-0.650230-0.546857j,-0.527546-0.732241j,0.001539
0.265031-0.220032j,-0.652039-0.543961j,-0.525575-0.735126j,0.001686
0.265255-0.219964j,-0.653883-0.541001j,-0.523561-0.738073j,0.001847
0.265491-0.219893j,-0.655761-0.537977j,-0.521503-0.741084j,0.002021
0.265740-0.219817j,-0.657674-0.534888j,-0.519402-0.744158j,0.002210
0.266001-0.219737j,-0.659623-0.531734j,-0.517257-0.747295j,0.002415
0.266276-0.219653j,-0.661605-0.528515j,-0.515067-0.750498j,0.002636
0.266564-0.219565j,-0.663623-0.525230j,-0.512833-0.753766j,0.002876
0.266867-0.219471j,-0.665675-0.521877j,-0.510554-0.757099j,0.003134
0.267185-0.219373j,-0.667761-0.518457j,-0.508231-0.760498j,0.003413
0.267519-0.219269j,-0.669882-0.514970j,-0.505862-0.763964j,0.003715
0.267869-0.219160j,-0.672036-0.511413j,-0.503448-0.767496j,0.004039
0.268236-0.219045j,-0.674225-0.507788j,-0.500988-0.771096j,0.004389
0.268620-0.218924j,-0.676448-0.504093j,-0.498483-0.774763j,0.004766
0.269022-0.218797j,-0.678704-0.500329j,-0.495932-0.778499j,0.005171
0.269444-0.218663j,-0.680993-0.496493j,-0.493336-0.782303j,0.005606
0.269884-0.218523j,-0.683315-0.492587j,-0.490693-0.786176j,0.006073
0.270345-0.218375j,-0.685669-0.488608j,-0.488005-0.790119j,0.006575
0.270826-0.218220j,-0.688056-0.484558j,-0.485272-0.794130j,0.007114
0.271329-0.218057j,-0.690475-0.480435j,-0.482492-0.798212j,0.007690
0.271854-0.217886j,-0.692925-0.476239j,-0.479667-0.802364j,0.008308
0.272403-0.217706j,-0.695407-0.471969j,-0.476797-0.806587j,0.008970
0.272975-0.217517j,-0.697919-0.467625j,-0.473880-0.810881j,0.009677
0.273571-0.217319j,-0.700461-0.463206j,-0.470919-0.815245j,0.010434
0.274193-0.217111j,-0.703033-0.458712j,-0.467913-0.819682j,0.011241
0.274842-0.216892j,-0.705634-0.454142j,-0.464861-0.824190j,0.012104
0.275517-0.216663j,-0.708264-0.449495j,-0.461765-0.828769j,0.013024
0.276221-0.216423j,-0.710922-0.444772j,-0.458625-0.833421j,0.014006
0.276953-0.216171j,-0.713608-0.439971j,-0.455440-0.838146j,0.015052
0.277714-0.215907j,-0.716320-0.435093j,-0.452212-0.842943j,0.016166
0.278507-0.215629j,-0.719059-0.430135j,-0.448940-0.847813j,0.017351
0.279331-0.215339j,-0.721824-0.425099j,-0.445626-0.852756j,0.018613
0.280187-0.215034j,-0.724614-0.419983j,-0.442268-0.857773j,0.019954
0.281077-0.214714j,-0.727428-0.414787j,-0.438869-0.862863j,0.021379
0.282002-0.214379j,-0.730265-0.409509j,-0.435428-0.868026j,0.022892
0.282962-0.214027j,-0.733126-0.404151j,-0.431946-0.873264j,0.024498
0.283959-0.213659j,-0.736008-0.398710j,-0.428423-0.878575j,0.026202
0.284993-0.213273j,-0.738912-0.393186j,-0.424860-0.883961j,0.028009
0.286065-0.212868j,-0.741837-0.387579j,-0.421258-0.889420j,0.029924
0.287178-0.212443j,-0.744781-0.381887j,-0.417618-0.894955j,0.031953
0.288331-0.211999j,-0.747743-0.376111j,-0.413939-0.900563j,0.034100
0.289527-0.211532j,-0.750724-0.370249j,-0.410223-0.906247j,0.036373
0.290766-0.211043j,-0.753722-0.364300j,-0.406471-0.912005j,0.038776
0.292049-0.210531j,-0.756735-0.358265j,-0.402683-0.917838j,0.041317
0.293377-0.209994j,-0.759764-0.352142j,-0.398860-0.923746j,0.044003
0.294753-0.209431j,-0.762807-0.345930j,-0.395003-0.929729j,0.046839
0.296176-0.208840j,-0.765863-0.339628j,-0.391113-0.935787j,0.049833
0.297649-0.208221j,-0.768931-0.333236j,-0.387191-0.941920j,0.052993
0.299173-0.207572j,-0.772009-0.326753j,-0.383237-0.948129j,0.056327
0.300748-0.206892j,-0.775098-0.320178j,-0.379253-0.954413j,0.059841
0.302377-0.206178j,-0.778195-0.313509j,-0.375241-0.960773j,0.063546
0.304060-0.205430j,-0.781299-0.306747j,-0.371200-0.967208j,0.067448
0.305799-0.204646j,-0.784410-0.299890j,-0.367132-0.973719j,0.071558
0.307596-0.203823j,-0.787526-0.292936j,-0.363038-0.980306j,0.075885
0.309452-0.202960j,-0.790645-0.285886j,-0.358920-0.986968j,0.080438
0.311367-0.202055j,-0.793767-0.278738j,-0.354778-0.993706j,0.085227
0.313345-0.201105j,-0.796890-0.271491j,-0.350614-1.000521j,0.090263
0.315385-0.200109j,-0.800012-0.264143j,-0.346430-1.007411j,0.095556
0.317490-0.199063j,-0.803133-0.256695j,-0.342226-1.014378j,0.101118
0.319661-0.197967j,-0.806250-0.249144j,-0.338003-1.021421j,0.106961
0.321900-0.196816j,-0.809362-0.241490j,-0.333765-1.028541j,0.113095
0.324207-0.195608j,-0.812468-0.233731j,-0.329510-1.035737j,0.119535
0.326585-0.194341j,-0.815566-0.225866j,-0.325243-1.043010j,0.126291
0.329035-0.193010j,-0.818654-0.217894j,-0.320963-1.050360j,0.133379
0.331558-0.191614j,-0.821730-0.209814j,-0.316672-1.057786j,0.140811
0.334155-0.190148j,-0.824793-0.201625j,-0.312373-1.065291j,0.148602
0.336829-0.188609j,-0.827841-0.193325j,-0.308067-1.072872j,0.156767
0.339580-0.186993j,-0.830872-0.184913j,-0.303755-1.080532j,0.165321
0.342410-0.185296j,-0.833883-0.176388j,-0.299439-1.088269j,0.174279
0.345321-0.183515j,-0.836874-0.167749j,-0.295122-1.096085j,0.183658
0.348312-0.181644j,-0.839841-0.158995j,-0.290805-1.103979j,0.193474
0.351386-0.179679j,-0.842782-0.150124j,-0.286490-1.111953j,0.203745
0.354543-0.177615j,-0.845696-0.141135j,-0.282179-1.120005j,0.214489
0.357785-0.175448j,-0.848580-0.132027j,-0.277875-1.128137j,0.225724
0.361112-0.173171j,-0.851430-0.122799j,-0.273578-1.136349j,0.237468
0.364526-0.170780j,-0.854246-0.113450j,-0.269293-1.144642j,0.249742
0.368026-0.168269j,-0.857024-0.103978j,-0.265020-1.153016j,0.262564
0.371613-0.165631j,-0.859762-0.094384j,-0.260762-1.161471j,0.275956
0.375287-0.162860j,-0.862456-0.084666j,-0.256522-1.170008j,0.289939
0.379049-0.159950j,-0.865104-0.074822j,-0.252302-1.178628j,0.304534
0.382898-0.156894j,-0.867702-0.064853j,-0.248104-1.187330j,0.319762
0.386833-0.153684j,-0.870249-0.054758j,-0.243932-1.196117j,0.335647
0.390855-0.150313j,-0.872740-0.044535j,-0.239787-1.204987j,0.352211
0.394962-0.146774j,-0.875172-0.034186j,-0.235673-1.213943j,0.369477
0.399136-0.143073j,-0.877533-0.023748j,-0.231607-1.222950j,0.387400
0.403374-0.139205j,-0.879819-0.013229j,-0.227593-1.232004j,0.405986
0.407672-0.135164j,-0.882028-0.002629j,-0.223635-1.241104j,0.425250
0.412026-0.130945j,-0.884156+0.008049j,-0.219733-1.250251j,0.445205
0.416432-0.126542j,-0.886201+0.018804j,-0.215892-1.259443j,0.465863
0.420887-0.121948j,-0.888160+0.029632j,-0.212112-1.268679j,0.487238
0.425384-0.117158j,-0.890031+0.040531j,-0.208396-1.277959j,0.509340
0.429775-0.112330j,-0.891755+0.051147j,-0.204862-1.286984j,0.531438
0.434344-0.107136j,-0.893444+0.062184j,-0.201277-1.296353j,0.555016
0.438797-0.101898j,-0.894989+0.072940j,-0.197869-1.305473j,0.578589
0.443413-0.096279j,-0.896486+0.084099j,-0.194423-1.314926j,0.603677
0.447905-0.090613j,-0.897840+0.094981j,-0.191150-1.324136j,0.628760
0.452541-0.084546j,-0.899134+0.106251j,-0.187850-1.333671j,0.655395
0.457043-0.078430j,-0.900288+0.117247j,-0.184718-1.342971j,0.682026
0.461670-0.071897j,-0.901369+0.128618j,-0.181569-1.352587j,0.710244
0.466152-0.065311j,-0.902313+0.139717j,-0.178583-1.361975j,0.738457
0.470737-0.058292j,-0.903172+0.151175j,-0.175591-1.371672j,0.768287
0.475165-0.051218j,-0.903896+0.162365j,-0.172755-1.381149j,0.798113
0.479671-0.043696j,-0.904523+0.173899j,-0.169921-1.390927j,0.829583
0.484009-0.036117j,-0.905018+0.185167j,-0.167239-1.400493j,0.861048
0.488398-0.028078j,-0.905406+0.196764j,-0.164566-1.410352j,0.894180
0.492604-0.019981j,-0.905663+0.208099j,-0.162039-1.420007j,0.927308
0.496833-0.011412j,-0.905801+0.219745j,-0.159529-1.429949j,0.962122
0.500865-0.002785j,-0.905811+0.231133j,-0.157158-1.439695j,0.996932
0.504888+0.006323j,-0.905692+0.242817j,-0.154809-1.449721j,1.033446
0.508701+0.015488j,-0.905448+0.254246j,-0.152593-1.459559j,1.069955
0.512471+0.025142j,-0.905063+0.265955j,-0.150406-1.469672j,1.108183
0.516015+0.034850j,-0.904555+0.277412j,-0.148344-1.479603j,1.146406
0.519481+0.045052j,-0.903897+0.289133j,-0.146314-1.489805j,1.186359
0.522706+0.055304j,-0.903116+0.300606j,-0.144403-1.499833j,1.226309
0.525816+0.066053j,-0.902176+0.312326j,-0.142528-1.510126j,1.268000
0.528669+0.076848j,-0.901114+0.323801j,-0.140765-1.520253j,1.309687
0.531369+0.088139j,-0.899884+0.335509j,-0.139040-1.530640j,1.353124
0.533794+0.099468j,-0.898533+0.346974j,-0.137420-1.540869j,1.396557
0.536028+0.111292j,-0.897003+0.358657j,-0.135840-1.551355j,1.441749
0.537969+0.123145j,-0.895354+0.370098j,-0.134359-1.561689j,1.486938
0.539680+0.135487j,-0.893516+0.381743j,-0.132917-1.572276j,1.533891
0.541081+0.147848j,-0.891558+0.393147j,-0.131568-1.582718j,1.580841
0.542210+0.160689j,-0.889403+0.404740j,-0.130259-1.593409j,1.629562
0.543011+0.173535j,-0.887126+0.416094j,-0.129036-1.603962j,1.678281
0.543500+0.186850j,-0.884642+0.427620j,-0.127852-1.614762j,1.728774
0.543644+0.200156j,-0.882036+0.438908j,-0.126747-1.625429j,1.779266
0.543434+0.213914j,-0.879213+0.450353j,-0.125681-1.636340j,1.831536
0.542863+0.227647j,-0.876266+0.461561j,-0.124687-1.647124j,1.883804
0.541896+0.241811j,-0.873092+0.472908j,-0.123730-1.658148j,1.937853
0.540551+0.255931j,-0.869791+0.484018j,-0.122840-1.669051j,1.991900
0.538834+0.269997j,-0.866367+0.494895j,-0.122010-1.679838j,2.045945
0.536636+0.284688j,-0.862645+0.506066j,-0.121201-1.691038j,2.102645
0.534037+0.299300j,-0.858792+0.516996j,-0.120449-1.702123j,2.159344
0.531044+0.313825j,-0.854810+0.527690j,-0.119749-1.713098j,2.216041
0.527495+0.328924j,-0.850507+0.538638j,-0.119068-1.724475j,2.275382
0.523526+0.343906j,-0.846068+0.549339j,-0.118435-1.735744j,2.334721
0.519144+0.358762j,-0.841493+0.559799j,-0.117846-1.746910j,2.394059
0.514134+0.374130j,-0.836573+0.570470j,-0.117274-1.758465j,2.456022
0.508689+0.389339j,-0.831509+0.580888j,-0.116741-1.769919j,2.517984
0.502816+0.404378j,-0.826301+0.591056j,-0.116244-1.781275j,2.579945
0.496250+0.419854j,-0.820724+0.601388j,-0.115760-1.793008j,2.644498
0.489239+0.435124j,-0.814993+0.611456j,-0.115308-1.804644j,2.709049
0.481790+0.450176j,-0.809109+0.621262j,-0.114883-1.816189j,2.773600
0.473595+0.465576j,-0.802831+0.631179j,-0.114468-1.828093j,2.840682
0.464949+0.480718j,-0.796389+0.640817j,-0.114076-1.839907j,2.907763
0.455862+0.495592j,-0.789781+0.650178j,-0.113704-1.851633j,2.974843
0.445993+0.510708j,-0.782761+0.659586j,-0.113337-1.863697j,3.044351
0.435673+0.525512j,-0.775564+0.668697j,-0.112986-1.875675j,3.113859
0.424916+0.539994j,-0.768190+0.677510j,-0.112647-1.887570j,3.183365
0.413734+0.554142j,-0.760638+0.686025j,-0.112319-1.899388j,3.252871
0.401640+0.568521j,-0.752580+0.694579j,-0.111986-1.911624j,3.325313
0.389113+0.582517j,-0.744329+0.702804j,-0.111658-1.923783j,3.397755
0.376165+0.596117j,-0.735885+0.710696j,-0.111335-1.935865j,3.470195
0.362811+0.609312j,-0.727251+0.718252j,-0.111013-1.947876j,3.542635
0.349067+0.622092j,-0.718425+0.725465j,-0.110691-1.959818j,3.615073
0.334382+0.634925j,-0.709052+0.732595j,-0.110354-1.972159j,3.690358
0.319307+0.647290j,-0.699476+0.739343j,-0.110012-1.984431j,3.765642
0.303857+0.659179j,-0.689699+0.745702j,-0.109665-1.996638j,3.840925
0.288049+0.670583j,-0.679726+0.751664j,-0.109309-2.008782j,3.916207
0.271899+0.681492j,-0.669560+0.757221j,-0.108944-2.020865j,3.991488
0.255423+0.691901j,-0.659206+0.762364j,-0.108568-2.032891j,4.066767
0.238638+0.701801j,-0.648670+0.767083j,-0.108179-2.044862j,4.142045
0.221559+0.711186j,-0.637961+0.771368j,-0.107777-2.056780j,4.217322
0.204204+0.720051j,-0.627087+0.775211j,-0.107360-2.068648j,4.292597
0.185914+0.728694j,-0.615637+0.778721j,-0.106910-2.080916j,4.370726
0.167362+0.736764j,-0.604034+0.781734j,-0.106442-2.093134j,4.448853
0.148565+0.744255j,-0.592292+0.784239j,-0.105954-2.105306j,4.526978
0.129541+0.751164j,-0.580428+0.786227j,-0.105447-2.117434j,4.605101
0.110308+0.757485j,-0.568461+0.787692j,-0.104919-2.129520j,4.683222
0.090009+0.763458j,-0.555868+0.788655j,-0.104344-2.142105j,4.764844
0.069521+0.768783j,-0.543209+0.789035j,-0.103745-2.154651j,4.846464
0.048063+0.773624j,-0.530018+0.788809j,-0.103097-2.167641j,4.931235
0.026447+0.777761j,-0.516814+0.787951j,-0.102422-2.180593j,5.016004
0.003338+0.781380j,-0.502809+0.786352j,-0.101675-2.194310j,5.106033
-0.019899+0.784200j,-0.488863+0.784053j,-0.100898-2.207990j,5.196060
-0.043237+0.786222j,-0.475012+0.781069j,-0.100089-2.221636j,5.286084
-0.066650+0.787446j,-0.461290+0.777417j,-0.099249-2.235250j,5.376105
-0.090112+0.787872j,-0.447732+0.773121j,-0.098379-2.248835j,5.466123
-0.113597+0.787503j,-0.434368+0.768206j,-0.097479-2.262394j,5.556140
-0.137080+0.786343j,-0.421224+0.762702j,-0.096549-2.275929j,5.646154
-0.160536+0.784395j,-0.408323+0.756641j,-0.095590-2.289441j,5.736168
-0.181089+0.782038j,-0.397211+0.750886j,-0.094724-2.301290j,5.815213
-0.201584+0.779080j,-0.386312+0.744750j,-0.093837-2.313125j,5.894258
-0.222005+0.775526j,-0.375633+0.738256j,-0.092929-2.324947j,5.973302
-0.242334+0.771380j,-0.365181+0.731427j,-0.092001-2.336756j,6.052346
-0.262557+0.766646j,-0.354958+0.724287j,-0.091053-2.348555j,6.131390
-0.282655+0.761330j,-0.344968+0.716857j,-0.090086-2.360343j,6.210434
-0.302613+0.755437j,-0.335209+0.709159j,-0.089100-2.372122j,6.289478
-0.322415+0.748974j,-0.325681+0.701213j,-0.088096-2.383893j,6.368523
-0.342046+0.741947j,-0.316380+0.693038j,-0.087074-2.395656j,6.447568
-0.359534+0.735154j,-0.308210+0.685509j,-0.086141-2.406223j,6.518626
-0.376859+0.727915j,-0.300218+0.677823j,-0.085194-2.416784j,6.589684
-0.394010+0.720237j,-0.292399+0.669991j,-0.084235-2.427341j,6.660743
-0.410978+0.712124j,-0.284750+0.662023j,-0.083263-2.437892j,6.731802
-0.427752+0.703582j,-0.277265+0.653931j,-0.082278-2.448439j,6.802862
-0.444320+0.694618j,-0.269940+0.645723j,-0.081282-2.458982j,6.873923
-0.460673+0.685237j,-0.262769+0.637409j,-0.080273-2.469521j,6.944984
-0.476801+0.675447j,-0.255748+0.628996j,-0.079254-2.480055j,7.016046
-0.492694+0.665253j,-0.248872+0.620493j,-0.078223-2.490586j,7.087109
-0.508341+0.654662j,-0.242135+0.611907j,-0.077181-2.501113j,7.158173
-0.523734+0.643682j,-0.235532+0.603244j,-0.076129-2.511637j,7.229237
-0.538863+0.632321j,-0.229058+0.594510j,-0.075067-2.522158j,7.300303
-0.553719+0.620584j,-0.222707+0.585712j,-0.073994-2.532675j,7.371369
-0.568292+0.608480j,-0.216476+0.576853j,-0.072911-2.543189j,7.442436
-0.582575+0.596017j,-0.210358+0.567940j,-0.071819-2.553700j,7.513503
-0.596558+0.583203j,-0.204349+0.558977j,-0.070717-2.564208j,7.584572
-0.610233+0.570046j,-0.198444+0.549968j,-0.069606-2.574713j,7.655642
-0.623593+0.556554j,-0.192639+0.540917j,-0.068486-2.585214j,7.726712
-0.635210+0.544272j,-0.187553+0.532830j,-0.067481-2.594558j,7.789963
-0.646564+0.531738j,-0.182540+0.524715j,-0.066470-2.603899j,7.853215
-0.657652+0.518957j,-0.177596+0.516575j,-0.065451-2.613238j,7.916467
-0.668468+0.505937j,-0.172718+0.508411j,-0.064426-2.622574j,7.979719
-0.679006+0.492683j,-0.167904+0.500225j,-0.063394-2.631908j,8.042973
-0.689262+0.479203j,-0.163150+0.492020j,-0.062355-2.641240j,8.106227
-0.699231+0.465502j,-0.158455+0.483798j,-0.061310-2.650569j,8.169481
-0.708908+0.451587j,-0.153815+0.475559j,-0.060258-2.659896j,8.232737
-0.718290+0.437465j,-0.149229+0.467306j,-0.059199-2.669220j,8.295992
-0.727371+0.423142j,-0.144693+0.459041j,-0.058134-2.678541j,8.359249
-0.736148+0.408626j,-0.140205+0.450764j,-0.057063-2.687861j,8.422506
-0.744617+0.393924j,-0.135763+0.442478j,-0.055985-2.697177j,8.485764
-0.752774+0.379042j,-0.131364+0.434183j,-0.054901-2.706491j,8.549022
-0.759781+0.365628j,-0.127478+0.426781j,-0.053929-2.714793j,8.605425
-0.766535+0.352082j,-0.123623+0.419375j,-0.052952-2.723092j,8.661829
-0.773033+0.338408j,-0.119797+0.411964j,-0.051971-2.731390j,8.718233
-0.779273+0.324613j,-0.116000+0.404551j,-0.050984-2.739685j,8.774638
-0.785252+0.310702j,-0.112231+0.397135j,-0.049992-2.747978j,8.831043
-0.790970+0.296679j,-0.108487+0.389719j,-0.048995-2.756268j,8.887448
-0.796423+0.282550j,-0.104767+0.382301j,-0.047994-2.764556j,8.943854
-0.801611+0.268320j,-0.101071+0.374884j,-0.046987-2.772842j,9.000261
-0.806530+0.253995j,-0.097396+0.367468j,-0.045976-2.781125j,9.056667
-0.811180+0.239580j,-0.093742+0.360053j,-0.044960-2.789405j,9.113075
-0.815062+0.226776j,-0.090530+0.353506j,-0.044058-2.796716j,9.162897
-0.818732+0.213911j,-0.087333+0.346961j,-0.043152-2.804026j,9.212720
-0.822188+0.200986j,-0.084149+0.340419j,-0.042243-2.811333j,9.262542
-0.825431+0.188007j,-0.080978+0.333881j,-0.041329-2.818638j,9.312366
-0.828458+0.174976j,-0.077819+0.327346j,-0.040412-2.825940j,9.362189
-0.831269+0.161897j,-0.074671+0.320816j,-0.039491-2.833241j,9.412013
-0.833865+0.148775j,-0.071534+0.314291j,-0.038566-2.840539j,9.461837
-0.836243+0.135613j,-0.068406+0.307770j,-0.037637-2.847834j,9.511662
-0.838404+0.122414j,-0.065287+0.301256j,-0.036705-2.855127j,9.561487
-0.840134+0.110707j,-0.062534+0.295496j,-0.035876-2.861579j,9.605577
-0.841694+0.098978j,-0.059786+0.289741j,-0.035044-2.868029j,9.649667
-0.843082+0.087228j,-0.057045+0.283992j,-0.034210-2.874476j,9.693758
-0.844299+0.075461j,-0.054308+0.278249j,-0.033372-2.880922j,9.737849
-0.845344+0.063678j,-0.051576+0.272511j,-0.032531-2.887366j,9.781940
-0.846218+0.051883j,-0.048848+0.266780j,-0.031687-2.893807j,9.826032
-0.846920+0.040079j,-0.046124+0.261056j,-0.030840-2.900247j,9.870124
-0.847450+0.028267j,-0.043403+0.255338j,-0.029989-2.906684j,9.914215
-0.847808+0.016451j,-0.040684+0.249628j,-0.029135-2.913119j,9.958308
-0.847995+0.004633j,-0.037967+0.243925j,-0.028278-2.919552j,10.002400
-0.848010-0.007184j,-0.035252+0.238231j,-0.027418-2.925983j,10.046492
-0.847853-0.018998j,-0.032539+0.232544j,-0.026554-2.932411j,10.090585
-0.847525-0.030806j,-0.029826+0.226867j,-0.025688-2.938836j,10.134678
-0.847026-0.042605j,-0.027113+0.221199j,-0.024817-2.945259j,10.178772
-0.846356-0.054393j,-0.024400+0.215540j,-0.023944-2.951680j,10.222865
-0.845515-0.066167j,-0.021687+0.209891j,-0.023067-2.958098j,10.266959
-0.844504-0.077925j,-0.018973+0.204253j,-0.022187-2.964513j,10.311053
-0.843271-0.090148j,-0.016145+0.198393j,-0.021267-2.971190j,10.356967
-0.841854-0.102348j,-0.013316+0.192546j,-0.020343-2.977865j,10.402882
-0.840166-0.115144j,-0.010340+0.186413j,-0.019368-2.984877j,10.451149
-0.838277-0.127908j,-0.007361+0.180293j,-0.018389-2.991887j,10.499417
-0.836054-0.141397j,-0.004200+0.173824j,-0.017347-2.999312j,10.550578
-0.833607-0.154842j,-0.001034+0.167372j,-0.016300-3.006734j,10.601739
-0.830743-0.169155j,0.002353+0.160497j,-0.015176-3.014659j,10.656408
-0.827505-0.183934j,0.005872+0.153391j,-0.014006-3.022873j,10.713098
-0.823848-0.199233j,0.009540+0.146024j,-0.012782-3.031411j,10.772066
-0.819723-0.215101j,0.013375+0.138370j,-0.011498-3.040309j,10.833564
-0.815071-0.231589j,0.017396+0.130400j,-0.010149-3.049605j,10.897861
-0.809832-0.248736j,0.021619+0.122091j,-0.008728-3.059332j,10.965197
-0.803952-0.266535j,0.026054+0.113441j,-0.007233-3.069499j,11.035642
-0.797420-0.284854j,0.030676+0.104506j,-0.005670-3.080047j,11.108792
-0.790456-0.302998j,0.035319+0.095622j,-0.004097-3.090584j,11.181944
-0.783067-0.320955j,0.039984+0.086792j,-0.002513-3.101111j,11.255097
-0.775258-0.338716j,0.044671+0.078017j,-0.000919-3.111627j,11.328251
-0.767034-0.356269j,0.049381+0.069301j,0.000686-3.122132j,11.401407
-0.758401-0.373604j,0.054117+0.060646j,0.002301-3.132626j,11.474564
-0.749366-0.390712j,0.058880+0.052054j,0.003927-3.143108j,11.547722
-0.739936-0.407583j,0.063669+0.043528j,0.005564-3.153577j,11.620882
-0.730116-0.424207j,0.068487+0.035071j,0.007212-3.164034j,11.694044
-0.719913-0.440574j,0.073333+0.026687j,0.008871-3.174479j,11.767207
-0.709336-0.456675j,0.078210+0.018378j,0.010541-3.184910j,11.840371
-0.698392-0.472501j,0.083116+0.010147j,0.012223-3.195327j,11.913538
-0.687087-0.488044j,0.088055+0.001997j,0.013916-3.205730j,11.986705
-0.675432-0.503294j,0.093024-0.006067j,0.015621-3.216119j,12.059875
-0.663432-0.518243j,0.098026-0.014043j,0.017337-3.226492j,12.133046
-0.651098-0.532883j,0.103060-0.021928j,0.019065-3.236851j,12.206219
-0.638438-0.547205j,0.108127-0.029717j,0.020805-3.247193j,12.279393
-0.625460-0.561204j,0.113226-0.037407j,0.022557-3.257519j,12.352570
-0.612173-0.574870j,0.118358-0.044995j,0.024320-3.267829j,12.425748
-0.598588-0.588197j,0.123522-0.052475j,0.026096-3.278121j,12.498928
-0.584714-0.601178j,0.128717-0.059845j,0.027884-3.288396j,12.572110
-0.570559-0.613806j,0.133944-0.067101j,0.029683-3.298652j,12.645294
-0.556135-0.626075j,0.139201-0.074238j,0.031495-3.308890j,12.718480
-0.541451-0.637979j,0.144487-0.081252j,0.033320-3.319108j,12.791667
-0.526518-0.649512j,0.149801-0.088139j,0.035156-3.329306j,12.864857
-0.510718-0.661119j,0.155362-0.095169j,0.037081-3.339901j,12.941053
-0.494671-0.672312j,0.160950-0.102053j,0.039018-3.350474j,13.017251
-0.477830-0.683446j,0.166755-0.109011j,0.041036-3.361381j,13.096046
-0.460752-0.694127j,0.172584-0.115803j,0.043068-3.372262j,13.174843
-0.442698-0.704780j,0.178687-0.122703j,0.045202-3.383584j,13.257042
-0.424416-0.714930j,0.184810-0.129410j,0.047352-3.394877j,13.339245
-0.404847-0.725113j,0.191303-0.136287j,0.049642-3.406788j,13.426199
-0.384318-0.735069j,0.198052-0.143178j,0.052035-3.419105j,13.516397
-0.362594-0.744828j,0.205125-0.150121j,0.054559-3.431959j,13.610844
-0.339302-0.754438j,0.212633-0.157178j,0.057260-3.445555j,13.711116
-0.315801-0.763273j,0.220132-0.163905j,0.059982-3.459100j,13.811393
-0.292118-0.771330j,0.227610-0.170293j,0.062725-3.472592j,13.911676
-0.268283-0.778609j,0.235057-0.176336j,0.065489-3.486030j,14.011966
-0.244324-0.785109j,0.242460-0.182026j,0.068272-3.499411j,14.112261
-0.220270-0.790833j,0.249807-0.187359j,0.071074-3.512735j,14.212563
-0.196148-0.795782j,0.257085-0.192330j,0.073894-3.525999j,14.312870
-0.175036-0.799476j,0.263380-0.196375j,0.076374-3.537541j,14.400508
-0.153911-0.802584j,0.269603-0.200139j,0.078866-3.549035j,14.488150
-0.132793-0.805111j,0.275747-0.203622j,0.081371-3.560481j,14.575796
-0.111697-0.807062j,0.281803-0.206822j,0.083887-3.571877j,14.663445
-0.090643-0.808441j,0.287762-0.209741j,0.086415-3.583222j,14.751098
-0.069646-0.809254j,0.293617-0.212379j,0.088953-3.594515j,14.838754
-0.048722-0.809509j,0.299359-0.214739j,0.091501-3.605757j,14.926413
-0.027889-0.809211j,0.304980-0.216821j,0.094058-3.616944j,15.014076
-0.007161-0.808368j,0.310473-0.218628j,0.096623-3.628077j,15.101742
0.013447-0.806988j,0.315831-0.220165j,0.099197-3.639155j,15.189410
0.033920-0.805079j,0.321048-0.221434j,0.101777-3.650177j,15.277081
0.054244-0.802651j,0.326118-0.222440j,0.104363-3.661143j,15.364755
0.074406-0.799711j,0.331035-0.223187j,0.106955-3.672050j,15.452431
0.094392-0.796271j,0.335794-0.223680j,0.109552-3.682899j,15.540110
0.114191-0.792338j,0.340391-0.223925j,0.112152-3.693689j,15.627790
0.133790-0.787925j,0.344823-0.223926j,0.114756-3.704419j,15.715472
0.153179-0.783039j,0.349084-0.223690j,0.117362-3.715088j,15.803157
0.172345-0.777693j,0.353174-0.223222j,0.119970-3.725696j,15.890842
0.191280-0.771897j,0.357090-0.222528j,0.122579-3.736242j,15.978529
0.209972-0.765661j,0.360830-0.221614j,0.125189-3.746726j,16.066218
0.228414-0.758997j,0.364392-0.220487j,0.127797-3.757147j,16.153907
0.246596-0.751916j,0.367778-0.219152j,0.130405-3.767504j,16.241598
0.264510-0.744428j,0.370986-0.217617j,0.133011-3.777797j,16.329289
0.282148-0.736544j,0.374016-0.215886j,0.135614-3.788025j,16.416981
0.299503-0.728277j,0.376870-0.213967j,0.138214-3.798188j,16.504673
0.316568-0.719637j,0.379548-0.211866j,0.140811-3.808285j,16.592366
0.333937-0.710303j,0.382140-0.209502j,0.143496-3.818677j,16.683235
0.350981-0.700593j,0.384547-0.206956j,0.146176-3.828997j,16.774103
0.367695-0.690520j,0.386772-0.204235j,0.148850-3.839245j,16.864972
0.384073-0.680095j,0.388817-0.201344j,0.151517-3.849421j,16.955840
0.400676-0.668940j,0.390750-0.198179j,0.154272-3.859883j,17.049967
0.416907-0.657434j,0.392498-0.194846j,0.157018-3.870266j,17.144094
0.432762-0.645591j,0.394065-0.191354j,0.159756-3.880569j,17.238219
0.448237-0.633424j,0.395454-0.187709j,0.162483-3.890791j,17.332344
0.463327-0.620946j,0.396670-0.183918j,0.165199-3.900933j,17.426468
0.478028-0.608169j,0.397719-0.179987j,0.167905-3.910994j,17.520591
0.492880-0.594601j,0.398634-0.175767j,0.170702-3.921353j,17.618332
0.507306-0.580738j,0.399378-0.171411j,0.173486-3.931623j,17.716070
0.521305-0.566596j,0.399957-0.166927j,0.176256-3.941804j,17.813808
0.534875-0.552186j,0.400375-0.162324j,0.179012-3.951894j,17.911543
0.548014-0.537523j,0.400638-0.157607j,0.181753-3.961893j,18.009277
0.560719-0.522620j,0.400750-0.152785j,0.184478-3.971800j,18.107008
0.572991-0.507489j,0.400718-0.147864j,0.187187-3.981616j,18.204738
0.584828-0.492143j,0.400547-0.142851j,0.189879-3.991338j,18.302465
0.596230-0.476595j,0.400240-0.137753j,0.192553-4.000966j,18.400190
0.607591-0.460276j,0.399786-0.132386j,0.195307-4.010848j,18.501506
0.618484-0.443765j,0.399196-0.126943j,0.198040-4.020628j,18.602818
0.628910-0.427076j,0.398478-0.121431j,0.200753-4.030304j,18.704128
0.638869-0.410221j,0.397634-0.115856j,0.203445-4.039877j,18.805435
0.648362-0.393213j,0.396670-0.110227j,0.206114-4.049345j,18.906738
0.657391-0.376064j,0.395591-0.104550j,0.208761-4.058707j,19.008039
0.665957-0.358785j,0.394400-0.098832j,0.211384-4.067963j,19.109336
0.674062-0.341389j,0.393101-0.093078j,0.213982-4.077111j,19.210630
0.681987-0.323223j,0.391643-0.087077j,0.216653-4.086491j,19.315763
0.689420-0.304954j,0.390077-0.081052j,0.219295-4.095754j,19.420892
0.696362-0.286596j,0.388407-0.075010j,0.221908-4.104898j,19.526017
0.702817-0.268160j,0.386635-0.068958j,0.224491-4.113922j,19.631138
0.708788-0.249658j,0.384766-0.062900j,0.227043-4.122825j,19.736255
0.714277-0.231100j,0.382802-0.056845j,0.229563-4.131606j,19.841368
0.719287-0.212499j,0.380746-0.050796j,0.232049-4.140263j,19.946477
0.722556-0.199271j,0.379232-0.046509j,0.233793-4.146335j,20.021056
0.722556-0.199271j,0.379232-0.046509j,0.233793-4.146335j,20.021056
0.722556-0.199271j,0.379232-0.046509j,0.233793-4.146335j,20.021056
0.722556-0.199271j,0.379232-0.046509j,0.233793-4.146335j,20.021056
0.722556-0.199270j,0.379232-0.046509j,0.233793-4.146335j,20.021056
0.722556-0.199270j,0.379232-0.046509j,0.233793-4.146335j,20.021057
0.722556-0.199270j,0.379232-0.046509j,0.233793-4.146335j,20.021061
0.722557-0.199266j,0.379232-0.046508j,0.233793-4.146337j,20.021080
0.722561-0.199252j,0.379230-0.046503j,0.233795-4.146343j,20.021163
0.722576-0.199185j,0.379222-0.046482j,0.233804-4.146374j,20.021536
0.722648-0.198886j,0.379188-0.046385j,0.233843-4.146510j,20.023218
0.722966-0.197541j,0.379031-0.045950j,0.234019-4.147123j,20.030786
0.724367-0.191487j,0.378322-0.043993j,0.234810-4.149875j,20.064861
0.728542-0.171978j,0.375975-0.037704j,0.237329-4.158645j,20.174756
0.732207-0.152457j,0.373537-0.031442j,0.239807-4.167277j,20.284646
0.735365-0.132936j,0.371010-0.025212j,0.242243-4.175768j,20.394531
0.738021-0.113426j,0.368396-0.019018j,0.244633-4.184117j,20.504411
0.740180-0.093938j,0.365699-0.012866j,0.246978-4.192323j,20.614286
0.741846-0.074483j,0.362919-0.006761j,0.249273-4.200383j,20.724157
0.743023-0.055071j,0.360060-0.000706j,0.251518-4.208297j,20.834022
0.743717-0.035712j,0.357123+0.005293j,0.253711-4.216063j,20.943881
0.743933-0.016416j,0.354111+0.011233j,0.255849-4.223679j,21.053736
0.743657+0.003490j,0.350914+0.017318j,0.258002-4.231406j,21.167498
0.742880+0.023307j,0.347641+0.023332j,0.260091-4.238969j,21.281254
0.741605+0.043025j,0.344294+0.029271j,0.262112-4.246365j,21.395004
0.739840+0.062634j,0.340874+0.035131j,0.264064-4.253593j,21.508749
0.737590+0.082126j,0.337384+0.040909j,0.265942-4.260651j,21.622488
0.734861+0.101489j,0.333827+0.046603j,0.267744-4.267537j,21.736220
0.731659+0.120715j,0.330204+0.052209j,0.269465-4.274248j,21.849948
0.727989+0.139794j,0.326518+0.057724j,0.271103-4.280784j,21.963669
0.723858+0.158718j,0.322771+0.063147j,0.272653-4.287141j,22.077384
0.719271+0.177478j,0.318965+0.068475j,0.274112-4.293317j,22.191094
0.714235+0.196065j,0.315102+0.073706j,0.275475-4.299312j,22.304798
0.708756+0.214471j,0.311185+0.078837j,0.276738-4.305121j,22.418496
0.702625+0.233321j,0.307077+0.084042j,0.277935-4.310937j,22.536166
0.696033+0.251958j,0.302915+0.089137j,0.279016-4.316551j,22.653829
0.688985+0.270375j,0.298704+0.094121j,0.279975-4.321959j,22.771486
0.681490+0.288563j,0.294445+0.098992j,0.280806-4.327160j,22.889137
