0.881494+0.048517j,0.447328-9.410201j,0.447328-3.127015j,0.000000
0.881494+0.048517j,0.447328-9.410201j,0.447328-3.127015j,0.000000
0.881494+0.048517j,0.447328-9.410201j,0.447328-3.127015j,0.000000
0.881494+0.048517j,0.447328-9.410201j,0.447328-3.127015j,0.000000
0.881494+0.048517j,0.447328-9.410201j,0.447328-3.127015j,0.000000
0.881494+0.048517j,0.447328-9.410201j,0.447328-3.127015j,0.000001
0.881494+0.048516j,0.447328-9.410201j,0.447328-3.127015j,0.000005
0.881494+0.048514j,0.447328-9.410202j,0.447328-3.127016j,0.000024
0.881495+0.048502j,0.447328-9.410205j,0.447328-3.127020j,0.000107
0.881497+0.048450j,0.447328-9.410221j,0.447328-3.127035j,0.000480
0.881509+0.048214j,0.447329-9.410292j,0.447329-3.127106j,0.002162
0.881559+0.047152j,0.447333-9.410611j,0.447333-3.127426j,0.009729
0.881772+0.042372j,0.447349-9.412048j,0.447349-3.128863j,0.043780
0.882204+0.029921j,0.447379-9.415790j,0.447379-3.132605j,0.132465
0.882459+0.017465j,0.447390-9.419532j,0.447390-3.136347j,0.221150
0.882540+0.005008j,0.447383-9.423274j,0.447383-3.140088j,0.309835
0.882444-0.007447j,0.447357-9.427015j,0.447357-3.143830j,0.398519
0.882172-0.019899j,0.447314-9.430756j,0.447314-3.147571j,0.487204
0.881725-0.032344j,0.447252-9.434497j,0.447252-3.151312j,0.575889
0.881103-0.044781j,0.447172-9.438238j,0.447172-3.155052j,0.664574
0.880304-0.057207j,0.447074-9.441979j,0.447074-3.158793j,0.753259
0.879331-0.069619j,0.446957-9.445719j,0.446957-3.162534j,0.841944
0.878183-0.082015j,0.446822-9.449460j,0.446822-3.166275j,0.930629
0.876860-0.094393j,0.446669-9.453201j,0.446669-3.170015j,1.019314
0.875363-0.106749j,0.446498-9.456942j,0.446498-3.173756j,1.107999
0.873691-0.119083j,0.446308-9.460683j,0.446308-3.177497j,1.196683
0.871846-0.131390j,0.446100-9.464424j,0.446100-3.181239j,1.285368
0.869827-0.143669j,0.445874-9.468165j,0.445874-3.184980j,1.374053
0.867636-0.155917j,0.445630-9.471907j,0.445630-3.188722j,1.462738
0.865272-0.168131j,0.445367-9.475649j,0.445367-3.192464j,1.551423
0.862736-0.180310j,0.445086-9.479392j,0.445086-3.196206j,1.640108
0.860029-0.192452j,0.444786-9.483134j,0.444786-3.199949j,1.728793
0.857151-0.204552j,0.444469-9.486878j,0.444469-3.203692j,1.817478
0.854102-0.216610j,0.444132-9.490621j,0.444132-3.207436j,1.906163
0.850885-0.228622j,0.443778-9.494366j,0.443778-3.211180j,1.994847
0.847498-0.240587j,0.443405-9.498111j,0.443405-3.214925j,2.083532
0.843943-0.252501j,0.443014-9.501856j,0.443014-3.218671j,2.172217
0.840220-0.264364j,0.442604-9.505602j,0.442604-3.222417j,2.260902
0.836331-0.276171j,0.442176-9.509349j,0.442176-3.226164j,2.349587
0.832276-0.287921j,0.441729-9.513097j,0.441729-3.229912j,2.438272
0.828056-0.299612j,0.441264-9.516846j,0.441264-3.233660j,2.526957
0.823672-0.311241j,0.440780-9.520595j,0.440780-3.237410j,2.615642
0.819124-0.322806j,0.440278-9.524345j,0.440278-3.241160j,2.704326
0.814414-0.334305j,0.439758-9.528097j,0.439758-3.244911j,2.793011
0.809543-0.345735j,0.439218-9.531849j,0.439218-3.248664j,2.881696
0.804511-0.357094j,0.438660-9.535602j,0.438660-3.252417j,2.970381
0.799320-0.368381j,0.438084-9.539357j,0.438084-3.256172j,3.059066
0.793971-0.379591j,0.437489-9.543113j,0.437489-3.259927j,3.147751
0.788464-0.390724j,0.436875-9.546869j,0.436875-3.263684j,3.236436
0.782802-0.401777j,0.436242-9.550627j,0.436242-3.267442j,3.325121
0.776984-0.412749j,0.435591-9.554387j,0.435591-3.271202j,3.413806
0.771013-0.423636j,0.434921-9.558148j,0.434921-3.274962j,3.502490
0.764889-0.434437j,0.434232-9.561910j,0.434232-3.278725j,3.591175
0.758614-0.445149j,0.433524-9.565673j,0.433524-3.282488j,3.679860
0.752189-0.455771j,0.432798-9.569439j,0.432798-3.286253j,3.768545
0.745615-0.466300j,0.432052-9.573205j,0.432052-3.290020j,3.857230
0.738894-0.476734j,0.431288-9.576974j,0.431288-3.293788j,3.945915
0.732027-0.487071j,0.430505-9.580744j,0.430505-3.297558j,4.034600
0.725016-0.497310j,0.429702-9.584515j,0.429702-3.301330j,4.123285
0.717861-0.507448j,0.428881-9.588289j,0.428881-3.305104j,4.211969
0.710564-0.517483j,0.428041-9.592064j,0.428041-3.308879j,4.300654
0.703128-0.527413j,0.427181-9.595842j,0.427181-3.312656j,4.389339
0.695552-0.537236j,0.426302-9.599621j,0.426302-3.316436j,4.478024
0.687839-0.546950j,0.425405-9.603402j,0.425405-3.320217j,4.566709
0.679991-0.556554j,0.424487-9.607186j,0.424487-3.324000j,4.655394
0.672009-0.566045j,0.423551-9.610971j,0.423551-3.327786j,4.744079
0.663894-0.575422j,0.422595-9.614759j,0.422595-3.331573j,4.832764
0.655648-0.584682j,0.421620-9.618549j,0.421620-3.335363j,4.921449
0.648220-0.592805j,0.420738-9.621915j,0.420738-3.338730j,5.000180
0.648220-0.592805j,0.420738-9.621915j,0.420738-3.338730j,5.000180
0.648220-0.592805j,0.420738-9.621915j,0.420738-3.338730j,5.000180
0.648220-0.592805j,0.420738-9.621915j,0.420738-3.338730j,5.000180
0.648220-0.592805j,0.420738-9.621915j,0.420738-3.338730j,5.000180
0.648220-0.592805j,0.420738-9.621915j,0.420738-3.338730j,5.000181
0.648220-0.592805j,0.420738-9.621915j,0.420738-3.338730j,5.000185
0.648218-0.592807j,0.420738-9.621916j,0.420738-3.338731j,5.000203
0.648210-0.592816j,0.420737-9.621920j,0.420737-3.338734j,5.000286
0.648174-0.592854j,0.420733-9.621936j,0.420733-3.338750j,5.000660
0.648015-0.593026j,0.420714-9.622008j,0.420714-3.338822j,5.002342
0.647295-0.593802j,0.420628-9.622331j,0.420628-3.339146j,5.009908
0.644046-0.597280j,0.420241-9.623788j,0.420241-3.340603j,5.043960
0.635491-0.606261j,0.419219-9.627586j,0.419219-3.344400j,5.132690
0.626811-0.615120j,0.418178-9.631386j,0.418178-3.348200j,5.221421
0.618007-0.623854j,0.417117-9.635188j,0.417117-3.352003j,5.310152
0.609082-0.632462j,0.416036-9.638993j,0.416036-3.355808j,5.398882
0.600038-0.640942j,0.414936-9.642801j,0.414936-3.359616j,5.487613
0.590875-0.649294j,0.413816-9.646612j,0.413816-3.363426j,5.576344
0.581595-0.657514j,0.412676-9.650425j,0.412676-3.367240j,5.665074
0.572202-0.665602j,0.411516-9.654241j,0.411516-3.371056j,5.753805
0.562696-0.673555j,0.410337-9.658061j,0.410337-3.374875j,5.842535
0.553080-0.681373j,0.409137-9.661883j,0.409137-3.378697j,5.931266
0.543355-0.689054j,0.407918-9.665708j,0.407918-3.382523j,6.019997
0.533523-0.696596j,0.406678-9.669537j,0.406678-3.386351j,6.108727
0.523587-0.703997j,0.405419-9.673368j,0.405419-3.390183j,6.197458
0.513548-0.711257j,0.404139-9.677204j,0.404139-3.394018j,6.286189
0.503409-0.718374j,0.402839-9.681042j,0.402839-3.397857j,6.374919
0.493171-0.725346j,0.401518-9.684884j,0.401518-3.401699j,6.463650
0.482836-0.732172j,0.400177-9.688730j,0.400177-3.405544j,6.552381
0.472407-0.738852j,0.398816-9.692579j,0.398816-3.409394j,6.641111
0.461886-0.745382j,0.397435-9.696432j,0.397435-3.413247j,6.729842
0.451275-0.751763j,0.396033-9.700289j,0.396033-3.417103j,6.818573
0.440575-0.757993j,0.394610-9.704149j,0.394610-3.420964j,6.907303
0.429789-0.764071j,0.393166-9.708014j,0.393166-3.424829j,6.996034
0.418920-0.769995j,0.391702-9.711883j,0.391702-3.428698j,7.084765
0.407969-0.775765j,0.390217-9.715756j,0.390217-3.432570j,7.173495
0.396939-0.781379j,0.388711-9.719633j,0.388711-3.436448j,7.262226
0.385831-0.786836j,0.387185-9.723515j,0.387185-3.440329j,7.350957
0.374649-0.792135j,0.385637-9.727401j,0.385637-3.444215j,7.439687
0.363394-0.797275j,0.384068-9.731291j,0.384068-3.448106j,7.528418
0.352068-0.802256j,0.382478-9.735186j,0.382478-3.452001j,7.617149
0.340674-0.807075j,0.380867-9.739086j,0.380867-3.455901j,7.705879
0.329215-0.811733j,0.379235-9.742991j,0.379235-3.459806j,7.794610
0.317691-0.816228j,0.377581-9.746901j,0.377581-3.463716j,7.883341
0.306107-0.820560j,0.375906-9.750816j,0.375906-3.467631j,7.972071
0.294463-0.824727j,0.374209-9.754736j,0.374209-3.471551j,8.060802
0.282763-0.828729j,0.372490-9.758662j,0.372490-3.475476j,8.149533
0.271008-0.832565j,0.370751-9.762592j,0.370751-3.479407j,8.238263
0.259202-0.836235j,0.368989-9.766529j,0.368989-3.483343j,8.326994
0.247346-0.839737j,0.367205-9.770471j,0.367205-3.487285j,8.415725
0.235443-0.843070j,0.365400-9.774418j,0.365400-3.491233j,8.504455
0.223495-0.846236j,0.363572-9.778372j,0.363572-3.495187j,8.593186
0.211504-0.849232j,0.361723-9.782331j,0.361723-3.499146j,8.681916
0.199473-0.852058j,0.359852-9.786297j,0.359852-3.503112j,8.770647
0.187405-0.854713j,0.357958-9.790269j,0.357958-3.507084j,8.859378
0.175302-0.857198j,0.356042-9.794247j,0.356042-3.511062j,8.948108
0.163166-0.859512j,0.354103-9.798232j,0.354103-3.515047j,9.036839
0.150999-0.861653j,0.352142-9.802224j,0.352142-3.519039j,9.125570
0.138805-0.863623j,0.350159-9.806222j,0.350159-3.523037j,9.214300
0.126585-0.865419j,0.348153-9.810227j,0.348153-3.527042j,9.303031
0.114341-0.867043j,0.346124-9.814240j,0.346124-3.531054j,9.391762
0.102078-0.868494j,0.344073-9.818259j,0.344073-3.535074j,9.480492
0.089796-0.869772j,0.341999-9.822286j,0.341999-3.539101j,9.569223
0.077498-0.870875j,0.339901-9.826321j,0.339901-3.543135j,9.657954
0.065187-0.871805j,0.337781-9.830363j,0.337781-3.547178j,9.746684
0.052866-0.872561j,0.335637-9.834413j,0.335637-3.551228j,9.835415
0.040536-0.873143j,0.333471-9.838471j,0.333471-3.555286j,9.924146
0.029940-0.873504j,0.331591-9.841963j,0.331591-3.558778j,10.000359
0.029940-0.873504j,0.331591-9.841963j,0.331591-3.558778j,10.000359
0.029940-0.873504j,0.331591-9.841963j,0.331591-3.558778j,10.000359
0.029940-0.873504j,0.331591-9.841963j,0.331591-3.558778j,10.000359
0.029940-0.873504j,0.331591-9.841963j,0.331591-3.558778j,10.000360
0.029940-0.873504j,0.331591-9.841963j,0.331591-3.558778j,10.000360
0.029939-0.873504j,0.331591-9.841963j,0.331591-3.558778j,10.000365
0.029937-0.873504j,0.331591-9.841964j,0.331591-3.558779j,10.000383
0.029925-0.873504j,0.331588-9.841968j,0.331588-3.558783j,10.000466
0.029873-0.873506j,0.331579-9.841985j,0.331579-3.558800j,10.000840
0.029640-0.873512j,0.331538-9.842062j,0.331538-3.558877j,10.002521
0.028587-0.873540j,0.331350-9.842409j,0.331350-3.559224j,10.010088
0.023852-0.873653j,0.330504-9.843972j,0.330504-3.560787j,10.044139
0.011506-0.873825j,0.328281-9.848052j,0.328281-3.564866j,10.132916
-0.000841-0.873822j,0.326035-9.852140j,0.326035-3.568954j,10.221693
-0.013185-0.873645j,0.323765-9.856237j,0.323765-3.573051j,10.310471
-0.025524-0.873294j,0.321471-9.860343j,0.321471-3.577157j,10.399248
-0.037856-0.872769j,0.319154-9.864458j,0.319154-3.581272j,10.488025
-0.050178-0.872069j,0.316813-9.868582j,0.316813-3.585397j,10.576802
-0.062488-0.871195j,0.314447-9.872716j,0.314447-3.589530j,10.665579
-0.074784-0.870148j,0.312058-9.876859j,0.312058-3.593674j,10.754356
-0.087062-0.868927j,0.309645-9.881013j,0.309645-3.597827j,10.843133
-0.099321-0.867533j,0.307207-9.885176j,0.307207-3.601991j,10.931910
-0.111558-0.865966j,0.304746-9.889350j,0.304746-3.606165j,11.020687
-0.123770-0.864227j,0.302260-9.893534j,0.302260-3.610349j,11.109465
-0.135955-0.862315j,0.299749-9.897729j,0.299749-3.614544j,11.198242
-0.148111-0.860232j,0.297214-9.901935j,0.297214-3.618750j,11.287019
-0.160236-0.857977j,0.294654-9.906152j,0.294654-3.622967j,11.375796
-0.172326-0.855551j,0.292070-9.910381j,0.292070-3.627195j,11.464573
-0.184380-0.852955j,0.289461-9.914621j,0.289461-3.631435j,11.553350
-0.196394-0.850190j,0.286827-9.918872j,0.286827-3.635687j,11.642127
-0.208368-0.847255j,0.284168-9.923136j,0.284168-3.639951j,11.730904
-0.220297-0.844151j,0.281484-9.927413j,0.281484-3.644227j,11.819681
-0.232181-0.840880j,0.278775-9.931702j,0.278775-3.648516j,11.908458
-0.244016-0.837441j,0.276041-9.936003j,0.276041-3.652818j,11.997236
-0.255800-0.833836j,0.273281-9.940318j,0.273281-3.657133j,12.086013
-0.267531-0.830064j,0.270497-9.944646j,0.270497-3.661461j,12.174790
-0.279207-0.826128j,0.267687-9.948988j,0.267687-3.665802j,12.263567
-0.290825-0.822028j,0.264851-9.953343j,0.264851-3.670158j,12.352344
-0.302382-0.817764j,0.261991-9.957713j,0.261991-3.674528j,12.441121
-0.313878-0.813338j,0.259104-9.962097j,0.259104-3.678912j,12.529898
-0.325308-0.808751j,0.256192-9.966496j,0.256192-3.683311j,12.618675
-0.336672-0.804002j,0.253255-9.970910j,0.253255-3.687725j,12.707452
-0.347966-0.799094j,0.250291-9.975339j,0.250291-3.692154j,12.796230
-0.359189-0.794028j,0.247302-9.979784j,0.247302-3.696599j,12.885007
-0.370338-0.788804j,0.244288-9.984245j,0.244288-3.701059j,12.973784
-0.381412-0.783423j,0.241247-9.988722j,0.241247-3.705536j,13.062561
-0.392407-0.777887j,0.238180-9.993215j,0.238180-3.710030j,13.151338
-0.403322-0.772197j,0.235088-9.997726j,0.235088-3.714540j,13.240115
-0.414154-0.766353j,0.231970-10.002253j,0.231970-3.719068j,13.328892
-0.424902-0.760358j,0.228825-10.006798j,0.228825-3.723613j,13.417669
-0.435564-0.754212j,0.225655-10.011361j,0.225655-3.728176j,13.506446
-0.446136-0.747916j,0.222459-10.015942j,0.222459-3.732757j,13.595223
-0.456617-0.741472j,0.219236-10.020542j,0.219236-3.737357j,13.684001
-0.467006-0.734882j,0.215988-10.025161j,0.215988-3.741975j,13.772778
-0.477299-0.728146j,0.212713-10.029799j,0.212713-3.746613j,13.861555
-0.487495-0.721266j,0.209413-10.034456j,0.209413-3.751271j,13.950332
-0.497592-0.714243j,0.206087-10.039134j,0.206087-3.755949j,14.039109
-0.507588-0.707078j,0.202734-10.043832j,0.202734-3.760647j,14.127886
-0.517481-0.699774j,0.199356-10.048551j,0.199356-3.765365j,14.216663
-0.527269-0.692332j,0.195951-10.053291j,0.195951-3.770105j,14.305440
-0.536950-0.684752j,0.192521-10.058052j,0.192521-3.774867j,14.394217
-0.546522-0.677038j,0.189065-10.062835j,0.189065-3.779650j,14.482995
-0.555983-0.669189j,0.185582-10.067641j,0.185582-3.784456j,14.571772
-0.565332-0.661209j,0.182075-10.072470j,0.182075-3.789284j,14.660549
-0.574566-0.653097j,0.178541-10.077321j,0.178541-3.794136j,14.749326
-0.583683-0.644857j,0.174982-10.082197j,0.174982-3.799011j,14.838103
-0.592683-0.636490j,0.171397-10.087096j,0.171397-3.803911j,14.926880
-0.600059-0.629452j,0.168403-10.091179j,0.168403-3.807994j,15.000539
-0.600059-0.629452j,0.168403-10.091179j,0.168403-3.807994j,15.000539
-0.600059-0.629452j,0.168403-10.091179j,0.168403-3.807994j,15.000539
-0.600059-0.629452j,0.168403-10.091179j,0.168403-3.807994j,15.000539
-0.600059-0.629452j,0.168403-10.091179j,0.168403-3.807994j,15.000539
-0.600059-0.629452j,0.168403-10.091179j,0.168403-3.807994j,15.000540
-0.600059-0.629452j,0.168403-10.091180j,0.168403-3.807994j,15.000544
-0.600061-0.629450j,0.168402-10.091181j,0.168402-3.807995j,15.000563
-0.600070-0.629442j,0.168399-10.091185j,0.168399-3.808000j,15.000646
-0.600107-0.629406j,0.168383-10.091206j,0.168383-3.808021j,15.001019
-0.600274-0.629244j,0.168315-10.091299j,0.168315-3.808114j,15.002701
-0.601027-0.628516j,0.168006-10.091720j,0.168006-3.808535j,15.010268
-0.604403-0.625228j,0.166615-10.093614j,0.166615-3.810429j,15.044319
-0.613127-0.616567j,0.162969-10.098574j,0.162969-3.815389j,15.133146
-0.621726-0.607784j,0.159298-10.103559j,0.159298-3.820373j,15.221972
-0.630199-0.598882j,0.155602-10.108570j,0.155602-3.825384j,15.310799
-0.638545-0.589861j,0.151880-10.113607j,0.151880-3.830421j,15.399626
-0.646762-0.580724j,0.148134-10.118671j,0.148134-3.835485j,15.488452
-0.654848-0.571472j,0.144362-10.123762j,0.144362-3.840576j,15.577279
-0.662802-0.562108j,0.140567-10.128880j,0.140567-3.845695j,15.666105
-0.670622-0.552633j,0.136746-10.134027j,0.136746-3.850842j,15.754932
-0.678306-0.543050j,0.132902-10.139203j,0.132902-3.856018j,15.843759
-0.685854-0.533359j,0.129033-10.144408j,0.129033-3.861222j,15.932585
-0.693263-0.523564j,0.125141-10.149642j,0.125141-3.866456j,16.021412
-0.700532-0.513666j,0.121225-10.154906j,0.121225-3.871720j,16.110239
-0.707661-0.503667j,0.117285-10.160200j,0.117285-3.877015j,16.199065
-0.714646-0.493570j,0.113322-10.165526j,0.113322-3.882340j,16.287892
-0.721487-0.483375j,0.109337-10.170883j,0.109337-3.887697j,16.376719
-0.728183-0.473086j,0.105328-10.176271j,0.105328-3.893086j,16.465545
-0.734733-0.462704j,0.101297-10.181692j,0.101297-3.898507j,16.554372
-0.741134-0.452231j,0.097244-10.187146j,0.097244-3.903961j,16.643199
-0.747386-0.441670j,0.093170-10.192633j,0.093170-3.909448j,16.732025
-0.753488-0.431022j,0.089073-10.198154j,0.089073-3.914968j,16.820852
-0.759438-0.420291j,0.084956-10.203709j,0.084956-3.920523j,16.909679
-0.765235-0.409477j,0.080818-10.209298j,0.080818-3.926113j,16.998505
-0.770878-0.398583j,0.076659-10.214923j,0.076659-3.931737j,17.087332
-0.776366-0.387612j,0.072480-10.220583j,0.072480-3.937397j,17.176159
-0.781698-0.376565j,0.068281-10.226279j,0.068281-3.943093j,17.264985
-0.786873-0.365444j,0.064063-10.232011j,0.064063-3.948826j,17.353812
-0.791890-0.354253j,0.059827-10.237780j,0.059827-3.954595j,17.442639
-0.796747-0.342993j,0.055571-10.243587j,0.055571-3.960401j,17.531465
-0.801445-0.331666j,0.051298-10.249431j,0.051298-3.966246j,17.620292
-0.805981-0.320276j,0.047007-10.255313j,0.047007-3.972128j,17.709119
-0.810356-0.308823j,0.042699-10.261234j,0.042699-3.978049j,17.797945
-0.814568-0.297310j,0.038374-10.267194j,0.038374-3.984008j,17.886772
-0.818616-0.285740j,0.034033-10.273193j,0.034033-3.990008j,17.975599
-0.822500-0.274116j,0.029677-10.279232j,0.029677-3.996046j,18.064425
-0.826219-0.262438j,0.025305-10.285310j,0.025305-4.002125j,18.153252
-0.829773-0.250710j,0.020919-10.291430j,0.020919-4.008244j,18.242079
-0.833160-0.238934j,0.016519-10.297590j,0.016519-4.014404j,18.330905
-0.836379-0.227112j,0.012105-10.303791j,0.012105-4.020606j,18.419732
-0.839432-0.215248j,0.007678-10.310034j,0.007678-4.026848j,18.508559
-0.842315-0.203342j,0.003240-10.316318j,0.003240-4.033133j,18.597385
-0.845030-0.191398j,-0.001211-10.322644j,-0.001211-4.039459j,18.686212
-0.847576-0.179417j,-0.005673-10.329013j,-0.005673-4.045828j,18.775039
-0.849952-0.167403j,-0.010145-10.335425j,-0.010145-4.052239j,18.863865
-0.852157-0.155358j,-0.014627-10.341879j,-0.014627-4.058694j,18.952692
-0.854192-0.143283j,-0.019119-10.348377j,-0.019119-4.065191j,19.041519
-0.856056-0.131182j,-0.023619-10.354917j,-0.023619-4.071732j,19.130345
-0.857748-0.119058j,-0.028127-10.361502j,-0.028127-4.078317j,19.219172
-0.859269-0.106911j,-0.032642-10.368130j,-0.032642-4.084945j,19.307998
-0.860618-0.094745j,-0.037164-10.374802j,-0.037164-4.091617j,19.396825
-0.861794-0.082563j,-0.041691-10.381519j,-0.041691-4.098333j,19.485652
-0.862798-0.070366j,-0.046224-10.388279j,-0.046224-4.105094j,19.574478
-0.863630-0.058157j,-0.050762-10.395084j,-0.050762-4.111899j,19.663305
-0.864289-0.045939j,-0.055303-10.401934j,-0.055303-4.118749j,19.752132
-0.864775-0.033714j,-0.059848-10.408828j,-0.059848-4.125643j,19.840958
-0.865088-0.021484j,-0.064395-10.415767j,-0.064395-4.132582j,19.929785
-0.865214-0.011717j,-0.068028-10.421340j,-0.068028-4.138155j,20.000719
-0.865214-0.011717j,-0.068028-10.421340j,-0.068028-4.138155j,20.000719
-0.865214-0.011717j,-0.068028-10.421340j,-0.068028-4.138155j,20.000719
-0.865214-0.011717j,-0.068028-10.421340j,-0.068028-4.138155j,20.000719
-0.865214-0.011717j,-0.068028-10.421340j,-0.068028-4.138155j,20.000719
-0.865214-0.011716j,-0.068028-10.421340j,-0.068028-4.138155j,20.000720
-0.865214-0.011716j,-0.068028-10.421341j,-0.068028-4.138155j,20.000724
-0.865214-0.011713j,-0.068029-10.421342j,-0.068029-4.138157j,20.000742
-0.865214-0.011702j,-0.068033-10.421349j,-0.068033-4.138163j,20.000825
-0.865214-0.011650j,-0.068053-10.421378j,-0.068053-4.138193j,20.001199
-0.865216-0.011419j,-0.068139-10.421510j,-0.068139-4.138325j,20.002881
-0.865222-0.010377j,-0.068526-10.422107j,-0.068526-4.138921j,20.010447
-0.865236-0.005688j,-0.070270-10.424794j,-0.070270-4.141609j,20.044499
-0.865153+0.006550j,-0.074823-10.431839j,-0.074823-4.148654j,20.133372
-0.864897+0.018784j,-0.079376-10.438929j,-0.079376-4.155744j,20.222246
-0.864468+0.031012j,-0.083928-10.446064j,-0.083928-4.162879j,20.311120
-0.863866+0.043231j,-0.088479-10.453244j,-0.088479-4.170058j,20.399994
-0.863091+0.055440j,-0.093029-10.460468j,-0.093029-4.177283j,20.488868
-0.862143+0.067636j,-0.097575-10.467737j,-0.097575-4.184552j,20.577742
-0.861024+0.079815j,-0.102118-10.475051j,-0.102118-4.191866j,20.666616
-0.859732+0.091977j,-0.106658-10.482409j,-0.106658-4.199224j,20.755490
-0.858269+0.104118j,-0.111192-10.489812j,-0.111192-4.206626j,20.844364
-0.856634+0.116236j,-0.115722-10.497259j,-0.115722-4.214073j,20.933238
-0.854828+0.128329j,-0.120245-10.504750j,-0.120245-4.221564j,21.022112
-0.852852+0.140394j,-0.124761-10.512285j,-0.124761-4.229099j,21.110986
-0.850705+0.152428j,-0.129270-10.519863j,-0.129270-4.236678j,21.199860
-0.848388+0.164430j,-0.133771-10.527486j,-0.133771-4.244300j,21.288733
-0.845902+0.176397j,-0.138263-10.535151j,-0.138263-4.251966j,21.377607
-0.843248+0.188327j,-0.142746-10.542860j,-0.142746-4.259675j,21.466481
-0.840425+0.200217j,-0.147219-10.550611j,-0.147219-4.267426j,21.555355
-0.837434+0.212064j,-0.151681-10.558406j,-0.151681-4.275220j,21.644229
-0.834277+0.223867j,-0.156133-10.566242j,-0.156133-4.283057j,21.733103
-0.830953+0.235624j,-0.160572-10.574121j,-0.160572-4.290935j,21.821977
-0.827464+0.247330j,-0.164999-10.582041j,-0.164999-4.298855j,21.910851
-0.823809+0.258986j,-0.169413-10.590002j,-0.169413-4.306817j,21.999725
-0.819991+0.270587j,-0.173813-10.598005j,-0.173813-4.314820j,22.088599
-0.816009+0.282133j,-0.178199-10.606048j,-0.178199-4.322863j,22.177473
-0.811865+0.293619j,-0.182571-10.614132j,-0.182571-4.330947j,22.266347
-0.807559+0.305045j,-0.186927-10.622256j,-0.186927-4.339070j,22.355221
-0.803092+0.316408j,-0.191268-10.630419j,-0.191268-4.347234j,22.444095
-0.798465+0.327706j,-0.195593-10.638622j,-0.195593-4.355436j,22.532968
-0.793680+0.338936j,-0.199901-10.646863j,-0.199901-4.363678j,22.621842
-0.788736+0.350096j,-0.204191-10.655143j,-0.204191-4.371957j,22.710716
-0.783636+0.361185j,-0.208464-10.663460j,-0.208464-4.380275j,22.799590
-0.778380+0.372199j,-0.212720-10.671816j,-0.212720-4.388631j,22.888464
-0.772969+0.383136j,-0.216956-10.680208j,-0.216956-4.397023j,22.977338
-0.767404+0.393995j,-0.221174-10.688638j,-0.221174-4.405452j,23.066212
-0.761687+0.404773j,-0.225372-10.697103j,-0.225372-4.413918j,23.155086
-0.755819+0.415469j,-0.229551-10.705605j,-0.229551-4.422420j,23.243960
-0.749800+0.426079j,-0.233709-10.714142j,-0.233709-4.430956j,23.332834
-0.743633+0.436602j,-0.237847-10.722714j,-0.237847-4.439528j,23.421708
-0.737317+0.447036j,-0.241964-10.731320j,-0.241964-4.448135j,23.510582
-0.730856+0.457379j,-0.246060-10.739960j,-0.246060-4.456775j,23.599456
-0.724249+0.467629j,-0.250135-10.748634j,-0.250135-4.465449j,23.688329
-0.717499+0.477783j,-0.254187-10.757342j,-0.254187-4.474156j,23.777203
-0.710606+0.487839j,-0.258218-10.766082j,-0.258218-4.482896j,23.866077
-0.703573+0.497796j,-0.262226-10.774854j,-0.262226-4.491668j,23.954951
-0.696400+0.507652j,-0.266212-10.783657j,-0.266212-4.500472j,24.043825
-0.689089+0.517405j,-0.270175-10.792493j,-0.270175-4.509307j,24.132699
-0.681641+0.527052j,-0.274114-10.801359j,-0.274114-4.518173j,24.221573
-0.674059+0.536592j,-0.278031-10.810255j,-0.278031-4.527070j,24.310447
-0.666343+0.546024j,-0.281923-10.819181j,-0.281923-4.535996j,24.399321
-0.658494+0.555344j,-0.285792-10.828137j,-0.285792-4.544951j,24.488195
-0.650516+0.564551j,-0.289637-10.837121j,-0.289637-4.553936j,24.577069
-0.642409+0.573644j,-0.293458-10.846135j,-0.293458-4.562949j,24.665943
-0.634175+0.582621j,-0.297254-10.855176j,-0.297254-4.571991j,24.754817
-0.625815+0.591479j,-0.301026-10.864245j,-0.301026-4.581059j,24.843690
-0.617332+0.600218j,-0.304773-10.873341j,-0.304773-4.590156j,24.932564
-0.610727+0.606854j,-0.307637-10.880353j,-0.307637-4.597168j,25.000898
-0.610727+0.606854j,-0.307637-10.880353j,-0.307637-4.597168j,25.000898
-0.610727+0.606854j,-0.307637-10.880353j,-0.307637-4.597168j,25.000898
-0.610727+0.606854j,-0.307637-10.880353j,-0.307637-4.597168j,25.000898
-0.610727+0.606854j,-0.307637-10.880353j,-0.307637-4.597168j,25.000899
-0.610726+0.606854j,-0.307637-10.880353j,-0.307637-4.597168j,25.000899
-0.610726+0.606855j,-0.307637-10.880353j,-0.307637-4.597168j,25.000904
-0.610724+0.606857j,-0.307638-10.880355j,-0.307638-4.597170j,25.000922
-0.610716+0.606865j,-0.307641-10.880364j,-0.307641-4.597179j,25.001005
-0.610680+0.606901j,-0.307657-10.880402j,-0.307657-4.597217j,25.001379
-0.610516+0.607063j,-0.307727-10.880575j,-0.307727-4.597390j,25.003060
-0.609780+0.607793j,-0.308043-10.881353j,-0.308043-4.598167j,25.010627
-0.606457+0.611068j,-0.309464-10.884854j,-0.309464-4.601668j,25.044678
-0.597696+0.619533j,-0.313157-10.894014j,-0.313157-4.610829j,25.133598
-0.588816+0.627873j,-0.316824-10.903201j,-0.316824-4.620015j,25.222518
-0.579821+0.636086j,-0.320467-10.912412j,-0.320467-4.629227j,25.311438
-0.570711+0.644170j,-0.324084-10.921649j,-0.324084-4.638464j,25.400358
-0.561488+0.652123j,-0.327675-10.930910j,-0.327675-4.647725j,25.489278
-0.552155+0.659944j,-0.331241-10.940195j,-0.331241-4.657010j,25.578198
-0.542712+0.667632j,-0.334782-10.949504j,-0.334782-4.666319j,25.667118
-0.533163+0.675185j,-0.338296-10.958836j,-0.338296-4.675650j,25.756038
-0.523508+0.682601j,-0.341785-10.968190j,-0.341785-4.685005j,25.844958
-0.513751+0.689879j,-0.345248-10.977568j,-0.345248-4.694382j,25.933878
-0.503892+0.697018j,-0.348686-10.986967j,-0.348686-4.703781j,26.022798
-0.493934+0.704016j,-0.352097-10.996388j,-0.352097-4.713202j,26.111718
-0.483879+0.710871j,-0.355483-11.005829j,-0.355483-4.722644j,26.200638
-0.473729+0.717583j,-0.358843-11.015292j,-0.358843-4.732107j,26.289558
-0.463486+0.724151j,-0.362177-11.024776j,-0.362177-4.741590j,26.378478
-0.453152+0.730572j,-0.365484-11.034279j,-0.365484-4.751094j,26.467398
-0.442729+0.736845j,-0.368766-11.043802j,-0.368766-4.760617j,26.556318
-0.432219+0.742970j,-0.372022-11.053344j,-0.372022-4.770159j,26.645238
-0.421624+0.748945j,-0.375252-11.062906j,-0.375252-4.779720j,26.734158
-0.410947+0.754769j,-0.378456-11.072486j,-0.378456-4.789301j,26.823078
-0.400190+0.760441j,-0.381634-11.082084j,-0.381634-4.798899j,26.911998
-0.389354+0.765960j,-0.384787-11.091700j,-0.384787-4.808515j,27.000918
-0.378443+0.771324j,-0.387913-11.101334j,-0.387913-4.818149j,27.089838
-0.367457+0.776533j,-0.391013-11.110986j,-0.391013-4.827800j,27.178758
-0.356400+0.781585j,-0.394088-11.120654j,-0.394088-4.837468j,27.267678
-0.345273+0.786480j,-0.397137-11.130339j,-0.397137-4.847153j,27.356598
-0.334080+0.791216j,-0.400160-11.140040j,-0.400160-4.856854j,27.445518
-0.322821+0.795794j,-0.403158-11.149757j,-0.403158-4.866572j,27.534438
-0.311500+0.800211j,-0.406129-11.159490j,-0.406129-4.876305j,27.623358
-0.300118+0.804467j,-0.409075-11.169238j,-0.409075-4.886053j,27.712278
-0.288679+0.808561j,-0.411996-11.179002j,-0.411996-4.895816j,27.801198
-0.277183+0.812493j,-0.414891-11.188780j,-0.414891-4.905595j,27.890118
-0.265634+0.816261j,-0.417761-11.198573j,-0.417761-4.915387j,27.979038
-0.254034+0.819865j,-0.420605-11.208380j,-0.420605-4.925194j,28.067958
-0.242386+0.823304j,-0.423424-11.218201j,-0.423424-4.935016j,28.156878
-0.230690+0.826578j,-0.426217-11.228036j,-0.426217-4.944850j,28.245798
-0.218951+0.829686j,-0.428986-11.237884j,-0.428986-4.954699j,28.334718
-0.207170+0.832627j,-0.431729-11.247746j,-0.431729-4.964560j,28.423638
-0.195349+0.835400j,-0.434447-11.257620j,-0.434447-4.974435j,28.512558
-0.183492+0.838006j,-0.437140-11.267507j,-0.437140-4.984322j,28.601478
-0.171600+0.840444j,-0.439809-11.277407j,-0.439809-4.994222j,28.690398
-0.159675+0.842713j,-0.442452-11.287319j,-0.442452-5.004133j,28.779318
-0.147721+0.844813j,-0.445071-11.297243j,-0.445071-5.014057j,28.868238
-0.135740+0.846743j,-0.447665-11.307178j,-0.447665-5.023993j,28.957158
-0.123733+0.848503j,-0.450234-11.317125j,-0.450234-5.033940j,29.046078
-0.111704+0.850094j,-0.452779-11.327084j,-0.452779-5.043898j,29.134998
-0.099654+0.851513j,-0.455299-11.337053j,-0.455299-5.053868j,29.223918
-0.087587+0.852762j,-0.457795-11.347034j,-0.457795-5.063848j,29.312837
-0.075504+0.853840j,-0.460267-11.357025j,-0.460267-5.073839j,29.401757
-0.063408+0.854747j,-0.462715-11.367026j,-0.462715-5.083841j,29.490677
-0.051302+0.855482j,-0.465138-11.377038j,-0.465138-5.093852j,29.579597
-0.039187+0.856046j,-0.467537-11.387060j,-0.467537-5.103874j,29.668517
-0.027067+0.856438j,-0.469913-11.397091j,-0.469913-5.113906j,29.757437
-0.014944+0.856659j,-0.472264-11.407133j,-0.472264-5.123947j,29.846357
-0.002820+0.856709j,-0.474592-11.417183j,-0.474592-5.133998j,29.935277
0.006151+0.856635j,-0.476299-11.424627j,-0.476299-5.141442j,30.001078
0.006151+0.856635j,-0.476299-11.424627j,-0.476299-5.141442j,30.001078
0.006151+0.856635j,-0.476299-11.424627j,-0.476299-5.141442j,30.001078
0.006151+0.856635j,-0.476299-11.424627j,-0.476299-5.141442j,30.001078
0.006151+0.856635j,-0.476299-11.424627j,-0.476299-5.141442j,30.001078
0.006151+0.856635j,-0.476299-11.424627j,-0.476299-5.141442j,30.001079
0.006152+0.856635j,-0.476299-11.424627j,-0.476299-5.141442j,30.001083
0.006154+0.856634j,-0.476300-11.424630j,-0.476300-5.141444j,30.001102
0.006166+0.856634j,-0.476302-11.424639j,-0.476302-5.141454j,30.001185
0.006217+0.856634j,-0.476311-11.424681j,-0.476311-5.141496j,30.001558
0.006446+0.856631j,-0.476355-11.424872j,-0.476355-5.141686j,30.003240
0.007477+0.856616j,-0.476550-11.425728j,-0.476550-5.142543j,30.010807
0.012119+0.856533j,-0.477428-11.429582j,-0.477428-5.146397j,30.044858
0.024243+0.856199j,-0.479704-11.439659j,-0.479704-5.156474j,30.133828
0.036360+0.855694j,-0.481956-11.449745j,-0.481956-5.166560j,30.222798
0.048468+0.855017j,-0.484185-11.459840j,-0.484185-5.176654j,30.311767
0.060563+0.854169j,-0.486391-11.469943j,-0.486391-5.186757j,30.400737
0.072645+0.853150j,-0.488573-11.480054j,-0.488573-5.196869j,30.489707
0.084709+0.851960j,-0.490732-11.490174j,-0.490732-5.206989j,30.578677
0.096755+0.850599j,-0.492868-11.500302j,-0.492868-5.217116j,30.667647
0.108779+0.849068j,-0.494981-11.510437j,-0.494981-5.227252j,30.756616
0.120779+0.847367j,-0.497071-11.520581j,-0.497071-5.237396j,30.845586
0.132753+0.845496j,-0.499139-11.530732j,-0.499139-5.247547j,30.934556
0.144697+0.843457j,-0.501183-11.540890j,-0.501183-5.257705j,31.023526
0.156611+0.841248j,-0.503204-11.551056j,-0.503204-5.267871j,31.112496
0.168492+0.838872j,-0.505203-11.561229j,-0.505203-5.278044j,31.201466
0.180336+0.836328j,-0.507180-11.571409j,-0.507180-5.288224j,31.290435
0.192142+0.833616j,-0.509134-11.581596j,-0.509134-5.298411j,31.379405
0.203907+0.830738j,-0.511065-11.591790j,-0.511065-5.308605j,31.468375
0.215630+0.827694j,-0.512974-11.601990j,-0.512974-5.318805j,31.557345
0.227307+0.824484j,-0.514861-11.612197j,-0.514861-5.329012j,31.646315
0.238937+0.821110j,-0.516726-11.622410j,-0.516726-5.339225j,31.735284
0.250516+0.817571j,-0.518569-11.632630j,-0.518569-5.349444j,31.824254
0.262043+0.813870j,-0.520390-11.642855j,-0.520390-5.359670j,31.913224
0.273516+0.810006j,-0.522189-11.653087j,-0.522189-5.369901j,32.002194
0.284932+0.805980j,-0.523966-11.663324j,-0.523966-5.380139j,32.091164
0.296289+0.801793j,-0.525721-11.673567j,-0.525721-5.390382j,32.180133
0.307584+0.797447j,-0.527454-11.683816j,-0.527454-5.400631j,32.269103
0.318815+0.792941j,-0.529166-11.694071j,-0.529166-5.410885j,32.358073
0.329981+0.788277j,-0.530857-11.704330j,-0.530857-5.421145j,32.447043
0.341078+0.783456j,-0.532526-11.714595j,-0.532526-5.431410j,32.536013
0.352106+0.778479j,-0.534173-11.724866j,-0.534173-5.441680j,32.624983
0.363060+0.773346j,-0.535799-11.735141j,-0.535799-5.451956j,32.713952
0.373940+0.768060j,-0.537404-11.745422j,-0.537404-5.462236j,32.802922
0.384743+0.762620j,-0.538988-11.755707j,-0.538988-5.472522j,32.891892
0.395467+0.757029j,-0.540551-11.765997j,-0.540551-5.482812j,32.980862
0.406109+0.751287j,-0.542092-11.776292j,-0.542092-5.493107j,33.069832
0.416669+0.745395j,-0.543613-11.786592j,-0.543613-5.503406j,33.158801
0.427143+0.739355j,-0.545113-11.796896j,-0.545113-5.513710j,33.247771
0.437529+0.733167j,-0.546591-11.807204j,-0.546591-5.524019j,33.336741
0.447826+0.726834j,-0.548049-11.817517j,-0.548049-5.534332j,33.425711
0.458031+0.720356j,-0.549487-11.827834j,-0.549487-5.544649j,33.514681
0.468143+0.713735j,-0.550903-11.838155j,-0.550903-5.554970j,33.603650
0.478159+0.706972j,-0.552299-11.848481j,-0.552299-5.565295j,33.692620
0.488077+0.700069j,-0.553675-11.858810j,-0.553675-5.575625j,33.781590
0.497896+0.693026j,-0.555030-11.869143j,-0.555030-5.585958j,33.870560
0.507613+0.685846j,-0.556365-11.879480j,-0.556365-5.596295j,33.959530
0.517227+0.678530j,-0.557679-11.889821j,-0.557679-5.606636j,34.048499
0.526735+0.671078j,-0.558973-11.900166j,-0.558973-5.616980j,34.137469
0.536136+0.663494j,-0.560247-11.910514j,-0.560247-5.627329j,34.226439
0.545428+0.655778j,-0.561500-11.920866j,-0.561500-5.637680j,34.315409
0.554609+0.647932j,-0.562734-11.931221j,-0.562734-5.648035j,34.404379
0.563677+0.639957j,-0.563947-11.941579j,-0.563947-5.658394j,34.493349
0.572630+0.631856j,-0.565140-11.951941j,-0.565140-5.668756j,34.582318
0.581467+0.623629j,-0.566314-11.962306j,-0.566314-5.679121j,34.671288
0.590186+0.615279j,-0.567467-11.972674j,-0.567467-5.689489j,34.760258
0.598785+0.606807j,-0.568601-11.983046j,-0.568601-5.699860j,34.849228
0.607262+0.598214j,-0.569715-11.993420j,-0.569715-5.710235j,34.938198
0.613196+0.592053j,-0.570492-12.000775j,-0.570492-5.717590j,35.001258
0.613196+0.592053j,-0.570492-12.000775j,-0.570492-5.717590j,35.001258
0.613196+0.592053j,-0.570492-12.000775j,-0.570492-5.717590j,35.001258
0.613196+0.592053j,-0.570492-12.000775j,-0.570492-5.717590j,35.001258
0.613196+0.592053j,-0.570492-12.000775j,-0.570492-5.717590j,35.001258
0.613196+0.592052j,-0.570492-12.000775j,-0.570492-5.717590j,35.001259
0.613197+0.592052j,-0.570492-12.000775j,-0.570492-5.717590j,35.001263
0.613198+0.592050j,-0.570492-12.000778j,-0.570492-5.717592j,35.001282
0.613206+0.592042j,-0.570493-12.000787j,-0.570493-5.717602j,35.001365
0.613241+0.592005j,-0.570498-12.000831j,-0.570498-5.717646j,35.001738
0.613399+0.591840j,-0.570519-12.001027j,-0.570519-5.717842j,35.003420
0.614106+0.591097j,-0.570611-12.001910j,-0.570611-5.718724j,35.010987
0.617279+0.587740j,-0.571026-12.005882j,-0.571026-5.722697j,35.045038
0.625488+0.578885j,-0.572097-12.016268j,-0.572097-5.733083j,35.134054
0.633569+0.569915j,-0.573148-12.026657j,-0.573148-5.743472j,35.223069
0.641521+0.560833j,-0.574180-12.037049j,-0.574180-5.753863j,35.312085
0.649344+0.551639j,-0.575192-12.047443j,-0.575192-5.764258j,35.401101
0.657034+0.542337j,-0.576184-12.057840j,-0.576184-5.774655j,35.490117
0.664592+0.532928j,-0.577157-12.068240j,-0.577157-5.785054j,35.579132
0.672015+0.523413j,-0.578110-12.078642j,-0.578110-5.795456j,35.668148
0.679301+0.513795j,-0.579044-12.089046j,-0.579044-5.805861j,35.757164
0.686450+0.504075j,-0.579959-12.099453j,-0.579959-5.816268j,35.846180
0.693460+0.494256j,-0.580854-12.109862j,-0.580854-5.826677j,35.935195
0.700330+0.484340j,-0.581730-12.120274j,-0.581730-5.837089j,36.024211
0.707057+0.474328j,-0.582587-12.130688j,-0.582587-5.847502j,36.113227
0.713642+0.464222j,-0.583425-12.141103j,-0.583425-5.857918j,36.202243
0.720082+0.454026j,-0.584243-12.151521j,-0.584243-5.868336j,36.291258
0.726377+0.443740j,-0.585042-12.161942j,-0.585042-5.878756j,36.380274
0.732525+0.433367j,-0.585822-12.172364j,-0.585822-5.889178j,36.469290
0.738524+0.422909j,-0.586583-12.182788j,-0.586583-5.899602j,36.558306
0.744375+0.412367j,-0.587325-12.193213j,-0.587325-5.910028j,36.647321
0.750075+0.401745j,-0.588048-12.203641j,-0.588048-5.920456j,36.736337
0.755623+0.391045j,-0.588752-12.214071j,-0.588752-5.930885j,36.825353
0.761019+0.380267j,-0.589437-12.224502j,-0.589437-5.941317j,36.914369
0.766261+0.369415j,-0.590103-12.234935j,-0.590103-5.951750j,37.003384
0.771348+0.358491j,-0.590750-12.245369j,-0.590750-5.962184j,37.092400
0.776280+0.347498j,-0.591378-12.255806j,-0.591378-5.972620j,37.181416
0.781055+0.336436j,-0.591987-12.266243j,-0.591987-5.983058j,37.270432
0.785672+0.325309j,-0.592578-12.276682j,-0.592578-5.993497j,37.359447
0.790131+0.314118j,-0.593149-12.287123j,-0.593149-6.003938j,37.448463
0.794431+0.302866j,-0.593702-12.297565j,-0.593702-6.014380j,37.537479
0.798570+0.291556j,-0.594236-12.308008j,-0.594236-6.024823j,37.626495
0.802549+0.280189j,-0.594752-12.318453j,-0.594752-6.035268j,37.715510
0.806365+0.268768j,-0.595249-12.328899j,-0.595249-6.045714j,37.804526
0.810020+0.257295j,-0.595727-12.339346j,-0.595727-6.056161j,37.893542
0.813510+0.245773j,-0.596186-12.349794j,-0.596186-6.066609j,37.982558
0.816838+0.234203j,-0.596627-12.360244j,-0.596627-6.077059j,38.071573
0.820000+0.222588j,-0.597049-12.370694j,-0.597049-6.087509j,38.160589
0.822997+0.210931j,-0.597452-12.381146j,-0.597452-6.097961j,38.249605
0.825829+0.199233j,-0.597837-12.391598j,-0.597837-6.108413j,38.338621
0.828495+0.187498j,-0.598203-12.402052j,-0.598203-6.118867j,38.427636
0.830993+0.175727j,-0.598550-12.412506j,-0.598550-6.129321j,38.516652
0.833325+0.163923j,-0.598879-12.422961j,-0.598879-6.139776j,38.605668
0.835489+0.152088j,-0.599190-12.433417j,-0.599190-6.150232j,38.694684
0.836302+0.147252j,-0.599329-12.437679j,-0.599329-6.154494j,38.730966
