0.121471-0.203885j,0.036195-0.427189j,0.036212+0.231995j,0.934459
0.121471-0.203885j,0.036195-0.427189j,0.036212+0.231995j,0.934459
0.121471-0.203885j,0.036195-0.427189j,0.036212+0.231995j,0.934459
0.121471-0.203885j,0.036194-0.427189j,0.036212+0.231995j,0.934459
0.121471-0.203885j,0.036194-0.427189j,0.036212+0.231995j,0.934460
0.121471-0.203885j,0.036194-0.427189j,0.036212+0.231995j,0.934461
0.121470-0.203886j,0.036191-0.427190j,0.036213+0.231994j,0.934465
0.121464-0.203889j,0.036179-0.427194j,0.036217+0.231990j,0.934483
0.121438-0.203904j,0.036126-0.427214j,0.036235+0.231973j,0.934566
0.121323-0.203973j,0.035886-0.427301j,0.036315+0.231898j,0.934940
0.120803-0.204283j,0.034808-0.427693j,0.036678+0.231562j,0.936621
0.118461-0.205674j,0.029953-0.429420j,0.038307+0.230063j,0.944189
0.114859-0.207804j,0.022480-0.431966j,0.040805+0.227804j,0.955823
0.111252-0.209924j,0.014999-0.434377j,0.043296+0.225598j,0.967456
0.107640-0.212035j,0.007514-0.436652j,0.045780+0.223445j,0.979088
0.104023-0.214137j,0.000027-0.438787j,0.048255+0.221341j,0.990719
0.100400-0.216230j,-0.007457-0.440782j,0.050721+0.219285j,1.002348
0.096770-0.218315j,-0.014934-0.442635j,0.053177+0.217275j,1.013977
0.093133-0.220392j,-0.022399-0.444344j,0.055624+0.215311j,1.025605
0.089488-0.222461j,-0.029847-0.445909j,0.058061+0.213389j,1.037231
0.085834-0.224522j,-0.037272-0.447328j,0.060488+0.211508j,1.048856
0.082171-0.226577j,-0.044669-0.448603j,0.062904+0.209667j,1.060480
0.078497-0.228625j,-0.052030-0.449733j,0.065310+0.207864j,1.072103
0.074813-0.230667j,-0.059351-0.450720j,0.067706+0.206098j,1.083725
0.071116-0.232703j,-0.066624-0.451567j,0.070091+0.204367j,1.095346
0.067407-0.234733j,-0.073844-0.452275j,0.072467+0.202670j,1.106965
0.063684-0.236758j,-0.081004-0.452849j,0.074832+0.201005j,1.118583
0.059947-0.238777j,-0.088098-0.453292j,0.077186+0.199372j,1.130200
0.056194-0.240791j,-0.095120-0.453610j,0.079531+0.197768j,1.141816
0.052426-0.242800j,-0.102067-0.453807j,0.081866+0.196192j,1.153431
0.048640-0.244805j,-0.108932-0.453891j,0.084191+0.194644j,1.165044
0.044837-0.246805j,-0.115713-0.453867j,0.086506+0.193123j,1.176657
0.041014-0.248800j,-0.122406-0.453741j,0.088812+0.191626j,1.188268
0.037173-0.250792j,-0.129009-0.453523j,0.091109+0.190153j,1.199878
0.033310-0.252778j,-0.135519-0.453217j,0.093397+0.188703j,1.211488
0.029427-0.254761j,-0.141937-0.452831j,0.095675+0.187275j,1.223096
0.025522-0.256739j,-0.148261-0.452373j,0.097945+0.185869j,1.234704
0.021593-0.258713j,-0.154492-0.451850j,0.100206+0.184482j,1.246310
0.017504-0.260751j,-0.160842-0.451245j,0.102537+0.183068j,1.258318
0.013389-0.262784j,-0.167094-0.450584j,0.104858+0.181674j,1.270324
0.009247-0.264812j,-0.173251-0.449874j,0.107171+0.180298j,1.282330
0.004880-0.266931j,-0.179598-0.449083j,0.109584+0.178877j,1.294899
0.000482-0.269044j,-0.185847-0.448251j,0.111987+0.177475j,1.307467
-0.004107-0.271227j,-0.192217-0.447351j,0.114466+0.176043j,1.320481
-0.008730-0.273404j,-0.198490-0.446420j,0.116936+0.174629j,1.333494
-0.013571-0.275659j,-0.204907-0.445424j,0.119492+0.173179j,1.347010
-0.018452-0.277907j,-0.211227-0.444404j,0.122038+0.171747j,1.360525
-0.023578-0.280241j,-0.217712-0.443323j,0.124679+0.170275j,1.374599
-0.028749-0.282567j,-0.224105-0.442226j,0.127310+0.168821j,1.388671
-0.034196-0.284988j,-0.230683-0.441068j,0.130046+0.167322j,1.403358
-0.039694-0.287399j,-0.237172-0.439902j,0.132771+0.165841j,1.418045
-0.045498-0.289912j,-0.243869-0.438677j,0.135610+0.164311j,1.433401
-0.051360-0.292415j,-0.250480-0.437450j,0.138438+0.162800j,1.448757
-0.057564-0.295026j,-0.257321-0.436165j,0.141389+0.161235j,1.464839
-0.063832-0.297627j,-0.264082-0.434883j,0.144328+0.159689j,1.480921
-0.070478-0.300342j,-0.271095-0.433543j,0.147398+0.158086j,1.497785
-0.077198-0.303045j,-0.278033-0.432211j,0.150457+0.156503j,1.514649
-0.084334-0.305869j,-0.285246-0.430823j,0.153656+0.154859j,1.532353
-0.091553-0.308680j,-0.292390-0.429445j,0.156843+0.153235j,1.550056
-0.099232-0.311619j,-0.299833-0.428011j,0.160179+0.151549j,1.568658
-0.107004-0.314542j,-0.307215-0.426592j,0.163502+0.149882j,1.587259
-0.115157-0.317554j,-0.314804-0.425137j,0.166930+0.148176j,1.606526
-0.123412-0.320549j,-0.322340-0.423700j,0.170346+0.146489j,1.625793
-0.131772-0.323526j,-0.329830-0.422279j,0.173748+0.144823j,1.645060
-0.140237-0.326488j,-0.337278-0.420875j,0.177138+0.143175j,1.664326
-0.149184-0.329560j,-0.345012-0.419429j,0.180663+0.141476j,1.684428
-0.158247-0.332614j,-0.352711-0.418000j,0.184174+0.139796j,1.704531
-0.167427-0.335651j,-0.360380-0.416589j,0.187673+0.138136j,1.724633
-0.176726-0.338669j,-0.368023-0.415196j,0.191159+0.136494j,1.744735
-0.186519-0.341789j,-0.375946-0.413765j,0.194770+0.134808j,1.765632
-0.196442-0.344890j,-0.383849-0.412352j,0.198369+0.133141j,1.786530
-0.206495-0.347973j,-0.391736-0.410957j,0.201956+0.131494j,1.807428
-0.216679-0.351037j,-0.399610-0.409579j,0.205529+0.129866j,1.828326
-0.227381-0.354197j,-0.407766-0.408166j,0.209224+0.128197j,1.850001
-0.238225-0.357338j,-0.415914-0.406771j,0.212906+0.126549j,1.871676
-0.249212-0.360460j,-0.424056-0.405392j,0.216574+0.124920j,1.893352
-0.260341-0.363564j,-0.432195-0.404029j,0.220231+0.123312j,1.915029
-0.272026-0.366762j,-0.440628-0.402633j,0.224007+0.121666j,1.937488
-0.283866-0.369942j,-0.449062-0.401253j,0.227770+0.120040j,1.959948
-0.295861-0.373103j,-0.457497-0.399889j,0.231519+0.118436j,1.982408
-0.308011-0.376246j,-0.465938-0.398539j,0.235256+0.116851j,2.004870
-0.320767-0.379485j,-0.474689-0.397156j,0.239115+0.115231j,2.028142
-0.333690-0.382707j,-0.483448-0.395788j,0.242960+0.113632j,2.051414
-0.346781-0.385910j,-0.492216-0.394434j,0.246792+0.112055j,2.074688
-0.360042-0.389097j,-0.500993-0.393094j,0.250610+0.110499j,2.097962
-0.373968-0.392384j,-0.510104-0.391719j,0.254554+0.108907j,2.122089
-0.388076-0.395654j,-0.519227-0.390358j,0.258484+0.107338j,2.146217
-0.402366-0.398908j,-0.528363-0.389011j,0.262399+0.105792j,2.170346
-0.416839-0.402146j,-0.537512-0.387676j,0.266300+0.104267j,2.194476
-0.432049-0.405489j,-0.547019-0.386305j,0.270332+0.102708j,2.219510
-0.447457-0.408817j,-0.556542-0.384948j,0.274349+0.101171j,2.244545
-0.463061-0.412130j,-0.566080-0.383603j,0.278350+0.099658j,2.269582
-0.478862-0.415428j,-0.575633-0.382270j,0.282335+0.098168j,2.294620
-0.495482-0.418839j,-0.585571-0.380899j,0.286458+0.096643j,2.320619
-0.512315-0.422236j,-0.595525-0.379541j,0.290564+0.095143j,2.346620
-0.529361-0.425619j,-0.605496-0.378195j,0.294653+0.093666j,2.372623
-0.546620-0.428989j,-0.615482-0.376861j,0.298726+0.092212j,2.398627
-0.564787-0.432479j,-0.625881-0.375487j,0.302941+0.090725j,2.425654
-0.583185-0.435957j,-0.636295-0.374124j,0.307138+0.089262j,2.452683
-0.601813-0.439423j,-0.646726-0.372774j,0.311316+0.087824j,2.479713
-0.620673-0.442877j,-0.657172-0.371435j,0.315476+0.086409j,2.506745
-0.640539-0.446460j,-0.668056-0.370054j,0.319785+0.084962j,2.534864
-0.660654-0.450032j,-0.678955-0.368684j,0.324074+0.083540j,2.562985
-0.681020-0.453593j,-0.689869-0.367327j,0.328343+0.082143j,2.591107
-0.701636-0.457146j,-0.700797-0.365980j,0.332592+0.080769j,2.619231
-0.723365-0.460835j,-0.712188-0.364590j,0.336994+0.079364j,2.648507
-0.745366-0.464515j,-0.723592-0.363211j,0.341375+0.077985j,2.677784
-0.767638-0.468186j,-0.735009-0.361844j,0.345735+0.076630j,2.707063
-0.790181-0.471850j,-0.746436-0.360488j,0.350073+0.075299j,2.736345
-0.813954-0.475660j,-0.758351-0.359087j,0.354569+0.073938j,2.766843
-0.838022-0.479463j,-0.770276-0.357697j,0.359042+0.072603j,2.797343
-0.862385-0.483259j,-0.782209-0.356319j,0.363492+0.071292j,2.827844
-0.887043-0.487050j,-0.794149-0.354952j,0.367918+0.070006j,2.858348
-0.913056-0.490996j,-0.806601-0.353538j,0.372507+0.068690j,2.890134
-0.939391-0.494936j,-0.819057-0.352137j,0.377071+0.067400j,2.921922
-0.966046-0.498873j,-0.831518-0.350746j,0.381611+0.066135j,2.953712
-0.993023-0.502806j,-0.843981-0.349367j,0.386125+0.064893j,2.985504
-1.021492-0.506903j,-0.856977-0.347941j,0.390805+0.063624j,3.018643
-1.050311-0.510998j,-0.869972-0.346527j,0.395459+0.062381j,3.051784
-1.079480-0.515091j,-0.882966-0.345125j,0.400087+0.061161j,3.084927
-1.109000-0.519182j,-0.895957-0.343734j,0.404688+0.059966j,3.118072
-1.140158-0.523447j,-0.909500-0.342296j,0.409458+0.058744j,3.152630
-1.171699-0.527712j,-0.923037-0.340870j,0.414201+0.057547j,3.187189
-1.203624-0.531978j,-0.936566-0.339456j,0.418915+0.056374j,3.221751
-1.235932-0.536244j,-0.950086-0.338054j,0.423602+0.055224j,3.256314
-1.270038-0.540694j,-0.964175-0.336605j,0.428460+0.054050j,3.292354
-1.304562-0.545147j,-0.978251-0.335169j,0.433289+0.052900j,3.328396
-1.339507-0.549602j,-0.992313-0.333745j,0.438089+0.051773j,3.364440
-1.374872-0.554060j,-1.006360-0.332334j,0.442860+0.050670j,3.400487
-1.412206-0.558713j,-1.020990-0.330876j,0.447805+0.049543j,3.438073
-1.450000-0.563371j,-1.035601-0.329431j,0.452719+0.048439j,3.475662
-1.488255-0.568033j,-1.050190-0.328000j,0.457602+0.047359j,3.513253
-1.526973-0.572701j,-1.064756-0.326582j,0.462455+0.046301j,3.550846
-1.567844-0.577575j,-1.079920-0.325118j,0.467485+0.045221j,3.590043
-1.609222-0.582456j,-1.095055-0.323668j,0.472482+0.044163j,3.629241
-1.651107-0.587344j,-1.110162-0.322232j,0.477448+0.043128j,3.668442
-1.693501-0.592240j,-1.125237-0.320811j,0.482382+0.042115j,3.707645
-1.738250-0.597354j,-1.140922-0.319343j,0.487494+0.041081j,3.748515
-1.783556-0.602477j,-1.156571-0.317892j,0.492572+0.040069j,3.789386
-1.829421-0.607610j,-1.172183-0.316455j,0.497619+0.039079j,3.830260
-1.875848-0.612753j,-1.187755-0.315033j,0.502632+0.038110j,3.871136
-1.924847-0.618125j,-1.203947-0.313567j,0.507825+0.037121j,3.913740
-1.974461-0.623510j,-1.220094-0.312117j,0.512984+0.036153j,3.956346
-2.024693-0.628907j,-1.236195-0.310683j,0.518109+0.035206j,3.998954
-2.075544-0.634316j,-1.252249-0.309265j,0.523201+0.034280j,4.041564
-2.129204-0.639968j,-1.268930-0.307804j,0.528473+0.033335j,4.085963
-2.183543-0.645634j,-1.285558-0.306360j,0.533710+0.032411j,4.130365
-2.238564-0.651314j,-1.302132-0.304933j,0.538912+0.031506j,4.174768
-2.294271-0.657010j,-1.318651-0.303523j,0.544081+0.030621j,4.219174
-2.353042-0.662961j,-1.335802-0.302072j,0.549430+0.029719j,4.265428
-2.412565-0.668929j,-1.352892-0.300638j,0.554744+0.028837j,4.311684
-2.472843-0.674914j,-1.369919-0.299222j,0.560023+0.027973j,4.357942
-2.533880-0.680918j,-1.386884-0.297824j,0.565267+0.027129j,4.404203
-2.598258-0.687189j,-1.404484-0.296386j,0.570692+0.026268j,4.452369
-2.663469-0.693480j,-1.422015-0.294967j,0.576082+0.025426j,4.500539
-2.729517-0.699791j,-1.439476-0.293566j,0.581435+0.024602j,4.548710
-2.796407-0.706122j,-1.456867-0.292184j,0.586754+0.023796j,4.596883
-2.866937-0.712735j,-1.474895-0.290763j,0.592254+0.022975j,4.647020
-2.938391-0.719371j,-1.492846-0.289362j,0.597717+0.022172j,4.697158
-3.010773-0.726030j,-1.510720-0.287980j,0.603144+0.021386j,4.747299
-3.084091-0.732711j,-1.528515-0.286617j,0.608536+0.020617j,4.797442
-3.161374-0.739688j,-1.546949-0.285218j,0.614108+0.019834j,4.849603
-3.239681-0.746691j,-1.565298-0.283839j,0.619644+0.019068j,4.901766
-3.319020-0.753720j,-1.583562-0.282479j,0.625144+0.018319j,4.953932
-3.399397-0.760774j,-1.601742-0.281138j,0.630607+0.017586j,5.006099
-3.484092-0.768138j,-1.620558-0.279764j,0.636252+0.016840j,5.060338
-3.569925-0.775531j,-1.639283-0.278410j,0.641859+0.016110j,5.114580
-3.656904-0.782952j,-1.657916-0.277075j,0.647430+0.015396j,5.168823
-3.745038-0.790403j,-1.676459-0.275759j,0.652964+0.014697j,5.223069
-3.837871-0.798177j,-1.695635-0.274412j,0.658679+0.013986j,5.279437
-3.931970-0.805984j,-1.714714-0.273085j,0.664357+0.013290j,5.335808
-4.027342-0.813822j,-1.733696-0.271778j,0.669997+0.012610j,5.392181
-4.123997-0.821693j,-1.752581-0.270490j,0.675602+0.011943j,5.448556
-4.225769-0.829902j,-1.772095-0.269172j,0.681386+0.011266j,5.507104
-4.328946-0.838147j,-1.791507-0.267875j,0.687132+0.010603j,5.565655
-4.433540-0.846427j,-1.810816-0.266597j,0.692842+0.009955j,5.624208
-4.539561-0.854742j,-1.830022-0.265339j,0.698515+0.009320j,5.682763
-4.651150-0.863412j,-1.849854-0.264052j,0.704367+0.008674j,5.743538
-4.764303-0.872120j,-1.869577-0.262786j,0.710181+0.008043j,5.804317
-4.879031-0.880867j,-1.889193-0.261539j,0.715958+0.007425j,5.865097
-4.995348-0.889652j,-1.908702-0.260312j,0.721699+0.006819j,5.925880
-5.117723-0.898809j,-1.928830-0.259058j,0.727618+0.006205j,5.988931
-5.241837-0.908007j,-1.948846-0.257824j,0.733499+0.005603j,6.051984
-5.367705-0.917247j,-1.968749-0.256610j,0.739342+0.005014j,6.115039
-5.495340-0.926530j,-1.988541-0.255414j,0.745150+0.004437j,6.178097
-5.629568-0.936199j,-2.008947-0.254194j,0.751134+0.003851j,6.243467
-5.765731-0.945915j,-2.029236-0.252993j,0.757080+0.003278j,6.308840
-5.903844-0.955676j,-2.049409-0.251812j,0.762990+0.002717j,6.374216
-6.043926-0.965483j,-2.069466-0.250649j,0.768863+0.002167j,6.439594
-6.191183-0.975694j,-2.090132-0.249463j,0.774911+0.001609j,6.507328
-6.340591-0.985954j,-2.110676-0.248296j,0.780922+0.001063j,6.575065
-6.492170-0.996265j,-2.131101-0.247147j,0.786896+0.000528j,6.642804
-6.645940-1.006625j,-2.151408-0.246017j,0.792834+0.000004j,6.710546
-6.807520-1.017407j,-2.172315-0.244866j,0.798945-0.000528j,6.780687
-6.971493-1.028242j,-2.193098-0.243733j,0.805019-0.001048j,6.850830
-7.137882-1.039132j,-2.213759-0.242618j,0.811057-0.001558j,6.920976
-7.306710-1.050075j,-2.234299-0.241520j,0.817058-0.002057j,6.991125
-7.484041-1.061458j,-2.255432-0.240403j,0.823232-0.002564j,7.063714
-7.664033-1.072898j,-2.276439-0.239304j,0.829368-0.003060j,7.136305
-7.846714-1.084397j,-2.297321-0.238222j,0.835468-0.003545j,7.208900
-8.032110-1.095954j,-2.318080-0.237158j,0.841532-0.004022j,7.281497
-8.226764-1.107969j,-2.339425-0.236075j,0.847767-0.004504j,7.356574
-8.424380-1.120047j,-2.360641-0.235009j,0.853964-0.004977j,7.431654
-8.624987-1.132187j,-2.381730-0.233961j,0.860125-0.005440j,7.506737
-8.828615-1.144389j,-2.402695-0.232929j,0.866251-0.005894j,7.581823
-9.035294-1.156655j,-2.423535-0.231913j,0.872341-0.006339j,7.656911
-9.253971-1.169504j,-2.445126-0.230872j,0.878651-0.006793j,7.735146
-9.476029-1.182421j,-2.466585-0.229847j,0.884923-0.007238j,7.813384
-9.701504-1.195406j,-2.487916-0.228839j,0.891160-0.007675j,7.891624
-9.930430-1.208460j,-2.509120-0.227847j,0.897361-0.008102j,7.969868
-10.162844-1.221582j,-2.530198-0.226871j,0.903526-0.008522j,8.048114
-10.408576-1.235317j,-2.552014-0.225870j,0.909909-0.008950j,8.129562
-10.658167-1.249126j,-2.573697-0.224886j,0.916256-0.009369j,8.211012
-10.911660-1.263009j,-2.595250-0.223917j,0.922566-0.009781j,8.292466
-11.169095-1.276967j,-2.616675-0.222964j,0.928840-0.010184j,8.373923
-11.430515-1.290999j,-2.637973-0.222026j,0.935080-0.010579j,8.455383
-11.706741-1.305675j,-2.659997-0.221065j,0.941534-0.010983j,8.540102
-11.987373-1.320432j,-2.681887-0.220120j,0.947952-0.011378j,8.624824
-12.272459-1.335269j,-2.703647-0.219190j,0.954334-0.011765j,8.709550
-12.562047-1.350186j,-2.725277-0.218275j,0.960681-0.012146j,8.794278
-12.856187-1.365184j,-2.746780-0.217373j,0.966993-0.012518j,8.879010
-13.166798-1.380859j,-2.768997-0.216452j,0.973518-0.012899j,8.967058
-13.482436-1.396620j,-2.791080-0.215544j,0.980006-0.013271j,9.055109
-13.803158-1.412468j,-2.813031-0.214651j,0.986459-0.013637j,9.143163
-14.129022-1.428404j,-2.834853-0.213772j,0.992876-0.013995j,9.231220
-14.460085-1.444426j,-2.856547-0.212907j,0.999260-0.014347j,9.319281
-14.809480-1.461158j,-2.878943-0.212023j,1.005853-0.014705j,9.410713
-15.164612-1.477983j,-2.901206-0.211152j,1.012410-0.015056j,9.502149
-15.525548-1.494902j,-2.923337-0.210295j,1.018932-0.015401j,9.593588
-15.892354-1.511915j,-2.945337-0.209451j,1.025419-0.015739j,9.685030
-16.265098-1.529021j,-2.967210-0.208621j,1.031872-0.016071j,9.776476
-16.658259-1.546871j,-2.989774-0.207772j,1.038532-0.016409j,9.871348
-17.057965-1.564822j,-3.012204-0.206937j,1.045157-0.016740j,9.966223
-17.464295-1.582873j,-3.034503-0.206115j,1.051747-0.017065j,10.061101
-17.877327-1.601024j,-3.056672-0.205305j,1.058302-0.017384j,10.155983
-18.297140-1.619275j,-3.078712-0.204508j,1.064823-0.017698j,10.250869
-18.739706-1.638306j,-3.101434-0.203694j,1.071550-0.018016j,10.349234
-19.189740-1.657444j,-3.124021-0.202892j,1.078241-0.018329j,10.447602
-19.647332-1.676689j,-3.146478-0.202103j,1.084897-0.018636j,10.545975
-20.112574-1.696041j,-3.168804-0.201326j,1.091519-0.018937j,10.644350
-20.585560-1.715499j,-3.191003-0.200561j,1.098107-0.019232j,10.742730
-21.083919-1.735773j,-3.213872-0.199780j,1.104898-0.019533j,10.844641
-21.590797-1.756162j,-3.236608-0.199012j,1.111654-0.019828j,10.946556
-22.106300-1.776663j,-3.259213-0.198255j,1.118375-0.020118j,11.048475
-22.630535-1.797278j,-3.281689-0.197509j,1.125062-0.020402j,11.150397
-23.163611-1.818006j,-3.304038-0.196775j,1.131716-0.020681j,11.252324
-23.725001-1.839587j,-3.327046-0.196026j,1.138570-0.020965j,11.357833
-24.296110-1.861289j,-3.349922-0.195288j,1.145390-0.021244j,11.463347
-24.877059-1.883110j,-3.372668-0.194562j,1.152175-0.021517j,11.568865
-25.467975-1.905051j,-3.395286-0.193846j,1.158926-0.021786j,11.674387
-26.068983-1.927110j,-3.417777-0.193141j,1.165644-0.022050j,11.779912
-26.701610-1.950061j,-3.440917-0.192423j,1.172561-0.022318j,11.889072
-27.345321-1.973137j,-3.463926-0.191715j,1.179443-0.022581j,11.998237
-28.000261-1.996340j,-3.486806-0.191018j,1.186291-0.022839j,12.107405
-28.666575-2.019667j,-3.509558-0.190331j,1.193105-0.023093j,12.216577
-29.344412-2.043120j,-3.532184-0.189655j,1.199886-0.023342j,12.325754
-30.057578-2.067500j,-3.555450-0.188965j,1.206863-0.023595j,12.438615
-30.783388-2.092012j,-3.578585-0.188286j,1.213807-0.023844j,12.551480
-31.522010-2.116655j,-3.601593-0.187617j,1.220716-0.024088j,12.664350
-32.273613-2.141429j,-3.624473-0.186958j,1.227592-0.024328j,12.777224
-33.038370-2.166332j,-3.647229-0.186308j,1.234435-0.024564j,12.890102
-33.816454-2.191364j,-3.669862-0.185668j,1.241245-0.024796j,13.002984
-34.639965-2.217532j,-3.693271-0.185012j,1.248294-0.025032j,13.120343
-35.478278-2.243836j,-3.716552-0.184365j,1.255309-0.025265j,13.237706
-36.331593-2.270278j,-3.739705-0.183728j,1.262291-0.025493j,13.355073
-37.200115-2.296854j,-3.762733-0.183100j,1.269239-0.025718j,13.472445
-38.084048-2.323564j,-3.785638-0.182481j,1.276155-0.025938j,13.589821
-38.983601-2.350406j,-3.808421-0.181871j,1.283038-0.026155j,13.707202
-39.935020-2.378436j,-3.831966-0.181247j,1.290157-0.026377j,13.829125
-40.903767-2.406606j,-3.855383-0.180631j,1.297242-0.026594j,13.951052
-41.890080-2.434915j,-3.878675-0.180024j,1.304293-0.026808j,14.072985
-42.894205-2.463362j,-3.901843-0.179426j,1.311312-0.027018j,14.194921
-43.916388-2.491945j,-3.924889-0.178836j,1.318299-0.027225j,14.316863
-44.956876-2.520663j,-3.947814-0.178255j,1.325253-0.027428j,14.438808
-46.056677-2.550617j,-3.971489-0.177660j,1.332440-0.027635j,14.565366
-47.176763-2.580713j,-3.995037-0.177073j,1.339593-0.027839j,14.691929
-48.317422-2.610948j,-4.018462-0.176495j,1.346714-0.028040j,14.818496
-49.478945-2.641321j,-4.041764-0.175925j,1.353801-0.028236j,14.945068
