-0.324415-0.813437j,-0.421236-1.948023j,0.034587+2.814293j,11.539430
-0.324415-0.813437j,-0.421236-1.948023j,0.034587+2.814293j,11.539430
-0.324415-0.813437j,-0.421236-1.948023j,0.034587+2.814293j,11.539430
-0.324415-0.813437j,-0.421236-1.948023j,0.034587+2.814293j,11.539430
-0.324415-0.813437j,-0.421236-1.948024j,0.034587+2.814293j,11.539430
-0.324415-0.813437j,-0.421236-1.948024j,0.034587+2.814293j,11.539431
-0.324416-0.813437j,-0.421236-1.948024j,0.034586+2.814293j,11.539435
-0.324419-0.813436j,-0.421235-1.948027j,0.034586+2.814295j,11.539453
-0.324434-0.813432j,-0.421230-1.948039j,0.034584+2.814303j,11.539536
-0.324500-0.813415j,-0.421209-1.948092j,0.034574+2.814337j,11.539910
-0.324798-0.813338j,-0.421115-1.948332j,0.034530+2.814490j,11.541592
-0.326139-0.812989j,-0.420690-1.949411j,0.034331+2.815182j,11.549159
-0.332160-0.811393j,-0.418777-1.954273j,0.033438+2.818294j,11.583222
-0.351318-0.805977j,-0.412660-1.969921j,0.030610+2.828230j,11.692330
-0.370291-0.800102j,-0.406555-1.985692j,0.027822+2.838133j,11.801442
-0.389068-0.793777j,-0.400471-2.001578j,0.025076+2.848003j,11.910558
-0.407638-0.787011j,-0.394412-2.017573j,0.022370+2.857839j,12.019676
-0.425992-0.779812j,-0.388385-2.033669j,0.019703+2.867640j,12.128798
-0.444120-0.772191j,-0.382395-2.049860j,0.017074+2.877407j,12.237923
-0.462011-0.764158j,-0.376448-2.066140j,0.014484+2.887138j,12.347050
-0.479658-0.755722j,-0.370546-2.082500j,0.011931+2.896834j,12.456180
-0.497052-0.746892j,-0.364694-2.098936j,0.009414+2.906495j,12.565313
-0.514184-0.737680j,-0.358896-2.115439j,0.006934+2.916120j,12.674448
-0.531048-0.728095j,-0.353153-2.132004j,0.004488+2.925709j,12.783584
-0.547636-0.718147j,-0.347469-2.148625j,0.002077+2.935262j,12.892723
-0.563942-0.707846j,-0.341844-2.165296j,-0.000301+2.944779j,13.001864
-0.579958-0.697204j,-0.336282-2.182011j,-0.002646+2.954260j,13.111007
-0.595681-0.686229j,-0.330783-2.198764j,-0.004958+2.963704j,13.220151
-0.611102-0.674933j,-0.325348-2.215549j,-0.007240+2.973112j,13.329297
-0.626219-0.663325j,-0.319979-2.232363j,-0.009490+2.982484j,13.438444
-0.641025-0.651416j,-0.314674-2.249200j,-0.011710+2.991819j,13.547592
-0.655517-0.639215j,-0.309436-2.266054j,-0.013901+3.001118j,13.656741
-0.669690-0.626734j,-0.304263-2.282923j,-0.016063+3.010381j,13.765892
-0.683540-0.613981j,-0.299156-2.299801j,-0.018196+3.019608j,13.875043
-0.697065-0.600968j,-0.294114-2.316684j,-0.020303+3.028798j,13.984196
-0.710260-0.587703j,-0.289137-2.333568j,-0.022382+3.037952j,14.093349
-0.723124-0.574197j,-0.284225-2.350451j,-0.024435+3.047071j,14.202502
-0.735653-0.560460j,-0.279375-2.367328j,-0.026462+3.056153j,14.311657
-0.747846-0.546500j,-0.274589-2.384196j,-0.028465+3.065200j,14.420812
-0.759700-0.532328j,-0.269865-2.401052j,-0.030443+3.074211j,14.529967
-0.771213-0.517953j,-0.265201-2.417893j,-0.032397+3.083187j,14.639123
-0.782385-0.503385j,-0.260597-2.434716j,-0.034327+3.092128j,14.748279
-0.793213-0.488632j,-0.256052-2.451519j,-0.036235+3.101033j,14.857435
-0.803698-0.473703j,-0.251565-2.468300j,-0.038120+3.109904j,14.966592
-0.813837-0.458608j,-0.247134-2.485055j,-0.039984+3.118739j,15.075748
-0.823631-0.443356j,-0.242759-2.501784j,-0.041826+3.127541j,15.184905
-0.833079-0.427955j,-0.238437-2.518483j,-0.043647+3.136308j,15.294062
-0.842180-0.412413j,-0.234169-2.535152j,-0.045448+3.145040j,15.403219
-0.850936-0.396740j,-0.229951-2.551787j,-0.047230+3.153739j,15.512376
-0.859346-0.380943j,-0.225784-2.568389j,-0.048992+3.162404j,15.621532
-0.867410-0.365031j,-0.221666-2.584954j,-0.050734+3.171036j,15.730689
-0.875130-0.349011j,-0.217596-2.601482j,-0.052459+3.179634j,15.839845
-0.882504-0.332893j,-0.213572-2.617971j,-0.054165+3.188200j,15.949002
-0.889536-0.316683j,-0.209593-2.634420j,-0.055854+3.196732j,16.058158
-0.896225-0.300389j,-0.205659-2.650828j,-0.057525+3.205232j,16.167314
-0.902573-0.284020j,-0.201766-2.667194j,-0.059179+3.213699j,16.276469
-0.907863-0.269595j,-0.198384-2.681522j,-0.060617+3.221104j,16.372255
-0.912893-0.255123j,-0.195033-2.695817j,-0.062043+3.228485j,16.468040
-0.917663-0.240607j,-0.191713-2.710076j,-0.063457+3.235841j,16.563825
-0.922174-0.226053j,-0.188421-2.724300j,-0.064859+3.243172j,16.659610
-0.926427-0.211466j,-0.185158-2.738489j,-0.066249+3.250480j,16.755395
-0.930424-0.196849j,-0.181923-2.752641j,-0.067627+3.257763j,16.851179
-0.933762-0.183834j,-0.179070-2.765191j,-0.068843+3.264218j,16.936321
-0.936900-0.170803j,-0.176237-2.777713j,-0.070050+3.270655j,17.021463
-0.939838-0.157758j,-0.173425-2.790204j,-0.071249+3.277072j,17.106604
-0.942577-0.144703j,-0.170632-2.802666j,-0.072439+3.283472j,17.191746
-0.945119-0.131642j,-0.167859-2.815097j,-0.073621+3.289852j,17.276887
-0.947132-0.120491j,-0.165506-2.825682j,-0.074623+3.295284j,17.349540
-0.949002-0.109338j,-0.163167-2.836245j,-0.075620+3.300702j,17.422194
-0.950731-0.098187j,-0.160840-2.846786j,-0.076611+3.306106j,17.494847
-0.952319-0.087038j,-0.158526-2.857304j,-0.077596+3.311498j,17.567499
-0.953600-0.077231j,-0.156500-2.866539j,-0.078458+3.316231j,17.631416
-0.954772-0.067429j,-0.154483-2.875756j,-0.079317+3.320954j,17.695333
-0.955837-0.057633j,-0.152475-2.884956j,-0.080171+3.325667j,17.759250
-0.956692-0.048939j,-0.150699-2.893110j,-0.080927+3.329844j,17.816000
-0.957464-0.040252j,-0.148930-2.901251j,-0.081680+3.334013j,17.872751
-0.958152-0.031571j,-0.147167-2.909377j,-0.082430+3.338175j,17.929501
-0.958682-0.024028j,-0.145638-2.916434j,-0.083080+3.341789j,17.978852
-0.959150-0.016491j,-0.144115-2.923481j,-0.083727+3.345399j,18.028202
-0.959555-0.008961j,-0.142597-2.930518j,-0.084371+3.349003j,18.077553
-0.959897-0.001438j,-0.141085-2.937545j,-0.085012+3.352602j,18.126903
-0.960178+0.006077j,-0.139579-2.944561j,-0.085649+3.356196j,18.176253
-0.960397+0.013584j,-0.138079-2.951565j,-0.086283+3.359783j,18.225603
-0.960555+0.021082j,-0.136584-2.958557j,-0.086913+3.363363j,18.274954
-0.960651+0.028571j,-0.135094-2.965537j,-0.087541+3.366937j,18.324304
-0.960686+0.036051j,-0.133607-2.972504j,-0.088168+3.370503j,18.373654
-0.960661+0.043520j,-0.132125-2.979461j,-0.088792+3.374064j,18.423004
-0.960569+0.051389j,-0.130564-2.986787j,-0.089449+3.377814j,18.475072
-0.960402+0.059551j,-0.128947-2.994386j,-0.090130+3.381703j,18.529166
-0.960153+0.068023j,-0.127270-3.002273j,-0.090835+3.385740j,18.585420
-0.959812+0.076816j,-0.125532-3.010458j,-0.091566+3.389930j,18.643912
-0.959370+0.085934j,-0.123731-3.018947j,-0.092322+3.394275j,18.704689
-0.958816+0.095376j,-0.121867-3.027739j,-0.093104+3.398777j,18.767778
-0.958142+0.105143j,-0.119941-3.036836j,-0.093911+3.403435j,18.833187
-0.957336+0.115228j,-0.117953-3.046233j,-0.094743+3.408247j,18.900914
-0.956389+0.125627j,-0.115904-3.055928j,-0.095599+3.413212j,18.970946
-0.955327+0.135996j,-0.113861-3.065600j,-0.096452+3.418167j,19.040977
-0.954071+0.146998j,-0.111693-3.075871j,-0.097355+3.423429j,19.115533
-0.952686+0.157962j,-0.109532-3.086115j,-0.098254+3.428679j,19.190089
-0.951082+0.169525j,-0.107251-3.096930j,-0.099201+3.434222j,19.269009
-0.949337+0.181043j,-0.104978-3.107716j,-0.100143+3.439752j,19.347930
-0.947346+0.193127j,-0.102589-3.119047j,-0.101131+3.445564j,19.431085
-0.945201+0.205157j,-0.100208-3.130346j,-0.102114+3.451361j,19.514240
-0.942787+0.217719j,-0.097717-3.142164j,-0.103139+3.457427j,19.601484
-0.940206+0.230217j,-0.095233-3.153945j,-0.104159+3.463477j,19.688727
-0.937334+0.243208j,-0.092645-3.166218j,-0.105219+3.469781j,19.779902
-0.934283+0.256126j,-0.090063-3.178450j,-0.106273+3.476068j,19.871077
-0.930921+0.269497j,-0.087381-3.191144j,-0.107365+3.482596j,19.966019
-0.927370+0.282783j,-0.084706-3.203794j,-0.108451+3.489105j,20.060961
-0.923488+0.296482j,-0.081936-3.216877j,-0.109571+3.495841j,20.159502
-0.919409+0.310085j,-0.079171-3.229911j,-0.110685+3.502558j,20.258043
-0.914982+0.324058j,-0.076316-3.243348j,-0.111832+3.509486j,20.360012
-0.910350+0.337923j,-0.073466-3.256734j,-0.112972+3.516394j,20.461980
-0.905514+0.351678j,-0.070621-3.270067j,-0.114106+3.523281j,20.563948
-0.900237+0.365961j,-0.067646-3.283972j,-0.115286+3.530469j,20.670722
-0.894743+0.380117j,-0.064674-3.297820j,-0.116460+3.537635j,20.777495
-0.889037+0.394144j,-0.061706-3.311610j,-0.117627+3.544779j,20.884267
-0.882871+0.408613j,-0.058617-3.325908j,-0.118836+3.552195j,20.995464
-0.876483+0.422936j,-0.055531-3.340144j,-0.120038+3.559586j,21.106660
-0.869874+0.437110j,-0.052446-3.354315j,-0.121233+3.566954j,21.217855
-0.862796+0.451646j,-0.049249-3.368938j,-0.122465+3.574567j,21.333132
-0.855490+0.466016j,-0.046051-3.383492j,-0.123690+3.582155j,21.448409
-0.847960+0.480219j,-0.042853-3.397976j,-0.124908+3.589718j,21.563684
-0.840212+0.494251j,-0.039654-3.412389j,-0.126120+3.597257j,21.678959
-0.831902+0.508700j,-0.036315-3.427344j,-0.127377+3.605092j,21.799177
-0.823364+0.522958j,-0.032973-3.442221j,-0.128627+3.612900j,21.919393
