-0.093389+0.107162j,0.617264+0.965384j,0.617264+0.965384j,0.000000
-0.093389+0.107162j,0.617263+0.965385j,0.617265+0.965383j,0.000000
-0.093389+0.107162j,0.617430+0.965277j,0.617098+0.965490j,0.000000
-0.093389+0.107162j,0.617430+0.965277j,0.617098+0.965490j,0.000000
-0.093389+0.107162j,0.617430+0.965277j,0.617098+0.965490j,0.000000
-0.093389+0.107162j,0.617430+0.965277j,0.617098+0.965490j,0.000000
-0.093389+0.107162j,0.617430+0.965277j,0.617098+0.965490j,0.000000
-0.093389+0.107162j,0.617430+0.965277j,0.617098+0.965490j,0.000000
-0.093389+0.107162j,0.617430+0.965277j,0.617098+0.965490j,0.000000
-0.093389+0.107162j,0.617430+0.965277j,0.617098+0.965490j,0.000000
-0.093389+0.107162j,0.617430+0.965277j,0.617098+0.965490j,0.000000
-0.093389+0.107162j,0.617430+0.965277j,0.617098+0.965490j,0.000000
-0.093389+0.107162j,0.617430+0.965277j,0.617098+0.965491j,0.000000
-0.093389+0.107162j,0.617430+0.965277j,0.617098+0.965491j,0.000000
-0.093389+0.107162j,0.617430+0.965277j,0.617098+0.965491j,0.000000
-0.093389+0.107162j,0.617430+0.965277j,0.617098+0.965491j,0.000000
-0.093389+0.107162j,0.617430+0.965277j,0.617098+0.965491j,0.000000
-0.093389+0.107162j,0.617430+0.965277j,0.617098+0.965491j,0.000000
-0.093389+0.107162j,0.617430+0.965277j,0.617098+0.965491j,0.000000
-0.093389+0.107162j,0.617430+0.965277j,0.617098+0.965491j,0.000000
-0.093389+0.107162j,0.617430+0.965277j,0.617098+0.965491j,0.000000
-0.093389+0.107162j,0.617430+0.965277j,0.617098+0.965491j,0.000000
-0.093389+0.107162j,0.617430+0.965277j,0.617098+0.965491j,0.000000
-0.093389+0.107162j,0.617430+0.965277j,0.617098+0.965491j,0.000000
-0.093389+0.107162j,0.617430+0.965277j,0.617098+0.965491j,0.000000
-0.093389+0.107162j,0.617430+0.965277j,0.617098+0.965491j,0.000000
-0.093389+0.107162j,0.617430+0.965277j,0.617098+0.965491j,0.000000
-0.093389+0.107162j,0.617430+0.965277j,0.617098+0.965491j,0.000000
-0.093389+0.107162j,0.617430+0.965277j,0.617098+0.965491j,0.000000
-0.093389+0.107162j,0.617430+0.965277j,0.617098+0.965491j,0.000000
-0.093389+0.107162j,0.617430+0.965277j,0.617098+0.965491j,0.000000
-0.093389+0.107162j,0.617430+0.965277j,0.617098+0.965491j,0.000000
-0.093389+0.107162j,0.617430+0.965277j,0.617098+0.965491j,0.000000
-0.093389+0.107162j,0.617430+0.965277j,0.617098+0.965491j,0.000000
-0.093389+0.107162j,0.617430+0.965277j,0.617098+0.965491j,0.000000
-0.093389+0.107162j,0.617430+0.965277j,0.617098+0.965491j,0.000000
-0.093389+0.107162j,0.617430+0.965277j,0.617098+0.965491j,0.000000
-0.093389+0.107162j,0.617430+0.965277j,0.617098+0.965491j,0.000000
-0.093389+0.107162j,0.617430+0.965277j,0.617098+0.965491j,0.000000
-0.093389+0.107162j,0.617430+0.965277j,0.617098+0.965491j,0.000000
-0.093389+0.107162j,0.617430+0.965277j,0.617098+0.965491j,0.000000
-0.093389+0.107162j,0.617430+0.965277j,0.617098+0.965491j,0.000000
-0.093389+0.107162j,0.617430+0.965277j,0.617098+0.965491j,0.000000
-0.093389+0.107162j,0.617430+0.965277j,0.617098+0.965491j,0.000000
-0.093389+0.107162j,0.617430+0.965277j,0.617098+0.965491j,0.000000
-0.093389+0.107162j,0.617430+0.965277j,0.617098+0.965491j,0.000000
-0.093389+0.107162j,0.617430+0.965277j,0.617098+0.965491j,0.000000
-0.093389+0.107162j,0.617430+0.965277j,0.617098+0.965491j,0.000000
-0.093389+0.107162j,0.617430+0.965277j,0.617098+0.965491j,0.000000
-0.093389+0.107162j,0.617430+0.965277j,0.617098+0.965491j,0.000000
-0.093389+0.107162j,0.617430+0.965277j,0.617098+0.965491j,0.000000
-0.093389+0.107162j,0.617430+0.965277j,0.617098+0.965491j,0.000000
-0.093389+0.107162j,0.617430+0.965277j,0.617098+0.965491j,0.000000
-0.093389+0.107162j,0.617430+0.965277j,0.617098+0.965491j,0.000000
-0.093389+0.107162j,0.617430+0.965277j,0.617098+0.965491j,0.000000
-0.093389+0.107162j,0.617430+0.965277j,0.617098+0.965491j,0.000000
-0.093389+0.107162j,0.617430+0.965277j,0.617098+0.965491j,0.000000
-0.093389+0.107162j,0.617430+0.965277j,0.617097+0.965491j,0.000000
-0.093389+0.107162j,0.617430+0.965277j,0.617097+0.965491j,0.000000
-0.093389+0.107162j,0.617430+0.965277j,0.617097+0.965491j,0.000000
-0.093389+0.107162j,0.617430+0.965277j,0.617097+0.965491j,0.000000
-0.093389+0.107162j,0.617430+0.965277j,0.617097+0.965491j,0.000000
-0.093389+0.107162j,0.617430+0.965277j,0.617097+0.965491j,0.000000
-0.093389+0.107162j,0.617430+0.965277j,0.617097+0.965491j,0.000000
-0.093389+0.107162j,0.617430+0.965277j,0.617097+0.965491j,0.000000
-0.093389+0.107162j,0.617430+0.965277j,0.617097+0.965491j,0.000000
-0.093389+0.107162j,0.617430+0.965277j,0.617097+0.965491j,0.000000
-0.093389+0.107162j,0.617430+0.965277j,0.617097+0.965491j,0.000000
-0.093389+0.107162j,0.617430+0.965277j,0.617097+0.965491j,0.000000
-0.093389+0.107162j,0.617431+0.965277j,0.617097+0.965491j,0.000000
-0.093389+0.107162j,0.617431+0.965277j,0.617097+0.965491j,0.000000
-0.093389+0.107162j,0.617431+0.965277j,0.617097+0.965491j,0.000000
-0.093389+0.107162j,0.617431+0.965277j,0.617097+0.965491j,0.000000
-0.093389+0.107162j,0.617431+0.965277j,0.617097+0.965491j,0.000000
-0.093389+0.107162j,0.617431+0.965277j,0.617097+0.965491j,0.000000
-0.093389+0.107162j,0.617431+0.965277j,0.617097+0.965491j,0.000000
-0.093389+0.107162j,0.617431+0.965277j,0.617097+0.965491j,0.000000
-0.093389+0.107162j,0.617431+0.965277j,0.617097+0.965491j,0.000000
-0.093389+0.107162j,0.617431+0.965277j,0.617097+0.965491j,0.000000
-0.093389+0.107162j,0.617431+0.965277j,0.617097+0.965491j,0.000000
-0.093389+0.107162j,0.617431+0.965277j,0.617097+0.965491j,0.000000
-0.093389+0.107162j,0.617431+0.965277j,0.617097+0.965491j,0.000000
-0.093389+0.107162j,0.617431+0.965276j,0.617097+0.965491j,0.000000
-0.093389+0.107162j,0.617431+0.965276j,0.617097+0.965491j,0.000000
-0.093389+0.107162j,0.617431+0.965276j,0.617097+0.965491j,0.000000
-0.093389+0.107162j,0.617431+0.965276j,0.617097+0.965491j,0.000000
-0.093389+0.107162j,0.617431+0.965276j,0.617097+0.965491j,0.000000
-0.093389+0.107162j,0.617431+0.965276j,0.617097+0.965491j,0.000000
-0.093389+0.107162j,0.617431+0.965276j,0.617097+0.965491j,0.000000
-0.093389+0.107162j,0.617431+0.965276j,0.617097+0.965491j,0.000000
-0.093389+0.107162j,0.617431+0.965276j,0.617097+0.965491j,0.000000
-0.093389+0.107162j,0.617431+0.965276j,0.617097+0.965491j,0.000000
-0.093389+0.107162j,0.617431+0.965276j,0.617097+0.965491j,0.000000
-0.093389+0.107162j,0.617431+0.965276j,0.617097+0.965491j,0.000000
-0.093389+0.107162j,0.617431+0.965276j,0.617097+0.965491j,0.000000
-0.093389+0.107162j,0.617431+0.965276j,0.617097+0.965491j,0.000000
-0.093389+0.107162j,0.617431+0.965276j,0.617097+0.965491j,0.000000
-0.093389+0.107162j,0.617431+0.965276j,0.617097+0.965491j,0.000000
-0.093389+0.107162j,0.617431+0.965276j,0.617097+0.965492j,0.000000
-0.093389+0.107162j,0.617431+0.965276j,0.617097+0.965492j,0.000000
-0.093389+0.107162j,0.617431+0.965276j,0.617096+0.965492j,0.000000
-0.093389+0.107162j,0.617431+0.965276j,0.617096+0.965492j,0.000000
-0.093389+0.107162j,0.617431+0.965276j,0.617096+0.965492j,0.000000
-0.093389+0.107162j,0.617431+0.965276j,0.617096+0.965492j,0.000000
-0.093389+0.107162j,0.617431+0.965276j,0.617096+0.965492j,0.000000
-0.093389+0.107162j,0.617431+0.965276j,0.617096+0.965492j,0.000000
-0.093389+0.107162j,0.617431+0.965276j,0.617096+0.965492j,0.000000
-0.093389+0.107162j,0.617432+0.965276j,0.617096+0.965492j,0.000000
-0.093389+0.107162j,0.617432+0.965276j,0.617096+0.965492j,0.000000
-0.093389+0.107162j,0.617432+0.965276j,0.617096+0.965492j,0.000000
-0.093389+0.107162j,0.617432+0.965276j,0.617096+0.965492j,0.000000
-0.093389+0.107162j,0.617432+0.965276j,0.617096+0.965492j,0.000000
-0.093389+0.107162j,0.617432+0.965276j,0.617096+0.965492j,0.000000
-0.093389+0.107162j,0.617432+0.965276j,0.617096+0.965492j,0.000000
-0.093389+0.107162j,0.617432+0.965276j,0.617096+0.965492j,0.000000
-0.093389+0.107162j,0.617432+0.965276j,0.617096+0.965492j,0.000000
-0.093389+0.107162j,0.617432+0.965276j,0.617096+0.965492j,0.000000
-0.093389+0.107162j,0.617432+0.965276j,0.617096+0.965492j,0.000000
-0.093389+0.107162j,0.617432+0.965276j,0.617096+0.965492j,0.000000
-0.093389+0.107162j,0.617432+0.965276j,0.617096+0.965492j,0.000000
-0.093389+0.107162j,0.617432+0.965276j,0.617096+0.965492j,0.000000
-0.093389+0.107162j,0.617432+0.965276j,0.617096+0.965492j,0.000000
-0.093389+0.107162j,0.617432+0.965276j,0.617095+0.965492j,0.000000
-0.093389+0.107162j,0.617432+0.965276j,0.617095+0.965492j,0.000000
-0.093389+0.107162j,0.617432+0.965276j,0.617095+0.965492j,0.000000
-0.093389+0.107162j,0.617432+0.965276j,0.617095+0.965492j,0.000000
-0.093389+0.107162j,0.617432+0.965275j,0.617095+0.965492j,0.000000
-0.093389+0.107162j,0.617432+0.965275j,0.617095+0.965492j,0.000000
-0.093389+0.107162j,0.617433+0.965275j,0.617095+0.965492j,0.000000
-0.093389+0.107162j,0.617433+0.965275j,0.617095+0.965492j,0.000000
-0.093389+0.107162j,0.617433+0.965275j,0.617095+0.965492j,0.000000
-0.093389+0.107162j,0.617433+0.965275j,0.617095+0.965492j,0.000000
-0.093389+0.107162j,0.617433+0.965275j,0.617095+0.965492j,0.000000
-0.093389+0.107162j,0.617433+0.965275j,0.617095+0.965492j,0.000000
-0.093389+0.107162j,0.617433+0.965275j,0.617095+0.965493j,0.000000
-0.093389+0.107162j,0.617433+0.965275j,0.617095+0.965493j,0.000000
-0.093389+0.107162j,0.617433+0.965275j,0.617095+0.965493j,0.000000
-0.093389+0.107162j,0.617433+0.965275j,0.617095+0.965493j,0.000000
-0.093389+0.107162j,0.617433+0.965275j,0.617095+0.965493j,0.000000
-0.093389+0.107162j,0.617433+0.965275j,0.617095+0.965493j,0.000000
-0.093389+0.107162j,0.617433+0.965275j,0.617095+0.965493j,0.000000
-0.093389+0.107162j,0.617433+0.965275j,0.617095+0.965493j,0.000000
-0.093389+0.107162j,0.617433+0.965275j,0.617095+0.965493j,0.000000
-0.093389+0.107162j,0.617433+0.965275j,0.617095+0.965493j,0.000000
-0.093389+0.107162j,0.617433+0.965275j,0.617094+0.965493j,0.000000
-0.093389+0.107162j,0.617433+0.965275j,0.617094+0.965493j,0.000000
-0.093389+0.107162j,0.617433+0.965275j,0.617094+0.965493j,0.000000
-0.093389+0.107162j,0.617433+0.965275j,0.617094+0.965493j,0.000000
-0.093389+0.107162j,0.617433+0.965275j,0.617094+0.965493j,0.000000
-0.093389+0.107162j,0.617433+0.965275j,0.617094+0.965493j,0.000000
-0.093389+0.107162j,0.617434+0.965275j,0.617094+0.965493j,0.000000
-0.093389+0.107162j,0.617434+0.965275j,0.617094+0.965493j,0.000000
-0.093389+0.107162j,0.617434+0.965275j,0.617094+0.965493j,0.000000
-0.093389+0.107162j,0.617455+0.965261j,0.617072+0.965507j,0.000000
-0.093389+0.107162j,0.617474+0.965248j,0.617053+0.965519j,0.000000
-0.093389+0.107162j,0.617496+0.965234j,0.617032+0.965533j,0.000000
-0.093389+0.107162j,0.617520+0.965219j,0.617008+0.965548j,0.000000
-0.093389+0.107162j,0.617545+0.965203j,0.616983+0.965565j,0.000000
-0.093389+0.107162j,0.617573+0.965185j,0.616955+0.965582j,0.000000
-0.093389+0.107162j,0.617602+0.965166j,0.616925+0.965602j,0.000000
-0.093389+0.107162j,0.617635+0.965145j,0.616893+0.965622j,0.000000
-0.093389+0.107162j,0.617669+0.965123j,0.616858+0.965645j,0.000000
-0.093389+0.107162j,0.617707+0.965099j,0.616821+0.965669j,0.000000
-0.093389+0.107162j,0.617748+0.965073j,0.616780+0.965695j,0.000000
-0.093389+0.107162j,0.617791+0.965044j,0.616737+0.965723j,0.000000
-0.093389+0.107162j,0.617838+0.965014j,0.616690+0.965753j,0.000000
-0.093389+0.107162j,0.617889+0.964982j,0.616639+0.965785j,0.000000
-0.093389+0.107162j,0.617943+0.964947j,0.616585+0.965820j,0.000000
-0.093389+0.107162j,0.618001+0.964910j,0.616527+0.965857j,0.000000
-0.093389+0.107162j,0.618063+0.964869j,0.616465+0.965897j,0.000000
-0.093389+0.107162j,0.618129+0.964827j,0.616398+0.965940j,0.000000
-0.093389+0.107162j,0.618200+0.964781j,0.616327+0.965986j,0.000000
-0.093389+0.107162j,0.618276+0.964732j,0.616251+0.966034j,0.000000
-0.093389+0.107162j,0.618358+0.964679j,0.616170+0.966086j,0.000000
-0.093389+0.107162j,0.618444+0.964623j,0.616084+0.966142j,0.000000
-0.093389+0.107162j,0.618536+0.964564j,0.615991+0.966201j,0.000000
-0.093389+0.107162j,0.618635+0.964500j,0.615893+0.966264j,0.000000
-0.093389+0.107162j,0.618739+0.964433j,0.615789+0.966331j,0.000000
-0.093389+0.107162j,0.618850+0.964361j,0.615677+0.966402j,0.000000
-0.093389+0.107162j,0.618968+0.964285j,0.615559+0.966478j,0.000000
-0.093389+0.107162j,0.619094+0.964204j,0.615434+0.966558j,0.000000
-0.093389+0.107162j,0.619227+0.964118j,0.615301+0.966643j,0.000000
-0.093389+0.107162j,0.619368+0.964027j,0.615160+0.966733j,0.000000
-0.093389+0.107162j,0.619517+0.963930j,0.615011+0.966828j,0.000000
-0.093389+0.107162j,0.619675+0.963828j,0.614853+0.966929j,0.000000
-0.093388+0.107162j,0.619842+0.963720j,0.614686+0.967036j,0.000000
-0.093388+0.107161j,0.620018+0.963605j,0.614510+0.967148j,0.000000
-0.093388+0.107161j,0.620204+0.963484j,0.614323+0.967267j,0.000000
-0.093388+0.107161j,0.620401+0.963357j,0.614127+0.967393j,0.000000
-0.093388+0.107161j,0.620609+0.963222j,0.613919+0.967525j,0.000000
-0.093388+0.107161j,0.620827+0.963080j,0.613701+0.967664j,0.000000
-0.093388+0.107161j,0.621057+0.962930j,0.613471+0.967810j,0.000000
-0.093388+0.107161j,0.621300+0.962773j,0.613228+0.967965j,0.000000
-0.093387+0.107161j,0.621554+0.962607j,0.612974+0.968126j,0.000000
-0.093387+0.107161j,0.621822+0.962432j,0.612706+0.968296j,0.000000
-0.093387+0.107161j,0.622103+0.962249j,0.612425+0.968475j,0.000000
-0.093387+0.107161j,0.622398+0.962056j,0.612130+0.968662j,0.000000
-0.093386+0.107161j,0.622708+0.961854j,0.611820+0.968858j,0.000000
-0.093386+0.107161j,0.623033+0.961642j,0.611496+0.969063j,0.000000
-0.093386+0.107161j,0.623373+0.961420j,0.611156+0.969278j,0.000000
-0.093385+0.107161j,0.623728+0.961186j,0.610800+0.969503j,0.000000
-0.093385+0.107160j,0.624101+0.960942j,0.610427+0.969738j,0.000000
-0.093384+0.107160j,0.624490+0.960687j,0.610038+0.969983j,0.000000
-0.093384+0.107160j,0.624897+0.960419j,0.609631+0.970239j,0.000000
-0.093383+0.107160j,0.625322+0.960139j,0.609206+0.970506j,0.000001
-0.093383+0.107160j,0.625766+0.959847j,0.608763+0.970785j,0.000001
-0.093382+0.107160j,0.626228+0.959542j,0.608301+0.971075j,0.000001
-0.093381+0.107159j,0.626711+0.959223j,0.607818+0.971377j,0.000001
-0.093380+0.107159j,0.627213+0.958891j,0.607316+0.971691j,0.000001
-0.093379+0.107159j,0.627736+0.958544j,0.606793+0.972017j,0.000001
-0.093378+0.107159j,0.628280+0.958183j,0.606249+0.972357j,0.000001
-0.093377+0.107158j,0.628846+0.957807j,0.605683+0.972709j,0.000002
-0.093376+0.107158j,0.629435+0.957415j,0.605095+0.973074j,0.000002
-0.093375+0.107157j,0.630046+0.957008j,0.604484+0.973453j,0.000002
-0.093373+0.107157j,0.630680+0.956584j,0.603850+0.973846j,0.000003
-0.093372+0.107157j,0.631339+0.956143j,0.603192+0.974253j,0.000003
-0.093370+0.107156j,0.632022+0.955685j,0.602509+0.974674j,0.000003
-0.093368+0.107156j,0.632729+0.955209j,0.601802+0.975109j,0.000004
-0.093366+0.107155j,0.633462+0.954716j,0.601069+0.975559j,0.000004
-0.093364+0.107154j,0.634221+0.954203j,0.600310+0.976024j,0.000005
-0.093361+0.107154j,0.635007+0.953672j,0.599525+0.976504j,0.000006
-0.093359+0.107153j,0.635819+0.953121j,0.598713+0.977000j,0.000007
-0.093356+0.107152j,0.636659+0.952551j,0.597874+0.977510j,0.000008
-0.093353+0.107151j,0.637526+0.951959j,0.597007+0.978037j,0.000009
-0.093350+0.107150j,0.638423+0.951347j,0.596111+0.978579j,0.000010
-0.093346+0.107149j,0.639347+0.950714j,0.595187+0.979137j,0.000011
-0.093342+0.107148j,0.640302+0.950059j,0.594233+0.979712j,0.000013
-0.093338+0.107147j,0.641286+0.949381j,0.593250+0.980302j,0.000015
-0.093334+0.107146j,0.642300+0.948680j,0.592236+0.980909j,0.000016
-0.093329+0.107144j,0.643345+0.947956j,0.591192+0.981533j,0.000019
-0.093324+0.107143j,0.644421+0.947209j,0.590117+0.982173j,0.000021
-0.093319+0.107141j,0.645529+0.946437j,0.589010+0.982829j,0.000024
-0.093313+0.107140j,0.646668+0.945639j,0.587871+0.983503j,0.000027
-0.093306+0.107138j,0.647840+0.944817j,0.586700+0.984193j,0.000030
-0.093300+0.107136j,0.649045+0.943969j,0.585496+0.984900j,0.000034
-0.093293+0.107134j,0.650284+0.943094j,0.584258+0.985624j,0.000038
-0.093285+0.107132j,0.651556+0.942192j,0.582987+0.986365j,0.000042
-0.093277+0.107129j,0.652862+0.941262j,0.581682+0.987122j,0.000047
-0.093269+0.107127j,0.654202+0.940304j,0.580343+0.987897j,0.000053
-0.093259+0.107124j,0.655577+0.939317j,0.578969+0.988689j,0.000059
-0.093250+0.107121j,0.656988+0.938301j,0.577560+0.989497j,0.000066
-0.093239+0.107118j,0.658434+0.937255j,0.576115+0.990323j,0.000073
-0.093228+0.107115j,0.659916+0.936179j,0.574634+0.991165j,0.000081
-0.093217+0.107112j,0.661434+0.935071j,0.573117+0.992025j,0.000090
-0.093204+0.107108j,0.662990+0.933931j,0.571563+0.992901j,0.000100
-0.093191+0.107104j,0.664582+0.932759j,0.569972+0.993793j,0.000111
-0.093177+0.107100j,0.666211+0.931554j,0.568344+0.994702j,0.000123
-0.093163+0.107096j,0.667878+0.930315j,0.566678+0.995628j,0.000136
-0.093147+0.107092j,0.669583+0.929041j,0.564974+0.996570j,0.000150
-0.093131+0.107087j,0.671327+0.927732j,0.563232+0.997528j,0.000165
-0.093113+0.107082j,0.673109+0.926388j,0.561451+0.998503j,0.000182
-0.093095+0.107076j,0.674930+0.925006j,0.559631+0.999493j,0.000201
-0.093076+0.107071j,0.676790+0.923588j,0.557772+1.000499j,0.000221
-0.093055+0.107065j,0.678690+0.922131j,0.555874+1.001521j,0.000243
-0.093034+0.107059j,0.680630+0.920635j,0.553935+1.002558j,0.000267
-0.093011+0.107052j,0.682609+0.919100j,0.551956+1.003611j,0.000292
-0.092987+0.107045j,0.684629+0.917524j,0.549937+1.004678j,0.000320
-0.092962+0.107038j,0.686690+0.915907j,0.547877+1.005760j,0.000351
-0.092936+0.107031j,0.688791+0.914247j,0.545776+1.006857j,0.000384
-0.092908+0.107023j,0.690934+0.912545j,0.543634+1.007968j,0.000419
-0.092879+0.107014j,0.693117+0.910799j,0.541450+1.009094j,0.000458
-0.092849+0.107005j,0.695342+0.909008j,0.539225+1.010233j,0.000500
-0.092817+0.106996j,0.697609+0.907171j,0.536957+1.011385j,0.000545
-0.092783+0.106986j,0.699918+0.905288j,0.534648+1.012551j,0.000593
-0.092748+0.106976j,0.702268+0.903357j,0.532295+1.013730j,0.000646
-0.092711+0.106966j,0.704661+0.901378j,0.529900+1.014921j,0.000702
-0.092673+0.106955j,0.707096+0.899349j,0.527462+1.016125j,0.000763
-0.092632+0.106943j,0.709574+0.897269j,0.524981+1.017340j,0.000828
-0.092590+0.106931j,0.712094+0.895138j,0.522457+1.018568j,0.000898
-0.092546+0.106918j,0.714657+0.892954j,0.519889+1.019806j,0.000974
-0.092500+0.106905j,0.717263+0.890716j,0.517277+1.021055j,0.001055
-0.092452+0.106891j,0.719911+0.888424j,0.514622+1.022315j,0.001142
-0.092401+0.106877j,0.722603+0.886075j,0.511922+1.023585j,0.001235
-0.092349+0.106862j,0.725337+0.883669j,0.509178+1.024864j,0.001335
-0.092294+0.106846j,0.728114+0.881205j,0.506390+1.026153j,0.001442
-0.092237+0.106829j,0.730935+0.878681j,0.503557+1.027450j,0.001556
-0.092178+0.106812j,0.733798+0.876097j,0.500680+1.028756j,0.001678
-0.092116+0.106795j,0.736704+0.873450j,0.497757+1.030069j,0.001809
-0.092051+0.106776j,0.739653+0.870740j,0.494790+1.031390j,0.001948
-0.091984+0.106757j,0.742644+0.867966j,0.491778+1.032718j,0.002097
-0.091914+0.106737j,0.745678+0.865125j,0.488721+1.034053j,0.002256
-0.091841+0.106716j,0.748755+0.862217j,0.485619+1.035393j,0.002425
-0.091766+0.106695j,0.751873+0.859241j,0.482472+1.036739j,0.002605
-0.091687+0.106672j,0.755034+0.856194j,0.479279+1.038090j,0.002797
-0.091605+0.106649j,0.758236+0.853076j,0.476041+1.039445j,0.003001
-0.091521+0.106625j,0.761480+0.849885j,0.472758+1.040804j,0.003219
-0.091433+0.106600j,0.764765+0.846619j,0.469429+1.042166j,0.003450
-0.091341+0.106574j,0.768091+0.843277j,0.466055+1.043531j,0.003695
-0.091246+0.106547j,0.771457+0.839858j,0.462636+1.044898j,0.003955
-0.091148+0.106519j,0.774864+0.836359j,0.459171+1.046267j,0.004231
-0.091046+0.106490j,0.778309+0.832780j,0.455661+1.047637j,0.004525
-0.090941+0.106460j,0.781794+0.829118j,0.452106+1.049007j,0.004835
-0.090831+0.106429j,0.785317+0.825373j,0.448506+1.050376j,0.005164
-0.090718+0.106397j,0.788878+0.821542j,0.444861+1.051745j,0.005513
-0.090601+0.106364j,0.792476+0.817624j,0.441171+1.053113j,0.005881
-0.090479+0.106330j,0.796110+0.813617j,0.437436+1.054478j,0.006272
-0.090354+0.106295j,0.799779+0.809520j,0.433657+1.055840j,0.006684
-0.090224+0.106258j,0.803484+0.805330j,0.429833+1.057199j,0.007120
-0.090090+0.106221j,0.807222+0.801046j,0.425965+1.058554j,0.007580
-0.089951+0.106182j,0.810993+0.796667j,0.422053+1.059904j,0.008066
-0.089808+0.106142j,0.814795+0.792190j,0.418097+1.061248j,0.008579
-0.089660+0.106100j,0.818628+0.787614j,0.414098+1.062587j,0.009120
-0.089507+0.106058j,0.822491+0.782938j,0.410056+1.063918j,0.009689
-0.089350+0.106014j,0.826381+0.778158j,0.405971+1.065242j,0.010290
-0.089187+0.105969j,0.830299+0.773275j,0.401844+1.066557j,0.010922
-0.089020+0.105922j,0.834241+0.768286j,0.397675+1.067863j,0.011588
-0.088847+0.105875j,0.838207+0.763189j,0.393464+1.069160j,0.012288
-0.088669+0.105825j,0.842195+0.757983j,0.389213+1.070446j,0.013023
-0.088486+0.105775j,0.846203+0.752667j,0.384921+1.071720j,0.013797
-0.088297+0.105723j,0.850230+0.747238j,0.380589+1.072983j,0.014609
-0.088103+0.105669j,0.854273+0.741695j,0.376217+1.074233j,0.015462
-0.087903+0.105614j,0.858330+0.736038j,0.371807+1.075469j,0.016356
-0.087698+0.105558j,0.862400+0.730264j,0.367359+1.076691j,0.017295
-0.087486+0.105500j,0.866479+0.724372j,0.362874+1.077898j,0.018278
-0.087269+0.105441j,0.870566+0.718361j,0.358353+1.079089j,0.019308
-0.087046+0.105381j,0.874657+0.712230j,0.353796+1.080263j,0.020387
-0.086817+0.105319j,0.878752+0.705979j,0.349205+1.081420j,0.021515
-0.086582+0.105255j,0.882845+0.699605j,0.344580+1.082559j,0.022695
-0.086341+0.105190j,0.886935+0.693109j,0.339923+1.083679j,0.023929
-0.086094+0.105123j,0.891019+0.686490j,0.335234+1.084780j,0.025218
-0.085840+0.105055j,0.895093+0.679747j,0.330516+1.085860j,0.026563
-0.085581+0.104986j,0.899155+0.672881j,0.325768+1.086918j,0.027966
-0.085315+0.104914j,0.903200+0.665891j,0.320993+1.087955j,0.029430
-0.085043+0.104842j,0.907226+0.658777j,0.316192+1.088970j,0.030955
-0.084764+0.104768j,0.911228+0.651540j,0.311366+1.089961j,0.032543
-0.084480+0.104693j,0.915205+0.644180j,0.306517+1.090928j,0.034195
-0.084189+0.104616j,0.919150+0.636698j,0.301646+1.091871j,0.035914
-0.083892+0.104537j,0.923062+0.629095j,0.296755+1.092788j,0.037701
-0.083588+0.104458j,0.926935+0.621371j,0.291846+1.093680j,0.039557
-0.083279+0.104377j,0.930767+0.613529j,0.286919+1.094545j,0.041483
-0.082963+0.104294j,0.934553+0.605568j,0.281978+1.095383j,0.043481
-0.082641+0.104210j,0.938290+0.597492j,0.277022+1.096194j,0.045552
-0.082313+0.104125j,0.941973+0.589302j,0.272055+1.096977j,0.047698
-0.081979+0.104039j,0.945599+0.580999j,0.267078+1.097731j,0.049919
-0.081639+0.103951j,0.949164+0.572587j,0.262091+1.098457j,0.052217
-0.081293+0.103863j,0.952664+0.564066j,0.257098+1.099154j,0.054593
-0.080953+0.103776j,0.955987+0.555715j,0.252257+1.099801j,0.056968
-0.080595+0.103684j,0.959350+0.546984j,0.247252+1.100440j,0.059501
-0.080243+0.103595j,0.962538+0.538424j,0.242396+1.101031j,0.062034
-0.079875+0.103501j,0.965749+0.529496j,0.237387+1.101612j,0.064727
-0.079512+0.103410j,0.968786+0.520740j,0.232525+1.102146j,0.067420
-0.079132+0.103314j,0.971831+0.511626j,0.227517+1.102666j,0.070278
-0.078758+0.103221j,0.974704+0.502684j,0.222652+1.103143j,0.073134
-0.078368+0.103123j,0.977570+0.493394j,0.217649+1.103604j,0.076159
-0.077984+0.103028j,0.980267+0.484275j,0.212788+1.104022j,0.079183
-0.077584+0.102928j,0.982943+0.474818j,0.207794+1.104423j,0.082379
-0.077189+0.102831j,0.985452+0.465533j,0.202938+1.104784j,0.085574
-0.076779+0.102730j,0.987927+0.455919j,0.197957+1.105124j,0.088944
-0.076374+0.102630j,0.990238+0.446478j,0.193110+1.105427j,0.092313
-0.075954+0.102527j,0.992502+0.436717j,0.188144+1.105708j,0.095860
-0.075539+0.102426j,0.994604+0.427129j,0.183309+1.105953j,0.099407
-0.075109+0.102322j,0.996648+0.417230j,0.178359+1.106175j,0.103135
-0.074685+0.102219j,0.998532+0.407506j,0.173538+1.106362j,0.106863
-0.074246+0.102113j,1.000348+0.397479j,0.168606+1.106525j,0.110776
-0.073812+0.102009j,1.002005+0.387627j,0.163800+1.106655j,0.114688
-0.073363+0.101902j,1.003584+0.377480j,0.158888+1.106760j,0.118789
-0.072920+0.101796j,1.005007+0.367510j,0.154098+1.106834j,0.122890
-0.072462+0.101687j,1.006341+0.357252j,0.149205+1.106880j,0.127183
-0.072010+0.101580j,1.007523+0.347173j,0.144431+1.106898j,0.131476
-0.071542+0.101470j,1.008605+0.336813j,0.139559+1.106888j,0.135966
-0.071081+0.101361j,1.009539+0.326632j,0.134802+1.106850j,0.140455
-0.070604+0.101249j,1.010363+0.316179j,0.129948+1.106783j,0.145146
-0.070134+0.101139j,1.011042+0.305906j,0.125208+1.106691j,0.149837
-0.069648+0.101026j,1.011603+0.295366j,0.120374+1.106568j,0.154733
-0.069168+0.100914j,1.012020+0.285009j,0.115650+1.106420j,0.159629
-0.068674+0.100799j,1.012312+0.274392j,0.110833+1.106242j,0.164737
-0.068184+0.100686j,1.012463+0.263960j,0.106125+1.106041j,0.169844
-0.067680+0.100570j,1.012479+0.253273j,0.101325+1.105807j,0.175168
-0.067182+0.100456j,1.012359+0.242772j,0.096632+1.105552j,0.180491
-0.066669+0.100338j,1.012096+0.232023j,0.091848+1.105265j,0.186037
-0.066161+0.100222j,1.011699+0.221463j,0.087168+1.104956j,0.191582
-0.065638+0.100103j,1.011151+0.210660j,0.082399+1.104614j,0.197356
-0.065121+0.099985j,1.010473+0.200048j,0.077732+1.104252j,0.203130
-0.064589+0.099864j,1.009636+0.189199j,0.072976+1.103857j,0.209139
-0.064062+0.099744j,1.008672+0.178542j,0.068319+1.103442j,0.215147
-0.063520+0.099622j,1.007542+0.167654j,0.063574+1.102992j,0.221399
-0.062984+0.099501j,1.006289+0.156962j,0.058927+1.102525j,0.227649
-0.062432+0.099376j,1.004862+0.146042j,0.054193+1.102022j,0.234150
-0.061886+0.099253j,1.003315+0.135321j,0.049553+1.101502j,0.240649
-0.061324+0.099127j,1.001587+0.124378j,0.044826+1.100945j,0.247408
-0.060767+0.099002j,0.999743+0.113637j,0.040194+1.100373j,0.254165
-0.060195+0.098873j,0.997710+0.102678j,0.035473+1.099762j,0.261190
-0.059628+0.098746j,0.995565+0.091923j,0.030844+1.099137j,0.268213
-0.059044+0.098615j,0.993224+0.080956j,0.026127+1.098472j,0.275513
-0.058467+0.098486j,0.990775+0.070195j,0.021501+1.097794j,0.282812
-0.057873+0.098353j,0.988123+0.059227j,0.016786+1.097076j,0.290397
-0.057284+0.098221j,0.985367+0.048469j,0.012161+1.096344j,0.297981
-0.056679+0.098085j,0.982400+0.037507j,0.007446+1.095571j,0.305861
-0.056079+0.097950j,0.979334+0.026759j,0.002820+1.094786j,0.313741
-0.055462+0.097812j,0.976049+0.015811j,-0.001898+1.093958j,0.321928
-0.054851+0.097675j,0.972670+0.005080j,-0.006528+1.093119j,0.330114
-0.054222+0.097533j,0.969064-0.005846j,-0.011250+1.092236j,0.338620
-0.053599+0.097393j,0.965369-0.016552j,-0.015885+1.091342j,0.347125
-0.052957+0.097248j,0.961439-0.027449j,-0.020614+1.090403j,0.355963
-0.052321+0.097104j,0.957425-0.038123j,-0.025257+1.089454j,0.364799
-0.051667+0.096956j,0.953169-0.048984j,-0.029996+1.088458j,0.373982
-0.051019+0.096809j,0.948833-0.059618j,-0.034649+1.087453j,0.383163
-0.050351+0.096656j,0.944247-0.070436j,-0.039399+1.086399j,0.392705
-0.049689+0.096505j,0.939586-0.081022j,-0.044065+1.085337j,0.402247
-0.049008+0.096349j,0.934667-0.091789j,-0.048829+1.084225j,0.412164
-0.048332+0.096193j,0.929679-0.102321j,-0.053510+1.083105j,0.422081
-0.047636+0.096032j,0.924424-0.113029j,-0.058291+1.081933j,0.432391
-0.046946+0.095872j,0.919105-0.123499j,-0.062989+1.080754j,0.442699
-0.046235+0.095706j,0.913511-0.134142j,-0.067790+1.079521j,0.453419
-0.045531+0.095541j,0.907859-0.144544j,-0.072508+1.078281j,0.464138
-0.044804+0.095369j,0.901922-0.155114j,-0.077332+1.076986j,0.475288
-0.044084+0.095198j,0.895933-0.165439j,-0.082073+1.075685j,0.486436
-0.043341+0.095021j,0.889649-0.175929j,-0.086922+1.074326j,0.498036
-0.042605+0.094844j,0.883319-0.186171j,-0.091688+1.072961j,0.509634
-0.041845+0.094660j,0.876685-0.196575j,-0.096566+1.071536j,0.521707
-0.041092+0.094476j,0.870010-0.206726j,-0.101361+1.070107j,0.533779
-0.040315+0.094285j,0.863022-0.217036j,-0.106271+1.068614j,0.546349
-0.039544+0.094094j,0.855998-0.227090j,-0.111098+1.067118j,0.558917
-0.038748+0.093895j,0.848649-0.237299j,-0.116043+1.065556j,0.572011
-0.037959+0.093696j,0.841271-0.247249j,-0.120905+1.063991j,0.585103
-0.037144+0.093489j,0.833556-0.257350j,-0.125889+1.062358j,0.598749
-0.036335+0.093281j,0.825819-0.267188j,-0.130791+1.060722j,0.612393
-0.035500+0.093064j,0.817732-0.277176j,-0.135817+1.059014j,0.626622
-0.034671+0.092846j,0.809629-0.286895j,-0.140761+1.057304j,0.640850
-0.033814+0.092619j,0.801162-0.296761j,-0.145835+1.055519j,0.655697
-0.032965+0.092391j,0.792687-0.306356j,-0.150826+1.053733j,0.670542
-0.032085+0.092152j,0.783832-0.316094j,-0.155952+1.051868j,0.686044
-0.031213+0.091912j,0.774975-0.325556j,-0.160994+1.050002j,0.701545
-0.030310+0.091660j,0.765722-0.335160j,-0.166176+1.048053j,0.717744
-0.029415+0.091407j,0.756474-0.344483j,-0.171274+1.046105j,0.733941
-0.028486+0.091142j,0.746812-0.353946j,-0.176519+1.044069j,0.750882
-0.027566+0.090874j,0.737161-0.363124j,-0.181679+1.042035j,0.767822
-0.026611+0.090593j,0.727075-0.372439j,-0.186992+1.039907j,0.785557
-0.025665+0.090310j,0.717009-0.381464j,-0.192219+1.037781j,0.803291
-0.024682+0.090011j,0.706483-0.390625j,-0.197608+1.035557j,0.821878
-0.023708+0.089710j,0.695984-0.399491j,-0.202910+1.033336j,0.840464
-0.022695+0.089392j,0.684998-0.408491j,-0.208382+1.031010j,0.859970
-0.021691+0.089071j,0.674048-0.417191j,-0.213766+1.028688j,0.879473
-0.020646+0.088731j,0.662579-0.426024j,-0.219331+1.026252j,0.899973
-0.019610+0.088388j,0.651153-0.434552j,-0.224806+1.023823j,0.920470
-0.018530+0.088024j,0.639171-0.443212j,-0.230475+1.021271j,0.942053
-0.017461+0.087656j,0.627240-0.451560j,-0.236051+1.018727j,0.963632
-0.016343+0.087263j,0.614708-0.460043j,-0.241838+1.016050j,0.986402
-0.015236+0.086867j,0.602236-0.468205j,-0.247529+1.013381j,1.009169
-0.014077+0.086443j,0.589108-0.476504j,-0.253450+1.010567j,1.033253
-0.012930+0.086014j,0.576047-0.484473j,-0.259272+1.007763j,1.057334
-0.011725+0.085554j,0.562262-0.492585j,-0.265347+1.004799j,1.082889
-0.010533+0.085088j,0.548552-0.500357j,-0.271320+1.001846j,1.108441
-0.009276+0.084585j,0.534029-0.508279j,-0.277577+0.998712j,1.135667
-0.007991+0.084058j,0.519097-0.516100j,-0.283936+0.995486j,1.163824
-0.006674+0.083505j,0.503718-0.523825j,-0.290412+0.992157j,1.193003
-0.005323+0.082921j,0.487852-0.531453j,-0.297017+0.988719j,1.223295
-0.003936+0.082306j,0.471453-0.538984j,-0.303767+0.985160j,1.254806
-0.002507+0.081654j,0.454467-0.546417j,-0.310678+0.981470j,1.287656
-0.001034+0.080961j,0.436839-0.553749j,-0.317766+0.977636j,1.321973
0.000486+0.080225j,0.418524-0.560967j,-0.325043+0.973651j,1.357866
0.002051+0.079443j,0.399519-0.568039j,-0.332504+0.969514j,1.395359
0.003650+0.078616j,0.379933-0.574896j,-0.340098+0.965250j,1.434251
0.005226+0.077775j,0.360469-0.581288j,-0.347551+0.961014j,1.473138
0.006778+0.076918j,0.341120-0.587240j,-0.354871+0.956807j,1.512019
0.008306+0.076046j,0.321874-0.592771j,-0.362065+0.952628j,1.550893
0.009812+0.075159j,0.302722-0.597902j,-0.369137+0.948476j,1.589763
0.011294+0.074256j,0.283653-0.602651j,-0.376095+0.944352j,1.628627
0.012754+0.073338j,0.264657-0.607035j,-0.382942+0.940255j,1.667485
0.014192+0.072405j,0.245723-0.611069j,-0.389685+0.936185j,1.706338
0.015607+0.071456j,0.226837-0.614768j,-0.396328+0.932141j,1.745186
0.017000+0.070492j,0.207989-0.618146j,-0.402875+0.928123j,1.784030
0.018232+0.069613j,0.191086-0.620916j,-0.408675+0.924537j,1.818892
0.019446+0.068722j,0.174192-0.623447j,-0.414405+0.920971j,1.853751
0.020643+0.067819j,0.157297-0.625747j,-0.420066+0.917425j,1.888607
0.021823+0.066903j,0.140389-0.627824j,-0.425662+0.913898j,1.923459
0.022985+0.065974j,0.123457-0.629687j,-0.431195+0.910390j,1.958308
0.024129+0.065034j,0.106489-0.631342j,-0.436667+0.906900j,1.993153
0.025257+0.064081j,0.089472-0.632798j,-0.442081+0.903428j,2.027994
0.026367+0.063116j,0.072391-0.634062j,-0.447438+0.899973j,2.062832
0.027461+0.062138j,0.055232-0.635142j,-0.452741+0.896534j,2.097666
0.028537+0.061149j,0.037978-0.636046j,-0.457992+0.893111j,2.132497
0.029597+0.060147j,0.020612-0.636782j,-0.463191+0.889704j,2.167325
0.030639+0.059134j,0.003116-0.637360j,-0.468342+0.886311j,2.202149
0.031666+0.058108j,-0.014530-0.637789j,-0.473446+0.882932j,2.236969
0.032675+0.057071j,-0.032350-0.638079j,-0.478503+0.879565j,2.271786
0.033668+0.056022j,-0.050366-0.638244j,-0.483516+0.876210j,2.306599
0.034645+0.054961j,-0.068604-0.638297j,-0.488486+0.872867j,2.341408
0.035606+0.053889j,-0.087094-0.638254j,-0.493413+0.869533j,2.376214
0.036550+0.052805j,-0.105866-0.638136j,-0.498298+0.866207j,2.411017
0.037479+0.051710j,-0.124955-0.637966j,-0.503144+0.862890j,2.445817
0.038392+0.050604j,-0.144397-0.637772j,-0.507949+0.859578j,2.480613
0.039318+0.049452j,-0.164860-0.637586j,-0.512863+0.856168j,2.516498
0.040004+0.048577j,-0.180560-0.637483j,-0.516533+0.853604j,2.543496
0.040684+0.047694j,-0.196598-0.637441j,-0.520192+0.851034j,2.570583
0.041324+0.046843j,-0.212209-0.637483j,-0.523665+0.848578j,2.596467
0.041957+0.045987j,-0.228118-0.637639j,-0.527116+0.846123j,2.622350
0.042486+0.045261j,-0.241788-0.637886j,-0.530011+0.844050j,2.644194
0.043028+0.044503j,-0.256214-0.638281j,-0.532997+0.841899j,2.666854
0.043501+0.043832j,-0.269157-0.638774j,-0.535616+0.840000j,2.686847
0.043970+0.043157j,-0.282305-0.639426j,-0.538221+0.838100j,2.706841
0.044435+0.042480j,-0.295658-0.640267j,-0.540811+0.836199j,2.726835
0.044837+0.041887j,-0.307487-0.641179j,-0.543060+0.834537j,2.744297
0.045236+0.041291j,-0.319468-0.642278j,-0.545298+0.832875j,2.761760
0.045632+0.040694j,-0.331594-0.643588j,-0.547522+0.831211j,2.779224
0.046025+0.040096j,-0.343855-0.645131j,-0.549735+0.829546j,2.796688
0.046368+0.039568j,-0.354744-0.646701j,-0.551670+0.828080j,2.812055
0.046708+0.039038j,-0.365714-0.648486j,-0.553595+0.826614j,2.827423
0.047046+0.038508j,-0.376752-0.650500j,-0.555509+0.825146j,2.842792
0.047381+0.037977j,-0.387841-0.652758j,-0.557412+0.823679j,2.858162
0.047714+0.037446j,-0.398960-0.655270j,-0.559303+0.822211j,2.873533
0.048044+0.036913j,-0.410087-0.658047j,-0.561183+0.820743j,2.888905
0.048338+0.036437j,-0.420029-0.660760j,-0.562854+0.819430j,2.902656
0.048629+0.035959j,-0.429942-0.663692j,-0.564515+0.818117j,2.916407
0.048918+0.035482j,-0.439807-0.666843j,-0.566167+0.816806j,2.930159
0.049205+0.035004j,-0.449606-0.670210j,-0.567808+0.815495j,2.943912
0.049489+0.034526j,-0.459322-0.673789j,-0.569439+0.814185j,2.957666
0.049772+0.034048j,-0.468937-0.677573j,-0.571060+0.812878j,2.971421
0.050052+0.033570j,-0.478437-0.681552j,-0.572671+0.811572j,2.985176
0.050329+0.033092j,-0.487807-0.685717j,-0.574271+0.810268j,2.998933
0.050604+0.032614j,-0.497034-0.690055j,-0.575860+0.808967j,3.012689
0.050877+0.032135j,-0.506109-0.694552j,-0.577440+0.807669j,3.026447
0.051147+0.031657j,-0.515023-0.699196j,-0.579009+0.806374j,3.040205
0.051414+0.031179j,-0.523769-0.703971j,-0.580568+0.805082j,3.053963
0.051678+0.030701j,-0.532343-0.708865j,-0.582117+0.803795j,3.067722
0.051940+0.030223j,-0.540742-0.713862j,-0.583656+0.802511j,3.081481
0.052208+0.029727j,-0.549259-0.719136j,-0.585241+0.801185j,3.095741
0.052474+0.029232j,-0.557586-0.724492j,-0.586815+0.799865j,3.110000
0.052736+0.028737j,-0.565726-0.729919j,-0.588379+0.798549j,3.124259
0.053007+0.028218j,-0.574058-0.735668j,-0.590008+0.797176j,3.139207
0.053274+0.027699j,-0.582190-0.741467j,-0.591627+0.795809j,3.154155
0.053548+0.027161j,-0.590419-0.747523j,-0.593295+0.794398j,3.169662
0.053818+0.026622j,-0.598443-0.753609j,-0.594952+0.792994j,3.185169
0.054094+0.026062j,-0.606585-0.759963j,-0.596665+0.791540j,3.201311
0.054366+0.025502j,-0.614521-0.766327j,-0.598368+0.790094j,3.217454
0.054646+0.024917j,-0.622591-0.772970j,-0.600134+0.788593j,3.234303
0.054920+0.024333j,-0.630453-0.779604j,-0.601888+0.787102j,3.251152
0.055202+0.023721j,-0.638463-0.786527j,-0.603712+0.785552j,3.268777
0.055478+0.023109j,-0.646265-0.793425j,-0.605523+0.784012j,3.286401
0.055762+0.022468j,-0.654226-0.800618j,-0.607410+0.782410j,3.304867
0.056039+0.021827j,-0.661980-0.807771j,-0.609284+0.780820j,3.323332
0.056324+0.021154j,-0.669901-0.815226j,-0.611238+0.779163j,3.342701
0.056602+0.020482j,-0.677616-0.822626j,-0.613179+0.777520j,3.362070
0.056887+0.019775j,-0.685504-0.830332j,-0.615205+0.775808j,3.382404
0.057164+0.019068j,-0.693189-0.837971j,-0.617219+0.774110j,3.402737
0.057447+0.018325j,-0.701051-0.845919j,-0.619321+0.772342j,3.424094
0.057722+0.017583j,-0.708711-0.853789j,-0.621411+0.770589j,3.445450
0.058001+0.016802j,-0.716551-0.861969j,-0.623593+0.768763j,3.467887
0.058272+0.016020j,-0.724191-0.870060j,-0.625763+0.766955j,3.490322
0.058547+0.015199j,-0.732013-0.878463j,-0.628029+0.765073j,3.513892
0.058811+0.014378j,-0.739636-0.886766j,-0.630282+0.763209j,3.537460
0.059078+0.013515j,-0.747440-0.895380j,-0.632635+0.761271j,3.562214
0.059334+0.012652j,-0.755048-0.903885j,-0.634975+0.759353j,3.586967
0.059591+0.011745j,-0.762836-0.912699j,-0.637419+0.757361j,3.612954
0.059835+0.010838j,-0.770428-0.921397j,-0.639849+0.755389j,3.638939
0.060079+0.009886j,-0.778197-0.930400j,-0.642385+0.753344j,3.666205
0.060309+0.008933j,-0.785773-0.939279j,-0.644908+0.751321j,3.693469
0.060535+0.007934j,-0.793521-0.948458j,-0.647540+0.749225j,3.722056
0.060747+0.006935j,-0.801078-0.957508j,-0.650158+0.747153j,3.750640
0.060954+0.005888j,-0.808801-0.966852j,-0.652888+0.745009j,3.780587
0.061144+0.004842j,-0.816334-0.976061j,-0.655604+0.742892j,3.810531
0.061325+0.003746j,-0.824027-0.985557j,-0.658433+0.740703j,3.841872
0.061490+0.002651j,-0.831532-0.994913j,-0.661249+0.738542j,3.873211
0.061643+0.001507j,-0.839188-1.004548j,-0.664179+0.736313j,3.905977
0.061776+0.000363j,-0.846657-1.014038j,-0.667096+0.734113j,3.938741
0.061896-0.000831j,-0.854269-1.023799j,-0.670129+0.731848j,3.972959
0.061994-0.002024j,-0.861696-1.033412j,-0.673148+0.729613j,4.007175
0.062075-0.003267j,-0.869255-1.043285j,-0.676284+0.727315j,4.042867
0.062134-0.004509j,-0.876631-1.053007j,-0.679407+0.725051j,4.078557
0.062171-0.005800j,-0.884128-1.062981j,-0.682647+0.722726j,4.115741
0.062184-0.007089j,-0.891443-1.072800j,-0.685874+0.720437j,4.152923
0.062171-0.008428j,-0.898869-1.082859j,-0.689219+0.718091j,4.191612
0.062133-0.009764j,-0.906114-1.092763j,-0.692550+0.715782j,4.230299
0.062066-0.011148j,-0.913458-1.102896j,-0.695998+0.713420j,4.270501
0.061971-0.012528j,-0.920621-1.112873j,-0.699433+0.711097j,4.310702
0.061843-0.013955j,-0.927873-1.123067j,-0.702985+0.708725j,4.352424
0.061686-0.015378j,-0.934945-1.133105j,-0.706524+0.706393j,4.394143
0.061492-0.016846j,-0.942092-1.143349j,-0.710178+0.704018j,4.437385
0.061266-0.018307j,-0.949062-1.153437j,-0.713820+0.701684j,4.480624
0.060999-0.019812j,-0.956095-1.163721j,-0.717576+0.699311j,4.525384
0.060699-0.021308j,-0.962950-1.173849j,-0.721318+0.696981j,4.570141
0.060354-0.022846j,-0.969858-1.184162j,-0.725174+0.694616j,4.616414
0.059973-0.024374j,-0.976589-1.194320j,-0.729017+0.692296j,4.662684
0.059558-0.025890j,-0.983149-1.204330j,-0.732846+0.690020j,4.708952
0.059086-0.027468j,-0.989851-1.214672j,-0.736847+0.687679j,4.757465
0.058576-0.029033j,-0.996378-1.224862j,-0.740835+0.685385j,4.805977
0.058029-0.030583j,-1.002735-1.234906j,-0.744809+0.683137j,4.854486
0.057417-0.032189j,-1.009208-1.245260j,-0.748950+0.680833j,4.905213
0.056766-0.033777j,-1.015507-1.255466j,-0.753077+0.678579j,4.955937
0.056075-0.035347j,-1.021638-1.265529j,-0.757189+0.676371j,5.006659
0.056015-0.035479j,-1.022148-1.266372j,-0.757535+0.676187j,5.010938
0.056015-0.035479j,-1.022148-1.266373j,-0.757534+0.676187j,5.010938
0.056015-0.035479j,-1.022148-1.266373j,-0.757534+0.676187j,5.010938
0.056015-0.035479j,-1.022148-1.266373j,-0.757534+0.676187j,5.010938
0.056015-0.035479j,-1.022148-1.266373j,-0.757534+0.676187j,5.010938
0.056015-0.035479j,-1.022148-1.266373j,-0.757534+0.676187j,5.010939
0.056015-0.035479j,-1.022148-1.266374j,-0.757534+0.676187j,5.010943
0.056014-0.035480j,-1.022150-1.266377j,-0.757536+0.676186j,5.010962
0.056013-0.035482j,-1.022160-1.266394j,-0.757543+0.676183j,5.011045
0.056008-0.035494j,-1.022205-1.266467j,-0.757573+0.676167j,5.011418
0.055984-0.035545j,-1.022405-1.266798j,-0.757709+0.676094j,5.013100
0.055877-0.035778j,-1.023303-1.268286j,-0.758321+0.675770j,5.020667
0.055384-0.036818j,-1.027298-1.274942j,-0.761072+0.674323j,5.054723
0.054572-0.038440j,-1.033453-1.285314j,-0.765395+0.672084j,5.108415
0.053717-0.040039j,-1.039436-1.295545j,-0.769702+0.669895j,5.162104
0.052821-0.041614j,-1.045252-1.305640j,-0.773994+0.667756j,5.215792
0.051847-0.043223j,-1.051118-1.315980j,-0.778431+0.665588j,5.271514
0.050829-0.044804j,-1.056816-1.326184j,-0.782850+0.663472j,5.327234
0.049769-0.046355j,-1.062349-1.336259j,-0.787253+0.661407j,5.382953
0.048625-0.047934j,-1.067924-1.346584j,-0.791803+0.659317j,5.440783
0.047436-0.049480j,-1.073333-1.356781j,-0.796335+0.657280j,5.498612
0.046204-0.050991j,-1.078581-1.366854j,-0.800847+0.655294j,5.556439
0.044884-0.052518j,-1.083851-1.377165j,-0.805500+0.653291j,5.616341
0.043519-0.054007j,-1.088958-1.387354j,-0.810131+0.651342j,5.676242
0.042112-0.055455j,-1.093906-1.397426j,-0.814740+0.649445j,5.736141
0.040613-0.056908j,-1.098860-1.407724j,-0.819483+0.647538j,5.798077
0.039072-0.058315j,-1.103654-1.417909j,-0.824201+0.645685j,5.860013
0.037488-0.059676j,-1.108292-1.427984j,-0.828895+0.643884j,5.921947
0.035865-0.060989j,-1.112779-1.437956j,-0.833563+0.642136j,5.983881
0.034131-0.062306j,-1.117301-1.448247j,-0.838402+0.640366j,6.048461
0.032356-0.063568j,-1.121667-1.458435j,-0.843213+0.638649j,6.113040
0.030544-0.064775j,-1.125883-1.468524j,-0.847993+0.636985j,6.177619
0.028694-0.065925j,-1.129952-1.478518j,-0.852743+0.635372j,6.242198
0.026734-0.067060j,-1.134032-1.488816j,-0.857649+0.633746j,6.309350
0.024739-0.068131j,-1.137962-1.499021j,-0.862521+0.632173j,6.376502
0.022710-0.069139j,-1.141747-1.509138j,-0.867356+0.630650j,6.443655
0.020650-0.070081j,-1.145390-1.519170j,-0.872156+0.629177j,6.510808
0.018482-0.070989j,-1.149025-1.529492j,-0.877094+0.627698j,6.580464
0.016285-0.071825j,-1.152516-1.539732j,-0.881991+0.626268j,6.650121
0.014063-0.072588j,-1.155869-1.549893j,-0.886846+0.624886j,6.719778
0.011816-0.073279j,-1.159086-1.559981j,-0.891657+0.623550j,6.789437
0.009468-0.073915j,-1.162278-1.570346j,-0.896589+0.622213j,6.861528
0.007101-0.074472j,-1.165335-1.580640j,-0.901472+0.620921j,6.933621
0.004716-0.074950j,-1.168259-1.590865j,-0.906305+0.619673j,7.005714
0.002316-0.075347j,-1.171055-1.601026j,-0.911087+0.618465j,7.077809
-0.000095-0.075664j,-1.173728-1.611126j,-0.915816+0.617296j,7.149904
-0.002613-0.075908j,-1.176382-1.621575j,-0.920680+0.616119j,7.224934
-0.005138-0.076065j,-1.178909-1.631964j,-0.925484+0.614980j,7.299965
-0.007666-0.076135j,-1.181315-1.642297j,-0.930228+0.613875j,7.374998
-0.010195-0.076118j,-1.183603-1.652576j,-0.934909+0.612804j,7.450032
-0.012720-0.076015j,-1.185776-1.662805j,-0.939526+0.611763j,7.525068
-0.015335-0.075817j,-1.187913-1.673368j,-0.944248+0.610713j,7.602931
-0.017940-0.075527j,-1.189936-1.683883j,-0.948899+0.609691j,7.680797
-0.020532-0.075145j,-1.191847-1.694351j,-0.953477+0.608693j,7.758663
-0.023107-0.074674j,-1.193649-1.704776j,-0.957980+0.607719j,7.836532
-0.025664-0.074113j,-1.195348-1.715159j,-0.962408+0.606763j,7.914402
-0.028286-0.073440j,-1.197000-1.725865j,-0.966910+0.605793j,7.995005
-0.030881-0.072673j,-1.198547-1.736532j,-0.971327+0.604838j,8.075609
-0.033445-0.071815j,-1.199994-1.747161j,-0.975659+0.603895j,8.156216
-0.035975-0.070867j,-1.201343-1.757755j,-0.979903+0.602962j,8.236824
-0.038468-0.069831j,-1.202599-1.768316j,-0.984059+0.602036j,8.317433
-0.040921-0.068709j,-1.203763-1.778845j,-0.988126+0.601114j,8.398045
-0.043425-0.067453j,-1.204880-1.789755j,-0.992254+0.600157j,8.481818
-0.045879-0.066107j,-1.205905-1.800634j,-0.996283+0.599199j,8.565594
-0.048280-0.064676j,-1.206842-1.811484j,-1.000210+0.598235j,8.649371
-0.050625-0.063160j,-1.207694-1.822306j,-1.004033+0.597264j,8.733149
-0.052913-0.061562j,-1.208463-1.833102j,-1.007753+0.596282j,8.816929
-0.055139-0.059886j,-1.209153-1.843873j,-1.011366+0.595287j,8.900711
-0.057302-0.058133j,-1.209767-1.854621j,-1.014872+0.594275j,8.984494
-0.059474-0.056239j,-1.210324-1.865738j,-1.018392+0.593206j,9.071340
-0.061573-0.054269j,-1.210805-1.876831j,-1.021794+0.592113j,9.158188
-0.063597-0.052226j,-1.211211-1.887902j,-1.025076+0.590994j,9.245037
-0.065542-0.050114j,-1.211546-1.898952j,-1.028237+0.589845j,9.331887
-0.067408-0.047937j,-1.211811-1.909982j,-1.031277+0.588665j,9.418738
-0.069191-0.045696j,-1.212009-1.920993j,-1.034193+0.587450j,9.505591
-0.070891-0.043396j,-1.212143-1.931985j,-1.036985+0.586198j,9.592444
-0.072506-0.041041j,-1.212214-1.942960j,-1.039651+0.584906j,9.679298
-0.074035-0.038633j,-1.212224-1.953917j,-1.042190+0.583572j,9.766153
-0.075525-0.036087j,-1.212173-1.965251j,-1.044686+0.582144j,9.856142
-0.076920-0.033492j,-1.212060-1.976568j,-1.047043+0.580666j,9.946131
-0.077881-0.031561j,-1.211940-1.984852j,-1.048682+0.579550j,10.012070
-0.077881-0.031561j,-1.211940-1.984852j,-1.048682+0.579550j,10.012070
-0.077881-0.031561j,-1.211940-1.984852j,-1.048682+0.579550j,10.012070
-0.077881-0.031561j,-1.211940-1.984852j,-1.048682+0.579550j,10.012070
-0.077881-0.031561j,-1.211940-1.984852j,-1.048682+0.579550j,10.012070
-0.077881-0.031561j,-1.211940-1.984852j,-1.048682+0.579550j,10.012071
-0.077881-0.031561j,-1.211940-1.984852j,-1.048682+0.579549j,10.012075
-0.077881-0.031560j,-1.211940-1.984855j,-1.048683+0.579549j,10.012094
-0.077883-0.031558j,-1.211940-1.984865j,-1.048685+0.579548j,10.012177
-0.077888-0.031547j,-1.211939-1.984912j,-1.048694+0.579541j,10.012550
-0.077912-0.031497j,-1.211936-1.985123j,-1.048734+0.579512j,10.014232
-0.078018-0.031274j,-1.211920-1.986074j,-1.048918+0.579382j,10.021799
-0.078490-0.030266j,-1.211843-1.990349j,-1.049729+0.578792j,10.055859
-0.079686-0.027536j,-1.211597-2.001799j,-1.051804+0.577171j,10.147200
-0.080780-0.024769j,-1.211295-2.013232j,-1.053733+0.575492j,10.238541
-0.081771-0.021968j,-1.210937-2.024650j,-1.055514+0.573753j,10.329883
-0.082660-0.019138j,-1.210525-2.036053j,-1.057147+0.571951j,10.421224
-0.083445-0.016282j,-1.210061-2.047440j,-1.058631+0.570086j,10.512566
-0.084127-0.013404j,-1.209545-2.058813j,-1.059964+0.568155j,10.603908
-0.084706-0.010509j,-1.208980-2.070171j,-1.061145+0.566157j,10.695249
-0.085181-0.007599j,-1.208367-2.081515j,-1.062175+0.564091j,10.786591
-0.085552-0.004679j,-1.207706-2.092845j,-1.063052+0.561956j,10.877932
-0.085821-0.001752j,-1.206999-2.104161j,-1.063775+0.559751j,10.969273
-0.085988+0.001177j,-1.206247-2.115464j,-1.064344+0.557474j,11.060613
-0.086053+0.004216j,-1.205420-2.127172j,-1.064770+0.555035j,11.155351
-0.086009+0.007249j,-1.204546-2.138866j,-1.065028+0.552519j,11.250087
-0.085857+0.010275j,-1.203627-2.150546j,-1.065118+0.549923j,11.344823
-0.085599+0.013289j,-1.202662-2.162212j,-1.065039+0.547247j,11.439557
-0.085234+0.016287j,-1.201653-2.173864j,-1.064791+0.544490j,11.534291
-0.084766+0.019266j,-1.200601-2.185502j,-1.064373+0.541653j,11.629024
-0.084194+0.022223j,-1.199505-2.197126j,-1.063784+0.538735j,11.723756
-0.083520+0.025154j,-1.198368-2.208736j,-1.063023+0.535735j,11.818486
-0.082747+0.028055j,-1.197188-2.220332j,-1.062091+0.532655j,11.913215
-0.081875+0.030924j,-1.195967-2.231914j,-1.060987+0.529493j,12.007943
-0.080906+0.033758j,-1.194706-2.243483j,-1.059710+0.526251j,12.102670
-0.079804+0.036647j,-1.193359-2.255431j,-1.058208+0.522813j,12.200620
-0.078603+0.039493j,-1.191969-2.267364j,-1.056520+0.519290j,12.298569
-0.077304+0.042290j,-1.190537-2.279282j,-1.054645+0.515682j,12.396516
-0.075911+0.045037j,-1.189062-2.291185j,-1.052585+0.511989j,12.494462
-0.074425+0.047731j,-1.187545-2.303074j,-1.050337+0.508213j,12.592405
-0.072848+0.050369j,-1.185987-2.314947j,-1.047902+0.504354j,12.690347
-0.071183+0.052948j,-1.184387-2.326806j,-1.045278+0.500413j,12.788286
-0.069433+0.055466j,-1.182746-2.338649j,-1.042467+0.496392j,12.886224
-0.067600+0.057919j,-1.181064-2.350477j,-1.039466+0.492291j,12.984159
-0.065686+0.060307j,-1.179340-2.362290j,-1.036275+0.488113j,13.082092
-0.063695+0.062626j,-1.177575-2.374087j,-1.032895+0.483858j,13.180023
-0.061628+0.064875j,-1.175769-2.385868j,-1.029324+0.479529j,13.277952
-0.059489+0.067052j,-1.173922-2.397634j,-1.025561+0.475127j,13.375878
-0.057281+0.069153j,-1.172034-2.409384j,-1.021606+0.470653j,13.473802
-0.055005+0.071179j,-1.170104-2.421118j,-1.017459+0.466111j,13.571724
-0.052582+0.073194j,-1.168064-2.433245j,-1.012963+0.461339j,13.673075
-0.050093+0.075123j,-1.165979-2.445355j,-1.008259+0.456499j,13.774422
-0.047542+0.076965j,-1.163849-2.457448j,-1.003346+0.451592j,13.875767
-0.044932+0.078719j,-1.161675-2.469522j,-0.998223+0.446622j,13.977109
-0.042265+0.080383j,-1.159456-2.481577j,-0.992889+0.441592j,14.078449
-0.039545+0.081955j,-1.157193-2.493614j,-0.987343+0.436506j,14.179786
-0.036775+0.083435j,-1.154884-2.505632j,-0.981584+0.431366j,14.281120
-0.033958+0.084822j,-1.152529-2.517631j,-0.975611+0.426178j,14.382451
-0.031098+0.086114j,-1.150129-2.529610j,-0.969422+0.420945j,14.483779
-0.028198+0.087310j,-1.147683-2.541568j,-0.963017+0.415672j,14.585104
-0.025260+0.088410j,-1.145191-2.553507j,-0.956394+0.410364j,14.686427
-0.022288+0.089414j,-1.142652-2.565424j,-0.949552+0.405025j,14.787747
-0.019286+0.090319j,-1.140067-2.577321j,-0.942489+0.399661j,14.889064
-0.016255+0.091127j,-1.137434-2.589195j,-0.935205+0.394278j,14.990379
-0.015533+0.091304j,-1.136803-2.592007j,-0.933445+0.392999j,15.014402
-0.015533+0.091304j,-1.136803-2.592007j,-0.933445+0.392999j,15.014402
-0.015533+0.091304j,-1.136803-2.592007j,-0.933445+0.392999j,15.014402
-0.015533+0.091304j,-1.136803-2.592007j,-0.933445+0.392999j,15.014402
-0.015533+0.091304j,-1.136803-2.592007j,-0.933445+0.392999j,15.014402
-0.015533+0.091304j,-1.136803-2.592008j,-0.933445+0.392999j,15.014403
-0.015533+0.091304j,-1.136803-2.592008j,-0.933444+0.392999j,15.014407
-0.015532+0.091304j,-1.136803-2.592010j,-0.933443+0.392998j,15.014426
-0.015530+0.091304j,-1.136801-2.592020j,-0.933437+0.392994j,15.014509
-0.015518+0.091307j,-1.136791-2.592064j,-0.933409+0.392974j,15.014882
-0.015468+0.091319j,-1.136746-2.592260j,-0.933286+0.392884j,15.016564
-0.015240+0.091374j,-1.136547-2.593146j,-0.932728+0.392481j,15.024131
-0.014213+0.091612j,-1.135646-2.597129j,-0.930205+0.390668j,15.058181
-0.011090+0.092265j,-1.132887-2.609172j,-0.922413+0.385173j,15.161254
-0.007946+0.092816j,-1.130079-2.621191j,-0.914387+0.379677j,15.264325
-0.004786+0.093264j,-1.127220-2.633185j,-0.906128+0.374187j,15.367392
-0.001612+0.093610j,-1.124311-2.645154j,-0.897634+0.368711j,15.470457
0.001572+0.093853j,-1.121352-2.657097j,-0.888905+0.363260j,15.573520
0.004764+0.093993j,-1.118342-2.669014j,-0.879939+0.357841j,15.676580
0.007959+0.094032j,-1.115282-2.680903j,-0.870738+0.352466j,15.779638
0.011156+0.093968j,-1.112169-2.692764j,-0.861301+0.347145j,15.882693
0.014350+0.093803j,-1.109006-2.704595j,-0.851629+0.341889j,15.985746
0.017539+0.093536j,-1.105790-2.716397j,-0.841724+0.336710j,16.088797
0.020720+0.093170j,-1.102523-2.728168j,-0.831588+0.331621j,16.191847
0.023890+0.092703j,-1.099203-2.739907j,-0.821223+0.326635j,16.294894
0.027045+0.092137j,-1.095831-2.751613j,-0.810634+0.321766j,16.397940
0.030183+0.091473j,-1.092407-2.763286j,-0.799825+0.317027j,16.500984
0.033302+0.090712j,-1.088931-2.774923j,-0.788803+0.312435j,16.604028
0.036397+0.089854j,-1.085402-2.786524j,-0.777574+0.308003j,16.707070
0.039467+0.088901j,-1.081821-2.798088j,-0.766149+0.303747j,16.810111
0.042509+0.087853j,-1.078188-2.809614j,-0.754536+0.299683j,16.913152
0.045519+0.086712j,-1.074503-2.821099j,-0.742750+0.295824j,17.016192
0.048496+0.085480j,-1.070766-2.832544j,-0.730802+0.292185j,17.119231
0.051437+0.084157j,-1.066979-2.843947j,-0.718710+0.288780j,17.222271
0.054338+0.082745j,-1.063141-2.855307j,-0.706490+0.285622j,17.325310
0.057299+0.081190j,-1.059112-2.867025j,-0.693719+0.282623j,17.432029
0.060213+0.079543j,-1.055031-2.878694j,-0.680855+0.279911j,17.538748
0.063077+0.077805j,-1.050898-2.890313j,-0.667922+0.277495j,17.645467
0.065888+0.075978j,-1.046714-2.901880j,-0.654946+0.275381j,17.752187
0.068755+0.073983j,-1.042305-2.913866j,-0.641419+0.273504j,17.863291
0.071560+0.071896j,-1.037842-2.925794j,-0.627904+0.271958j,17.974394
0.073790+0.070135j,-1.034180-2.935438j,-0.616957+0.270943j,18.064640
0.076070+0.068234j,-1.030320-2.945466j,-0.605571+0.270110j,18.158879
0.078301+0.066271j,-1.026425-2.955451j,-0.594251+0.269503j,18.253118
0.080218+0.064496j,-1.022973-2.964188j,-0.584369+0.269150j,18.335940
0.082093+0.062675j,-1.019495-2.972891j,-0.574561+0.268959j,18.418761
0.083927+0.060810j,-1.015993-2.981559j,-0.564835+0.268925j,18.501583
0.085717+0.058901j,-1.012465-2.990192j,-0.555201+0.269040j,18.584404
0.087463+0.056949j,-1.008914-2.998789j,-0.545666+0.269295j,18.667225
0.089163+0.054955j,-1.005340-3.007352j,-0.536239+0.269683j,18.750045
0.090818+0.052921j,-1.001743-3.015878j,-0.526924+0.270195j,18.832865
0.092425+0.050847j,-0.998124-3.024370j,-0.517727+0.270822j,18.915685
0.093984+0.048736j,-0.994483-3.032825j,-0.508652+0.271556j,18.998504
0.095495+0.046586j,-0.990822-3.041246j,-0.499703+0.272386j,19.081323
0.096956+0.044401j,-0.987141-3.049631j,-0.490882+0.273306j,19.164141
0.098367+0.042181j,-0.983440-3.057980j,-0.482192+0.274306j,19.246958
0.099726+0.039927j,-0.979721-3.066295j,-0.473632+0.275377j,19.329775
0.101034+0.037641j,-0.975983-3.074574j,-0.465205+0.276513j,19.412591
0.102289+0.035323j,-0.972227-3.082818j,-0.456909+0.277706j,19.495406
0.103491+0.032974j,-0.968454-3.091028j,-0.448744+0.278947j,19.578220
0.104639+0.030597j,-0.964663-3.099203j,-0.440710+0.280231j,19.661033
0.105733+0.028192j,-0.960856-3.107344j,-0.432804+0.281552j,19.743845
0.106771+0.025760j,-0.957033-3.115450j,-0.425025+0.282902j,19.826657
0.107754+0.023303j,-0.953194-3.123523j,-0.417371+0.284277j,19.909467
0.108680+0.020821j,-0.949340-3.131562j,-0.409840+0.285672j,19.992277
0.108900+0.020207j,-0.948388-3.133537j,-0.408004+0.286018j,20.012682
0.108900+0.020207j,-0.948388-3.133537j,-0.408004+0.286018j,20.012682
0.108900+0.020207j,-0.948388-3.133537j,-0.408004+0.286018j,20.012682
0.108900+0.020207j,-0.948388-3.133537j,-0.408004+0.286018j,20.012682
0.108900+0.020207j,-0.948388-3.133537j,-0.408004+0.286018j,20.012682
0.108900+0.020207j,-0.948388-3.133537j,-0.408004+0.286018j,20.012683
0.108900+0.020206j,-0.948388-3.133538j,-0.408004+0.286018j,20.012687
0.108900+0.020206j,-0.948387-3.133539j,-0.408002+0.286018j,20.012705
0.108901+0.020203j,-0.948383-3.133547j,-0.407994+0.286019j,20.012788
0.108905+0.020192j,-0.948366-3.133584j,-0.407961+0.286026j,20.013162
0.108923+0.020141j,-0.948287-3.133746j,-0.407810+0.286054j,20.014843
0.109003+0.019913j,-0.947934-3.134478j,-0.407131+0.286183j,20.022410
0.109359+0.018883j,-0.946344-3.137767j,-0.404089+0.286762j,20.056454
0.110170+0.016411j,-0.942538-3.145594j,-0.396910+0.288153j,20.137672
0.110925+0.013918j,-0.938718-3.153389j,-0.389842+0.289550j,20.218888
0.111624+0.011407j,-0.934884-3.161152j,-0.382884+0.290950j,20.300104
0.112289+0.008790j,-0.930901-3.169155j,-0.375793+0.292400j,20.384168
0.112894+0.006154j,-0.926905-3.177125j,-0.368813+0.293847j,20.468232
0.113437+0.003503j,-0.922894-3.185062j,-0.361942+0.295288j,20.552295
0.113938+0.000728j,-0.918706-3.193287j,-0.354903+0.296778j,20.639786
0.114373-0.002061j,-0.914502-3.201478j,-0.347974+0.298256j,20.727276
0.114740-0.004863j,-0.910284-3.209634j,-0.341154+0.299720j,20.814765
0.115052-0.007792j,-0.905879-3.218085j,-0.334166+0.301226j,20.905822
0.115290-0.010731j,-0.901459-3.226500j,-0.327288+0.302711j,20.996878
0.115455-0.013678j,-0.897023-3.234877j,-0.320518+0.304175j,21.087933
0.115550-0.016748j,-0.892399-3.243542j,-0.313592+0.305670j,21.182531
0.115564-0.019824j,-0.887759-3.252168j,-0.306776+0.307138j,21.277127
0.115500-0.022903j,-0.883103-3.260755j,-0.300063+0.308578j,21.371722
0.115349-0.026096j,-0.878260-3.269615j,-0.293213+0.310040j,21.469770
0.115113-0.029289j,-0.873401-3.278433j,-0.286468+0.311468j,21.567816
0.114792-0.032479j,-0.868524-3.287211j,-0.279825+0.312863j,21.665862
0.114370-0.035775j,-0.863461-3.296252j,-0.273055+0.314270j,21.767315
0.113856-0.039064j,-0.858379-3.305249j,-0.266387+0.315639j,21.868767
0.113253-0.042343j,-0.853280-3.314204j,-0.259818+0.316972j,21.970218
0.112533-0.045720j,-0.847988-3.323420j,-0.253125+0.318309j,22.075123
0.111717-0.049082j,-0.842677-3.332590j,-0.246532+0.319606j,22.180027
0.110806-0.052425j,-0.837346-3.341716j,-0.240035+0.320861j,22.284930
0.109763-0.055860j,-0.831814-3.351105j,-0.233414+0.322117j,22.393399
0.108619-0.059269j,-0.826262-3.360448j,-0.226889+0.323329j,22.501867
0.107374-0.062650j,-0.820688-3.369744j,-0.220457+0.324499j,22.610335
0.105983-0.066113j,-0.814903-3.379306j,-0.213900+0.325663j,22.722487
0.104486-0.069541j,-0.809096-3.388820j,-0.207437+0.326782j,22.834639
0.102885-0.072928j,-0.803266-3.398284j,-0.201064+0.327856j,22.946790
0.101180-0.076274j,-0.797413-3.407700j,-0.194778+0.328887j,23.058940
0.099292-0.079718j,-0.791277-3.417480j,-0.188305+0.329917j,23.176042
0.097293-0.083110j,-0.785115-3.427207j,-0.181921+0.330901j,23.293144
0.095187-0.086446j,-0.778928-3.436882j,-0.175623+0.331840j,23.410245
0.092975-0.089722j,-0.772714-3.446505j,-0.169410+0.332734j,23.527346
0.090563-0.093063j,-0.766226-3.456455j,-0.163035+0.333619j,23.649103
0.088041-0.096332j,-0.759708-3.466350j,-0.156746+0.334457j,23.770859
0.085411-0.099526j,-0.753161-3.476190j,-0.150539+0.335251j,23.892615
0.082674-0.102643j,-0.746584-3.485974j,-0.144413+0.336002j,24.014371
0.079833-0.105678j,-0.739978-3.495703j,-0.138365+0.336711j,24.136126
0.076777-0.108740j,-0.733084-3.505748j,-0.132164+0.337403j,24.262560
0.073614-0.111707j,-0.726157-3.515734j,-0.126043+0.338053j,24.388995
0.070348-0.114576j,-0.719195-3.525662j,-0.119998+0.338662j,24.515429
0.066983-0.117343j,-0.712199-3.535531j,-0.114028+0.339232j,24.641863
0.063520-0.120006j,-0.705166-3.545342j,-0.108131+0.339762j,24.768297
0.059965-0.122560j,-0.698098-3.555094j,-0.102303+0.340256j,24.894731
0.056702-0.124756j,-0.691730-3.563787j,-0.097138+0.340669j,25.008085
