-0.250000+0.000000j,-0.693147+3.141593j,-0.693147+3.141593j,0.000000
-0.250055-0.000078j,-0.702180+3.158958j,-0.684115+3.124227j,0.000015
-0.250088-0.000124j,-0.704327+3.163660j,-0.681787+3.119771j,0.000026
-0.250115-0.000163j,-0.705885+3.166933j,-0.680097+3.116683j,0.000037
-0.250139-0.000197j,-0.707135+3.169536j,-0.678736+3.114238j,0.000047
-0.250162-0.000229j,-0.708192+3.171735j,-0.677580+3.112180j,0.000058
-0.250182-0.000259j,-0.709116+3.173659j,-0.676565+3.110385j,0.000068
-0.250202-0.000287j,-0.709942+3.175382j,-0.675655+3.108783j,0.000078
-0.250221-0.000313j,-0.710691+3.176949j,-0.674826+3.107330j,0.000088
-0.250239-0.000339j,-0.711379+3.178392j,-0.674062+3.105996j,0.000099
-0.250256-0.000364j,-0.712017+3.179733j,-0.673352+3.104758j,0.000109
-0.250273-0.000388j,-0.712612+3.180989j,-0.672686+3.103603j,0.000119
-0.250289-0.000411j,-0.713172+3.182172j,-0.672059+3.102516j,0.000129
-0.250304-0.000434j,-0.713700+3.183293j,-0.671465+3.101489j,0.000139
-0.250320-0.000456j,-0.714201+3.184358j,-0.670899+3.100515j,0.000149
-0.250335-0.000477j,-0.714678+3.185375j,-0.670360+3.099587j,0.000159
-0.250349-0.000498j,-0.715134+3.186348j,-0.669844+3.098701j,0.000170
-0.250364-0.000519j,-0.715571+3.187282j,-0.669348+3.097851j,0.000180
-0.250378-0.000539j,-0.715990+3.188181j,-0.668871+3.097035j,0.000190
-0.250392-0.000559j,-0.716393+3.189049j,-0.668410+3.096249j,0.000200
-0.250405-0.000579j,-0.716782+3.189886j,-0.667966+3.095491j,0.000210
-0.250419-0.000598j,-0.717158+3.190697j,-0.667535+3.094758j,0.000220
-0.250432-0.000617j,-0.717521+3.191484j,-0.667117+3.094049j,0.000230
-0.250445-0.000635j,-0.717874+3.192247j,-0.666712+3.093362j,0.000240
-0.250457-0.000654j,-0.718216+3.192989j,-0.666318+3.092694j,0.000250
-0.250470-0.000672j,-0.718548+3.193711j,-0.665934+3.092046j,0.000260
-0.250482-0.000689j,-0.718871+3.194415j,-0.665561+3.091414j,0.000270
-0.250495-0.000707j,-0.719185+3.195101j,-0.665196+3.090800j,0.000280
-0.250507-0.000725j,-0.719492+3.195771j,-0.664840+3.090200j,0.000290
-0.250519-0.000742j,-0.719791+3.196425j,-0.664492+3.089616j,0.000301
-0.250531-0.000759j,-0.720082+3.197065j,-0.664152+3.089044j,0.000311
-0.250542-0.000776j,-0.720368+3.197692j,-0.663819+3.088486j,0.000321
-0.250554-0.000792j,-0.720646+3.198305j,-0.663493+3.087940j,0.000331
-0.250565-0.000809j,-0.720919+3.198906j,-0.663174+3.087406j,0.000341
-0.250577-0.000825j,-0.721186+3.199495j,-0.662861+3.086882j,0.000351
-0.250588-0.000841j,-0.721448+3.200074j,-0.662553+3.086369j,0.000361
-0.250599-0.000857j,-0.721705+3.200641j,-0.662252+3.085866j,0.000371
-0.250610-0.000873j,-0.721956+3.201199j,-0.661955+3.085373j,0.000381
-0.250621-0.000889j,-0.722203+3.201746j,-0.661664+3.084888j,0.000391
-0.250632-0.000904j,-0.722446+3.202285j,-0.661378+3.084412j,0.000401
-0.250642-0.000920j,-0.722684+3.202815j,-0.661096+3.083945j,0.000411
-0.250653-0.000935j,-0.722918+3.203336j,-0.660819+3.083486j,0.000421
-0.250664-0.000950j,-0.723148+3.203849j,-0.660546+3.083034j,0.000431
-0.250674-0.000965j,-0.723374+3.204354j,-0.660277+3.082589j,0.000441
-0.250684-0.000980j,-0.723596+3.204852j,-0.660012+3.082152j,0.000451
-0.250695-0.000995j,-0.723816+3.205342j,-0.659752+3.081721j,0.000461
-0.250705-0.001010j,-0.724031+3.205825j,-0.659494+3.081297j,0.000471
-0.250715-0.001024j,-0.724244+3.206302j,-0.659241+3.080879j,0.000481
-0.250725-0.001039j,-0.724453+3.206772j,-0.658991+3.080468j,0.000491
-0.250735-0.001053j,-0.724659+3.207236j,-0.658744+3.080062j,0.000501
-0.250745-0.001068j,-0.724862+3.207694j,-0.658500+3.079662j,0.000511
-0.250755-0.001082j,-0.725063+3.208145j,-0.658260+3.079267j,0.000521
-0.250765-0.001096j,-0.725260+3.208592j,-0.658022+3.078878j,0.000532
-0.250775-0.001110j,-0.725455+3.209032j,-0.657788+3.078493j,0.000542
-0.250784-0.001124j,-0.725648+3.209468j,-0.657556+3.078114j,0.000552
-0.250794-0.001138j,-0.725838+3.209898j,-0.657327+3.077740j,0.000562
-0.250803-0.001152j,-0.726026+3.210323j,-0.657101+3.077370j,0.000572
-0.250813-0.001166j,-0.726211+3.210743j,-0.656877+3.077004j,0.000582
-0.250822-0.001179j,-0.726394+3.211159j,-0.656656+3.076644j,0.000592
-0.250832-0.001193j,-0.726574+3.211570j,-0.656437+3.076287j,0.000602
-0.250841-0.001206j,-0.726753+3.211976j,-0.656220+3.075935j,0.000612
-0.250851-0.001220j,-0.726930+3.212378j,-0.656006+3.075586j,0.000622
-0.250860-0.001233j,-0.727104+3.212776j,-0.655794+3.075242j,0.000632
-0.250869-0.001246j,-0.727277+3.213170j,-0.655585+3.074901j,0.000642
-0.250878-0.001260j,-0.727447+3.213560j,-0.655377+3.074564j,0.000652
-0.250887-0.001273j,-0.727616+3.213946j,-0.655171+3.074231j,0.000662
-0.250896-0.001286j,-0.727783+3.214328j,-0.654968+3.073901j,0.000672
-0.250905-0.001299j,-0.727948+3.214706j,-0.654766+3.073575j,0.000682
-0.250914-0.001312j,-0.728111+3.215081j,-0.654567+3.073252j,0.000692
-0.250923-0.001325j,-0.728273+3.215452j,-0.654369+3.072932j,0.000702
-0.250932-0.001337j,-0.728433+3.215820j,-0.654173+3.072616j,0.000712
-0.250941-0.001350j,-0.728591+3.216184j,-0.653979+3.072302j,0.000722
-0.250950-0.001363j,-0.728748+3.216546j,-0.653786+3.071992j,0.000732
-0.250958-0.001376j,-0.728904+3.216903j,-0.653595+3.071684j,0.000742
-0.250967-0.001388j,-0.729058+3.217258j,-0.653406+3.071380j,0.000752
-0.250976-0.001401j,-0.729210+3.217610j,-0.653219+3.071078j,0.000762
-0.250984-0.001413j,-0.729361+3.217959j,-0.653033+3.070780j,0.000772
-0.250993-0.001426j,-0.729510+3.218304j,-0.652849+3.070483j,0.000782
-0.251002-0.001438j,-0.729659+3.218647j,-0.652666+3.070190j,0.000792
-0.251010-0.001450j,-0.729805+3.218987j,-0.652485+3.069899j,0.000802
-0.251019-0.001463j,-0.729951+3.219325j,-0.652305+3.069611j,0.000812
-0.251027-0.001475j,-0.730095+3.219659j,-0.652127+3.069325j,0.000822
-0.251035-0.001487j,-0.730238+3.219991j,-0.651950+3.069041j,0.000832
-0.251044-0.001499j,-0.730380+3.220321j,-0.651774+3.068760j,0.000842
-0.251052-0.001511j,-0.730520+3.220647j,-0.651600+3.068482j,0.000852
-0.251060-0.001523j,-0.730660+3.220972j,-0.651427+3.068205j,0.000862
-0.251069-0.001535j,-0.730798+3.221294j,-0.651255+3.067931j,0.000872
-0.251077-0.001547j,-0.730935+3.221613j,-0.651085+3.067659j,0.000882
-0.251085-0.001559j,-0.731071+3.221930j,-0.650915+3.067390j,0.000892
-0.251093-0.001571j,-0.731206+3.222245j,-0.650748+3.067122j,0.000902
-0.251101-0.001583j,-0.731340+3.222558j,-0.650581+3.066856j,0.000912
-0.251110-0.001594j,-0.731472+3.222868j,-0.650415+3.066593j,0.000922
-0.251118-0.001606j,-0.731604+3.223176j,-0.650251+3.066331j,0.000932
-0.251126-0.001618j,-0.731735+3.223482j,-0.650088+3.066072j,0.000942
-0.251134-0.001629j,-0.731864+3.223786j,-0.649925+3.065814j,0.000953
-0.251142-0.001641j,-0.731993+3.224088j,-0.649764+3.065559j,0.000963
-0.251150-0.001653j,-0.732121+3.224388j,-0.649604+3.065305j,0.000973
-0.251158-0.001664j,-0.732248+3.224686j,-0.649445+3.065053j,0.000983
-0.251166-0.001676j,-0.732374+3.224982j,-0.649288+3.064803j,0.000993
-0.251173-0.001687j,-0.732499+3.225276j,-0.649131+3.064554j,0.001003
-0.251181-0.001698j,-0.732623+3.225568j,-0.648975+3.064308j,0.001013
-0.251189-0.001710j,-0.732746+3.225858j,-0.648820+3.064063j,0.001023
-0.251197-0.001721j,-0.732868+3.226147j,-0.648666+3.063819j,0.001033
-0.251205-0.001732j,-0.732990+3.226433j,-0.648513+3.063578j,0.001043
-0.251213-0.001744j,-0.733110+3.226718j,-0.648361+3.063338j,0.001053
-0.251220-0.001755j,-0.733230+3.227001j,-0.648210+3.063099j,0.001063
-0.251228-0.001766j,-0.733349+3.227282j,-0.648060+3.062863j,0.001073
-0.251236-0.001777j,-0.733467+3.227562j,-0.647911+3.062627j,0.001083
-0.251243-0.001788j,-0.733585+3.227840j,-0.647762+3.062394j,0.001093
-0.251251-0.001799j,-0.733701+3.228116j,-0.647615+3.062161j,0.001103
-0.251259-0.001810j,-0.733817+3.228391j,-0.647468+3.061931j,0.001113
-0.251266-0.001821j,-0.733932+3.228664j,-0.647322+3.061701j,0.001123
-0.251274-0.001832j,-0.734047+3.228935j,-0.647177+3.061473j,0.001133
-0.251281-0.001843j,-0.734160+3.229205j,-0.647033+3.061247j,0.001143
-0.251289-0.001854j,-0.734273+3.229474j,-0.646890+3.061022j,0.001153
-0.251296-0.001865j,-0.734385+3.229741j,-0.646747+3.060798j,0.001163
-0.251304-0.001876j,-0.734497+3.230006j,-0.646606+3.060576j,0.001173
-0.251311-0.001887j,-0.734608+3.230270j,-0.646465+3.060355j,0.001183
-0.251319-0.001898j,-0.734718+3.230533j,-0.646324+3.060135j,0.001193
-0.251326-0.001908j,-0.734828+3.230794j,-0.646185+3.059917j,0.001203
-0.251334-0.001919j,-0.734936+3.231054j,-0.646046+3.059700j,0.001213
-0.251341-0.001930j,-0.735045+3.231312j,-0.645908+3.059484j,0.001223
-0.251348-0.001941j,-0.735152+3.231569j,-0.645771+3.059270j,0.001233
-0.251356-0.001951j,-0.735259+3.231825j,-0.645634+3.059056j,0.001243
-0.251363-0.001962j,-0.735365+3.232079j,-0.645498+3.058844j,0.001253
-0.251370-0.001972j,-0.735471+3.232332j,-0.645363+3.058633j,0.001263
-0.251377-0.001983j,-0.735576+3.232584j,-0.645229+3.058423j,0.001273
-0.251385-0.001994j,-0.735681+3.232834j,-0.645095+3.058215j,0.001283
-0.251392-0.002004j,-0.735785+3.233084j,-0.644962+3.058007j,0.001293
-0.251399-0.002015j,-0.735888+3.233332j,-0.644829+3.057801j,0.001303
-0.251406-0.002025j,-0.735991+3.233578j,-0.644698+3.057596j,0.001313
-0.251414-0.002035j,-0.736093+3.233824j,-0.644566+3.057392j,0.001323
-0.251421-0.002046j,-0.736195+3.234068j,-0.644436+3.057189j,0.001333
-0.251428-0.002056j,-0.736296+3.234311j,-0.644306+3.056987j,0.001343
-0.251435-0.002067j,-0.736396+3.234553j,-0.644176+3.056786j,0.001353
-0.251442-0.002077j,-0.736496+3.234794j,-0.644048+3.056586j,0.001363
-0.251449-0.002087j,-0.736596+3.235034j,-0.643920+3.056387j,0.001373
-0.251456-0.002098j,-0.736695+3.235273j,-0.643792+3.056189j,0.001383
-0.251463-0.002108j,-0.736793+3.235510j,-0.643665+3.055993j,0.001393
-0.251470-0.002118j,-0.736891+3.235746j,-0.643539+3.055797j,0.001403
-0.251477-0.002128j,-0.736988+3.235982j,-0.643413+3.055602j,0.001413
-0.251484-0.002138j,-0.737085+3.236216j,-0.643288+3.055408j,0.001423
-0.251491-0.002149j,-0.737182+3.236449j,-0.643163+3.055215j,0.001433
-0.251498-0.002159j,-0.737278+3.236681j,-0.643039+3.055023j,0.001443
-0.251505-0.002169j,-0.737373+3.236912j,-0.642916+3.054832j,0.001453
-0.251512-0.002179j,-0.737468+3.237142j,-0.642793+3.054642j,0.001463
-0.251519-0.002189j,-0.737563+3.237371j,-0.642670+3.054453j,0.001473
-0.251526-0.002199j,-0.737657+3.237600j,-0.642548+3.054265j,0.001483
-0.251533-0.002209j,-0.737750+3.237827j,-0.642427+3.054078j,0.001493
-0.251540-0.002219j,-0.737843+3.238053j,-0.642306+3.053891j,0.001503
-0.251547-0.002229j,-0.737936+3.238278j,-0.642186+3.053706j,0.001513
-0.251553-0.002239j,-0.738028+3.238502j,-0.642066+3.053521j,0.001523
-0.251560-0.002249j,-0.738120+3.238725j,-0.641946+3.053337j,0.001533
-0.251567-0.002259j,-0.738211+3.238948j,-0.641827+3.053154j,0.001543
-0.251574-0.002269j,-0.738302+3.239169j,-0.641709+3.052972j,0.001553
-0.251581-0.002279j,-0.738393+3.239389j,-0.641591+3.052791j,0.001563
-0.251587-0.002289j,-0.738483+3.239609j,-0.641474+3.052610j,0.001573
-0.251594-0.002298j,-0.738573+3.239828j,-0.641357+3.052430j,0.001583
-0.251601-0.002308j,-0.738662+3.240045j,-0.641240+3.052252j,0.001593
-0.251608-0.002318j,-0.738751+3.240262j,-0.641124+3.052073j,0.001603
-0.251614-0.002328j,-0.738839+3.240478j,-0.641009+3.051896j,0.001613
-0.251621-0.002337j,-0.738927+3.240694j,-0.640894+3.051720j,0.001623
-0.251628-0.002347j,-0.739015+3.240908j,-0.640779+3.051544j,0.001633
-0.251634-0.002357j,-0.739102+3.241121j,-0.640665+3.051369j,0.001643
-0.251641-0.002367j,-0.739189+3.241334j,-0.640551+3.051195j,0.001653
-0.251648-0.002376j,-0.739275+3.241546j,-0.640438+3.051021j,0.001663
-0.251654-0.002386j,-0.739362+3.241757j,-0.640325+3.050848j,0.001673
-0.251661-0.002396j,-0.739447+3.241967j,-0.640212+3.050676j,0.001683
-0.251668-0.002405j,-0.739533+3.242177j,-0.640100+3.050505j,0.001693
-0.251674-0.002415j,-0.739618+3.242385j,-0.639989+3.050334j,0.001703
-0.251681-0.002424j,-0.739702+3.242593j,-0.639877+3.050164j,0.001713
-0.251687-0.002434j,-0.739787+3.242800j,-0.639767+3.049995j,0.001723
-0.251694-0.002444j,-0.739871+3.243006j,-0.639656+3.049827j,0.001734
-0.251700-0.002453j,-0.739954+3.243212j,-0.639546+3.049659j,0.001744
-0.251707-0.002463j,-0.740037+3.243417j,-0.639437+3.049492j,0.001754
-0.251713-0.002472j,-0.740120+3.243621j,-0.639328+3.049325j,0.001764
-0.251720-0.002482j,-0.740203+3.243824j,-0.639219+3.049160j,0.001774
-0.251726-0.002491j,-0.740285+3.244026j,-0.639110+3.048994j,0.001784
-0.251733-0.002500j,-0.740367+3.244228j,-0.639002+3.048830j,0.001794
-0.251739-0.002510j,-0.740448+3.244429j,-0.638895+3.048666j,0.001804
-0.251746-0.002519j,-0.740530+3.244630j,-0.638787+3.048503j,0.001814
-0.251752-0.002529j,-0.740610+3.244829j,-0.638681+3.048340j,0.001824
-0.251759-0.002538j,-0.740691+3.245028j,-0.638574+3.048179j,0.001834
-0.251765-0.002547j,-0.740771+3.245227j,-0.638468+3.048017j,0.001844
-0.251771-0.002557j,-0.740851+3.245424j,-0.638362+3.047857j,0.001854
-0.251778-0.002566j,-0.740931+3.245621j,-0.638257+3.047697j,0.001864
-0.251784-0.002575j,-0.741010+3.245817j,-0.638152+3.047537j,0.001874
-0.251791-0.002585j,-0.741089+3.246013j,-0.638047+3.047378j,0.001884
-0.251797-0.002594j,-0.741168+3.246208j,-0.637943+3.047220j,0.001894
-0.251803-0.002603j,-0.741246+3.246402j,-0.637839+3.047062j,0.001904
-0.251810-0.002612j,-0.741324+3.246596j,-0.637735+3.046905j,0.001914
-0.251816-0.002622j,-0.741402+3.246789j,-0.637632+3.046749j,0.001924
-0.251822-0.002631j,-0.741479+3.246981j,-0.637529+3.046593j,0.001934
-0.251828-0.002640j,-0.741557+3.247173j,-0.637426+3.046438j,0.001944
-0.251835-0.002649j,-0.741633+3.247364j,-0.637324+3.046283j,0.001954
-0.251841-0.002658j,-0.741710+3.247554j,-0.637222+3.046129j,0.001964
-0.251847-0.002668j,-0.741786+3.247744j,-0.637120+3.045975j,0.001974
-0.251854-0.002677j,-0.741862+3.247933j,-0.637019+3.045822j,0.001984
-0.251860-0.002686j,-0.741938+3.248122j,-0.636918+3.045669j,0.001994
-0.251866-0.002695j,-0.742014+3.248310j,-0.636817+3.045517j,0.002004
-0.251872-0.002704j,-0.742089+3.248497j,-0.636717+3.045366j,0.002014
-0.251878-0.002713j,-0.742164+3.248684j,-0.636617+3.045215j,0.002024
-0.251885-0.002722j,-0.742238+3.248870j,-0.636517+3.045065j,0.002034
-0.251891-0.002731j,-0.742313+3.249056j,-0.636418+3.044915j,0.002044
-0.251897-0.002740j,-0.742387+3.249241j,-0.636319+3.044765j,0.002054
-0.251903-0.002749j,-0.742461+3.249425j,-0.636220+3.044617j,0.002064
-0.251909-0.002758j,-0.742534+3.249609j,-0.636121+3.044468j,0.002074
-0.251915-0.002767j,-0.742608+3.249793j,-0.636023+3.044320j,0.002084
-0.251922-0.002776j,-0.742681+3.249975j,-0.635925+3.044173j,0.002094
-0.251928-0.002785j,-0.742754+3.250157j,-0.635828+3.044026j,0.002104
-0.251934-0.002794j,-0.742826+3.250339j,-0.635730+3.043880j,0.002114
-0.251940-0.002803j,-0.742899+3.250520j,-0.635633+3.043734j,0.002124
-0.251946-0.002812j,-0.742971+3.250701j,-0.635536+3.043589j,0.002134
-0.251952-0.002821j,-0.743043+3.250881j,-0.635440+3.043444j,0.002144
-0.251958-0.002830j,-0.743114+3.251060j,-0.635344+3.043300j,0.002154
-0.251964-0.002839j,-0.743185+3.251239j,-0.635248+3.043156j,0.002164
-0.251970-0.002848j,-0.743257+3.251418j,-0.635152+3.043012j,0.002174
-0.251976-0.002857j,-0.743327+3.251596j,-0.635057+3.042869j,0.002184
-0.251982-0.002865j,-0.743398+3.251773j,-0.634962+3.042727j,0.002194
-0.251988-0.002874j,-0.743468+3.251950j,-0.634867+3.042585j,0.002204
-0.251994-0.002883j,-0.743539+3.252126j,-0.634773+3.042443j,0.002214
-0.252000-0.002892j,-0.743608+3.252302j,-0.634678+3.042302j,0.002224
-0.252006-0.002901j,-0.743678+3.252477j,-0.634585+3.042162j,0.002234
-0.252012-0.002909j,-0.743748+3.252652j,-0.634491+3.042021j,0.002244
-0.252018-0.002918j,-0.743817+3.252827j,-0.634397+3.041882j,0.002254
-0.252024-0.002927j,-0.743886+3.253000j,-0.634304+3.041742j,0.002264
-0.252030-0.002936j,-0.743955+3.253174j,-0.634211+3.041603j,0.002274
-0.252036-0.002944j,-0.744023+3.253347j,-0.634119+3.041465j,0.002284
-0.252042-0.002953j,-0.744092+3.253519j,-0.634026+3.041327j,0.002294
-0.252048-0.002962j,-0.744160+3.253691j,-0.633934+3.041189j,0.002304
-0.252054-0.002970j,-0.744228+3.253863j,-0.633842+3.041052j,0.002314
-0.252060-0.002979j,-0.744295+3.254034j,-0.633751+3.040915j,0.002324
-0.252066-0.002988j,-0.744363+3.254204j,-0.633659+3.040779j,0.002334
-0.252072-0.002996j,-0.744430+3.254374j,-0.633568+3.040643j,0.002344
-0.252078-0.003005j,-0.744497+3.254544j,-0.633477+3.040508j,0.002354
-0.252084-0.003014j,-0.744564+3.254713j,-0.633386+3.040372j,0.002364
-0.252090-0.003022j,-0.744631+3.254881j,-0.633296+3.040238j,0.002374
-0.252095-0.003031j,-0.744697+3.255050j,-0.633206+3.040103j,0.002384
-0.252101-0.003040j,-0.744763+3.255217j,-0.633116+3.039970j,0.002394
-0.252107-0.003048j,-0.744829+3.255385j,-0.633026+3.039836j,0.002404
-0.252113-0.003057j,-0.744895+3.255552j,-0.632937+3.039703j,0.002414
-0.252119-0.003065j,-0.744961+3.255718j,-0.632848+3.039570j,0.002424
-0.252125-0.003074j,-0.745026+3.255884j,-0.632759+3.039438j,0.002434
-0.252130-0.003082j,-0.745091+3.256050j,-0.632670+3.039306j,0.002444
-0.252136-0.003091j,-0.745156+3.256215j,-0.632581+3.039174j,0.002454
-0.252142-0.003099j,-0.745221+3.256380j,-0.632493+3.039043j,0.002464
-0.252148-0.003108j,-0.745286+3.256544j,-0.632405+3.038913j,0.002474
-0.252154-0.003116j,-0.745350+3.256708j,-0.632317+3.038782j,0.002484
-0.252159-0.003125j,-0.745415+3.256871j,-0.632229+3.038652j,0.002494
-0.252165-0.003133j,-0.745479+3.257034j,-0.632142+3.038522j,0.002504
-0.252171-0.003142j,-0.745542+3.257197j,-0.632055+3.038393j,0.002514
-0.252177-0.003150j,-0.745606+3.257359j,-0.631968+3.038264j,0.002524
-0.252183-0.003159j,-0.745670+3.257521j,-0.631881+3.038136j,0.002534
-0.252188-0.003167j,-0.745733+3.257682j,-0.631794+3.038008j,0.002544
-0.252194-0.003176j,-0.745796+3.257843j,-0.631708+3.037880j,0.002554
-0.252200-0.003184j,-0.745859+3.258004j,-0.631622+3.037752j,0.002564
-0.252205-0.003192j,-0.745922+3.258164j,-0.631536+3.037625j,0.002574
-0.252211-0.003201j,-0.745984+3.258324j,-0.631450+3.037498j,0.002584
-0.252217-0.003209j,-0.746047+3.258483j,-0.631365+3.037372j,0.002594
-0.252223-0.003218j,-0.746109+3.258642j,-0.631279+3.037246j,0.002604
-0.252228-0.003226j,-0.746171+3.258801j,-0.631194+3.037120j,0.002614
-0.252234-0.003234j,-0.746233+3.258959j,-0.631110+3.036995j,0.002624
-0.252240-0.003243j,-0.746295+3.259117j,-0.631025+3.036870j,0.002634
-0.252245-0.003251j,-0.746356+3.259274j,-0.630940+3.036745j,0.002644
-0.252251-0.003259j,-0.746418+3.259431j,-0.630856+3.036621j,0.002654
-0.252257-0.003267j,-0.746479+3.259588j,-0.630772+3.036497j,0.002664
-0.252262-0.003276j,-0.746540+3.259744j,-0.630688+3.036373j,0.002674
-0.252268-0.003284j,-0.746601+3.259900j,-0.630605+3.036249j,0.002684
-0.252273-0.003292j,-0.746661+3.260056j,-0.630521+3.036126j,0.002694
-0.252279-0.003301j,-0.746722+3.260211j,-0.630438+3.036004j,0.002704
-0.252285-0.003309j,-0.746782+3.260366j,-0.630355+3.035881j,0.002714
-0.252290-0.003317j,-0.746843+3.260521j,-0.630272+3.035759j,0.002724
-0.252296-0.003325j,-0.746903+3.260675j,-0.630189+3.035637j,0.002734
-0.252302-0.003334j,-0.746962+3.260829j,-0.630107+3.035516j,0.002744
-0.252307-0.003342j,-0.747022+3.260982j,-0.630024+3.035395j,0.002754
-0.252313-0.003350j,-0.747082+3.261135j,-0.629942+3.035274j,0.002764
-0.252318-0.003358j,-0.747141+3.261288j,-0.629860+3.035154j,0.002774
-0.252324-0.003366j,-0.747200+3.261440j,-0.629778+3.035033j,0.002784
-0.252329-0.003375j,-0.747259+3.261592j,-0.629697+3.034914j,0.002794
-0.252335-0.003383j,-0.747318+3.261744j,-0.629615+3.034794j,0.002804
-0.252340-0.003391j,-0.747377+3.261895j,-0.629534+3.034675j,0.002814
-0.252346-0.003399j,-0.747436+3.262046j,-0.629453+3.034556j,0.002824
-0.252352-0.003407j,-0.747494+3.262197j,-0.629372+3.034437j,0.002834
-0.252357-0.003415j,-0.747552+3.262347j,-0.629292+3.034319j,0.002844
-0.252363-0.003423j,-0.747611+3.262497j,-0.629211+3.034201j,0.002854
-0.252368-0.003432j,-0.747669+3.262647j,-0.629131+3.034083j,0.002864
-0.252374-0.003440j,-0.747726+3.262796j,-0.629051+3.033965j,0.002874
-0.252379-0.003448j,-0.747784+3.262945j,-0.628971+3.033848j,0.002884
-0.252385-0.003456j,-0.747842+3.263094j,-0.628891+3.033731j,0.002894
-0.252390-0.003464j,-0.747899+3.263242j,-0.628811+3.033615j,0.002904
-0.252396-0.003472j,-0.747956+3.263391j,-0.628732+3.033498j,0.002914
-0.252401-0.003480j,-0.748014+3.263538j,-0.628652+3.033382j,0.002924
-0.252407-0.003488j,-0.748071+3.263686j,-0.628573+3.033267j,0.002934
-0.252412-0.003496j,-0.748127+3.263833j,-0.628494+3.033151j,0.002944
-0.252417-0.003504j,-0.748184+3.263979j,-0.628416+3.033036j,0.002954
-0.252423-0.003512j,-0.748241+3.264126j,-0.628337+3.032921j,0.002964
-0.252428-0.003520j,-0.748297+3.264272j,-0.628259+3.032806j,0.002974
-0.252434-0.003528j,-0.748353+3.264418j,-0.628180+3.032692j,0.002984
-0.252439-0.003536j,-0.748409+3.264563j,-0.628102+3.032578j,0.002994
-0.252445-0.003544j,-0.748465+3.264709j,-0.628024+3.032464j,0.003004
-0.252450-0.003552j,-0.748521+3.264853j,-0.627946+3.032351j,0.003014
-0.252455-0.003560j,-0.748577+3.264998j,-0.627869+3.032237j,0.003024
-0.252461-0.003568j,-0.748632+3.265142j,-0.627791+3.032124j,0.003034
-0.252466-0.003576j,-0.748688+3.265286j,-0.627714+3.032012j,0.003044
-0.252472-0.003584j,-0.748743+3.265430j,-0.627637+3.031899j,0.003054
-0.252477-0.003592j,-0.748798+3.265573j,-0.627560+3.031787j,0.003064
-0.252482-0.003600j,-0.748853+3.265716j,-0.627483+3.031675j,0.003074
-0.252488-0.003608j,-0.748908+3.265859j,-0.627406+3.031563j,0.003084
-0.252493-0.003616j,-0.748963+3.266002j,-0.627330+3.031452j,0.003094
-0.252499-0.003624j,-0.749018+3.266144j,-0.627254+3.031341j,0.003104
-0.252504-0.003631j,-0.749072+3.266286j,-0.627177+3.031230j,0.003114
-0.252509-0.003639j,-0.749127+3.266427j,-0.627101+3.031119j,0.003124
-0.252515-0.003647j,-0.749181+3.266569j,-0.627025+3.031009j,0.003134
-0.252520-0.003655j,-0.749235+3.266710j,-0.626950+3.030899j,0.003144
-0.252525-0.003663j,-0.749289+3.266851j,-0.626874+3.030789j,0.003154
-0.252531-0.003671j,-0.749343+3.266991j,-0.626799+3.030679j,0.003165
-0.252536-0.003679j,-0.749397+3.267131j,-0.626723+3.030570j,0.003175
-0.252541-0.003687j,-0.749450+3.267271j,-0.626648+3.030461j,0.003185
-0.252547-0.003694j,-0.749504+3.267411j,-0.626573+3.030352j,0.003195
-0.252552-0.003702j,-0.749557+3.267550j,-0.626498+3.030243j,0.003205
-0.252557-0.003710j,-0.749610+3.267689j,-0.626424+3.030135j,0.003215
-0.252562-0.003718j,-0.749663+3.267828j,-0.626349+3.030026j,0.003225
-0.252568-0.003726j,-0.749716+3.267967j,-0.626275+3.029918j,0.003235
-0.252573-0.003733j,-0.749769+3.268105j,-0.626200+3.029811j,0.003245
-0.252578-0.003741j,-0.749822+3.268243j,-0.626126+3.029703j,0.003255
-0.252584-0.003749j,-0.749875+3.268381j,-0.626052+3.029596j,0.003265
-0.252589-0.003757j,-0.749927+3.268518j,-0.625978+3.029489j,0.003275
-0.252594-0.003765j,-0.749980+3.268656j,-0.625905+3.029382j,0.003285
-0.252599-0.003772j,-0.750032+3.268793j,-0.625831+3.029276j,0.003295
-0.252605-0.003780j,-0.750084+3.268929j,-0.625758+3.029169j,0.003305
-0.252610-0.003788j,-0.750136+3.269066j,-0.625684+3.029063j,0.003315
-0.252615-0.003795j,-0.750188+3.269202j,-0.625611+3.028958j,0.003325
-0.252620-0.003803j,-0.750240+3.269338j,-0.625538+3.028852j,0.003335
-0.252625-0.003811j,-0.750291+3.269473j,-0.625465+3.028747j,0.003345
-0.252631-0.003819j,-0.750343+3.269609j,-0.625393+3.028641j,0.003355
-0.252636-0.003826j,-0.750394+3.269744j,-0.625320+3.028536j,0.003365
-0.252641-0.003834j,-0.750446+3.269879j,-0.625248+3.028432j,0.003375
-0.252646-0.003842j,-0.750497+3.270014j,-0.625175+3.028327j,0.003385
-0.252652-0.003849j,-0.750548+3.270148j,-0.625103+3.028223j,0.003395
-0.252657-0.003857j,-0.750599+3.270282j,-0.625031+3.028119j,0.003405
-0.252662-0.003865j,-0.750650+3.270416j,-0.624959+3.028015j,0.003415
-0.252667-0.003872j,-0.750701+3.270550j,-0.624887+3.027912j,0.003425
-0.252672-0.003880j,-0.750752+3.270683j,-0.624816+3.027808j,0.003435
-0.252677-0.003888j,-0.750802+3.270816j,-0.624744+3.027705j,0.003445
-0.252683-0.003895j,-0.750853+3.270949j,-0.624673+3.027602j,0.003455
-0.252688-0.003903j,-0.750903+3.271082j,-0.624601+3.027499j,0.003465
-0.252693-0.003911j,-0.750953+3.271214j,-0.624530+3.027397j,0.003475
-0.252698-0.003918j,-0.751003+3.271346j,-0.624459+3.027295j,0.003485
-0.252703-0.003926j,-0.751053+3.271478j,-0.624388+3.027192j,0.003495
-0.252708-0.003933j,-0.751103+3.271610j,-0.624318+3.027091j,0.003505
-0.252714-0.003941j,-0.751153+3.271741j,-0.624247+3.026989j,0.003515
-0.252719-0.003949j,-0.751203+3.271873j,-0.624176+3.026887j,0.003525
-0.252724-0.003956j,-0.751252+3.272004j,-0.624106+3.026786j,0.003535
-0.252729-0.003964j,-0.751302+3.272134j,-0.624036+3.026685j,0.003545
-0.252734-0.003971j,-0.751351+3.272265j,-0.623966+3.026584j,0.003555
-0.252739-0.003979j,-0.751400+3.272395j,-0.623896+3.026483j,0.003565
-0.252744-0.003986j,-0.751450+3.272525j,-0.623826+3.026383j,0.003575
-0.252749-0.003994j,-0.751499+3.272655j,-0.623756+3.026283j,0.003585
-0.252754-0.004002j,-0.751548+3.272785j,-0.623686+3.026183j,0.003595
-0.252760-0.004009j,-0.751597+3.272914j,-0.623617+3.026083j,0.003605
-0.252765-0.004017j,-0.751645+3.273043j,-0.623547+3.025983j,0.003615
-0.252770-0.004024j,-0.751694+3.273172j,-0.623478+3.025884j,0.003625
-0.252775-0.004032j,-0.751743+3.273301j,-0.623409+3.025785j,0.003635
-0.252780-0.004039j,-0.751791+3.273429j,-0.623340+3.025685j,0.003645
-0.252785-0.004047j,-0.751839+3.273558j,-0.623271+3.025587j,0.003655
-0.252790-0.004054j,-0.751888+3.273686j,-0.623202+3.025488j,0.003665
-0.252795-0.004062j,-0.751936+3.273813j,-0.623133+3.025389j,0.003675
-0.252800-0.004069j,-0.751984+3.273941j,-0.623065+3.025291j,0.003685
-0.252805-0.004077j,-0.752032+3.274068j,-0.622996+3.025193j,0.003695
-0.252810-0.004084j,-0.752080+3.274196j,-0.622928+3.025095j,0.003705
-0.252815-0.004092j,-0.752128+3.274322j,-0.622860+3.024997j,0.003715
-0.252820-0.004099j,-0.752175+3.274449j,-0.622792+3.024900j,0.003725
-0.252825-0.004106j,-0.752223+3.274576j,-0.622724+3.024803j,0.003735
-0.252830-0.004114j,-0.752270+3.274702j,-0.622656+3.024705j,0.003745
-0.252835-0.004121j,-0.752318+3.274828j,-0.622588+3.024608j,0.003755
-0.252840-0.004129j,-0.752365+3.274954j,-0.622520+3.024512j,0.003765
-0.252845-0.004136j,-0.752412+3.275080j,-0.622453+3.024415j,0.003775
-0.252850-0.004144j,-0.752460+3.275205j,-0.622385+3.024319j,0.003785
-0.252855-0.004151j,-0.752507+3.275330j,-0.622318+3.024223j,0.003795
-0.252860-0.004158j,-0.752553+3.275455j,-0.622251+3.024126j,0.003805
-0.252865-0.004166j,-0.752600+3.275580j,-0.622184+3.024031j,0.003815
-0.252870-0.004173j,-0.752647+3.275705j,-0.622117+3.023935j,0.003825
-0.252875-0.004181j,-0.752694+3.275829j,-0.622050+3.023839j,0.003835
-0.252880-0.004188j,-0.752740+3.275953j,-0.621983+3.023744j,0.003845
-0.252885-0.004195j,-0.752787+3.276077j,-0.621916+3.023649j,0.003855
-0.252890-0.004203j,-0.752833+3.276201j,-0.621850+3.023554j,0.003865
-0.252895-0.004210j,-0.752880+3.276325j,-0.621783+3.023459j,0.003875
-0.252900-0.004217j,-0.752926+3.276448j,-0.621717+3.023365j,0.003885
-0.252905-0.004225j,-0.752972+3.276572j,-0.621651+3.023270j,0.003895
-0.252910-0.004232j,-0.753018+3.276695j,-0.621584+3.023176j,0.003905
-0.252915-0.004240j,-0.753064+3.276817j,-0.621518+3.023082j,0.003915
-0.252920-0.004247j,-0.753110+3.276940j,-0.621452+3.022988j,0.003925
-0.252925-0.004254j,-0.753155+3.277062j,-0.621387+3.022894j,0.003935
-0.252930-0.004261j,-0.753201+3.277185j,-0.621321+3.022801j,0.003945
-0.252935-0.004269j,-0.753247+3.277307j,-0.621255+3.022707j,0.003955
-0.252940-0.004276j,-0.753292+3.277428j,-0.621190+3.022614j,0.003965
-0.252945-0.004283j,-0.753338+3.277550j,-0.621124+3.022521j,0.003975
-0.252950-0.004291j,-0.753383+3.277671j,-0.621059+3.022428j,0.003985
-0.252955-0.004298j,-0.753428+3.277793j,-0.620994+3.022335j,0.003995
-0.252960-0.004305j,-0.753473+3.277914j,-0.620929+3.022243j,0.004005
-0.252964-0.004313j,-0.753519+3.278035j,-0.620864+3.022150j,0.004015
-0.252969-0.004320j,-0.753564+3.278155j,-0.620799+3.022058j,0.004025
-0.252974-0.004327j,-0.753608+3.278276j,-0.620734+3.021966j,0.004035
-0.252979-0.004334j,-0.753653+3.278396j,-0.620669+3.021874j,0.004045
-0.252984-0.004342j,-0.753698+3.278516j,-0.620605+3.021782j,0.004055
-0.252989-0.004349j,-0.753743+3.278636j,-0.620540+3.021691j,0.004065
-0.252994-0.004356j,-0.753787+3.278756j,-0.620476+3.021599j,0.004075
-0.252999-0.004363j,-0.753832+3.278875j,-0.620412+3.021508j,0.004085
-0.253004-0.004371j,-0.753876+3.278995j,-0.620347+3.021417j,0.004095
-0.253008-0.004378j,-0.753921+3.279114j,-0.620283+3.021326j,0.004105
-0.253013-0.004385j,-0.753965+3.279233j,-0.620219+3.021235j,0.004115
-0.253018-0.004392j,-0.754009+3.279352j,-0.620155+3.021145j,0.004125
-0.253023-0.004400j,-0.754053+3.279471j,-0.620091+3.021054j,0.004135
-0.253028-0.004407j,-0.754097+3.279589j,-0.620028+3.020964j,0.004145
-0.253033-0.004414j,-0.754141+3.279707j,-0.619964+3.020874j,0.004155
-0.253038-0.004421j,-0.754185+3.279825j,-0.619901+3.020784j,0.004165
-0.253042-0.004428j,-0.754229+3.279943j,-0.619837+3.020694j,0.004175
-0.253047-0.004435j,-0.754272+3.280061j,-0.619774+3.020605j,0.004185
-0.253052-0.004443j,-0.754316+3.280179j,-0.619711+3.020515j,0.004195
-0.253057-0.004450j,-0.754360+3.280296j,-0.619647+3.020426j,0.004205
-0.253062-0.004457j,-0.754403+3.280413j,-0.619584+3.020336j,0.004215
-0.253067-0.004464j,-0.754446+3.280530j,-0.619521+3.020247j,0.004225
-0.253071-0.004471j,-0.754490+3.280647j,-0.619459+3.020159j,0.004235
-0.253076-0.004478j,-0.754533+3.280764j,-0.619396+3.020070j,0.004245
-0.253081-0.004486j,-0.754576+3.280880j,-0.619333+3.019981j,0.004255
-0.253086-0.004493j,-0.754619+3.280997j,-0.619270+3.019893j,0.004265
-0.253091-0.004500j,-0.754662+3.281113j,-0.619208+3.019804j,0.004275
-0.253095-0.004507j,-0.754705+3.281229j,-0.619146+3.019716j,0.004285
-0.253100-0.004514j,-0.754748+3.281345j,-0.619083+3.019628j,0.004295
-0.253105-0.004521j,-0.754791+3.281460j,-0.619021+3.019540j,0.004305
-0.253110-0.004528j,-0.754833+3.281576j,-0.618959+3.019453j,0.004315
-0.253115-0.004536j,-0.754876+3.281691j,-0.618897+3.019365j,0.004325
-0.253119-0.004543j,-0.754919+3.281806j,-0.618835+3.019278j,0.004335
-0.253124-0.004550j,-0.754961+3.281921j,-0.618773+3.019191j,0.004345
-0.253129-0.004557j,-0.755004+3.282036j,-0.618711+3.019103j,0.004355
-0.253134-0.004564j,-0.755046+3.282151j,-0.618649+3.019016j,0.004365
-0.253139-0.004571j,-0.755088+3.282265j,-0.618588+3.018930j,0.004375
-0.253143-0.004578j,-0.755130+3.282380j,-0.618526+3.018843j,0.004385
-0.253148-0.004585j,-0.755172+3.282494j,-0.618465+3.018756j,0.004395
-0.253153-0.004592j,-0.755214+3.282608j,-0.618403+3.018670j,0.004405
-0.253158-0.004599j,-0.755256+3.282722j,-0.618342+3.018584j,0.004415
-0.253162-0.004606j,-0.755298+3.282836j,-0.618281+3.018498j,0.004425
-0.253167-0.004613j,-0.755340+3.282949j,-0.618220+3.018412j,0.004435
-0.253172-0.004620j,-0.755382+3.283062j,-0.618159+3.018326j,0.004445
-0.253177-0.004628j,-0.755424+3.283176j,-0.618098+3.018240j,0.004455
-0.253181-0.004635j,-0.755465+3.283289j,-0.618037+3.018154j,0.004465
-0.253186-0.004642j,-0.755507+3.283402j,-0.617976+3.018069j,0.004475
-0.253191-0.004649j,-0.755548+3.283514j,-0.617916+3.017984j,0.004485
-0.253195-0.004656j,-0.755590+3.283627j,-0.617855+3.017899j,0.004495
-0.253200-0.004663j,-0.755631+3.283739j,-0.617795+3.017814j,0.004505
-0.253205-0.004670j,-0.755672+3.283851j,-0.617734+3.017729j,0.004515
-0.253210-0.004677j,-0.755713+3.283964j,-0.617674+3.017644j,0.004525
-0.253214-0.004684j,-0.755755+3.284076j,-0.617614+3.017559j,0.004535
-0.253219-0.004691j,-0.755796+3.284187j,-0.617554+3.017475j,0.004545
-0.253224-0.004698j,-0.755837+3.284299j,-0.617493+3.017391j,0.004555
-0.253228-0.004705j,-0.755878+3.284410j,-0.617433+3.017306j,0.004565
-0.253233-0.004712j,-0.755918+3.284522j,-0.617374+3.017222j,0.004575
-0.253238-0.004719j,-0.755959+3.284633j,-0.617314+3.017138j,0.004585
-0.253242-0.004726j,-0.756000+3.284744j,-0.617254+3.017055j,0.004595
-0.253247-0.004733j,-0.756041+3.284855j,-0.617194+3.016971j,0.004605
-0.253252-0.004740j,-0.756081+3.284966j,-0.617135+3.016887j,0.004615
-0.253256-0.004747j,-0.756122+3.285076j,-0.617075+3.016804j,0.004625
-0.253261-0.004753j,-0.756162+3.285187j,-0.617016+3.016721j,0.004635
-0.253266-0.004760j,-0.756203+3.285297j,-0.616956+3.016638j,0.004645
-0.253270-0.004767j,-0.756243+3.285407j,-0.616897+3.016555j,0.004655
-0.253275-0.004774j,-0.756283+3.285517j,-0.616838+3.016472j,0.004665
-0.253280-0.004781j,-0.756323+3.285627j,-0.616779+3.016389j,0.004675
-0.253284-0.004788j,-0.756363+3.285736j,-0.616720+3.016306j,0.004685
-0.253289-0.004795j,-0.756404+3.285846j,-0.616661+3.016224j,0.004695
-0.253294-0.004802j,-0.756444+3.285955j,-0.616602+3.016141j,0.004705
-0.253298-0.004809j,-0.756483+3.286065j,-0.616543+3.016059j,0.004715
-0.253303-0.004816j,-0.756523+3.286174j,-0.616484+3.015977j,0.004725
-0.253308-0.004823j,-0.756563+3.286283j,-0.616426+3.015895j,0.004735
-0.253312-0.004830j,-0.756603+3.286391j,-0.616367+3.015813j,0.004745
-0.253317-0.004837j,-0.756643+3.286500j,-0.616309+3.015731j,0.004755
-0.253322-0.004843j,-0.756682+3.286609j,-0.616250+3.015650j,0.004765
-0.253326-0.004850j,-0.756722+3.286717j,-0.616192+3.015568j,0.004775
-0.253331-0.004857j,-0.756761+3.286825j,-0.616134+3.015487j,0.004785
-0.253335-0.004864j,-0.756801+3.286933j,-0.616075+3.015406j,0.004795
-0.253340-0.004871j,-0.756840+3.287041j,-0.616017+3.015325j,0.004805
-0.253345-0.004878j,-0.756879+3.287149j,-0.615959+3.015244j,0.004815
-0.253349-0.004885j,-0.756919+3.287257j,-0.615901+3.015163j,0.004825
-0.253354-0.004892j,-0.756958+3.287364j,-0.615843+3.015082j,0.004835
-0.253358-0.004898j,-0.756997+3.287472j,-0.615785+3.015001j,0.004845
-0.253363-0.004905j,-0.757036+3.287579j,-0.615728+3.014921j,0.004855
-0.253368-0.004912j,-0.757075+3.287686j,-0.615670+3.014840j,0.004865
-0.253372-0.004919j,-0.757114+3.287793j,-0.615612+3.014760j,0.004875
-0.253377-0.004926j,-0.757153+3.287900j,-0.615555+3.014680j,0.004885
-0.253381-0.004933j,-0.757192+3.288006j,-0.615497+3.014600j,0.004895
-0.253386-0.004940j,-0.757230+3.288113j,-0.615440+3.014520j,0.004905
-0.253391-0.004946j,-0.757269+3.288219j,-0.615383+3.014440j,0.004915
-0.253395-0.004953j,-0.757308+3.288326j,-0.615326+3.014360j,0.004925
-0.253400-0.004960j,-0.757346+3.288432j,-0.615268+3.014281j,0.004935
-0.253404-0.004967j,-0.757385+3.288538j,-0.615211+3.014201j,0.004945
-0.253409-0.004974j,-0.757423+3.288644j,-0.615154+3.014122j,0.004955
-0.253413-0.004980j,-0.757462+3.288749j,-0.615097+3.014043j,0.004965
-0.253418-0.004987j,-0.757500+3.288855j,-0.615040+3.013964j,0.004975
-0.253423-0.004994j,-0.757538+3.288961j,-0.614984+3.013885j,0.004985
-0.253427-0.005001j,-0.757577+3.289066j,-0.614927+3.013806j,0.004995
-0.253432-0.005008j,-0.757615+3.289171j,-0.614870+3.013727j,0.005005
-0.253436-0.005014j,-0.757653+3.289276j,-0.614814+3.013648j,0.005015
-0.253441-0.005021j,-0.757691+3.289381j,-0.614757+3.013570j,0.005025
-0.253445-0.005028j,-0.757729+3.289486j,-0.614701+3.013491j,0.005035
-0.253450-0.005035j,-0.757767+3.289591j,-0.614644+3.013413j,0.005045
-0.253454-0.005042j,-0.757805+3.289695j,-0.614588+3.013335j,0.005055
-0.253459-0.005048j,-0.757843+3.289800j,-0.614532+3.013257j,0.005065
-0.253463-0.005055j,-0.757880+3.289904j,-0.614476+3.013179j,0.005075
-0.253468-0.005062j,-0.757918+3.290008j,-0.614419+3.013101j,0.005085
-0.253472-0.005069j,-0.757956+3.290112j,-0.614363+3.013023j,0.005095
-0.253477-0.005075j,-0.757993+3.290216j,-0.614307+3.012946j,0.005105
-0.253481-0.005082j,-0.758031+3.290320j,-0.614252+3.012868j,0.005115
-0.253486-0.005089j,-0.758068+3.290424j,-0.614196+3.012791j,0.005125
-0.253491-0.005096j,-0.758106+3.290527j,-0.614140+3.012713j,0.005135
-0.253495-0.005102j,-0.758143+3.290631j,-0.614084+3.012636j,0.005145
-0.253500-0.005109j,-0.758180+3.290734j,-0.614029+3.012559j,0.005155
-0.253504-0.005116j,-0.758218+3.290837j,-0.613973+3.012482j,0.005165
-0.253509-0.005122j,-0.758255+3.290940j,-0.613918+3.012405j,0.005175
-0.253513-0.005129j,-0.758292+3.291043j,-0.613862+3.012328j,0.005185
-0.253518-0.005136j,-0.758329+3.291146j,-0.613807+3.012252j,0.005195
-0.253522-0.005143j,-0.758366+3.291248j,-0.613751+3.012175j,0.005205
-0.253526-0.005149j,-0.758403+3.291351j,-0.613696+3.012099j,0.005215
-0.253531-0.005156j,-0.758440+3.291453j,-0.613641+3.012022j,0.005225
-0.253535-0.005163j,-0.758477+3.291556j,-0.613586+3.011946j,0.005235
-0.253540-0.005169j,-0.758514+3.291658j,-0.613531+3.011870j,0.005245
-0.253544-0.005176j,-0.758551+3.291760j,-0.613476+3.011794j,0.005255
-0.253549-0.005183j,-0.758587+3.291862j,-0.613421+3.011718j,0.005265
-0.253553-0.005189j,-0.758624+3.291964j,-0.613366+3.011642j,0.005275
-0.253558-0.005196j,-0.758661+3.292065j,-0.613311+3.011567j,0.005285
-0.253562-0.005203j,-0.758697+3.292167j,-0.613257+3.011491j,0.005295
-0.253567-0.005209j,-0.758734+3.292268j,-0.613202+3.011415j,0.005305
-0.253571-0.005216j,-0.758770+3.292370j,-0.613147+3.011340j,0.005315
-0.253576-0.005223j,-0.758807+3.292471j,-0.613093+3.011265j,0.005325
-0.253580-0.005229j,-0.758843+3.292572j,-0.613038+3.011190j,0.005335
-0.253585-0.005236j,-0.758879+3.292673j,-0.612984+3.011114j,0.005345
-0.253589-0.005243j,-0.758916+3.292774j,-0.612930+3.011039j,0.005355
-0.253593-0.005249j,-0.758952+3.292875j,-0.612875+3.010965j,0.005365
-0.253598-0.005256j,-0.758988+3.292975j,-0.612821+3.010890j,0.005375
-0.253602-0.005263j,-0.759024+3.293076j,-0.612767+3.010815j,0.005385
-0.253607-0.005269j,-0.759060+3.293176j,-0.612713+3.010741j,0.005395
-0.253611-0.005276j,-0.759096+3.293276j,-0.612659+3.010666j,0.005405
-0.253616-0.005282j,-0.759132+3.293376j,-0.612605+3.010592j,0.005415
-0.253620-0.005289j,-0.759168+3.293476j,-0.612551+3.010517j,0.005425
-0.253624-0.005296j,-0.759204+3.293576j,-0.612497+3.010443j,0.005435
-0.253629-0.005302j,-0.759240+3.293676j,-0.612443+3.010369j,0.005445
-0.253633-0.005309j,-0.759275+3.293776j,-0.612390+3.010295j,0.005455
-0.253638-0.005316j,-0.759311+3.293875j,-0.612336+3.010221j,0.005465
-0.253642-0.005322j,-0.759347+3.293975j,-0.612282+3.010147j,0.005475
-0.253647-0.005329j,-0.759382+3.294074j,-0.612229+3.010074j,0.005485
-0.253651-0.005335j,-0.759418+3.294173j,-0.612175+3.010000j,0.005495
-0.253655-0.005342j,-0.759453+3.294273j,-0.612122+3.009927j,0.005505
-0.253660-0.005348j,-0.759489+3.294372j,-0.612069+3.009853j,0.005515
-0.253664-0.005355j,-0.759524+3.294471j,-0.612015+3.009780j,0.005525
-0.253669-0.005362j,-0.759560+3.294569j,-0.611962+3.009707j,0.005535
-0.253673-0.005368j,-0.759595+3.294668j,-0.611909+3.009634j,0.005545
-0.253677-0.005375j,-0.759630+3.294767j,-0.611856+3.009561j,0.005555
-0.253682-0.005381j,-0.759665+3.294865j,-0.611803+3.009488j,0.005565
-0.253686-0.005388j,-0.759701+3.294963j,-0.611750+3.009415j,0.005575
-0.253690-0.005394j,-0.759736+3.295062j,-0.611697+3.009342j,0.005585
-0.253695-0.005401j,-0.759771+3.295160j,-0.611644+3.009269j,0.005595
-0.253699-0.005408j,-0.759806+3.295258j,-0.611591+3.009197j,0.005605
-0.253704-0.005414j,-0.759841+3.295356j,-0.611538+3.009125j,0.005615
-0.253708-0.005421j,-0.759876+3.295453j,-0.611486+3.009052j,0.005625
-0.253712-0.005427j,-0.759911+3.295551j,-0.611433+3.008980j,0.005635
-0.253717-0.005434j,-0.759945+3.295649j,-0.611380+3.008908j,0.005645
-0.253721-0.005440j,-0.759980+3.295746j,-0.611328+3.008836j,0.005655
-0.253725-0.005447j,-0.760015+3.295843j,-0.611275+3.008764j,0.005665
-0.253730-0.005453j,-0.760050+3.295941j,-0.611223+3.008692j,0.005675
-0.253734-0.005460j,-0.760084+3.296038j,-0.611171+3.008620j,0.005685
-0.253738-0.005466j,-0.760119+3.296135j,-0.611118+3.008548j,0.005695
-0.253743-0.005473j,-0.760153+3.296232j,-0.611066+3.008477j,0.005705
-0.253747-0.005479j,-0.760188+3.296329j,-0.611014+3.008405j,0.005715
-0.253751-0.005486j,-0.760222+3.296425j,-0.610962+3.008334j,0.005725
-0.253756-0.005492j,-0.760257+3.296522j,-0.610910+3.008262j,0.005735
-0.253760-0.005499j,-0.760291+3.296619j,-0.610858+3.008191j,0.005745
-0.253764-0.005505j,-0.760325+3.296715j,-0.610806+3.008120j,0.005755
-0.253769-0.005512j,-0.760360+3.296811j,-0.610754+3.008049j,0.005765
-0.253773-0.005518j,-0.760394+3.296907j,-0.610702+3.007978j,0.005775
-0.253777-0.005525j,-0.760428+3.297003j,-0.610650+3.007907j,0.005785
-0.253782-0.005531j,-0.760462+3.297099j,-0.610598+3.007836j,0.005795
-0.253786-0.005538j,-0.760496+3.297195j,-0.610547+3.007766j,0.005805
-0.253790-0.005544j,-0.760530+3.297291j,-0.610495+3.007695j,0.005815
-0.253795-0.005551j,-0.760564+3.297387j,-0.610443+3.007624j,0.005825
-0.253799-0.005557j,-0.760598+3.297482j,-0.610392+3.007554j,0.005836
-0.253803-0.005564j,-0.760632+3.297578j,-0.610341+3.007484j,0.005846
-0.253808-0.005570j,-0.760666+3.297673j,-0.610289+3.007413j,0.005856
-0.253812-0.005577j,-0.760700+3.297769j,-0.610238+3.007343j,0.005866
-0.253816-0.005583j,-0.760734+3.297864j,-0.610186+3.007273j,0.005876
-0.253821-0.005590j,-0.760767+3.297959j,-0.610135+3.007203j,0.005886
-0.253825-0.005596j,-0.760801+3.298054j,-0.610084+3.007133j,0.005896
-0.253829-0.005602j,-0.760835+3.298149j,-0.610033+3.007063j,0.005906
-0.253833-0.005609j,-0.760868+3.298243j,-0.609982+3.006994j,0.005916
-0.253838-0.005615j,-0.760902+3.298338j,-0.609931+3.006924j,0.005926
-0.253842-0.005622j,-0.760935+3.298433j,-0.609880+3.006854j,0.005936
-0.253846-0.005628j,-0.760969+3.298527j,-0.609829+3.006785j,0.005946
-0.253851-0.005635j,-0.761002+3.298621j,-0.609778+3.006715j,0.005956
-0.253855-0.005641j,-0.761036+3.298716j,-0.609727+3.006646j,0.005966
-0.253859-0.005648j,-0.761069+3.298810j,-0.609676+3.006577j,0.005976
-0.253863-0.005654j,-0.761102+3.298904j,-0.609626+3.006508j,0.005986
-0.253868-0.005660j,-0.761136+3.298998j,-0.609575+3.006439j,0.005996
-0.253872-0.005667j,-0.761169+3.299092j,-0.609524+3.006370j,0.006006
-0.253876-0.005673j,-0.761202+3.299186j,-0.609474+3.006301j,0.006016
-0.253881-0.005680j,-0.761235+3.299279j,-0.609423+3.006232j,0.006026
-0.253885-0.005686j,-0.761268+3.299373j,-0.609373+3.006163j,0.006036
-0.253889-0.005692j,-0.761301+3.299466j,-0.609322+3.006095j,0.006046
-0.253893-0.005699j,-0.761334+3.299560j,-0.609272+3.006026j,0.006056
-0.253898-0.005705j,-0.761367+3.299653j,-0.609222+3.005957j,0.006066
-0.253902-0.005712j,-0.761400+3.299746j,-0.609171+3.005889j,0.006076
-0.253906-0.005718j,-0.761433+3.299839j,-0.609121+3.005821j,0.006086
-0.253910-0.005724j,-0.761466+3.299932j,-0.609071+3.005752j,0.006096
-0.253915-0.005731j,-0.761499+3.300025j,-0.609021+3.005684j,0.006106
-0.253919-0.005737j,-0.761532+3.300118j,-0.608971+3.005616j,0.006116
-0.253923-0.005743j,-0.761564+3.300211j,-0.608921+3.005548j,0.006126
-0.253927-0.005750j,-0.761597+3.300303j,-0.608871+3.005480j,0.006136
-0.253932-0.005756j,-0.761630+3.300396j,-0.608821+3.005413j,0.006146
-0.253936-0.005763j,-0.761662+3.300488j,-0.608771+3.005345j,0.006156
-0.253940-0.005769j,-0.761695+3.300581j,-0.608721+3.005277j,0.006166
-0.253944-0.005775j,-0.761727+3.300673j,-0.608672+3.005209j,0.006176
-0.253949-0.005782j,-0.761760+3.300765j,-0.608622+3.005142j,0.006186
-0.253953-0.005788j,-0.761792+3.300857j,-0.608572+3.005075j,0.006196
-0.253957-0.005794j,-0.761825+3.300949j,-0.608523+3.005007j,0.006206
-0.253961-0.005801j,-0.761857+3.301041j,-0.608473+3.004940j,0.006216
-0.253965-0.005807j,-0.761889+3.301133j,-0.608424+3.004873j,0.006226
-0.253970-0.005813j,-0.761921+3.301225j,-0.608374+3.004806j,0.006236
-0.253974-0.005820j,-0.761954+3.301316j,-0.608325+3.004739j,0.006246
-0.253978-0.005826j,-0.761986+3.301408j,-0.608275+3.004672j,0.006256
-0.253982-0.005832j,-0.762018+3.301499j,-0.608226+3.004605j,0.006266
-0.253986-0.005839j,-0.762050+3.301590j,-0.608177+3.004538j,0.006276
-0.253991-0.005845j,-0.762082+3.301682j,-0.608128+3.004471j,0.006286
-0.253995-0.005851j,-0.762114+3.301773j,-0.608079+3.004405j,0.006296
-0.253999-0.005858j,-0.762146+3.301864j,-0.608029+3.004338j,0.006306
-0.254003-0.005864j,-0.762178+3.301955j,-0.607980+3.004271j,0.006316
-0.254007-0.005870j,-0.762210+3.302046j,-0.607931+3.004205j,0.006326
-0.254012-0.005877j,-0.762242+3.302136j,-0.607882+3.004139j,0.006336
-0.254016-0.005883j,-0.762274+3.302227j,-0.607833+3.004072j,0.006346
-0.254020-0.005889j,-0.762306+3.302318j,-0.607785+3.004006j,0.006356
-0.254024-0.005895j,-0.762337+3.302408j,-0.607736+3.003940j,0.006366
-0.254028-0.005902j,-0.762369+3.302499j,-0.607687+3.003874j,0.006376
-0.254033-0.005908j,-0.762401+3.302589j,-0.607638+3.003808j,0.006386
-0.254037-0.005914j,-0.762433+3.302679j,-0.607590+3.003742j,0.006396
-0.254041-0.005921j,-0.762464+3.302770j,-0.607541+3.003676j,0.006406
-0.254045-0.005927j,-0.762496+3.302860j,-0.607492+3.003611j,0.006416
-0.254049-0.005933j,-0.762527+3.302950j,-0.607444+3.003545j,0.006426
-0.254053-0.005939j,-0.762559+3.303040j,-0.607395+3.003479j,0.006436
-0.254058-0.005946j,-0.762590+3.303129j,-0.607347+3.003414j,0.006446
-0.254062-0.005952j,-0.762622+3.303219j,-0.607298+3.003349j,0.006456
-0.254066-0.005958j,-0.762653+3.303309j,-0.607250+3.003283j,0.006466
-0.254070-0.005965j,-0.762684+3.303398j,-0.607202+3.003218j,0.006476
-0.254074-0.005971j,-0.762716+3.303488j,-0.607154+3.003153j,0.006486
-0.254078-0.005977j,-0.762747+3.303577j,-0.607105+3.003088j,0.006496
-0.254083-0.005983j,-0.762778+3.303666j,-0.607057+3.003022j,0.006506
-0.254087-0.005990j,-0.762809+3.303756j,-0.607009+3.002957j,0.006516
-0.254091-0.005996j,-0.762841+3.303845j,-0.606961+3.002893j,0.006526
-0.254095-0.006002j,-0.762872+3.303934j,-0.606913+3.002828j,0.006536
-0.254099-0.006008j,-0.762903+3.304023j,-0.606865+3.002763j,0.006546
-0.254103-0.006015j,-0.762934+3.304112j,-0.606817+3.002698j,0.006556
-0.254107-0.006021j,-0.762965+3.304200j,-0.606769+3.002634j,0.006566
-0.254112-0.006027j,-0.762996+3.304289j,-0.606721+3.002569j,0.006576
-0.254116-0.006033j,-0.763027+3.304378j,-0.606673+3.002505j,0.006586
-0.254120-0.006039j,-0.763058+3.304466j,-0.606626+3.002440j,0.006596
-0.254124-0.006046j,-0.763089+3.304555j,-0.606578+3.002376j,0.006606
-0.254128-0.006052j,-0.763119+3.304643j,-0.606530+3.002311j,0.006616
-0.254132-0.006058j,-0.763150+3.304731j,-0.606483+3.002247j,0.006626
-0.254136-0.006064j,-0.763181+3.304820j,-0.606435+3.002183j,0.006636
-0.254141-0.006071j,-0.763212+3.304908j,-0.606387+3.002119j,0.006646
-0.254145-0.006077j,-0.763242+3.304996j,-0.606340+3.002055j,0.006656
-0.254149-0.006083j,-0.763273+3.305084j,-0.606292+3.001991j,0.006666
-0.254153-0.006089j,-0.763304+3.305172j,-0.606245+3.001927j,0.006676
-0.254157-0.006095j,-0.763334+3.305260j,-0.606198+3.001864j,0.006686
-0.254161-0.006102j,-0.763365+3.305347j,-0.606150+3.001800j,0.006696
-0.254165-0.006108j,-0.763395+3.305435j,-0.606103+3.001736j,0.006706
-0.254169-0.006114j,-0.763426+3.305522j,-0.606056+3.001673j,0.006716
-0.254173-0.006120j,-0.763456+3.305610j,-0.606009+3.001609j,0.006726
-0.254178-0.006126j,-0.763487+3.305697j,-0.605961+3.001546j,0.006736
-0.254182-0.006132j,-0.763517+3.305785j,-0.605914+3.001482j,0.006746
-0.254186-0.006139j,-0.763547+3.305872j,-0.605867+3.001419j,0.006756
-0.254190-0.006145j,-0.763578+3.305959j,-0.605820+3.001356j,0.006766
-0.254194-0.006151j,-0.763608+3.306046j,-0.605773+3.001293j,0.006776
-0.254198-0.006157j,-0.763638+3.306133j,-0.605726+3.001230j,0.006786
-0.254202-0.006163j,-0.763668+3.306220j,-0.605679+3.001167j,0.006796
-0.254206-0.006170j,-0.763699+3.306307j,-0.605633+3.001104j,0.006806
-0.254210-0.006176j,-0.763729+3.306393j,-0.605586+3.001041j,0.006816
-0.254214-0.006182j,-0.763759+3.306480j,-0.605539+3.000978j,0.006826
-0.254218-0.006188j,-0.763789+3.306567j,-0.605492+3.000915j,0.006836
-0.254223-0.006194j,-0.763819+3.306653j,-0.605446+3.000852j,0.006846
-0.254227-0.006200j,-0.763849+3.306740j,-0.605399+3.000790j,0.006856
-0.254231-0.006206j,-0.763879+3.306826j,-0.605352+3.000727j,0.006866
-0.254235-0.006213j,-0.763909+3.306912j,-0.605306+3.000665j,0.006876
-0.254239-0.006219j,-0.763939+3.306999j,-0.605259+3.000602j,0.006886
-0.254243-0.006225j,-0.763969+3.307085j,-0.605213+3.000540j,0.006896
-0.254247-0.006231j,-0.763998+3.307171j,-0.605166+3.000478j,0.006906
-0.254251-0.006237j,-0.764028+3.307257j,-0.605120+3.000415j,0.006916
-0.254255-0.006243j,-0.764058+3.307343j,-0.605074+3.000353j,0.006926
-0.254259-0.006249j,-0.764088+3.307428j,-0.605027+3.000291j,0.006936
-0.254263-0.006256j,-0.764118+3.307514j,-0.604981+3.000229j,0.006946
-0.254267-0.006262j,-0.764147+3.307600j,-0.604935+3.000167j,0.006956
-0.254271-0.006268j,-0.764177+3.307685j,-0.604889+3.000105j,0.006966
-0.254275-0.006274j,-0.764206+3.307771j,-0.604843+3.000044j,0.006976
-0.254279-0.006280j,-0.764236+3.307856j,-0.604796+2.999982j,0.006986
-0.254284-0.006286j,-0.764266+3.307942j,-0.604750+2.999920j,0.006996
-0.254288-0.006292j,-0.764295+3.308027j,-0.604704+2.999858j,0.007006
-0.254292-0.006298j,-0.764324+3.308112j,-0.604658+2.999797j,0.007016
-0.254296-0.006305j,-0.764354+3.308197j,-0.604612+2.999735j,0.007026
-0.254300-0.006311j,-0.764383+3.308282j,-0.604566+2.999674j,0.007036
-0.254304-0.006317j,-0.764413+3.308367j,-0.604521+2.999613j,0.007046
-0.254308-0.006323j,-0.764442+3.308452j,-0.604475+2.999551j,0.007056
-0.254312-0.006329j,-0.764471+3.308537j,-0.604429+2.999490j,0.007066
-0.254316-0.006335j,-0.764501+3.308622j,-0.604383+2.999429j,0.007076
-0.254320-0.006341j,-0.764530+3.308706j,-0.604338+2.999368j,0.007086
-0.254324-0.006347j,-0.764559+3.308791j,-0.604292+2.999307j,0.007096
-0.254328-0.006353j,-0.764588+3.308876j,-0.604246+2.999246j,0.007106
-0.254332-0.006359j,-0.764617+3.308960j,-0.604201+2.999185j,0.007116
-0.254336-0.006365j,-0.764647+3.309044j,-0.604155+2.999124j,0.007126
-0.254340-0.006372j,-0.764676+3.309129j,-0.604110+2.999063j,0.007136
-0.254344-0.006378j,-0.764705+3.309213j,-0.604064+2.999002j,0.007146
-0.254348-0.006384j,-0.764734+3.309297j,-0.604019+2.998942j,0.007156
-0.254352-0.006390j,-0.764763+3.309381j,-0.603973+2.998881j,0.007166
-0.254356-0.006396j,-0.764792+3.309465j,-0.603928+2.998820j,0.007176
-0.254360-0.006402j,-0.764821+3.309549j,-0.603883+2.998760j,0.007186
-0.254364-0.006408j,-0.764849+3.309633j,-0.603837+2.998699j,0.007196
-0.254368-0.006414j,-0.764878+3.309717j,-0.603792+2.998639j,0.007206
-0.254372-0.006420j,-0.764907+3.309800j,-0.603747+2.998579j,0.007216
-0.254376-0.006426j,-0.764936+3.309884j,-0.603702+2.998519j,0.007226
-0.254380-0.006432j,-0.764965+3.309968j,-0.603657+2.998458j,0.007236
-0.254384-0.006438j,-0.764994+3.310051j,-0.603612+2.998398j,0.007246
-0.254388-0.006444j,-0.765022+3.310135j,-0.603567+2.998338j,0.007256
-0.254392-0.006450j,-0.765051+3.310218j,-0.603522+2.998278j,0.007266
-0.254396-0.006456j,-0.765080+3.310301j,-0.603477+2.998218j,0.007276
-0.254400-0.006462j,-0.765108+3.310385j,-0.603432+2.998158j,0.007286
-0.254404-0.006468j,-0.765137+3.310468j,-0.603387+2.998098j,0.007296
-0.254408-0.006474j,-0.765165+3.310551j,-0.603342+2.998039j,0.007306
-0.254412-0.006480j,-0.765194+3.310634j,-0.603297+2.997979j,0.007316
-0.254416-0.006486j,-0.765222+3.310717j,-0.603252+2.997919j,0.007326
-0.254420-0.006492j,-0.765251+3.310800j,-0.603208+2.997860j,0.007336
-0.254424-0.006499j,-0.765279+3.310882j,-0.603163+2.997800j,0.007346
-0.254428-0.006505j,-0.765308+3.310965j,-0.603118+2.997741j,0.007356
-0.254432-0.006511j,-0.765336+3.311048j,-0.603074+2.997681j,0.007366
-0.254436-0.006517j,-0.765364+3.311130j,-0.603029+2.997622j,0.007376
-0.254440-0.006523j,-0.765393+3.311213j,-0.602985+2.997563j,0.007386
-0.254444-0.006529j,-0.765421+3.311295j,-0.602940+2.997504j,0.007396
-0.254448-0.006535j,-0.765449+3.311378j,-0.602896+2.997444j,0.007406
-0.254452-0.006541j,-0.765478+3.311460j,-0.602851+2.997385j,0.007416
-0.254456-0.006547j,-0.765506+3.311542j,-0.602807+2.997326j,0.007426
-0.254460-0.006553j,-0.765534+3.311624j,-0.602762+2.997267j,0.007436
-0.254464-0.006559j,-0.765562+3.311707j,-0.602718+2.997208j,0.007446
-0.254468-0.006565j,-0.765590+3.311789j,-0.602674+2.997149j,0.007456
-0.254472-0.006571j,-0.765618+3.311871j,-0.602629+2.997091j,0.007466
-0.254476-0.006577j,-0.765646+3.311952j,-0.602585+2.997032j,0.007476
-0.254480-0.006583j,-0.765674+3.312034j,-0.602541+2.996973j,0.007486
-0.254484-0.006589j,-0.765702+3.312116j,-0.602497+2.996914j,0.007496
-0.254488-0.006595j,-0.765730+3.312198j,-0.602453+2.996856j,0.007506
-0.254491-0.006601j,-0.765758+3.312279j,-0.602409+2.996797j,0.007516
-0.254495-0.006607j,-0.765786+3.312361j,-0.602365+2.996739j,0.007526
-0.254499-0.006612j,-0.765814+3.312442j,-0.602321+2.996680j,0.007536
-0.254503-0.006618j,-0.765842+3.312524j,-0.602277+2.996622j,0.007546
-0.254507-0.006624j,-0.765870+3.312605j,-0.602233+2.996564j,0.007556
-0.254511-0.006630j,-0.765898+3.312687j,-0.602189+2.996506j,0.007566
-0.254515-0.006636j,-0.765925+3.312768j,-0.602145+2.996447j,0.007576
-0.254519-0.006642j,-0.765953+3.312849j,-0.602101+2.996389j,0.007586
-0.254523-0.006648j,-0.765981+3.312930j,-0.602057+2.996331j,0.007596
-0.254527-0.006654j,-0.766008+3.313011j,-0.602014+2.996273j,0.007606
-0.254531-0.006660j,-0.766036+3.313092j,-0.601970+2.996215j,0.007616
-0.254535-0.006666j,-0.766064+3.313173j,-0.601926+2.996157j,0.007626
-0.254539-0.006672j,-0.766091+3.313254j,-0.601883+2.996099j,0.007636
-0.254543-0.006678j,-0.766119+3.313334j,-0.601839+2.996042j,0.007646
-0.254547-0.006684j,-0.766146+3.313415j,-0.601795+2.995984j,0.007656
-0.254551-0.006690j,-0.766174+3.313496j,-0.601752+2.995926j,0.007666
-0.254554-0.006696j,-0.766201+3.313576j,-0.601708+2.995868j,0.007676
-0.254558-0.006702j,-0.766229+3.313657j,-0.601665+2.995811j,0.007686
-0.254562-0.006708j,-0.766256+3.313737j,-0.601622+2.995753j,0.007696
-0.254566-0.006714j,-0.766284+3.313818j,-0.601578+2.995696j,0.007706
-0.254570-0.006720j,-0.766311+3.313898j,-0.601535+2.995639j,0.007716
-0.254574-0.006726j,-0.766338+3.313978j,-0.601491+2.995581j,0.007726
-0.254578-0.006731j,-0.766366+3.314058j,-0.601448+2.995524j,0.007736
-0.254582-0.006737j,-0.766393+3.314139j,-0.601405+2.995467j,0.007746
-0.254586-0.006743j,-0.766420+3.314219j,-0.601362+2.995409j,0.007756
-0.254590-0.006749j,-0.766448+3.314299j,-0.601318+2.995352j,0.007766
-0.254594-0.006755j,-0.766475+3.314378j,-0.601275+2.995295j,0.007776
-0.254597-0.006761j,-0.766502+3.314458j,-0.601232+2.995238j,0.007786
-0.254601-0.006767j,-0.766529+3.314538j,-0.601189+2.995181j,0.007796
-0.254605-0.006773j,-0.766556+3.314618j,-0.601146+2.995124j,0.007806
-0.254609-0.006779j,-0.766583+3.314698j,-0.601103+2.995067j,0.007816
-0.254613-0.006785j,-0.766610+3.314777j,-0.601060+2.995011j,0.007826
-0.254617-0.006791j,-0.766637+3.314857j,-0.601017+2.994954j,0.007836
-0.254621-0.006797j,-0.766664+3.314936j,-0.600974+2.994897j,0.007846
-0.254625-0.006802j,-0.766691+3.315016j,-0.600931+2.994840j,0.007856
-0.254629-0.006808j,-0.766718+3.315095j,-0.600888+2.994784j,0.007866
-0.254633-0.006814j,-0.766745+3.315174j,-0.600846+2.994727j,0.007876
-0.254636-0.006820j,-0.766772+3.315253j,-0.600803+2.994671j,0.007886
-0.254640-0.006826j,-0.766799+3.315333j,-0.600760+2.994614j,0.007896
-0.254644-0.006832j,-0.766826+3.315412j,-0.600717+2.994558j,0.007906
-0.254648-0.006838j,-0.766853+3.315491j,-0.600675+2.994502j,0.007916
-0.254652-0.006844j,-0.766880+3.315570j,-0.600632+2.994445j,0.007926
-0.254656-0.006850j,-0.766906+3.315649j,-0.600589+2.994389j,0.007936
-0.254660-0.006855j,-0.766933+3.315728j,-0.600547+2.994333j,0.007946
-0.254664-0.006861j,-0.766960+3.315806j,-0.600504+2.994277j,0.007956
-0.254667-0.006867j,-0.766987+3.315885j,-0.600462+2.994221j,0.007966
-0.254671-0.006873j,-0.767013+3.315964j,-0.600419+2.994165j,0.007976
-0.254675-0.006879j,-0.767040+3.316042j,-0.600377+2.994109j,0.007986
-0.254679-0.006885j,-0.767067+3.316121j,-0.600334+2.994053j,0.007996
-0.254683-0.006891j,-0.767093+3.316199j,-0.600292+2.993997j,0.008006
-0.254687-0.006896j,-0.767120+3.316278j,-0.600249+2.993941j,0.008016
-0.254691-0.006902j,-0.767146+3.316356j,-0.600207+2.993885j,0.008026
-0.254694-0.006908j,-0.767173+3.316434j,-0.600165+2.993830j,0.008036
-0.254698-0.006914j,-0.767199+3.316513j,-0.600123+2.993774j,0.008046
-0.254702-0.006920j,-0.767226+3.316591j,-0.600080+2.993718j,0.008056
-0.254706-0.006926j,-0.767252+3.316669j,-0.600038+2.993663j,0.008066
-0.254710-0.006932j,-0.767279+3.316747j,-0.599996+2.993607j,0.008076
-0.254714-0.006937j,-0.767305+3.316825j,-0.599954+2.993552j,0.008086
-0.254718-0.006943j,-0.767331+3.316903j,-0.599912+2.993496j,0.008096
-0.254721-0.006949j,-0.767358+3.316981j,-0.599870+2.993441j,0.008106
-0.254725-0.006955j,-0.767384+3.317059j,-0.599828+2.993386j,0.008116
-0.254729-0.006961j,-0.767410+3.317137j,-0.599786+2.993330j,0.008126
-0.254733-0.006967j,-0.767437+3.317214j,-0.599744+2.993275j,0.008136
-0.254737-0.006972j,-0.767463+3.317292j,-0.599702+2.993220j,0.008146
-0.254741-0.006978j,-0.767489+3.317369j,-0.599660+2.993165j,0.008156
-0.254744-0.006984j,-0.767515+3.317447j,-0.599618+2.993110j,0.008166
-0.254748-0.006990j,-0.767541+3.317524j,-0.599576+2.993055j,0.008176
-0.254752-0.006996j,-0.767568+3.317602j,-0.599534+2.993000j,0.008186
-0.254756-0.007002j,-0.767594+3.317679j,-0.599492+2.992945j,0.008196
-0.254760-0.007007j,-0.767620+3.317757j,-0.599451+2.992890j,0.008206
-0.254764-0.007013j,-0.767646+3.317834j,-0.599409+2.992835j,0.008216
-0.254767-0.007019j,-0.767672+3.317911j,-0.599367+2.992780j,0.008226
-0.254771-0.007025j,-0.767698+3.317988j,-0.599326+2.992726j,0.008236
-0.254775-0.007031j,-0.767724+3.318065j,-0.599284+2.992671j,0.008246
-0.254779-0.007037j,-0.767750+3.318142j,-0.599242+2.992616j,0.008256
-0.254783-0.007042j,-0.767776+3.318219j,-0.599201+2.992562j,0.008266
-0.254787-0.007048j,-0.767802+3.318296j,-0.599159+2.992507j,0.008276
-0.254790-0.007054j,-0.767828+3.318373j,-0.599118+2.992453j,0.008286
-0.254794-0.007060j,-0.767854+3.318450j,-0.599076+2.992398j,0.008296
-0.254798-0.007066j,-0.767879+3.318526j,-0.599035+2.992344j,0.008306
-0.254802-0.007071j,-0.767905+3.318603j,-0.598993+2.992290j,0.008316
-0.254806-0.007077j,-0.767931+3.318680j,-0.598952+2.992235j,0.008326
-0.254809-0.007083j,-0.767957+3.318756j,-0.598911+2.992181j,0.008336
-0.254813-0.007089j,-0.767983+3.318833j,-0.598869+2.992127j,0.008346
-0.254817-0.007095j,-0.768008+3.318909j,-0.598828+2.992073j,0.008356
-0.254821-0.007100j,-0.768034+3.318985j,-0.598787+2.992019j,0.008366
-0.254825-0.007106j,-0.768060+3.319062j,-0.598745+2.991965j,0.008376
-0.254829-0.007112j,-0.768085+3.319138j,-0.598704+2.991911j,0.008386
-0.254832-0.007118j,-0.768111+3.319214j,-0.598663+2.991857j,0.008396
-0.254836-0.007123j,-0.768137+3.319290j,-0.598622+2.991803j,0.008406
-0.254840-0.007129j,-0.768162+3.319366j,-0.598581+2.991749j,0.008416
-0.254844-0.007135j,-0.768188+3.319443j,-0.598540+2.991695j,0.008426
-0.254847-0.007141j,-0.768213+3.319518j,-0.598499+2.991641j,0.008436
-0.254851-0.007146j,-0.768239+3.319594j,-0.598458+2.991588j,0.008446
-0.254855-0.007152j,-0.768264+3.319670j,-0.598417+2.991534j,0.008456
-0.254859-0.007158j,-0.768290+3.319746j,-0.598376+2.991480j,0.008466
-0.254863-0.007164j,-0.768315+3.319822j,-0.598335+2.991427j,0.008476
-0.254866-0.007170j,-0.768341+3.319898j,-0.598294+2.991373j,0.008486
-0.254870-0.007175j,-0.768366+3.319973j,-0.598253+2.991320j,0.008496
-0.254874-0.007181j,-0.768391+3.320049j,-0.598212+2.991266j,0.008506
-0.254878-0.007187j,-0.768417+3.320124j,-0.598171+2.991213j,0.008516
-0.254882-0.007193j,-0.768442+3.320200j,-0.598131+2.991160j,0.008526
-0.254885-0.007198j,-0.768467+3.320275j,-0.598090+2.991106j,0.008536
-0.254889-0.007204j,-0.768493+3.320351j,-0.598049+2.991053j,0.008546
-0.254893-0.007210j,-0.768518+3.320426j,-0.598008+2.991000j,0.008556
-0.254897-0.007216j,-0.768543+3.320501j,-0.597968+2.990947j,0.008566
-0.254900-0.007221j,-0.768568+3.320576j,-0.597927+2.990894j,0.008576
-0.254904-0.007227j,-0.768593+3.320652j,-0.597886+2.990841j,0.008586
-0.254908-0.007233j,-0.768619+3.320727j,-0.597846+2.990788j,0.008596
-0.254912-0.007239j,-0.768644+3.320802j,-0.597805+2.990735j,0.008606
-0.254916-0.007244j,-0.768669+3.320877j,-0.597765+2.990682j,0.008616
-0.254919-0.007250j,-0.768694+3.320952j,-0.597724+2.990629j,0.008626
-0.254923-0.007256j,-0.768719+3.321027j,-0.597684+2.990576j,0.008636
-0.254927-0.007261j,-0.768744+3.321101j,-0.597643+2.990523j,0.008646
-0.254931-0.007267j,-0.768769+3.321176j,-0.597603+2.990470j,0.008656
-0.254934-0.007273j,-0.768794+3.321251j,-0.597563+2.990418j,0.008666
-0.254938-0.007279j,-0.768819+3.321326j,-0.597522+2.990365j,0.008676
-0.254942-0.007284j,-0.768844+3.321400j,-0.597482+2.990313j,0.008686
-0.254946-0.007290j,-0.768869+3.321475j,-0.597442+2.990260j,0.008696
-0.254949-0.007296j,-0.768894+3.321549j,-0.597401+2.990207j,0.008706
-0.254953-0.007301j,-0.768919+3.321624j,-0.597361+2.990155j,0.008716
-0.254957-0.007307j,-0.768944+3.321698j,-0.597321+2.990103j,0.008726
-0.254961-0.007313j,-0.768968+3.321773j,-0.597281+2.990050j,0.008736
-0.254964-0.007319j,-0.768993+3.321847j,-0.597241+2.989998j,0.008746
-0.254968-0.007324j,-0.769018+3.321921j,-0.597200+2.989945j,0.008756
-0.254972-0.007330j,-0.769043+3.321995j,-0.597160+2.989893j,0.008766
-0.254976-0.007336j,-0.769068+3.322069j,-0.597120+2.989841j,0.008776
-0.254979-0.007341j,-0.769092+3.322144j,-0.597080+2.989789j,0.008786
-0.254983-0.007347j,-0.769117+3.322218j,-0.597040+2.989737j,0.008796
-0.254987-0.007353j,-0.769142+3.322292j,-0.597000+2.989685j,0.008806
-0.254991-0.007359j,-0.769166+3.322365j,-0.596960+2.989633j,0.008816
-0.254994-0.007364j,-0.769191+3.322439j,-0.596920+2.989581j,0.008826
-0.254998-0.007370j,-0.769216+3.322513j,-0.596880+2.989529j,0.008836
-0.255002-0.007376j,-0.769240+3.322587j,-0.596841+2.989477j,0.008846
-0.255005-0.007381j,-0.769265+3.322661j,-0.596801+2.989425j,0.008856
-0.255009-0.007387j,-0.769289+3.322734j,-0.596761+2.989373j,0.008866
-0.255013-0.007393j,-0.769314+3.322808j,-0.596721+2.989321j,0.008876
-0.255017-0.007398j,-0.769338+3.322882j,-0.596681+2.989270j,0.008886
-0.255020-0.007404j,-0.769363+3.322955j,-0.596642+2.989218j,0.008896
-0.255024-0.007410j,-0.769387+3.323029j,-0.596602+2.989166j,0.008906
-0.255028-0.007415j,-0.769412+3.323102j,-0.596562+2.989115j,0.008916
-0.255032-0.007421j,-0.769436+3.323175j,-0.596522+2.989063j,0.008926
-0.255035-0.007427j,-0.769461+3.323249j,-0.596483+2.989012j,0.008936
-0.255039-0.007432j,-0.769485+3.323322j,-0.596443+2.988960j,0.008946
-0.255043-0.007438j,-0.769509+3.323395j,-0.596404+2.988909j,0.008956
-0.255046-0.007444j,-0.769534+3.323468j,-0.596364+2.988857j,0.008966
-0.255050-0.007449j,-0.769558+3.323541j,-0.596325+2.988806j,0.008976
-0.255054-0.007455j,-0.769582+3.323615j,-0.596285+2.988755j,0.008986
-0.255058-0.007461j,-0.769607+3.323688j,-0.596246+2.988703j,0.008996
-0.255061-0.007466j,-0.769631+3.323761j,-0.596206+2.988652j,0.009006
-0.255065-0.007472j,-0.769655+3.323833j,-0.596167+2.988601j,0.009016
-0.255069-0.007478j,-0.769679+3.323906j,-0.596127+2.988550j,0.009026
-0.255072-0.007483j,-0.769704+3.323979j,-0.596088+2.988499j,0.009036
-0.255076-0.007489j,-0.769728+3.324052j,-0.596049+2.988448j,0.009046
-0.255080-0.007495j,-0.769752+3.324125j,-0.596009+2.988397j,0.009056
-0.255083-0.007500j,-0.769776+3.324197j,-0.595970+2.988346j,0.009066
-0.255087-0.007506j,-0.769800+3.324270j,-0.595931+2.988295j,0.009076
-0.255091-0.007512j,-0.769824+3.324342j,-0.595892+2.988244j,0.009086
-0.255095-0.007517j,-0.769848+3.324415j,-0.595852+2.988193j,0.009096
-0.255098-0.007523j,-0.769872+3.324487j,-0.595813+2.988142j,0.009106
-0.255102-0.007528j,-0.769896+3.324560j,-0.595774+2.988091j,0.009116
-0.255106-0.007534j,-0.769920+3.324632j,-0.595735+2.988041j,0.009126
-0.255109-0.007540j,-0.769944+3.324705j,-0.595696+2.987990j,0.009136
-0.255113-0.007545j,-0.769968+3.324777j,-0.595657+2.987939j,0.009146
-0.255117-0.007551j,-0.769992+3.324849j,-0.595618+2.987889j,0.009156
-0.255120-0.007557j,-0.770016+3.324921j,-0.595579+2.987838j,0.009166
-0.255124-0.007562j,-0.770040+3.324993j,-0.595540+2.987788j,0.009176
-0.255128-0.007568j,-0.770064+3.325065j,-0.595501+2.987737j,0.009186
-0.255131-0.007573j,-0.770088+3.325138j,-0.595462+2.987687j,0.009196
-0.255135-0.007579j,-0.770112+3.325210j,-0.595423+2.987636j,0.009206
-0.255139-0.007585j,-0.770135+3.325281j,-0.595384+2.987586j,0.009216
-0.255142-0.007590j,-0.770159+3.325353j,-0.595345+2.987536j,0.009226
-0.255146-0.007596j,-0.770183+3.325425j,-0.595306+2.987485j,0.009236
-0.255150-0.007602j,-0.770207+3.325497j,-0.595268+2.987435j,0.009246
-0.255153-0.007607j,-0.770231+3.325569j,-0.595229+2.987385j,0.009256
-0.255157-0.007613j,-0.770254+3.325640j,-0.595190+2.987335j,0.009266
-0.255161-0.007618j,-0.770278+3.325712j,-0.595151+2.987285j,0.009276
-0.255164-0.007624j,-0.770302+3.325784j,-0.595113+2.987235j,0.009286
-0.255168-0.007630j,-0.770325+3.325855j,-0.595074+2.987185j,0.009296
-0.255172-0.007635j,-0.770349+3.325927j,-0.595035+2.987135j,0.009306
-0.255175-0.007641j,-0.770373+3.325998j,-0.594997+2.987085j,0.009316
-0.255179-0.007646j,-0.770396+3.326070j,-0.594958+2.987035j,0.009326
-0.255183-0.007652j,-0.770420+3.326141j,-0.594919+2.986985j,0.009336
-0.255186-0.007658j,-0.770443+3.326212j,-0.594881+2.986935j,0.009346
-0.255190-0.007663j,-0.770467+3.326284j,-0.594842+2.986885j,0.009356
-0.255194-0.007669j,-0.770490+3.326355j,-0.594804+2.986836j,0.009366
-0.255197-0.007674j,-0.770514+3.326426j,-0.594765+2.986786j,0.009376
-0.255201-0.007680j,-0.770537+3.326497j,-0.594727+2.986736j,0.009386
-0.255205-0.007685j,-0.770561+3.326568j,-0.594688+2.986686j,0.009396
-0.255208-0.007691j,-0.770584+3.326639j,-0.594650+2.986637j,0.009406
-0.255212-0.007697j,-0.770608+3.326710j,-0.594612+2.986587j,0.009416
-0.255216-0.007702j,-0.770631+3.326781j,-0.594573+2.986538j,0.009426
-0.255219-0.007708j,-0.770654+3.326852j,-0.594535+2.986488j,0.009436
-0.255223-0.007713j,-0.770678+3.326923j,-0.594497+2.986439j,0.009446
-0.255227-0.007719j,-0.770701+3.326994j,-0.594458+2.986389j,0.009456
-0.255230-0.007724j,-0.770724+3.327064j,-0.594420+2.986340j,0.009466
-0.255234-0.007730j,-0.770748+3.327135j,-0.594382+2.986291j,0.009476
-0.255238-0.007736j,-0.770771+3.327206j,-0.594344+2.986241j,0.009486
-0.255241-0.007741j,-0.770794+3.327276j,-0.594306+2.986192j,0.009496
-0.255245-0.007747j,-0.770818+3.327347j,-0.594267+2.986143j,0.009506
-0.255248-0.007752j,-0.770841+3.327417j,-0.594229+2.986094j,0.009516
-0.255252-0.007758j,-0.770864+3.327488j,-0.594191+2.986045j,0.009526
-0.255256-0.007763j,-0.770887+3.327558j,-0.594153+2.985996j,0.009536
-0.255259-0.007769j,-0.770910+3.327629j,-0.594115+2.985947j,0.009546
-0.255263-0.007775j,-0.770934+3.327699j,-0.594077+2.985898j,0.009556
-0.255267-0.007780j,-0.770957+3.327769j,-0.594039+2.985849j,0.009566
-0.255270-0.007786j,-0.770980+3.327840j,-0.594001+2.985800j,0.009576
-0.255274-0.007791j,-0.771003+3.327910j,-0.593963+2.985751j,0.009586
-0.255278-0.007797j,-0.771026+3.327980j,-0.593925+2.985702j,0.009596
-0.255281-0.007802j,-0.771049+3.328050j,-0.593887+2.985653j,0.009606
-0.255285-0.007808j,-0.771072+3.328120j,-0.593849+2.985604j,0.009616
-0.255288-0.007813j,-0.771095+3.328190j,-0.593811+2.985555j,0.009626
-0.255292-0.007819j,-0.771118+3.328260j,-0.593774+2.985507j,0.009636
-0.255296-0.007824j,-0.771141+3.328330j,-0.593736+2.985458j,0.009646
-0.255299-0.007830j,-0.771164+3.328400j,-0.593698+2.985409j,0.009656
-0.255303-0.007836j,-0.771187+3.328470j,-0.593660+2.985361j,0.009666
-0.255307-0.007841j,-0.771210+3.328540j,-0.593622+2.985312j,0.009676
-0.255310-0.007847j,-0.771233+3.328609j,-0.593585+2.985264j,0.009686
-0.255314-0.007852j,-0.771256+3.328679j,-0.593547+2.985215j,0.009696
-0.255317-0.007858j,-0.771279+3.328749j,-0.593509+2.985167j,0.009706
-0.255321-0.007863j,-0.771301+3.328818j,-0.593472+2.985118j,0.009716
-0.255325-0.007869j,-0.771324+3.328888j,-0.593434+2.985070j,0.009726
-0.255328-0.007874j,-0.771347+3.328958j,-0.593396+2.985022j,0.009736
-0.255332-0.007880j,-0.771370+3.329027j,-0.593359+2.984973j,0.009746
-0.255335-0.007885j,-0.771393+3.329096j,-0.593321+2.984925j,0.009756
-0.255339-0.007891j,-0.771415+3.329166j,-0.593284+2.984877j,0.009766
-0.255343-0.007896j,-0.771438+3.329235j,-0.593246+2.984829j,0.009776
-0.255346-0.007902j,-0.771461+3.329305j,-0.593209+2.984780j,0.009786
-0.255350-0.007907j,-0.771483+3.329374j,-0.593171+2.984732j,0.009796
-0.255353-0.007913j,-0.771506+3.329443j,-0.593134+2.984684j,0.009806
-0.255357-0.007918j,-0.771529+3.329512j,-0.593096+2.984636j,0.009816
-0.255361-0.007924j,-0.771551+3.329581j,-0.593059+2.984588j,0.009826
-0.255364-0.007929j,-0.771574+3.329650j,-0.593022+2.984540j,0.009836
-0.255368-0.007935j,-0.771597+3.329720j,-0.592984+2.984492j,0.009846
-0.255371-0.007940j,-0.771619+3.329789j,-0.592947+2.984444j,0.009856
-0.255375-0.007946j,-0.771642+3.329858j,-0.592910+2.984396j,0.009866
-0.255379-0.007951j,-0.771664+3.329926j,-0.592872+2.984349j,0.009876
-0.255382-0.007957j,-0.771687+3.329995j,-0.592835+2.984301j,0.009886
-0.255386-0.007962j,-0.771709+3.330064j,-0.592798+2.984253j,0.009896
-0.255389-0.007968j,-0.771732+3.330133j,-0.592761+2.984205j,0.009906
-0.255393-0.007973j,-0.771754+3.330202j,-0.592724+2.984158j,0.009916
-0.255396-0.007979j,-0.771777+3.330270j,-0.592686+2.984110j,0.009926
-0.255400-0.007984j,-0.771799+3.330339j,-0.592649+2.984062j,0.009936
-0.255404-0.007990j,-0.771822+3.330408j,-0.592612+2.984015j,0.009946
-0.255407-0.007995j,-0.771844+3.330476j,-0.592575+2.983967j,0.009956
-0.255411-0.008001j,-0.771867+3.330545j,-0.592538+2.983920j,0.009966
-0.255414-0.008006j,-0.771889+3.330613j,-0.592501+2.983872j,0.009976
-0.255418-0.008012j,-0.771911+3.330682j,-0.592464+2.983825j,0.009986
-0.255422-0.008017j,-0.771934+3.330750j,-0.592427+2.983777j,0.009996
-0.255425-0.008023j,-0.771956+3.330819j,-0.592390+2.983730j,0.010006
-0.255429-0.008028j,-0.771978+3.330887j,-0.592353+2.983683j,0.010016
-0.255432-0.008034j,-0.772001+3.330955j,-0.592316+2.983635j,0.010026
-0.255432-0.008034j,-0.772001+3.330955j,-0.592316+2.983635j,0.010026
-0.255436-0.008039j,-0.772023+3.331023j,-0.592279+2.983588j,0.010036
-0.255452-0.008064j,-0.772123+3.331330j,-0.592113+2.983376j,0.010081
-0.255524-0.008174j,-0.772569+3.332699j,-0.591373+2.982429j,0.010285
-0.255697-0.008440j,-0.773625+3.335964j,-0.589606+2.980182j,0.010781
-0.255867-0.008702j,-0.774643+3.339138j,-0.587889+2.978010j,0.011277
-0.256046-0.008979j,-0.775696+3.342447j,-0.586097+2.975759j,0.011810
-0.256230-0.009264j,-0.776752+3.345792j,-0.584286+2.973497j,0.012363
-0.256418-0.009555j,-0.777811+3.349177j,-0.582453+2.971223j,0.012938
-0.256610-0.009855j,-0.778872+3.352601j,-0.580598+2.968936j,0.013537
-0.256807-0.010162j,-0.779936+3.356065j,-0.578721+2.966638j,0.014159
-0.257009-0.010477j,-0.781003+3.359569j,-0.576822+2.964328j,0.014806
-0.257215-0.010800j,-0.782072+3.363113j,-0.574901+2.962006j,0.015478
-0.257425-0.011132j,-0.783143+3.366697j,-0.572957+2.959673j,0.016177
-0.257641-0.011472j,-0.784216+3.370323j,-0.570991+2.957329j,0.016902
-0.257861-0.011821j,-0.785291+3.373989j,-0.569003+2.954974j,0.017655
-0.258086-0.012178j,-0.786368+3.377697j,-0.566991+2.952609j,0.018437
-0.258316-0.012544j,-0.787445+3.381447j,-0.564957+2.950233j,0.019249
-0.258551-0.012920j,-0.788524+3.385239j,-0.562899+2.947847j,0.020091
-0.258791-0.013305j,-0.789604+3.389073j,-0.560818+2.945451j,0.020965
-0.259036-0.013700j,-0.790685+3.392950j,-0.558713+2.943045j,0.021872
-0.259287-0.014104j,-0.791766+3.396870j,-0.556585+2.940630j,0.022812
-0.259542-0.014519j,-0.792848+3.400833j,-0.554433+2.938205j,0.023787
-0.259803-0.014943j,-0.793929+3.404840j,-0.552257+2.935772j,0.024798
-0.260070-0.015378j,-0.795011+3.408891j,-0.550057+2.933330j,0.025845
-0.260341-0.015824j,-0.796092+3.412986j,-0.547832+2.930879j,0.026930
-0.260619-0.016280j,-0.797173+3.417126j,-0.545583+2.928420j,0.028055
-0.260902-0.016748j,-0.798252+3.421311j,-0.543309+2.925953j,0.029219
-0.261190-0.017227j,-0.799331+3.425542j,-0.541011+2.923478j,0.030425
-0.261484-0.017717j,-0.800408+3.429818j,-0.538688+2.920996j,0.031674
-0.261784-0.018220j,-0.801484+3.434139j,-0.536339+2.918507j,0.032967
-0.262090-0.018734j,-0.802558+3.438508j,-0.533966+2.916010j,0.034304
-0.262402-0.019261j,-0.803630+3.442922j,-0.531567+2.913508j,0.035689
-0.262719-0.019800j,-0.804700+3.447384j,-0.529142+2.910999j,0.037121
-0.263043-0.020352j,-0.805767+3.451893j,-0.526692+2.908484j,0.038602
-0.263372-0.020917j,-0.806832+3.456450j,-0.524215+2.905963j,0.040134
-0.263708-0.021495j,-0.807893+3.461055j,-0.521713+2.903437j,0.041718
-0.264039-0.022067j,-0.808917+3.465557j,-0.519267+2.900987j,0.043301
-0.264387-0.022673j,-0.809972+3.470259j,-0.516712+2.898450j,0.044992
-0.264729-0.023273j,-0.810989+3.474858j,-0.514213+2.895990j,0.046683
-0.265089-0.023906j,-0.812036+3.479657j,-0.511606+2.893445j,0.048487
-0.265444-0.024534j,-0.813046+3.484352j,-0.509055+2.890976j,0.050291
-0.265817-0.025197j,-0.814084+3.489248j,-0.506395+2.888423j,0.052213
-0.266184-0.025854j,-0.815084+3.494041j,-0.503793+2.885947j,0.054135
-0.266569-0.026548j,-0.816112+3.499037j,-0.501079+2.883389j,0.056183
-0.266948-0.027235j,-0.817102+3.503927j,-0.498424+2.880907j,0.058230
-0.267346-0.027960j,-0.818118+3.509024j,-0.495657+2.878345j,0.060410
-0.267738-0.028679j,-0.819098+3.514014j,-0.492948+2.875858j,0.062589
-0.268148-0.029437j,-0.820101+3.519213j,-0.490127+2.873292j,0.064907
-0.268553-0.030189j,-0.821068+3.524304j,-0.487364+2.870803j,0.067225
-0.268976-0.030981j,-0.822058+3.529606j,-0.484488+2.868235j,0.069689
-0.269393-0.031767j,-0.823010+3.534800j,-0.481671+2.865744j,0.072153
-0.269829-0.032595j,-0.823985+3.540206j,-0.478739+2.863177j,0.074770
-0.270259-0.033417j,-0.824923+3.545503j,-0.475867+2.860685j,0.077387
-0.270708-0.034282j,-0.825881+3.551015j,-0.472880+2.858119j,0.080165
-0.271150-0.035141j,-0.826803+3.556417j,-0.469953+2.855629j,0.082943
-0.271612-0.036045j,-0.827743+3.562036j,-0.466910+2.853065j,0.085890
-0.272067-0.036942j,-0.828648+3.567545j,-0.463927+2.850578j,0.088837
-0.272542-0.037886j,-0.829569+3.573270j,-0.460828+2.848019j,0.091960
-0.273009-0.038823j,-0.830454+3.578885j,-0.457790+2.845537j,0.095083
-0.273495-0.039806j,-0.831353+3.584709j,-0.454640+2.842989j,0.098386
-0.273973-0.040783j,-0.832216+3.590421j,-0.451551+2.840517j,0.101688
-0.274471-0.041808j,-0.833092+3.596343j,-0.448351+2.837982j,0.105178
-0.274961-0.042825j,-0.833932+3.602154j,-0.445211+2.835522j,0.108667
-0.275470-0.043893j,-0.834783+3.608176j,-0.441960+2.833002j,0.112351
-0.275970-0.044953j,-0.835598+3.614085j,-0.438770+2.830556j,0.116034
-0.276490-0.046065j,-0.836423+3.620206j,-0.435468+2.828051j,0.119921
-0.277001-0.047169j,-0.837213+3.626215j,-0.432228+2.825620j,0.123807
-0.277531-0.048326j,-0.838011+3.632436j,-0.428876+2.823133j,0.127904
-0.278053-0.049476j,-0.838774+3.638545j,-0.425586+2.820719j,0.132000
-0.278593-0.050681j,-0.839543+3.644865j,-0.422183+2.818251j,0.136316
-0.279124-0.051878j,-0.840278+3.651074j,-0.418842+2.815856j,0.140632
-0.279674-0.053131j,-0.841017+3.657496j,-0.415389+2.813409j,0.145175
-0.280214-0.054376j,-0.841722+3.663805j,-0.411999+2.811034j,0.149717
-0.280772-0.055680j,-0.842430+3.670328j,-0.408496+2.808610j,0.154496
-0.281321-0.056976j,-0.843105+3.676738j,-0.405056+2.806257j,0.159275
-0.281888-0.058331j,-0.843780+3.683362j,-0.401503+2.803857j,0.164298
-0.282444-0.059679j,-0.844422+3.689873j,-0.398014+2.801528j,0.169321
-0.283019-0.061088j,-0.845064+3.696598j,-0.394412+2.799154j,0.174598
-0.283582-0.062489j,-0.845673+3.703210j,-0.390873+2.796850j,0.179874
-0.284163-0.063954j,-0.846279+3.710037j,-0.387222+2.794504j,0.185413
-0.284734-0.065411j,-0.846853+3.716750j,-0.383635+2.792227j,0.190951
-0.285320-0.066932j,-0.847423+3.723678j,-0.379936+2.789910j,0.196761
-0.285896-0.068446j,-0.847961+3.730494j,-0.376300+2.787663j,0.202570
-0.286488-0.070026j,-0.848493+3.737523j,-0.372553+2.785377j,0.208660
-0.286948-0.071274j,-0.848903+3.743018j,-0.369618+2.783627j,0.213484
